event_date,event,fighter,fight_url,stat,scrape,kaggle
2026-01-24,UFC 324: Gaethje vs. Pimblett,Justin Gaethje,http://ufcstats.com/fight-details/fa4b3f5ce8055921,kd,1,2
2026-01-24,UFC 324: Gaethje vs. Pimblett,Waldo Cortes Acosta,http://ufcstats.com/fight-details/d93ee3860196c4ae,kd,0,1
2026-01-24,UFC 324: Gaethje vs. Pimblett,Ateba Gautier,http://ufcstats.com/fight-details/33be2456161c14c3,kd,1,2
2026-01-24,UFC 324: Gaethje vs. Pimblett,Nikita Krylov,http://ufcstats.com/fight-details/780cab0cd07589e4,kd,0,1
2026-01-31,UFC 325: Volkanovski vs. Lopes 2,Mauricio Ruffy,http://ufcstats.com/fight-details/57d7a683b85bb87b,kd,0,1
2026-01-31,UFC 325: Volkanovski vs. Lopes 2,Jacob Malkoun,http://ufcstats.com/fight-details/0047f8aadca1936f,kd,0,1
2026-01-31,UFC 325: Volkanovski vs. Lopes 2,Yizha,http://ufcstats.com/fight-details/4c1e7e1765a5438a,kd,0,1
2026-01-31,UFC 325: Volkanovski vs. Lopes 2,Keiichiro Nakamura,http://ufcstats.com/fight-details/780bae82bdfc7112,kd,0,1
2026-02-07,UFC Fight Night: Bautista vs. Oliveira,Dustin Jacoby,http://ufcstats.com/fight-details/6cca11f353a2b42d,kd,0,1
2026-02-21,UFC Fight Night: Strickland vs. Hernandez,Sean Strickland,http://ufcstats.com/fight-details/8d740c844353ae0e,kd,0,1
2026-02-28,UFC Fight Night: Moreno vs. Kavanagh,King Green,http://ufcstats.com/fight-details/81f3d28d30d17378,kd,0,1
2026-02-28,UFC Fight Night: Moreno vs. Kavanagh,Imanol Rodriguez,http://ufcstats.com/fight-details/15068d7b095ca9bd,kd,0,1
2026-03-07,UFC 326: Holloway vs. Oliveira 2,Drew Dober,http://ufcstats.com/fight-details/f02c0adc4ae629c6,kd,0,1
2026-03-14,UFC Fight Night: Emmett vs. Vallejos,Elijah Smith,http://ufcstats.com/fight-details/f44b4e998b6829f6,kd,0,1
2026-03-14,UFC Fight Night: Emmett vs. Vallejos,Manoel Sousa,http://ufcstats.com/fight-details/c769dd861357af9f,kd,1,2
2026-03-14,UFC Fight Night: Emmett vs. Vallejos,Brad Tavares,http://ufcstats.com/fight-details/cff81d681a01ae18,kd,0,1
2026-03-21,UFC Fight Night: Evloev vs. Murphy,Danny Silva,http://ufcstats.com/fight-details/4e58bcc0d27042fd,kd,0,2
2026-03-21,UFC Fight Night: Evloev vs. Murphy,Mantas Kondratavicius,http://ufcstats.com/fight-details/8817bd21b6d0a989,kd,0,1
2026-03-28,UFC Fight Night: Adesanya vs. Pyfer,Yousri Belgaroui,http://ufcstats.com/fight-details/e32dc26b11d1f81d,kd,0,2
2026-03-28,UFC Fight Night: Adesanya vs. Pyfer,Ignacio Bahamondes,http://ufcstats.com/fight-details/fa96d6252579b51e,kd,0,1
2026-03-28,UFC Fight Night: Adesanya vs. Pyfer,Navajo Stirling,http://ufcstats.com/fight-details/dbf1ee1a1912c735,kd,0,1
2026-03-28,UFC Fight Night: Adesanya vs. Pyfer,Adrian Yanez,http://ufcstats.com/fight-details/a997593977ba8cad,kd,0,1
2026-04-04,UFC Fight Night: Moicano vs. Duncan,Ethyn Ewing,http://ufcstats.com/fight-details/fef80c98b2fba70c,kd,0,1
2026-04-04,UFC Fight Night: Moicano vs. Duncan,Thomas Petersen,http://ufcstats.com/fight-details/0760bc02280574dd,kd,0,1
2026-04-04,UFC Fight Night: Moicano vs. Duncan,Alessandro Costa,http://ufcstats.com/fight-details/af2a9d47ca8115e4,kd,0,1
2026-04-04,UFC Fight Night: Moicano vs. Duncan,Alice Pereira,http://ufcstats.com/fight-details/74bb036ef0493bf7,kd,0,1
2026-04-04,UFC Fight Night: Moicano vs. Duncan,Azamat Bekoev,http://ufcstats.com/fight-details/e284a194fb4648a9,kd,0,1
2026-04-11,UFC 327: Prochazka vs. Ulberg,Paulo Costa,http://ufcstats.com/fight-details/aade9d76ac6c6aef,kd,0,1
2026-04-18,UFC Fight Night: Burns vs. Malott,Mike Malott,http://ufcstats.com/fight-details/32054bf2b36b0e47,kd,0,2
2026-04-18,UFC Fight Night: Burns vs. Malott,Gauge Young,http://ufcstats.com/fight-details/a661c0bee7c8d5af,kd,0,1
2026-04-18,UFC Fight Night: Burns vs. Malott,Gokhan Saricam,http://ufcstats.com/fight-details/85c7a0f44aa3e10a,kd,0,1
2026-04-25,UFC Fight Night: Sterling vs. Zalal,Ryan Spann,http://ufcstats.com/fight-details/7e551ddb1494a45f,kd,0,1
2026-05-02,UFC Fight Night: Della Maddalena vs. Prates,Carlos Prates,http://ufcstats.com/fight-details/eb6d9fef6c374830,kd,0,3
2026-05-02,UFC Fight Night: Della Maddalena vs. Prates,Brando Pericic,http://ufcstats.com/fight-details/a564219e7a964aa6,kd,0,1
2026-05-02,UFC Fight Night: Della Maddalena vs. Prates,Wes Schultz,http://ufcstats.com/fight-details/827c64369b374989,kd,0,1
2026-05-09,UFC 328: Chimaev vs. Strickland,Joshua Van,http://ufcstats.com/fight-details/c85b530861145935,kd,0,2
2026-05-09,UFC 328: Chimaev vs. Strickland,Ateba Gautier,http://ufcstats.com/fight-details/770c5302e32916ea,kd,0,1
2026-05-09,UFC 328: Chimaev vs. Strickland,Mateusz Rebecki,http://ufcstats.com/fight-details/ffcb47e17eebe6a6,kd,0,1
2026-05-09,UFC 328: Chimaev vs. Strickland,Roman Kopylov,http://ufcstats.com/fight-details/9d35723a53749931,kd,0,3
2026-05-16,UFC Fight Night: Allen vs. Costa,Dooho Choi,http://ufcstats.com/fight-details/fc1266e2892ed111,kd,0,1
2026-05-16,UFC Fight Night: Allen vs. Costa,Benardo Sopaj,http://ufcstats.com/fight-details/a6ec8573a9d38c51,kd,0,1
2026-05-16,UFC Fight Night: Allen vs. Costa,Cody Brundage,http://ufcstats.com/fight-details/48cb604345f11766,kd,0,1
2026-05-30,UFC Fight Night: Song vs. Figueiredo,Jake Matthews,http://ufcstats.com/fight-details/c1c9dfd0c0952f18,kd,0,1
2026-05-30,UFC Fight Night: Song vs. Figueiredo,Sumudaerji,http://ufcstats.com/fight-details/7e8749cbf32ef1f8,kd,0,1
2026-05-30,UFC Fight Night: Song vs. Figueiredo,Cody Haddon,http://ufcstats.com/fight-details/3bc0190fb17ba42f,kd,0,1
2026-06-14,UFC Freedom 250,Ilia Topuria,http://ufcstats.com/fight-details/7208e40818401e88,kd,0,1
2026-06-14,UFC Freedom 250,Ciryl Gane,http://ufcstats.com/fight-details/5727d5be8c373346,kd,0,1
2026-06-14,UFC Freedom 250,Sean O'Malley,http://ufcstats.com/fight-details/60de0423ae6ed097,kd,0,1
2026-06-14,UFC Freedom 250,Josh Hokit,http://ufcstats.com/fight-details/30cdb851f6c63444,kd,0,1
2026-06-14,UFC Freedom 250,Diego Lopes,http://ufcstats.com/fight-details/127ba4a1ccb3d4a6,kd,0,1
2026-06-20,UFC Fight Night: Kape vs. Horiguchi,Manel Kape,http://ufcstats.com/fight-details/33afdd7ad43a2756,kd,0,1
2026-06-20,UFC Fight Night: Kape vs. Horiguchi,Vinicius Oliveira,http://ufcstats.com/fight-details/571a3eabff5c7ba7,kd,0,1
2026-06-20,UFC Fight Night: Kape vs. Horiguchi,Allan Nascimento,http://ufcstats.com/fight-details/3b4803afa824fea3,kd,0,1
2026-06-27,UFC Fight Night: Fiziev vs. Torres,Rafael Fiziev,http://ufcstats.com/fight-details/c13dc0cccef263f7,kd,0,1
2026-06-27,UFC Fight Night: Fiziev vs. Torres,Daniil Donchenko,http://ufcstats.com/fight-details/0e60ab32f3d03929,kd,0,2
2026-07-11,UFC 329: McGregor vs. Holloway 2,Mario Bautista,http://ufcstats.com/fight-details/c572daedf2012a49,kd,0,1
2026-07-11,UFC 329: McGregor vs. Holloway 2,Lone'er Kavanagh,http://ufcstats.com/fight-details/a3ab1979192b647c,kd,0,1
2026-07-18,UFC Fight Night: Du Plessis vs. Usman,Tommy McMillen,http://ufcstats.com/fight-details/c64c6ba6eb1e1d06,kd,0,2
2026-07-25,UFC Fight Night: Ankalaev vs. Guskov,Rizvan Kuniev,http://ufcstats.com/fight-details/5ffb251c6ea48b65,kd,0,1
2026-07-25,UFC Fight Night: Ankalaev vs. Guskov,Muhammad Saidov,http://ufcstats.com/fight-details/05bc7a042156b6f6,kd,0,2
2026-07-25,UFC Fight Night: Ankalaev vs. Guskov,Sam Patterson,http://ufcstats.com/fight-details/f6e6b004f07363e9,kd,0,2
2026-07-25,UFC Fight Night: Ankalaev vs. Guskov,Abdul Hussein,http://ufcstats.com/fight-details/532340708f0500bd,kd,0,1
2026-08-01,UFC Fight Night: Medic vs. Rodriguez,Tofiq Musayev,http://ufcstats.com/fight-details/fbd99ae7e1ff993a,kd,0,1
2026-08-08,UFC Fight Night: Gamrot vs. Salkilld,Ty Miller,http://ufcstats.com/fight-details/f44ab9e9e4a89735,kd,0,2
2026-08-08,UFC Fight Night: Gamrot vs. Salkilld,Steven Asplund,http://ufcstats.com/fight-details/3050549d19395f6f,kd,1,2
2026-08-08,UFC Fight Night: Gamrot vs. Salkilld,Guilherme Pat,http://ufcstats.com/fight-details/3050549d19395f6f,kd,0,1
2026-08-08,UFC Fight Night: Gamrot vs. Salkilld,Manoel Sousa,http://ufcstats.com/fight-details/81ae2a465e0dfa4f,kd,0,1
2026-01-24,UFC 324: Gaethje vs. Pimblett,Justin Gaethje,http://ufcstats.com/fight-details/fa4b3f5ce8055921,sig_landed,27,144
2026-01-24,UFC 324: Gaethje vs. Pimblett,Paddy Pimblett,http://ufcstats.com/fight-details/fa4b3f5ce8055921,sig_landed,37,156
2026-01-24,UFC 324: Gaethje vs. Pimblett,Sean O'Malley,http://ufcstats.com/fight-details/007e8e0d4a39d82c,sig_landed,16,48
2026-01-24,UFC 324: Gaethje vs. Pimblett,Song Yadong,http://ufcstats.com/fight-details/007e8e0d4a39d82c,sig_landed,10,36
2026-01-24,UFC 324: Gaethje vs. Pimblett,Waldo Cortes Acosta,http://ufcstats.com/fight-details/d93ee3860196c4ae,sig_landed,12,44
2026-01-24,UFC 324: Gaethje vs. Pimblett,Derrick Lewis,http://ufcstats.com/fight-details/d93ee3860196c4ae,sig_landed,4,8
2026-01-24,UFC 324: Gaethje vs. Pimblett,Natalia Silva,http://ufcstats.com/fight-details/d63c9aa4f4873001,sig_landed,15,51
2026-01-24,UFC 324: Gaethje vs. Pimblett,Rose Namajunas,http://ufcstats.com/fight-details/d63c9aa4f4873001,sig_landed,13,26
2026-01-24,UFC 324: Gaethje vs. Pimblett,Arnold Allen,http://ufcstats.com/fight-details/836a188a90e479a5,sig_landed,22,56
2026-01-24,UFC 324: Gaethje vs. Pimblett,Jean Silva,http://ufcstats.com/fight-details/836a188a90e479a5,sig_landed,16,74
2026-01-24,UFC 324: Gaethje vs. Pimblett,Umar Nurmagomedov,http://ufcstats.com/fight-details/6c9f4799990c3c33,sig_landed,9,34
2026-01-24,UFC 324: Gaethje vs. Pimblett,Deiveson Figueiredo,http://ufcstats.com/fight-details/6c9f4799990c3c33,sig_landed,0,8
2026-01-24,UFC 324: Gaethje vs. Pimblett,Ateba Gautier,http://ufcstats.com/fight-details/33be2456161c14c3,sig_landed,8,34
2026-01-24,UFC 324: Gaethje vs. Pimblett,Andrey Pulyaev,http://ufcstats.com/fight-details/33be2456161c14c3,sig_landed,19,59
2026-01-24,UFC 324: Gaethje vs. Pimblett,Nikita Krylov,http://ufcstats.com/fight-details/780cab0cd07589e4,sig_landed,10,72
2026-01-24,UFC 324: Gaethje vs. Pimblett,Modestas Bukauskas,http://ufcstats.com/fight-details/780cab0cd07589e4,sig_landed,11,40
2026-01-31,UFC 325: Volkanovski vs. Lopes 2,Alexander Volkanovski,http://ufcstats.com/fight-details/b06b43670238c2d8,sig_landed,12,98
2026-01-31,UFC 325: Volkanovski vs. Lopes 2,Diego Lopes,http://ufcstats.com/fight-details/b06b43670238c2d8,sig_landed,12,70
2026-01-31,UFC 325: Volkanovski vs. Lopes 2,Dan Hooker,http://ufcstats.com/fight-details/a7ae8f6eb5fc3a79,sig_landed,26,30
2026-01-31,UFC 325: Volkanovski vs. Lopes 2,Benoit Saint Denis,http://ufcstats.com/fight-details/a7ae8f6eb5fc3a79,sig_landed,35,97
2026-01-31,UFC 325: Volkanovski vs. Lopes 2,Rafael Fiziev,http://ufcstats.com/fight-details/57d7a683b85bb87b,sig_landed,16,36
2026-01-31,UFC 325: Volkanovski vs. Lopes 2,Mauricio Ruffy,http://ufcstats.com/fight-details/57d7a683b85bb87b,sig_landed,18,55
2026-01-31,UFC 325: Volkanovski vs. Lopes 2,Tai Tuivasa,http://ufcstats.com/fight-details/67765535bd0b6bdf,sig_landed,2,42
2026-01-31,UFC 325: Volkanovski vs. Lopes 2,Tallison Teixeira,http://ufcstats.com/fight-details/67765535bd0b6bdf,sig_landed,19,51
2026-01-31,UFC 325: Volkanovski vs. Lopes 2,Junior Tafa,http://ufcstats.com/fight-details/d94f1b32a81e3fa1,sig_landed,26,38
2026-01-31,UFC 325: Volkanovski vs. Lopes 2,Billy Elekana,http://ufcstats.com/fight-details/d94f1b32a81e3fa1,sig_landed,9,24
2026-01-31,UFC 325: Volkanovski vs. Lopes 2,Cam Rowston,http://ufcstats.com/fight-details/47362cae6ba0e077,sig_landed,23,57
2026-01-31,UFC 325: Volkanovski vs. Lopes 2,Cody Brundage,http://ufcstats.com/fight-details/47362cae6ba0e077,sig_landed,20,29
2026-01-31,UFC 325: Volkanovski vs. Lopes 2,Jacob Malkoun,http://ufcstats.com/fight-details/0047f8aadca1936f,sig_landed,61,117
2026-01-31,UFC 325: Volkanovski vs. Lopes 2,Torrez Finney,http://ufcstats.com/fight-details/0047f8aadca1936f,sig_landed,7,27
2026-01-31,UFC 325: Volkanovski vs. Lopes 2,Jonathan Micallef,http://ufcstats.com/fight-details/78912b78aa946375,sig_landed,11,19
2026-01-31,UFC 325: Volkanovski vs. Lopes 2,Oban Elliott,http://ufcstats.com/fight-details/78912b78aa946375,sig_landed,21,40
2026-01-31,UFC 325: Volkanovski vs. Lopes 2,Kaan Ofli,http://ufcstats.com/fight-details/4c1e7e1765a5438a,sig_landed,23,48
2026-01-31,UFC 325: Volkanovski vs. Lopes 2,Yizha,http://ufcstats.com/fight-details/4c1e7e1765a5438a,sig_landed,19,68
2026-01-31,UFC 325: Volkanovski vs. Lopes 2,Sangwook Kim,http://ufcstats.com/fight-details/ad14c502c9c5a7e9,sig_landed,10,68
2026-01-31,UFC 325: Volkanovski vs. Lopes 2,Dom Mar Fan,http://ufcstats.com/fight-details/ad14c502c9c5a7e9,sig_landed,16,99
2026-01-31,UFC 325: Volkanovski vs. Lopes 2,Keiichiro Nakamura,http://ufcstats.com/fight-details/780bae82bdfc7112,sig_landed,13,45
2026-01-31,UFC 325: Volkanovski vs. Lopes 2,Sebastian Szalay,http://ufcstats.com/fight-details/780bae82bdfc7112,sig_landed,23,79
2026-01-31,UFC 325: Volkanovski vs. Lopes 2,Sulangrangbo,http://ufcstats.com/fight-details/5c73e0013b859664,sig_landed,25,56
2026-01-31,UFC 325: Volkanovski vs. Lopes 2,Lawrence Lui,http://ufcstats.com/fight-details/5c73e0013b859664,sig_landed,12,52
2026-02-07,UFC Fight Night: Bautista vs. Oliveira,Mario Bautista,http://ufcstats.com/fight-details/fb4b1754d510b0d0,sig_landed,3,15
2026-02-07,UFC Fight Night: Bautista vs. Oliveira,Vinicius Oliveira,http://ufcstats.com/fight-details/fb4b1754d510b0d0,sig_landed,6,12
2026-02-07,UFC Fight Night: Bautista vs. Oliveira,Amir Albazi,http://ufcstats.com/fight-details/dbbf8334a2600895,sig_landed,3,16
2026-02-07,UFC Fight Night: Bautista vs. Oliveira,Kyoji Horiguchi,http://ufcstats.com/fight-details/dbbf8334a2600895,sig_landed,14,73
2026-02-07,UFC Fight Night: Bautista vs. Oliveira,Jailton Almeida,http://ufcstats.com/fight-details/a5c5f76cf0a7c784,sig_landed,5,31
2026-02-07,UFC Fight Night: Bautista vs. Oliveira,Rizvan Kuniev,http://ufcstats.com/fight-details/a5c5f76cf0a7c784,sig_landed,12,43
2026-02-07,UFC Fight Night: Bautista vs. Oliveira,Michal Oleksiejczuk,http://ufcstats.com/fight-details/8fea32ab0445859c,sig_landed,47,140
2026-02-07,UFC Fight Night: Bautista vs. Oliveira,Marc-Andre Barriault,http://ufcstats.com/fight-details/8fea32ab0445859c,sig_landed,19,77
2026-02-07,UFC Fight Night: Bautista vs. Oliveira,Jean Matsumoto,http://ufcstats.com/fight-details/2a26c0cfa06265b7,sig_landed,19,76
2026-02-07,UFC Fight Night: Bautista vs. Oliveira,Farid Basharat,http://ufcstats.com/fight-details/2a26c0cfa06265b7,sig_landed,20,80
2026-02-07,UFC Fight Night: Bautista vs. Oliveira,Dustin Jacoby,http://ufcstats.com/fight-details/6cca11f353a2b42d,sig_landed,13,42
2026-02-07,UFC Fight Night: Bautista vs. Oliveira,Julius Walker,http://ufcstats.com/fight-details/6cca11f353a2b42d,sig_landed,5,7
2026-02-07,UFC Fight Night: Bautista vs. Oliveira,Alex Morono,http://ufcstats.com/fight-details/f964d2dda87f25f0,sig_landed,16,40
2026-02-07,UFC Fight Night: Bautista vs. Oliveira,Daniil Donchenko,http://ufcstats.com/fight-details/f964d2dda87f25f0,sig_landed,39,100
2026-02-07,UFC Fight Night: Bautista vs. Oliveira,Bruna Brasil,http://ufcstats.com/fight-details/cc5c5a8cff4c1ae9,sig_landed,12,31
2026-02-07,UFC Fight Night: Bautista vs. Oliveira,Ketlen Souza,http://ufcstats.com/fight-details/cc5c5a8cff4c1ae9,sig_landed,5,33
2026-02-07,UFC Fight Night: Bautista vs. Oliveira,Javid Basharat,http://ufcstats.com/fight-details/86df0e75f41784d8,sig_landed,31,59
2026-02-07,UFC Fight Night: Bautista vs. Oliveira,Gianni Vazquez,http://ufcstats.com/fight-details/86df0e75f41784d8,sig_landed,7,24
2026-02-07,UFC Fight Night: Bautista vs. Oliveira,Wang Cong,http://ufcstats.com/fight-details/84e8ccc3c97c2b4c,sig_landed,26,39
2026-02-07,UFC Fight Night: Bautista vs. Oliveira,Eduarda Moura,http://ufcstats.com/fight-details/84e8ccc3c97c2b4c,sig_landed,8,12
2026-02-07,UFC Fight Night: Bautista vs. Oliveira,Muin Gafurov,http://ufcstats.com/fight-details/9d30c887e8bd8824,sig_landed,27,79
2026-02-07,UFC Fight Night: Bautista vs. Oliveira,Jakub Wiklacz,http://ufcstats.com/fight-details/9d30c887e8bd8824,sig_landed,27,56
2026-02-07,UFC Fight Night: Bautista vs. Oliveira,Klaudia Sygula,http://ufcstats.com/fight-details/2bbfbb234c255249,sig_landed,61,151
2026-02-07,UFC Fight Night: Bautista vs. Oliveira,Priscila Cachoeira,http://ufcstats.com/fight-details/2bbfbb234c255249,sig_landed,34,99
2026-02-21,UFC Fight Night: Strickland vs. Hernandez,Sean Strickland,http://ufcstats.com/fight-details/8d740c844353ae0e,sig_landed,32,110
2026-02-21,UFC Fight Night: Strickland vs. Hernandez,Anthony Hernandez,http://ufcstats.com/fight-details/8d740c844353ae0e,sig_landed,23,55
2026-02-21,UFC Fight Night: Strickland vs. Hernandez,Serghei Spivac,http://ufcstats.com/fight-details/04b7bcc0e8488604,sig_landed,20,67
2026-02-21,UFC Fight Night: Strickland vs. Hernandez,Ante Delija,http://ufcstats.com/fight-details/04b7bcc0e8488604,sig_landed,19,61
2026-02-21,UFC Fight Night: Strickland vs. Hernandez,Zach Reese,http://ufcstats.com/fight-details/372d1dee0db8dbee,sig_landed,23,74
2026-02-21,UFC Fight Night: Strickland vs. Hernandez,Michel Pereira,http://ufcstats.com/fight-details/372d1dee0db8dbee,sig_landed,18,63
2026-02-21,UFC Fight Night: Strickland vs. Hernandez,Chidi Njokuani,http://ufcstats.com/fight-details/202d3277e569ad03,sig_landed,46,120
2026-02-21,UFC Fight Night: Strickland vs. Hernandez,Carlos Leal,http://ufcstats.com/fight-details/202d3277e569ad03,sig_landed,60,115
2026-02-21,UFC Fight Night: Strickland vs. Hernandez,Ode Osbourne,http://ufcstats.com/fight-details/7ffdaa44fc8d111b,sig_landed,8,32
2026-02-21,UFC Fight Night: Strickland vs. Hernandez,Alibi Idiris,http://ufcstats.com/fight-details/7ffdaa44fc8d111b,sig_landed,12,30
2026-02-21,UFC Fight Night: Strickland vs. Hernandez,Alden Coria,http://ufcstats.com/fight-details/ac39c1f00ae31e58,sig_landed,24,79
2026-02-21,UFC Fight Night: Strickland vs. Hernandez,Luis Gurule,http://ufcstats.com/fight-details/ac39c1f00ae31e58,sig_landed,11,50
2026-02-21,UFC Fight Night: Strickland vs. Hernandez,Nora Cornolle,http://ufcstats.com/fight-details/fd56a469e4589ebc,sig_landed,16,20
2026-02-21,UFC Fight Night: Strickland vs. Hernandez,Joselyne Edwards,http://ufcstats.com/fight-details/fd56a469e4589ebc,sig_landed,5,19
2026-02-21,UFC Fight Night: Strickland vs. Hernandez,Ramiz Brahimaj,http://ufcstats.com/fight-details/8f9896e60047007f,sig_landed,31,38
2026-02-21,UFC Fight Night: Strickland vs. Hernandez,Punahele Soriano,http://ufcstats.com/fight-details/8f9896e60047007f,sig_landed,17,40
2026-02-21,UFC Fight Night: Strickland vs. Hernandez,Phil Rowe,http://ufcstats.com/fight-details/508e622130b0a84d,sig_landed,14,54
2026-02-21,UFC Fight Night: Strickland vs. Hernandez,Jean-Paul Lebosnoyani,http://ufcstats.com/fight-details/508e622130b0a84d,sig_landed,32,66
2026-02-21,UFC Fight Night: Strickland vs. Hernandez,Jordan Leavitt,http://ufcstats.com/fight-details/5b97f47cdd355cbe,sig_landed,7,17
2026-02-21,UFC Fight Night: Strickland vs. Hernandez,Yadier del Valle,http://ufcstats.com/fight-details/5b97f47cdd355cbe,sig_landed,3,13
2026-02-21,UFC Fight Night: Strickland vs. Hernandez,Juliana Miller,http://ufcstats.com/fight-details/6e78d874097a3d22,sig_landed,10,36
2026-02-21,UFC Fight Night: Strickland vs. Hernandez,Carli Judice,http://ufcstats.com/fight-details/6e78d874097a3d22,sig_landed,18,79
2026-02-28,UFC Fight Night: Moreno vs. Kavanagh,Brandon Moreno,http://ufcstats.com/fight-details/1330b5c21269fe92,sig_landed,19,79
2026-02-28,UFC Fight Night: Moreno vs. Kavanagh,Lone'er Kavanagh,http://ufcstats.com/fight-details/1330b5c21269fe92,sig_landed,18,97
2026-02-28,UFC Fight Night: Moreno vs. Kavanagh,Marlon Vera,http://ufcstats.com/fight-details/36d12b31957e94db,sig_landed,5,42
2026-02-28,UFC Fight Night: Moreno vs. Kavanagh,David Martinez,http://ufcstats.com/fight-details/36d12b31957e94db,sig_landed,19,71
2026-02-28,UFC Fight Night: Moreno vs. Kavanagh,Daniel Zellhuber,http://ufcstats.com/fight-details/81f3d28d30d17378,sig_landed,11,17
2026-02-28,UFC Fight Night: Moreno vs. Kavanagh,King Green,http://ufcstats.com/fight-details/81f3d28d30d17378,sig_landed,41,86
2026-02-28,UFC Fight Night: Moreno vs. Kavanagh,Edgar Chairez,http://ufcstats.com/fight-details/7df505d8260ba680,sig_landed,4,66
2026-02-28,UFC Fight Night: Moreno vs. Kavanagh,Felipe Bunes,http://ufcstats.com/fight-details/7df505d8260ba680,sig_landed,5,54
2026-02-28,UFC Fight Night: Moreno vs. Kavanagh,Imanol Rodriguez,http://ufcstats.com/fight-details/15068d7b095ca9bd,sig_landed,12,46
2026-02-28,UFC Fight Night: Moreno vs. Kavanagh,Kevin Borjas,http://ufcstats.com/fight-details/15068d7b095ca9bd,sig_landed,12,22
2026-02-28,UFC Fight Night: Moreno vs. Kavanagh,Santiago Luna,http://ufcstats.com/fight-details/3b76a00f5d0400eb,sig_landed,26,131
2026-02-28,UFC Fight Night: Moreno vs. Kavanagh,Angel Pacheco,http://ufcstats.com/fight-details/3b76a00f5d0400eb,sig_landed,25,56
2026-02-28,UFC Fight Night: Moreno vs. Kavanagh,Ailin Perez,http://ufcstats.com/fight-details/c40b934d2666e351,sig_landed,6,27
2026-02-28,UFC Fight Night: Moreno vs. Kavanagh,Macy Chiasson,http://ufcstats.com/fight-details/c40b934d2666e351,sig_landed,4,8
2026-02-28,UFC Fight Night: Moreno vs. Kavanagh,Cristian Quinonez,http://ufcstats.com/fight-details/25ab195cefbce1d0,sig_landed,23,38
2026-02-28,UFC Fight Night: Moreno vs. Kavanagh,Kris Moutinho,http://ufcstats.com/fight-details/25ab195cefbce1d0,sig_landed,16,28
2026-02-28,UFC Fight Night: Moreno vs. Kavanagh,Regina Tarin,http://ufcstats.com/fight-details/44d58943ac8e47e1,sig_landed,37,114
2026-02-28,UFC Fight Night: Moreno vs. Kavanagh,Ernesta Kareckaite,http://ufcstats.com/fight-details/44d58943ac8e47e1,sig_landed,33,105
2026-03-07,UFC 326: Holloway vs. Oliveira 2,Max Holloway,http://ufcstats.com/fight-details/f030febede41c661,sig_landed,8,26
2026-03-07,UFC 326: Holloway vs. Oliveira 2,Charles Oliveira,http://ufcstats.com/fight-details/f030febede41c661,sig_landed,10,50
2026-03-07,UFC 326: Holloway vs. Oliveira 2,Caio Borralho,http://ufcstats.com/fight-details/d564db29997e1371,sig_landed,24,57
2026-03-07,UFC 326: Holloway vs. Oliveira 2,Reinier de Ridder,http://ufcstats.com/fight-details/d564db29997e1371,sig_landed,19,55
2026-03-07,UFC 326: Holloway vs. Oliveira 2,Rob Font,http://ufcstats.com/fight-details/bed89a91da9d04c1,sig_landed,7,10
2026-03-07,UFC 326: Holloway vs. Oliveira 2,Raul Rosas Jr.,http://ufcstats.com/fight-details/bed89a91da9d04c1,sig_landed,5,8
2026-03-07,UFC 326: Holloway vs. Oliveira 2,Drew Dober,http://ufcstats.com/fight-details/f02c0adc4ae629c6,sig_landed,11,22
2026-03-07,UFC 326: Holloway vs. Oliveira 2,Michael Johnson,http://ufcstats.com/fight-details/f02c0adc4ae629c6,sig_landed,18,27
2026-03-07,UFC 326: Holloway vs. Oliveira 2,Cody Garbrandt,http://ufcstats.com/fight-details/ecd16d14a138d7fb,sig_landed,10,28
2026-03-07,UFC 326: Holloway vs. Oliveira 2,Xiao Long,http://ufcstats.com/fight-details/ecd16d14a138d7fb,sig_landed,20,59
2026-03-07,UFC 326: Holloway vs. Oliveira 2,Donte Johnson,http://ufcstats.com/fight-details/9c8d5dbd8905a715,sig_landed,10,45
2026-03-07,UFC 326: Holloway vs. Oliveira 2,Cody Brundage,http://ufcstats.com/fight-details/9c8d5dbd8905a715,sig_landed,5,31
2026-03-07,UFC 326: Holloway vs. Oliveira 2,Ricky Turcios,http://ufcstats.com/fight-details/6feb49a6b7e8433c,sig_landed,19,22
2026-03-07,UFC 326: Holloway vs. Oliveira 2,Alberto Montes,http://ufcstats.com/fight-details/6feb49a6b7e8433c,sig_landed,26,32
2026-03-07,UFC 326: Holloway vs. Oliveira 2,Cody Durden,http://ufcstats.com/fight-details/f661ef429055f8c1,sig_landed,4,8
2026-03-07,UFC 326: Holloway vs. Oliveira 2,Nyamjargal Tumendemberel,http://ufcstats.com/fight-details/f661ef429055f8c1,sig_landed,9,25
2026-03-07,UFC 326: Holloway vs. Oliveira 2,Sumudaerji,http://ufcstats.com/fight-details/a22fd3735819d858,sig_landed,16,62
2026-03-07,UFC 326: Holloway vs. Oliveira 2,Jesus Aguilar,http://ufcstats.com/fight-details/a22fd3735819d858,sig_landed,13,31
2026-03-07,UFC 326: Holloway vs. Oliveira 2,Rafael Tobias,http://ufcstats.com/fight-details/cc03e698c4b7da52,sig_landed,10,39
2026-03-07,UFC 326: Holloway vs. Oliveira 2,Diyar Nurgozhay,http://ufcstats.com/fight-details/cc03e698c4b7da52,sig_landed,36,94
2026-03-14,UFC Fight Night: Emmett vs. Vallejos,Amanda Lemos,http://ufcstats.com/fight-details/3b7b771b9578383d,sig_landed,25,42
2026-03-14,UFC Fight Night: Emmett vs. Vallejos,Gillian Robertson,http://ufcstats.com/fight-details/3b7b771b9578383d,sig_landed,5,12
2026-03-14,UFC Fight Night: Emmett vs. Vallejos,Andre Fili,http://ufcstats.com/fight-details/8bee5192baec71d8,sig_landed,19,62
2026-03-14,UFC Fight Night: Emmett vs. Vallejos,Jose Delgado,http://ufcstats.com/fight-details/8bee5192baec71d8,sig_landed,23,94
2026-03-14,UFC Fight Night: Emmett vs. Vallejos,Marwan Rahiki,http://ufcstats.com/fight-details/e0acd0cf4930671b,sig_landed,44,90
2026-03-14,UFC Fight Night: Emmett vs. Vallejos,Harry Hardwick,http://ufcstats.com/fight-details/e0acd0cf4930671b,sig_landed,40,65
2026-03-14,UFC Fight Night: Emmett vs. Vallejos,Charles Johnson,http://ufcstats.com/fight-details/fc9168fd102e2e66,sig_landed,18,85
2026-03-14,UFC Fight Night: Emmett vs. Vallejos,Bruno Silva,http://ufcstats.com/fight-details/fc9168fd102e2e66,sig_landed,12,73
2026-03-14,UFC Fight Night: Emmett vs. Vallejos,Chris Curtis,http://ufcstats.com/fight-details/f26c0bdf7689aea2,sig_landed,2,12
2026-03-14,UFC Fight Night: Emmett vs. Vallejos,Myktybek Orolbai,http://ufcstats.com/fight-details/f26c0bdf7689aea2,sig_landed,16,20
2026-03-14,UFC Fight Night: Emmett vs. Vallejos,Vitor Petrino,http://ufcstats.com/fight-details/2c330a6f7f1e55f0,sig_landed,19,92
2026-03-14,UFC Fight Night: Emmett vs. Vallejos,Steven Asplund,http://ufcstats.com/fight-details/2c330a6f7f1e55f0,sig_landed,20,61
2026-03-14,UFC Fight Night: Emmett vs. Vallejos,Elijah Smith,http://ufcstats.com/fight-details/f44b4e998b6829f6,sig_landed,3,16
2026-03-14,UFC Fight Night: Emmett vs. Vallejos,SuYoung You,http://ufcstats.com/fight-details/f44b4e998b6829f6,sig_landed,1,3
2026-03-14,UFC Fight Night: Emmett vs. Vallejos,Bolaji Oki,http://ufcstats.com/fight-details/c769dd861357af9f,sig_landed,20,84
2026-03-14,UFC Fight Night: Emmett vs. Vallejos,Manoel Sousa,http://ufcstats.com/fight-details/c769dd861357af9f,sig_landed,10,71
2026-03-14,UFC Fight Night: Emmett vs. Vallejos,Brad Tavares,http://ufcstats.com/fight-details/cff81d681a01ae18,sig_landed,18,48
2026-03-14,UFC Fight Night: Emmett vs. Vallejos,Eryk Anders,http://ufcstats.com/fight-details/cff81d681a01ae18,sig_landed,20,35
2026-03-14,UFC Fight Night: Emmett vs. Vallejos,Luan Lacerda,http://ufcstats.com/fight-details/32d371462c539bee,sig_landed,19,62
2026-03-14,UFC Fight Night: Emmett vs. Vallejos,Hecher Sosa,http://ufcstats.com/fight-details/32d371462c539bee,sig_landed,22,104
2026-03-14,UFC Fight Night: Emmett vs. Vallejos,Piera Rodriguez,http://ufcstats.com/fight-details/244285b7fd0ddece,sig_landed,40,107
2026-03-14,UFC Fight Night: Emmett vs. Vallejos,Sam Hughes,http://ufcstats.com/fight-details/244285b7fd0ddece,sig_landed,33,77
2026-03-21,UFC Fight Night: Evloev vs. Murphy,Movsar Evloev,http://ufcstats.com/fight-details/346e3897c2ead99a,sig_landed,11,86
2026-03-21,UFC Fight Night: Evloev vs. Murphy,Lerone Murphy,http://ufcstats.com/fight-details/346e3897c2ead99a,sig_landed,14,89
2026-03-21,UFC Fight Night: Evloev vs. Murphy,Luke Riley,http://ufcstats.com/fight-details/fa534aaa5b997a69,sig_landed,33,100
2026-03-21,UFC Fight Night: Evloev vs. Murphy,Michael Aswell Jr.,http://ufcstats.com/fight-details/fa534aaa5b997a69,sig_landed,20,61
2026-03-21,UFC Fight Night: Evloev vs. Murphy,Michael Page,http://ufcstats.com/fight-details/5ee11b727e89e8ad,sig_landed,5,27
2026-03-21,UFC Fight Night: Evloev vs. Murphy,Sam Patterson,http://ufcstats.com/fight-details/5ee11b727e89e8ad,sig_landed,4,12
2026-03-21,UFC Fight Night: Evloev vs. Murphy,Roman Dolidze,http://ufcstats.com/fight-details/562d916f55918901,sig_landed,2,10
2026-03-21,UFC Fight Night: Evloev vs. Murphy,Christian Leroy Duncan,http://ufcstats.com/fight-details/562d916f55918901,sig_landed,16,54
2026-03-21,UFC Fight Night: Evloev vs. Murphy,Kurtis Campbell,http://ufcstats.com/fight-details/4e58bcc0d27042fd,sig_landed,15,17
2026-03-21,UFC Fight Night: Evloev vs. Murphy,Danny Silva,http://ufcstats.com/fight-details/4e58bcc0d27042fd,sig_landed,6,16
2026-03-21,UFC Fight Night: Evloev vs. Murphy,Mason Jones,http://ufcstats.com/fight-details/3ee578ddd071ad4c,sig_landed,18,110
2026-03-21,UFC Fight Night: Evloev vs. Murphy,Axel Sola,http://ufcstats.com/fight-details/3ee578ddd071ad4c,sig_landed,15,65
2026-03-21,UFC Fight Night: Evloev vs. Murphy,Nathaniel Wood,http://ufcstats.com/fight-details/3b9f50f07d9a1601,sig_landed,17,67
2026-03-21,UFC Fight Night: Evloev vs. Murphy,Losene Keita,http://ufcstats.com/fight-details/3b9f50f07d9a1601,sig_landed,11,52
2026-03-21,UFC Fight Night: Evloev vs. Murphy,Mario Pinto,http://ufcstats.com/fight-details/90187edeeda7e6d6,sig_landed,16,34
2026-03-21,UFC Fight Night: Evloev vs. Murphy,Felipe Franco,http://ufcstats.com/fight-details/90187edeeda7e6d6,sig_landed,9,21
2026-03-21,UFC Fight Night: Evloev vs. Murphy,Mantas Kondratavicius,http://ufcstats.com/fight-details/8817bd21b6d0a989,sig_landed,28,75
2026-03-21,UFC Fight Night: Evloev vs. Murphy,Antonio Trocoli,http://ufcstats.com/fight-details/8817bd21b6d0a989,sig_landed,6,17
2026-03-21,UFC Fight Night: Evloev vs. Murphy,Shem Rock,http://ufcstats.com/fight-details/bbe0f3653de9f6a8,sig_landed,17,47
2026-03-21,UFC Fight Night: Evloev vs. Murphy,Abdul-Kareem Al-Selwady,http://ufcstats.com/fight-details/bbe0f3653de9f6a8,sig_landed,27,81
2026-03-21,UFC Fight Night: Evloev vs. Murphy,Shanelle Dyer,http://ufcstats.com/fight-details/216bc9b661485017,sig_landed,32,49
2026-03-21,UFC Fight Night: Evloev vs. Murphy,Ravena Oliveira,http://ufcstats.com/fight-details/216bc9b661485017,sig_landed,20,26
2026-03-28,UFC Fight Night: Adesanya vs. Pyfer,Israel Adesanya,http://ufcstats.com/fight-details/85e94a6c071fd9fa,sig_landed,24,42
2026-03-28,UFC Fight Night: Adesanya vs. Pyfer,Joe Pyfer,http://ufcstats.com/fight-details/85e94a6c071fd9fa,sig_landed,9,36
2026-03-28,UFC Fight Night: Adesanya vs. Pyfer,Mansur Abdul-Malik,http://ufcstats.com/fight-details/e32dc26b11d1f81d,sig_landed,7,16
2026-03-28,UFC Fight Night: Adesanya vs. Pyfer,Yousri Belgaroui,http://ufcstats.com/fight-details/e32dc26b11d1f81d,sig_landed,22,94
2026-03-28,UFC Fight Night: Adesanya vs. Pyfer,Ignacio Bahamondes,http://ufcstats.com/fight-details/fa96d6252579b51e,sig_landed,20,32
2026-03-28,UFC Fight Night: Adesanya vs. Pyfer,Tofiq Musayev,http://ufcstats.com/fight-details/fa96d6252579b51e,sig_landed,11,34
2026-03-28,UFC Fight Night: Adesanya vs. Pyfer,Marcin Tybura,http://ufcstats.com/fight-details/08d4e3864c44f8a5,sig_landed,8,47
2026-03-28,UFC Fight Night: Adesanya vs. Pyfer,Tyrell Fortune,http://ufcstats.com/fight-details/08d4e3864c44f8a5,sig_landed,9,30
2026-03-28,UFC Fight Night: Adesanya vs. Pyfer,Navajo Stirling,http://ufcstats.com/fight-details/dbf1ee1a1912c735,sig_landed,22,63
2026-03-28,UFC Fight Night: Adesanya vs. Pyfer,Bruno Lopes,http://ufcstats.com/fight-details/dbf1ee1a1912c735,sig_landed,16,28
2026-03-28,UFC Fight Night: Adesanya vs. Pyfer,Ricky Simon,http://ufcstats.com/fight-details/a997593977ba8cad,sig_landed,12,44
2026-03-28,UFC Fight Night: Adesanya vs. Pyfer,Adrian Yanez,http://ufcstats.com/fight-details/a997593977ba8cad,sig_landed,16,71
2026-03-28,UFC Fight Night: Adesanya vs. Pyfer,Alexia Thainara,http://ufcstats.com/fight-details/796e1151896195aa,sig_landed,29,73
2026-03-28,UFC Fight Night: Adesanya vs. Pyfer,Bruna Brasil,http://ufcstats.com/fight-details/796e1151896195aa,sig_landed,16,37
2026-04-04,UFC Fight Night: Moicano vs. Duncan,Renato Moicano,http://ufcstats.com/fight-details/d69bd8e53ec858dc,sig_landed,14,21
2026-04-04,UFC Fight Night: Moicano vs. Duncan,Chris Duncan,http://ufcstats.com/fight-details/d69bd8e53ec858dc,sig_landed,17,27
2026-04-04,UFC Fight Night: Moicano vs. Duncan,Virna Jandiroba,http://ufcstats.com/fight-details/721642e7de112e9e,sig_landed,3,26
2026-04-04,UFC Fight Night: Moicano vs. Duncan,Tabatha Ricci,http://ufcstats.com/fight-details/721642e7de112e9e,sig_landed,7,37
2026-04-04,UFC Fight Night: Moicano vs. Duncan,Ethyn Ewing,http://ufcstats.com/fight-details/fef80c98b2fba70c,sig_landed,20,114
2026-04-04,UFC Fight Night: Moicano vs. Duncan,Rafael Estevam,http://ufcstats.com/fight-details/fef80c98b2fba70c,sig_landed,17,44
2026-04-04,UFC Fight Night: Moicano vs. Duncan,Jose Delano,http://ufcstats.com/fight-details/7924f10aac3543de,sig_landed,21,107
2026-04-04,UFC Fight Night: Moicano vs. Duncan,Robert Ruchala,http://ufcstats.com/fight-details/7924f10aac3543de,sig_landed,25,67
2026-04-04,UFC Fight Night: Moicano vs. Duncan,Guilherme Pat,http://ufcstats.com/fight-details/0760bc02280574dd,sig_landed,8,17
2026-04-04,UFC Fight Night: Moicano vs. Duncan,Thomas Petersen,http://ufcstats.com/fight-details/0760bc02280574dd,sig_landed,4,28
2026-04-04,UFC Fight Night: Moicano vs. Duncan,Alessandro Costa,http://ufcstats.com/fight-details/af2a9d47ca8115e4,sig_landed,20,43
2026-04-04,UFC Fight Night: Moicano vs. Duncan,Stewart Nicoll,http://ufcstats.com/fight-details/af2a9d47ca8115e4,sig_landed,27,47
2026-04-04,UFC Fight Night: Moicano vs. Duncan,Lando Vannata,http://ufcstats.com/fight-details/9c9c26679701b84d,sig_landed,22,27
2026-04-04,UFC Fight Night: Moicano vs. Duncan,Darrius Flowers,http://ufcstats.com/fight-details/9c9c26679701b84d,sig_landed,17,20
2026-04-04,UFC Fight Night: Moicano vs. Duncan,Alice Pereira,http://ufcstats.com/fight-details/74bb036ef0493bf7,sig_landed,24,32
2026-04-04,UFC Fight Night: Moicano vs. Duncan,Hailey Cowan,http://ufcstats.com/fight-details/74bb036ef0493bf7,sig_landed,18,31
2026-04-04,UFC Fight Night: Moicano vs. Duncan,Azamat Bekoev,http://ufcstats.com/fight-details/e284a194fb4648a9,sig_landed,35,70
2026-04-04,UFC Fight Night: Moicano vs. Duncan,Tresean Gore,http://ufcstats.com/fight-details/e284a194fb4648a9,sig_landed,33,78
2026-04-04,UFC Fight Night: Moicano vs. Duncan,Dione Barbosa,http://ufcstats.com/fight-details/caf13346cbcfdb03,sig_landed,16,30
2026-04-04,UFC Fight Night: Moicano vs. Duncan,Melissa Gatto,http://ufcstats.com/fight-details/caf13346cbcfdb03,sig_landed,21,33
2026-04-04,UFC Fight Night: Moicano vs. Duncan,Kai Kamaka III,http://ufcstats.com/fight-details/a5a749aa0061fdb4,sig_landed,21,105
2026-04-04,UFC Fight Night: Moicano vs. Duncan,Dakota Hope,http://ufcstats.com/fight-details/a5a749aa0061fdb4,sig_landed,42,106
2026-04-11,UFC 327: Prochazka vs. Ulberg,Azamat Murzakanov,http://ufcstats.com/fight-details/aade9d76ac6c6aef,sig_landed,7,34
2026-04-11,UFC 327: Prochazka vs. Ulberg,Paulo Costa,http://ufcstats.com/fight-details/aade9d76ac6c6aef,sig_landed,21,55
2026-04-11,UFC 327: Prochazka vs. Ulberg,Curtis Blaydes,http://ufcstats.com/fight-details/903552edaba48f4a,sig_landed,58,174
2026-04-11,UFC 327: Prochazka vs. Ulberg,Josh Hokit,http://ufcstats.com/fight-details/903552edaba48f4a,sig_landed,41,177
2026-04-11,UFC 327: Prochazka vs. Ulberg,Dominick Reyes,http://ufcstats.com/fight-details/c4d060cff018979a,sig_landed,10,34
2026-04-11,UFC 327: Prochazka vs. Ulberg,Johnny Walker,http://ufcstats.com/fight-details/c4d060cff018979a,sig_landed,17,42
2026-04-11,UFC 327: Prochazka vs. Ulberg,Patricio Pitbull,http://ufcstats.com/fight-details/10ab34056720b6b4,sig_landed,17,49
2026-04-11,UFC 327: Prochazka vs. Ulberg,Aaron Pico,http://ufcstats.com/fight-details/10ab34056720b6b4,sig_landed,22,100
2026-04-11,UFC 327: Prochazka vs. Ulberg,Kevin Holland,http://ufcstats.com/fight-details/b4e16fb13153efdc,sig_landed,20,56
2026-04-11,UFC 327: Prochazka vs. Ulberg,Randy Brown,http://ufcstats.com/fight-details/b4e16fb13153efdc,sig_landed,18,46
2026-04-11,UFC 327: Prochazka vs. Ulberg,Mateusz Gamrot,http://ufcstats.com/fight-details/62b5ce408c150fa8,sig_landed,14,18
2026-04-11,UFC 327: Prochazka vs. Ulberg,Esteban Ribovics,http://ufcstats.com/fight-details/62b5ce408c150fa8,sig_landed,1,4
2026-04-11,UFC 327: Prochazka vs. Ulberg,Tatiana Suarez,http://ufcstats.com/fight-details/f506977877074aa6,sig_landed,7,12
2026-04-11,UFC 327: Prochazka vs. Ulberg,Loopy Godinez,http://ufcstats.com/fight-details/f506977877074aa6,sig_landed,17,18
2026-04-11,UFC 327: Prochazka vs. Ulberg,Chris Padilla,http://ufcstats.com/fight-details/81d20c833e9a76eb,sig_landed,40,147
2026-04-11,UFC 327: Prochazka vs. Ulberg,MarQuel Mederos,http://ufcstats.com/fight-details/81d20c833e9a76eb,sig_landed,27,112
2026-04-11,UFC 327: Prochazka vs. Ulberg,Charles Radtke,http://ufcstats.com/fight-details/5b49c3d36907c6df,sig_landed,7,24
2026-04-11,UFC 327: Prochazka vs. Ulberg,Francisco Prado,http://ufcstats.com/fight-details/5b49c3d36907c6df,sig_landed,8,29
2026-04-18,UFC Fight Night: Burns vs. Malott,Gilbert Burns,http://ufcstats.com/fight-details/32054bf2b36b0e47,sig_landed,11,40
2026-04-18,UFC Fight Night: Burns vs. Malott,Mike Malott,http://ufcstats.com/fight-details/32054bf2b36b0e47,sig_landed,13,56
2026-04-18,UFC Fight Night: Burns vs. Malott,Kyler Phillips,http://ufcstats.com/fight-details/b5299e5b946015e5,sig_landed,6,36
2026-04-18,UFC Fight Night: Burns vs. Malott,Charles Jourdain,http://ufcstats.com/fight-details/b5299e5b946015e5,sig_landed,5,58
2026-04-18,UFC Fight Night: Burns vs. Malott,Jasmine Jasudavicius,http://ufcstats.com/fight-details/5a209522211d7530,sig_landed,1,18
2026-04-18,UFC Fight Night: Burns vs. Malott,Karine Silva,http://ufcstats.com/fight-details/5a209522211d7530,sig_landed,7,15
2026-04-18,UFC Fight Night: Burns vs. Malott,Thiago Moises,http://ufcstats.com/fight-details/a661c0bee7c8d5af,sig_landed,8,45
2026-04-18,UFC Fight Night: Burns vs. Malott,Gauge Young,http://ufcstats.com/fight-details/a661c0bee7c8d5af,sig_landed,9,122
2026-04-18,UFC Fight Night: Burns vs. Malott,Tanner Boser,http://ufcstats.com/fight-details/85c7a0f44aa3e10a,sig_landed,27,60
2026-04-18,UFC Fight Night: Burns vs. Malott,Gokhan Saricam,http://ufcstats.com/fight-details/85c7a0f44aa3e10a,sig_landed,28,57
2026-04-18,UFC Fight Night: Burns vs. Malott,Melissa Croden,http://ufcstats.com/fight-details/bae4de7ef8c0769e,sig_landed,15,69
2026-04-18,UFC Fight Night: Burns vs. Malott,Daria Zhelezniakova,http://ufcstats.com/fight-details/bae4de7ef8c0769e,sig_landed,14,41
2026-04-18,UFC Fight Night: Burns vs. Malott,JJ Aldrich,http://ufcstats.com/fight-details/0b6c13ab8ad7f82b,sig_landed,7,50
2026-04-18,UFC Fight Night: Burns vs. Malott,Jamey-Lyn Horth,http://ufcstats.com/fight-details/0b6c13ab8ad7f82b,sig_landed,21,70
2026-04-18,UFC Fight Night: Burns vs. Malott,John Castaneda,http://ufcstats.com/fight-details/552f7cdaf93e1055,sig_landed,25,135
2026-04-18,UFC Fight Night: Burns vs. Malott,Mark Vologdin,http://ufcstats.com/fight-details/552f7cdaf93e1055,sig_landed,24,91
2026-04-25,UFC Fight Night: Sterling vs. Zalal,Aljamain Sterling,http://ufcstats.com/fight-details/f524e42c36028de0,sig_landed,8,46
2026-04-25,UFC Fight Night: Sterling vs. Zalal,Youssef Zalal,http://ufcstats.com/fight-details/f524e42c36028de0,sig_landed,4,35
2026-04-25,UFC Fight Night: Sterling vs. Zalal,Norma Dumont,http://ufcstats.com/fight-details/cb745968bd16bf56,sig_landed,6,51
2026-04-25,UFC Fight Night: Sterling vs. Zalal,Joselyne Edwards,http://ufcstats.com/fight-details/cb745968bd16bf56,sig_landed,6,70
2026-04-25,UFC Fight Night: Sterling vs. Zalal,Rafa Garcia,http://ufcstats.com/fight-details/84951374e4cdc679,sig_landed,10,59
2026-04-25,UFC Fight Night: Sterling vs. Zalal,Alexander Hernandez,http://ufcstats.com/fight-details/84951374e4cdc679,sig_landed,8,50
2026-04-25,UFC Fight Night: Sterling vs. Zalal,Davey Grant,http://ufcstats.com/fight-details/f5aff2f858311fbc,sig_landed,44,162
2026-04-25,UFC Fight Night: Sterling vs. Zalal,Adrian Luna Martinetti,http://ufcstats.com/fight-details/f5aff2f858311fbc,sig_landed,18,99
2026-04-25,UFC Fight Night: Sterling vs. Zalal,Montel Jackson,http://ufcstats.com/fight-details/348de8e364ecf041,sig_landed,14,35
2026-04-25,UFC Fight Night: Sterling vs. Zalal,Raoni Barcelos,http://ufcstats.com/fight-details/348de8e364ecf041,sig_landed,3,21
2026-04-25,UFC Fight Night: Sterling vs. Zalal,Marcus Buchecha,http://ufcstats.com/fight-details/7e551ddb1494a45f,sig_landed,4,8
2026-04-25,UFC Fight Night: Sterling vs. Zalal,Ryan Spann,http://ufcstats.com/fight-details/7e551ddb1494a45f,sig_landed,10,15
2026-04-25,UFC Fight Night: Sterling vs. Zalal,Rodolfo Vieira,http://ufcstats.com/fight-details/67f24cf244134661,sig_landed,10,40
2026-04-25,UFC Fight Night: Sterling vs. Zalal,Eric McConico,http://ufcstats.com/fight-details/67f24cf244134661,sig_landed,11,54
2026-04-25,UFC Fight Night: Sterling vs. Zalal,Mayra Bueno Silva,http://ufcstats.com/fight-details/dcfd594b68ff5ae1,sig_landed,0,26
2026-04-25,UFC Fight Night: Sterling vs. Zalal,Michelle Montague,http://ufcstats.com/fight-details/dcfd594b68ff5ae1,sig_landed,16,42
2026-04-25,UFC Fight Night: Sterling vs. Zalal,Jafel Filho,http://ufcstats.com/fight-details/d421f3cd158fd055,sig_landed,3,23
2026-04-25,UFC Fight Night: Sterling vs. Zalal,Cody Durden,http://ufcstats.com/fight-details/d421f3cd158fd055,sig_landed,11,34
2026-04-25,UFC Fight Night: Sterling vs. Zalal,Francis Marshall,http://ufcstats.com/fight-details/c7fb90f1355291e4,sig_landed,9,33
2026-04-25,UFC Fight Night: Sterling vs. Zalal,Lucas Brennan,http://ufcstats.com/fight-details/c7fb90f1355291e4,sig_landed,2,9
2026-04-25,UFC Fight Night: Sterling vs. Zalal,Max Griffin,http://ufcstats.com/fight-details/2e7f8d0ad385876d,sig_landed,10,40
2026-04-25,UFC Fight Night: Sterling vs. Zalal,Victor Valenzuela,http://ufcstats.com/fight-details/2e7f8d0ad385876d,sig_landed,12,53
2026-04-25,UFC Fight Night: Sterling vs. Zalal,Talita Alencar,http://ufcstats.com/fight-details/0df4f4ac27cf2d26,sig_landed,12,60
2026-04-25,UFC Fight Night: Sterling vs. Zalal,Julia Polastri,http://ufcstats.com/fight-details/0df4f4ac27cf2d26,sig_landed,21,78
2026-05-02,UFC Fight Night: Della Maddalena vs. Prates,Jack Della Maddalena,http://ufcstats.com/fight-details/eb6d9fef6c374830,sig_landed,15,41
2026-05-02,UFC Fight Night: Della Maddalena vs. Prates,Carlos Prates,http://ufcstats.com/fight-details/eb6d9fef6c374830,sig_landed,22,104
2026-05-02,UFC Fight Night: Della Maddalena vs. Prates,Tim Elliott,http://ufcstats.com/fight-details/afec383a96893ec5,sig_landed,39,90
2026-05-02,UFC Fight Night: Della Maddalena vs. Prates,Steve Erceg,http://ufcstats.com/fight-details/afec383a96893ec5,sig_landed,24,136
2026-05-02,UFC Fight Night: Della Maddalena vs. Prates,Shamil Gaziev,http://ufcstats.com/fight-details/a564219e7a964aa6,sig_landed,25,41
2026-05-02,UFC Fight Night: Della Maddalena vs. Prates,Brando Pericic,http://ufcstats.com/fight-details/a564219e7a964aa6,sig_landed,42,89
2026-05-02,UFC Fight Night: Della Maddalena vs. Prates,Tai Tuivasa,http://ufcstats.com/fight-details/2afaa97901d5587c,sig_landed,6,13
2026-05-02,UFC Fight Night: Della Maddalena vs. Prates,Louie Sutherland,http://ufcstats.com/fight-details/2afaa97901d5587c,sig_landed,9,21
2026-05-02,UFC Fight Night: Della Maddalena vs. Prates,Cam Rowston,http://ufcstats.com/fight-details/46181797eb543a0b,sig_landed,24,79
2026-05-02,UFC Fight Night: Della Maddalena vs. Prates,Robert Bryczek,http://ufcstats.com/fight-details/46181797eb543a0b,sig_landed,8,17
2026-05-02,UFC Fight Night: Della Maddalena vs. Prates,Jacob Malkoun,http://ufcstats.com/fight-details/edff38661bf2866b,sig_landed,6,36
2026-05-02,UFC Fight Night: Della Maddalena vs. Prates,Gerald Meerschaert,http://ufcstats.com/fight-details/edff38661bf2866b,sig_landed,4,32
2026-05-02,UFC Fight Night: Della Maddalena vs. Prates,Colby Thicknesse,http://ufcstats.com/fight-details/00bde62cac38e5e9,sig_landed,6,46
2026-05-02,UFC Fight Night: Della Maddalena vs. Prates,Vince Morales,http://ufcstats.com/fight-details/00bde62cac38e5e9,sig_landed,5,48
2026-05-02,UFC Fight Night: Della Maddalena vs. Prates,Ben Johnston,http://ufcstats.com/fight-details/827c64369b374989,sig_landed,7,12
2026-05-02,UFC Fight Night: Della Maddalena vs. Prates,Wes Schultz,http://ufcstats.com/fight-details/827c64369b374989,sig_landed,3,12
2026-05-02,UFC Fight Night: Della Maddalena vs. Prates,Jonathan Micallef,http://ufcstats.com/fight-details/7ac4ae301ed699ab,sig_landed,6,55
2026-05-02,UFC Fight Night: Della Maddalena vs. Prates,Themba Gorimbo,http://ufcstats.com/fight-details/7ac4ae301ed699ab,sig_landed,11,39
2026-05-09,UFC 328: Chimaev vs. Strickland,Khamzat Chimaev,http://ufcstats.com/fight-details/70f1621080b3435c,sig_landed,0,98
2026-05-09,UFC 328: Chimaev vs. Strickland,Sean Strickland,http://ufcstats.com/fight-details/70f1621080b3435c,sig_landed,0,123
2026-05-09,UFC 328: Chimaev vs. Strickland,Joshua Van,http://ufcstats.com/fight-details/c85b530861145935,sig_landed,7,131
2026-05-09,UFC 328: Chimaev vs. Strickland,Tatsuro Taira,http://ufcstats.com/fight-details/c85b530861145935,sig_landed,16,55
2026-05-09,UFC 328: Chimaev vs. Strickland,Alexander Volkov,http://ufcstats.com/fight-details/22ba4f1b0aafbf82,sig_landed,33,88
2026-05-09,UFC 328: Chimaev vs. Strickland,Waldo Cortes Acosta,http://ufcstats.com/fight-details/22ba4f1b0aafbf82,sig_landed,15,54
2026-05-09,UFC 328: Chimaev vs. Strickland,Sean Brady,http://ufcstats.com/fight-details/845b8653f9cf839c,sig_landed,34,77
2026-05-09,UFC 328: Chimaev vs. Strickland,Joaquin Buckley,http://ufcstats.com/fight-details/845b8653f9cf839c,sig_landed,1,5
2026-05-09,UFC 328: Chimaev vs. Strickland,Ateba Gautier,http://ufcstats.com/fight-details/770c5302e32916ea,sig_landed,12,23
2026-05-09,UFC 328: Chimaev vs. Strickland,Ozzy Diaz,http://ufcstats.com/fight-details/770c5302e32916ea,sig_landed,4,6
2026-05-09,UFC 328: Chimaev vs. Strickland,Joel Alvarez,http://ufcstats.com/fight-details/f88dc6e0c29cff1d,sig_landed,2,8
2026-05-09,UFC 328: Chimaev vs. Strickland,Yaroslav Amosov,http://ufcstats.com/fight-details/f88dc6e0c29cff1d,sig_landed,10,16
2026-05-09,UFC 328: Chimaev vs. Strickland,Grant Dawson,http://ufcstats.com/fight-details/ffcb47e17eebe6a6,sig_landed,13,35
2026-05-09,UFC 328: Chimaev vs. Strickland,Mateusz Rebecki,http://ufcstats.com/fight-details/ffcb47e17eebe6a6,sig_landed,8,33
2026-05-09,UFC 328: Chimaev vs. Strickland,Roman Kopylov,http://ufcstats.com/fight-details/9d35723a53749931,sig_landed,15,61
2026-05-09,UFC 328: Chimaev vs. Strickland,Marco Tulio,http://ufcstats.com/fight-details/9d35723a53749931,sig_landed,22,62
2026-05-09,UFC 328: Chimaev vs. Strickland,Pat Sabatini,http://ufcstats.com/fight-details/303018d7459323b4,sig_landed,3,25
2026-05-09,UFC 328: Chimaev vs. Strickland,William Gomis,http://ufcstats.com/fight-details/303018d7459323b4,sig_landed,2,23
2026-05-09,UFC 328: Chimaev vs. Strickland,Baisangur Susurkaev,http://ufcstats.com/fight-details/1f5d0b106385b2ac,sig_landed,21,107
2026-05-09,UFC 328: Chimaev vs. Strickland,Djorden Santos,http://ufcstats.com/fight-details/1f5d0b106385b2ac,sig_landed,19,78
2026-05-09,UFC 328: Chimaev vs. Strickland,Clayton Carpenter,http://ufcstats.com/fight-details/e92d89cb2d69235e,sig_landed,23,68
2026-05-09,UFC 328: Chimaev vs. Strickland,Jose Ochoa,http://ufcstats.com/fight-details/e92d89cb2d69235e,sig_landed,54,153
2026-05-16,UFC Fight Night: Allen vs. Costa,Arnold Allen,http://ufcstats.com/fight-details/e4aa608124896794,sig_landed,9,98
2026-05-16,UFC Fight Night: Allen vs. Costa,Melquizael Costa,http://ufcstats.com/fight-details/e4aa608124896794,sig_landed,10,100
2026-05-16,UFC Fight Night: Allen vs. Costa,Dooho Choi,http://ufcstats.com/fight-details/fc1266e2892ed111,sig_landed,28,72
2026-05-16,UFC Fight Night: Allen vs. Costa,Daniel Santos,http://ufcstats.com/fight-details/fc1266e2892ed111,sig_landed,47,72
2026-05-16,UFC Fight Night: Allen vs. Costa,Malcolm Wellmaker,http://ufcstats.com/fight-details/ecb7ff543dd41bf8,sig_landed,10,15
2026-05-16,UFC Fight Night: Allen vs. Costa,Juan Diaz,http://ufcstats.com/fight-details/ecb7ff543dd41bf8,sig_landed,6,13
2026-05-16,UFC Fight Night: Allen vs. Costa,Modestas Bukauskas,http://ufcstats.com/fight-details/57bd683efc797fc1,sig_landed,10,36
2026-05-16,UFC Fight Night: Allen vs. Costa,Christian Edwards,http://ufcstats.com/fight-details/57bd683efc797fc1,sig_landed,11,36
2026-05-16,UFC Fight Night: Allen vs. Costa,Timmy Cuamba,http://ufcstats.com/fight-details/a6ec8573a9d38c51,sig_landed,20,29
2026-05-16,UFC Fight Night: Allen vs. Costa,Benardo Sopaj,http://ufcstats.com/fight-details/a6ec8573a9d38c51,sig_landed,11,37
2026-05-16,UFC Fight Night: Allen vs. Costa,Tuco Tokkos,http://ufcstats.com/fight-details/6242cda790f2085d,sig_landed,40,54
2026-05-16,UFC Fight Night: Allen vs. Costa,Ivan Erslan,http://ufcstats.com/fight-details/6242cda790f2085d,sig_landed,25,37
2026-05-16,UFC Fight Night: Allen vs. Costa,Tommy Gantt,http://ufcstats.com/fight-details/c9e0aa88afb81dab,sig_landed,5,28
2026-05-16,UFC Fight Night: Allen vs. Costa,Artur Minev,http://ufcstats.com/fight-details/c9e0aa88afb81dab,sig_landed,5,8
2026-05-16,UFC Fight Night: Allen vs. Costa,Ketlen Vieira,http://ufcstats.com/fight-details/5f7111b982bcf6e3,sig_landed,11,30
2026-05-16,UFC Fight Night: Allen vs. Costa,Jacqueline Cavalcanti,http://ufcstats.com/fight-details/5f7111b982bcf6e3,sig_landed,24,53
2026-05-16,UFC Fight Night: Allen vs. Costa,Cody Brundage,http://ufcstats.com/fight-details/48cb604345f11766,sig_landed,6,43
2026-05-16,UFC Fight Night: Allen vs. Costa,Alice Ardelean,http://ufcstats.com/fight-details/b98ead4eff6bf872,sig_landed,41,46
2026-05-16,UFC Fight Night: Allen vs. Costa,Polyana Viana,http://ufcstats.com/fight-details/b98ead4eff6bf872,sig_landed,31,34
2026-05-16,UFC Fight Night: Allen vs. Costa,Daniel Barez,http://ufcstats.com/fight-details/b482d4452e4d0eee,sig_landed,20,113
2026-05-16,UFC Fight Night: Allen vs. Costa,Luis Gurule,http://ufcstats.com/fight-details/b482d4452e4d0eee,sig_landed,25,149
2026-05-16,UFC Fight Night: Allen vs. Costa,Shauna Bannon,http://ufcstats.com/fight-details/39417b7d07c2fd83,sig_landed,2,29
2026-05-16,UFC Fight Night: Allen vs. Costa,Nicolle Caliari,http://ufcstats.com/fight-details/39417b7d07c2fd83,sig_landed,6,20
2026-05-30,UFC Fight Night: Song vs. Figueiredo,Song Yadong,http://ufcstats.com/fight-details/423f32dd018ac218,sig_landed,9,24
2026-05-30,UFC Fight Night: Song vs. Figueiredo,Deiveson Figueiredo,http://ufcstats.com/fight-details/423f32dd018ac218,sig_landed,6,9
2026-05-30,UFC Fight Night: Song vs. Figueiredo,Jake Matthews,http://ufcstats.com/fight-details/c1c9dfd0c0952f18,sig_landed,46,55
2026-05-30,UFC Fight Night: Song vs. Figueiredo,Carlston Harris,http://ufcstats.com/fight-details/c1c9dfd0c0952f18,sig_landed,25,27
2026-05-30,UFC Fight Night: Song vs. Figueiredo,Sumudaerji,http://ufcstats.com/fight-details/7e8749cbf32ef1f8,sig_landed,16,26
2026-05-30,UFC Fight Night: Song vs. Figueiredo,Ding Meng,http://ufcstats.com/fight-details/bc0b3c16246e0d1d,sig_landed,24,63
2026-05-30,UFC Fight Night: Song vs. Figueiredo,Jose Souza,http://ufcstats.com/fight-details/bc0b3c16246e0d1d,sig_landed,20,72
2026-05-30,UFC Fight Night: Song vs. Figueiredo,Aoriqileng,http://ufcstats.com/fight-details/3bc0190fb17ba42f,sig_landed,2,6
2026-05-30,UFC Fight Night: Song vs. Figueiredo,Cody Haddon,http://ufcstats.com/fight-details/3bc0190fb17ba42f,sig_landed,40,57
2026-05-30,UFC Fight Night: Song vs. Figueiredo,Angela Hill,http://ufcstats.com/fight-details/3f719885c9916e06,sig_landed,36,122
2026-05-30,UFC Fight Night: Song vs. Figueiredo,Xiong Jingnan,http://ufcstats.com/fight-details/3f719885c9916e06,sig_landed,23,68
2026-06-06,UFC Fight Night: Muhammad vs. Bonfim,Belal Muhammad,http://ufcstats.com/fight-details/5c69b019e6deee41,sig_landed,13,86
2026-06-06,UFC Fight Night: Muhammad vs. Bonfim,Gabriel Bonfim,http://ufcstats.com/fight-details/5c69b019e6deee41,sig_landed,14,128
2026-06-06,UFC Fight Night: Muhammad vs. Bonfim,Brendan Allen,http://ufcstats.com/fight-details/419fff06f338f5c6,sig_landed,20,89
2026-06-06,UFC Fight Night: Muhammad vs. Bonfim,Edmen Shahbazyan,http://ufcstats.com/fight-details/419fff06f338f5c6,sig_landed,22,90
2026-06-06,UFC Fight Night: Muhammad vs. Bonfim,Fares Ziam,http://ufcstats.com/fight-details/58ffa2dac4f2e7d0,sig_landed,6,16
2026-06-06,UFC Fight Night: Muhammad vs. Bonfim,Tom Nolan,http://ufcstats.com/fight-details/58ffa2dac4f2e7d0,sig_landed,13,31
2026-06-06,UFC Fight Night: Muhammad vs. Bonfim,Bryce Mitchell,http://ufcstats.com/fight-details/c47796e11a801e12,sig_landed,11,22
2026-06-06,UFC Fight Night: Muhammad vs. Bonfim,Santiago Luna,http://ufcstats.com/fight-details/c47796e11a801e12,sig_landed,3,9
2026-06-06,UFC Fight Night: Muhammad vs. Bonfim,Marcus McGhee,http://ufcstats.com/fight-details/90940d93d6e0998f,sig_landed,14,79
2026-06-06,UFC Fight Night: Muhammad vs. Bonfim,John Yannis,http://ufcstats.com/fight-details/90940d93d6e0998f,sig_landed,13,55
2026-06-06,UFC Fight Night: Muhammad vs. Bonfim,Jeisla Chaves,http://ufcstats.com/fight-details/a6b211d8dab5edec,sig_landed,28,64
2026-06-06,UFC Fight Night: Muhammad vs. Bonfim,Yuneisy Duben,http://ufcstats.com/fight-details/a6b211d8dab5edec,sig_landed,26,62
2026-06-14,UFC Freedom 250,Ilia Topuria,http://ufcstats.com/fight-details/7208e40818401e88,sig_landed,29,97
2026-06-14,UFC Freedom 250,Justin Gaethje,http://ufcstats.com/fight-details/7208e40818401e88,sig_landed,32,91
2026-06-14,UFC Freedom 250,Alex Pereira,http://ufcstats.com/fight-details/5727d5be8c373346,sig_landed,11,12
2026-06-14,UFC Freedom 250,Ciryl Gane,http://ufcstats.com/fight-details/5727d5be8c373346,sig_landed,23,54
2026-06-14,UFC Freedom 250,Sean O'Malley,http://ufcstats.com/fight-details/60de0423ae6ed097,sig_landed,14,41
2026-06-14,UFC Freedom 250,Aiemann Zahabi,http://ufcstats.com/fight-details/60de0423ae6ed097,sig_landed,8,32
2026-06-14,UFC Freedom 250,Josh Hokit,http://ufcstats.com/fight-details/30cdb851f6c63444,sig_landed,41,86
2026-06-14,UFC Freedom 250,Derrick Lewis,http://ufcstats.com/fight-details/30cdb851f6c63444,sig_landed,1,7
2026-06-14,UFC Freedom 250,Diego Lopes,http://ufcstats.com/fight-details/127ba4a1ccb3d4a6,sig_landed,6,24
2026-06-14,UFC Freedom 250,Steve Garcia,http://ufcstats.com/fight-details/127ba4a1ccb3d4a6,sig_landed,23,47
2026-06-20,UFC Fight Night: Kape vs. Horiguchi,Manel Kape,http://ufcstats.com/fight-details/33afdd7ad43a2756,sig_landed,5,19
2026-06-20,UFC Fight Night: Kape vs. Horiguchi,Kyoji Horiguchi,http://ufcstats.com/fight-details/33afdd7ad43a2756,sig_landed,8,27
2026-06-20,UFC Fight Night: Kape vs. Horiguchi,Ion Cutelaba,http://ufcstats.com/fight-details/afc021700481ac4e,sig_landed,6,19
2026-06-20,UFC Fight Night: Kape vs. Horiguchi,Navajo Stirling,http://ufcstats.com/fight-details/afc021700481ac4e,sig_landed,16,52
2026-06-20,UFC Fight Night: Kape vs. Horiguchi,Vinicius Oliveira,http://ufcstats.com/fight-details/571a3eabff5c7ba7,sig_landed,27,105
2026-06-20,UFC Fight Night: Kape vs. Horiguchi,Andre Fili,http://ufcstats.com/fight-details/571a3eabff5c7ba7,sig_landed,22,40
2026-06-20,UFC Fight Night: Kape vs. Horiguchi,Andre Lima,http://ufcstats.com/fight-details/17d31249c9ab18af,sig_landed,20,51
2026-06-20,UFC Fight Night: Kape vs. Horiguchi,Kevin Borjas,http://ufcstats.com/fight-details/17d31249c9ab18af,sig_landed,18,51
2026-06-20,UFC Fight Night: Kape vs. Horiguchi,Allan Nascimento,http://ufcstats.com/fight-details/3b4803afa824fea3,sig_landed,14,58
2026-06-20,UFC Fight Night: Kape vs. Horiguchi,Mitch Raposo,http://ufcstats.com/fight-details/3b4803afa824fea3,sig_landed,15,38
2026-06-20,UFC Fight Night: Kape vs. Horiguchi,Gaston Bolanos,http://ufcstats.com/fight-details/8b809ba1880aded0,sig_landed,29,87
2026-06-20,UFC Fight Night: Kape vs. Horiguchi,Michael Aswell Jr.,http://ufcstats.com/fight-details/8b809ba1880aded0,sig_landed,47,105
2026-06-20,UFC Fight Night: Kape vs. Horiguchi,Karol Rosa,http://ufcstats.com/fight-details/b23a1a5d35eb438a,sig_landed,4,7
2026-06-20,UFC Fight Night: Kape vs. Horiguchi,Luana Santos,http://ufcstats.com/fight-details/b23a1a5d35eb438a,sig_landed,7,9
2026-06-20,UFC Fight Night: Kape vs. Horiguchi,Shane Collins,http://ufcstats.com/fight-details/9efa4de316b8bf43,sig_landed,23,76
2026-06-20,UFC Fight Night: Kape vs. Horiguchi,Otari Tanzilovi,http://ufcstats.com/fight-details/9efa4de316b8bf43,sig_landed,20,58
2026-06-27,UFC Fight Night: Fiziev vs. Torres,Rafael Fiziev,http://ufcstats.com/fight-details/c13dc0cccef263f7,sig_landed,15,25
2026-06-27,UFC Fight Night: Fiziev vs. Torres,Manuel Torres,http://ufcstats.com/fight-details/c13dc0cccef263f7,sig_landed,21,22
2026-06-27,UFC Fight Night: Fiziev vs. Torres,Shara Magomedov,http://ufcstats.com/fight-details/012c307c9d446c4d,sig_landed,6,52
2026-06-27,UFC Fight Night: Fiziev vs. Torres,Michel Pereira,http://ufcstats.com/fight-details/012c307c9d446c4d,sig_landed,16,35
2026-06-27,UFC Fight Night: Fiziev vs. Torres,Asu Almabayev,http://ufcstats.com/fight-details/81cde317c156723b,sig_landed,8,28
2026-06-27,UFC Fight Night: Fiziev vs. Torres,Charles Johnson,http://ufcstats.com/fight-details/81cde317c156723b,sig_landed,4,21
2026-06-27,UFC Fight Night: Fiziev vs. Torres,Ikram Aliskerov,http://ufcstats.com/fight-details/d83294b031502177,sig_landed,15,47
2026-06-27,UFC Fight Night: Fiziev vs. Torres,Brunno Ferreira,http://ufcstats.com/fight-details/d83294b031502177,sig_landed,6,19
2026-06-27,UFC Fight Night: Fiziev vs. Torres,Farman Hasanov,http://ufcstats.com/fight-details/6a35ff33b8597904,sig_landed,1,21
2026-06-27,UFC Fight Night: Fiziev vs. Torres,Eric Nolan,http://ufcstats.com/fight-details/6a35ff33b8597904,sig_landed,0,15
2026-06-27,UFC Fight Night: Fiziev vs. Torres,Daniil Donchenko,http://ufcstats.com/fight-details/0e60ab32f3d03929,sig_landed,57,71
2026-06-27,UFC Fight Night: Fiziev vs. Torres,Theodor Berggren,http://ufcstats.com/fight-details/0e60ab32f3d03929,sig_landed,17,23
2026-06-27,UFC Fight Night: Fiziev vs. Torres,Bekzat Almakhan,http://ufcstats.com/fight-details/ae0a91c8f92f4758,sig_landed,21,69
2026-06-27,UFC Fight Night: Fiziev vs. Torres,Jean Matsumoto,http://ufcstats.com/fight-details/ae0a91c8f92f4758,sig_landed,20,79
2026-06-27,UFC Fight Night: Fiziev vs. Torres,Tahir Abdullayev,http://ufcstats.com/fight-details/f1cb2e7ef096ec7c,sig_landed,5,37
2026-06-27,UFC Fight Night: Fiziev vs. Torres,Jefferson Nascimento,http://ufcstats.com/fight-details/f1cb2e7ef096ec7c,sig_landed,7,35
2026-07-11,UFC 329: McGregor vs. Holloway 2,Cory Sandhagen,http://ufcstats.com/fight-details/c572daedf2012a49,sig_landed,39,89
2026-07-11,UFC 329: McGregor vs. Holloway 2,Mario Bautista,http://ufcstats.com/fight-details/c572daedf2012a49,sig_landed,35,114
2026-07-11,UFC 329: McGregor vs. Holloway 2,Brandon Royval,http://ufcstats.com/fight-details/a3ab1979192b647c,sig_landed,32,84
2026-07-11,UFC 329: McGregor vs. Holloway 2,Lone'er Kavanagh,http://ufcstats.com/fight-details/a3ab1979192b647c,sig_landed,19,56
2026-07-11,UFC 329: McGregor vs. Holloway 2,Nikita Krylov,http://ufcstats.com/fight-details/7765e5e779dd7dc9,sig_landed,20,51
2026-07-11,UFC 329: McGregor vs. Holloway 2,Robert Whittaker,http://ufcstats.com/fight-details/7765e5e779dd7dc9,sig_landed,20,54
2026-07-11,UFC 329: McGregor vs. Holloway 2,Tracy Cortez,http://ufcstats.com/fight-details/e84c3f1f9a33fa90,sig_landed,21,72
2026-07-11,UFC 329: McGregor vs. Holloway 2,Wang Cong,http://ufcstats.com/fight-details/e84c3f1f9a33fa90,sig_landed,41,137
2026-07-11,UFC 329: McGregor vs. Holloway 2,Farid Basharat,http://ufcstats.com/fight-details/9e00ee7644774e18,sig_landed,23,86
2026-07-11,UFC 329: McGregor vs. Holloway 2,John Garza,http://ufcstats.com/fight-details/9e00ee7644774e18,sig_landed,15,82
2026-07-11,UFC 329: McGregor vs. Holloway 2,Alessandro Costa,http://ufcstats.com/fight-details/1b6a3b0d27654d3e,sig_landed,16,21
2026-07-11,UFC 329: McGregor vs. Holloway 2,Cody Durden,http://ufcstats.com/fight-details/1b6a3b0d27654d3e,sig_landed,17,28
2026-07-18,UFC Fight Night: Du Plessis vs. Usman,Dricus Du Plessis,http://ufcstats.com/fight-details/701c97405da76603,sig_landed,29,136
2026-07-18,UFC Fight Night: Du Plessis vs. Usman,Kamaru Usman,http://ufcstats.com/fight-details/701c97405da76603,sig_landed,17,92
2026-07-18,UFC Fight Night: Du Plessis vs. Usman,Jared Cannonier,http://ufcstats.com/fight-details/4eff5a845db17572,sig_landed,2,15
2026-07-18,UFC Fight Night: Du Plessis vs. Usman,Christian Leroy Duncan,http://ufcstats.com/fight-details/4eff5a845db17572,sig_landed,27,68
2026-07-18,UFC Fight Night: Du Plessis vs. Usman,Tabatha Ricci,http://ufcstats.com/fight-details/52ddf20a10890b41,sig_landed,5,24
2026-07-18,UFC Fight Night: Du Plessis vs. Usman,Fatima Kline,http://ufcstats.com/fight-details/52ddf20a10890b41,sig_landed,13,66
2026-07-18,UFC Fight Night: Du Plessis vs. Usman,Tommy McMillen,http://ufcstats.com/fight-details/c64c6ba6eb1e1d06,sig_landed,74,252
2026-07-18,UFC Fight Night: Du Plessis vs. Usman,Alberto Montes,http://ufcstats.com/fight-details/c64c6ba6eb1e1d06,sig_landed,23,56
2026-07-18,UFC Fight Night: Du Plessis vs. Usman,Austin Bashi,http://ufcstats.com/fight-details/3bd159c1bed14700,sig_landed,10,32
2026-07-18,UFC Fight Night: Du Plessis vs. Usman,Jose Delgado,http://ufcstats.com/fight-details/3bd159c1bed14700,sig_landed,12,35
2026-07-18,UFC Fight Night: Du Plessis vs. Usman,Jean-Paul Lebosnoyani,http://ufcstats.com/fight-details/f2eb569176e46edf,sig_landed,15,52
2026-07-18,UFC Fight Night: Du Plessis vs. Usman,Seokhyeon Ko,http://ufcstats.com/fight-details/f2eb569176e46edf,sig_landed,25,66
2026-07-18,UFC Fight Night: Du Plessis vs. Usman,Felipe Franco,http://ufcstats.com/fight-details/46d800ce45fdd3e6,sig_landed,16,39
2026-07-18,UFC Fight Night: Du Plessis vs. Usman,Ezra Elliott,http://ufcstats.com/fight-details/9e525f939fba3e73,sig_landed,1,6
2026-07-18,UFC Fight Night: Du Plessis vs. Usman,Damien Anderson,http://ufcstats.com/fight-details/9e525f939fba3e73,sig_landed,4,7
2026-07-18,UFC Fight Night: Du Plessis vs. Usman,Alden Coria,http://ufcstats.com/fight-details/410e6b9e01660b35,sig_landed,14,44
2026-07-18,UFC Fight Night: Du Plessis vs. Usman,Stewart Nicoll,http://ufcstats.com/fight-details/410e6b9e01660b35,sig_landed,9,28
2026-07-25,UFC Fight Night: Ankalaev vs. Guskov,Magomed Ankalaev,http://ufcstats.com/fight-details/9009ec7b91f2be14,sig_landed,19,54
2026-07-25,UFC Fight Night: Ankalaev vs. Guskov,Bogdan Guskov,http://ufcstats.com/fight-details/9009ec7b91f2be14,sig_landed,11,39
2026-07-25,UFC Fight Night: Ankalaev vs. Guskov,Magomed Zaynukov,http://ufcstats.com/fight-details/4ace64aa144389c5,sig_landed,22,74
2026-07-25,UFC Fight Night: Ankalaev vs. Guskov,Damian Rzepecki,http://ufcstats.com/fight-details/4ace64aa144389c5,sig_landed,7,16
2026-07-25,UFC Fight Night: Ankalaev vs. Guskov,Rizvan Kuniev,http://ufcstats.com/fight-details/5ffb251c6ea48b65,sig_landed,24,66
2026-07-25,UFC Fight Night: Ankalaev vs. Guskov,Tyrell Fortune,http://ufcstats.com/fight-details/5ffb251c6ea48b65,sig_landed,10,20
2026-07-25,UFC Fight Night: Ankalaev vs. Guskov,Abubakar Vagaev,http://ufcstats.com/fight-details/61280e5644189c61,sig_landed,3,27
2026-07-25,UFC Fight Night: Ankalaev vs. Guskov,Saygid Izagakhmaev,http://ufcstats.com/fight-details/61280e5644189c61,sig_landed,7,33
2026-07-25,UFC Fight Night: Ankalaev vs. Guskov,Dustin Jacoby,http://ufcstats.com/fight-details/05bc7a042156b6f6,sig_landed,17,34
2026-07-25,UFC Fight Night: Ankalaev vs. Guskov,Muhammad Saidov,http://ufcstats.com/fight-details/05bc7a042156b6f6,sig_landed,16,60
2026-07-25,UFC Fight Night: Ankalaev vs. Guskov,Santiago Ponzinibbio,http://ufcstats.com/fight-details/f6e6b004f07363e9,sig_landed,10,14
2026-07-25,UFC Fight Night: Ankalaev vs. Guskov,Sam Patterson,http://ufcstats.com/fight-details/f6e6b004f07363e9,sig_landed,29,64
2026-07-25,UFC Fight Night: Ankalaev vs. Guskov,Magomed Tuchalov,http://ufcstats.com/fight-details/3ac870d6e7d323b7,sig_landed,9,35
2026-07-25,UFC Fight Night: Ankalaev vs. Guskov,Brendson Ribeiro,http://ufcstats.com/fight-details/3ac870d6e7d323b7,sig_landed,18,39
2026-07-25,UFC Fight Night: Ankalaev vs. Guskov,Nurullo Aliev,http://ufcstats.com/fight-details/3859314324918eeb,sig_landed,2,13
2026-07-25,UFC Fight Night: Ankalaev vs. Guskov,Mike Davis,http://ufcstats.com/fight-details/3859314324918eeb,sig_landed,5,22
2026-07-25,UFC Fight Night: Ankalaev vs. Guskov,Cody Gibson,http://ufcstats.com/fight-details/532340708f0500bd,sig_landed,21,44
2026-07-25,UFC Fight Night: Ankalaev vs. Guskov,Abdul Hussein,http://ufcstats.com/fight-details/532340708f0500bd,sig_landed,30,65
2026-08-01,UFC Fight Night: Medic vs. Rodriguez,Aleksandar Rakic,http://ufcstats.com/fight-details/eb8753ed0476b3d1,sig_landed,36,71
2026-08-01,UFC Fight Night: Medic vs. Rodriguez,Marcin Tybura,http://ufcstats.com/fight-details/eb8753ed0476b3d1,sig_landed,10,33
2026-08-01,UFC Fight Night: Medic vs. Rodriguez,Ludovit Klein,http://ufcstats.com/fight-details/fbd99ae7e1ff993a,sig_landed,21,46
2026-08-01,UFC Fight Night: Medic vs. Rodriguez,Tofiq Musayev,http://ufcstats.com/fight-details/fbd99ae7e1ff993a,sig_landed,17,46
2026-08-01,UFC Fight Night: Medic vs. Rodriguez,Borislav Nikolic,http://ufcstats.com/fight-details/4350abb4f1933f88,sig_landed,11,57
2026-08-01,UFC Fight Night: Medic vs. Rodriguez,Mark Vologdin,http://ufcstats.com/fight-details/4350abb4f1933f88,sig_landed,14,42
2026-08-01,UFC Fight Night: Medic vs. Rodriguez,Dennis Buzukja,http://ufcstats.com/fight-details/13aa6688d0538095,sig_landed,22,46
2026-08-01,UFC Fight Night: Medic vs. Rodriguez,Bogdan Grad,http://ufcstats.com/fight-details/13aa6688d0538095,sig_landed,27,44
2026-08-08,UFC Fight Night: Gamrot vs. Salkilld,Diego Ferreira,http://ufcstats.com/fight-details/d5245f5b96b8afdf,sig_landed,31,116
2026-08-08,UFC Fight Night: Gamrot vs. Salkilld,Billy Quarantillo,http://ufcstats.com/fight-details/d5245f5b96b8afdf,sig_landed,12,73
2026-08-08,UFC Fight Night: Gamrot vs. Salkilld,Amanda Lemos,http://ufcstats.com/fight-details/13f31f7a784013a3,sig_landed,17,56
2026-08-08,UFC Fight Night: Gamrot vs. Salkilld,Alexia Thainara,http://ufcstats.com/fight-details/13f31f7a784013a3,sig_landed,27,81
2026-08-08,UFC Fight Night: Gamrot vs. Salkilld,Billy Ray Goff,http://ufcstats.com/fight-details/f44ab9e9e4a89735,sig_landed,16,25
2026-08-08,UFC Fight Night: Gamrot vs. Salkilld,Ty Miller,http://ufcstats.com/fight-details/f44ab9e9e4a89735,sig_landed,22,133
2026-08-08,UFC Fight Night: Gamrot vs. Salkilld,Steven Asplund,http://ufcstats.com/fight-details/3050549d19395f6f,sig_landed,38,66
2026-08-08,UFC Fight Night: Gamrot vs. Salkilld,Guilherme Pat,http://ufcstats.com/fight-details/3050549d19395f6f,sig_landed,13,45
2026-08-08,UFC Fight Night: Gamrot vs. Salkilld,Manoel Sousa,http://ufcstats.com/fight-details/81ae2a465e0dfa4f,sig_landed,7,67
2026-08-08,UFC Fight Night: Gamrot vs. Salkilld,Richie Miranda,http://ufcstats.com/fight-details/81ae2a465e0dfa4f,sig_landed,17,46
2026-08-08,UFC Fight Night: Gamrot vs. Salkilld,Juliana Miller,http://ufcstats.com/fight-details/d463229133909215,sig_landed,21,24
2026-08-08,UFC Fight Night: Gamrot vs. Salkilld,Gigi Canuto,http://ufcstats.com/fight-details/ded584e13276cbcb,sig_landed,24,56
2026-08-08,UFC Fight Night: Gamrot vs. Salkilld,Carol Foro,http://ufcstats.com/fight-details/ded584e13276cbcb,sig_landed,43,106
2026-01-24,UFC 324: Gaethje vs. Pimblett,Justin Gaethje,http://ufcstats.com/fight-details/fa4b3f5ce8055921,sig_atmp,45,254
2026-01-24,UFC 324: Gaethje vs. Pimblett,Paddy Pimblett,http://ufcstats.com/fight-details/fa4b3f5ce8055921,sig_atmp,65,311
2026-01-24,UFC 324: Gaethje vs. Pimblett,Sean O'Malley,http://ufcstats.com/fight-details/007e8e0d4a39d82c,sig_atmp,26,92
2026-01-24,UFC 324: Gaethje vs. Pimblett,Song Yadong,http://ufcstats.com/fight-details/007e8e0d4a39d82c,sig_atmp,23,94
2026-01-24,UFC 324: Gaethje vs. Pimblett,Waldo Cortes Acosta,http://ufcstats.com/fight-details/d93ee3860196c4ae,sig_atmp,16,62
2026-01-24,UFC 324: Gaethje vs. Pimblett,Derrick Lewis,http://ufcstats.com/fight-details/d93ee3860196c4ae,sig_atmp,22,43
2026-01-24,UFC 324: Gaethje vs. Pimblett,Natalia Silva,http://ufcstats.com/fight-details/d63c9aa4f4873001,sig_atmp,44,133
2026-01-24,UFC 324: Gaethje vs. Pimblett,Rose Namajunas,http://ufcstats.com/fight-details/d63c9aa4f4873001,sig_atmp,39,94
2026-01-24,UFC 324: Gaethje vs. Pimblett,Arnold Allen,http://ufcstats.com/fight-details/836a188a90e479a5,sig_atmp,45,116
2026-01-24,UFC 324: Gaethje vs. Pimblett,Jean Silva,http://ufcstats.com/fight-details/836a188a90e479a5,sig_atmp,31,136
2026-01-24,UFC 324: Gaethje vs. Pimblett,Umar Nurmagomedov,http://ufcstats.com/fight-details/6c9f4799990c3c33,sig_atmp,19,72
2026-01-24,UFC 324: Gaethje vs. Pimblett,Deiveson Figueiredo,http://ufcstats.com/fight-details/6c9f4799990c3c33,sig_atmp,6,27
2026-01-24,UFC 324: Gaethje vs. Pimblett,Ateba Gautier,http://ufcstats.com/fight-details/33be2456161c14c3,sig_atmp,42,112
2026-01-24,UFC 324: Gaethje vs. Pimblett,Andrey Pulyaev,http://ufcstats.com/fight-details/33be2456161c14c3,sig_atmp,37,123
2026-01-24,UFC 324: Gaethje vs. Pimblett,Nikita Krylov,http://ufcstats.com/fight-details/780cab0cd07589e4,sig_atmp,28,137
2026-01-24,UFC 324: Gaethje vs. Pimblett,Modestas Bukauskas,http://ufcstats.com/fight-details/780cab0cd07589e4,sig_atmp,21,108
2026-01-31,UFC 325: Volkanovski vs. Lopes 2,Alexander Volkanovski,http://ufcstats.com/fight-details/b06b43670238c2d8,sig_atmp,27,160
2026-01-31,UFC 325: Volkanovski vs. Lopes 2,Diego Lopes,http://ufcstats.com/fight-details/b06b43670238c2d8,sig_atmp,28,158
2026-01-31,UFC 325: Volkanovski vs. Lopes 2,Dan Hooker,http://ufcstats.com/fight-details/a7ae8f6eb5fc3a79,sig_atmp,41,47
2026-01-31,UFC 325: Volkanovski vs. Lopes 2,Benoit Saint Denis,http://ufcstats.com/fight-details/a7ae8f6eb5fc3a79,sig_atmp,46,127
2026-01-31,UFC 325: Volkanovski vs. Lopes 2,Rafael Fiziev,http://ufcstats.com/fight-details/57d7a683b85bb87b,sig_atmp,33,66
2026-01-31,UFC 325: Volkanovski vs. Lopes 2,Mauricio Ruffy,http://ufcstats.com/fight-details/57d7a683b85bb87b,sig_atmp,28,88
2026-01-31,UFC 325: Volkanovski vs. Lopes 2,Tai Tuivasa,http://ufcstats.com/fight-details/67765535bd0b6bdf,sig_atmp,4,58
2026-01-31,UFC 325: Volkanovski vs. Lopes 2,Tallison Teixeira,http://ufcstats.com/fight-details/67765535bd0b6bdf,sig_atmp,23,74
2026-01-31,UFC 325: Volkanovski vs. Lopes 2,Junior Tafa,http://ufcstats.com/fight-details/d94f1b32a81e3fa1,sig_atmp,46,70
2026-01-31,UFC 325: Volkanovski vs. Lopes 2,Billy Elekana,http://ufcstats.com/fight-details/d94f1b32a81e3fa1,sig_atmp,24,51
2026-01-31,UFC 325: Volkanovski vs. Lopes 2,Cam Rowston,http://ufcstats.com/fight-details/47362cae6ba0e077,sig_atmp,54,119
2026-01-31,UFC 325: Volkanovski vs. Lopes 2,Cody Brundage,http://ufcstats.com/fight-details/47362cae6ba0e077,sig_atmp,43,65
2026-01-31,UFC 325: Volkanovski vs. Lopes 2,Jacob Malkoun,http://ufcstats.com/fight-details/0047f8aadca1936f,sig_atmp,98,181
2026-01-31,UFC 325: Volkanovski vs. Lopes 2,Torrez Finney,http://ufcstats.com/fight-details/0047f8aadca1936f,sig_atmp,26,77
2026-01-31,UFC 325: Volkanovski vs. Lopes 2,Jonathan Micallef,http://ufcstats.com/fight-details/78912b78aa946375,sig_atmp,36,59
2026-01-31,UFC 325: Volkanovski vs. Lopes 2,Oban Elliott,http://ufcstats.com/fight-details/78912b78aa946375,sig_atmp,49,82
2026-01-31,UFC 325: Volkanovski vs. Lopes 2,Kaan Ofli,http://ufcstats.com/fight-details/4c1e7e1765a5438a,sig_atmp,38,107
2026-01-31,UFC 325: Volkanovski vs. Lopes 2,Yizha,http://ufcstats.com/fight-details/4c1e7e1765a5438a,sig_atmp,34,124
2026-01-31,UFC 325: Volkanovski vs. Lopes 2,Sangwook Kim,http://ufcstats.com/fight-details/ad14c502c9c5a7e9,sig_atmp,12,134
2026-01-31,UFC 325: Volkanovski vs. Lopes 2,Dom Mar Fan,http://ufcstats.com/fight-details/ad14c502c9c5a7e9,sig_atmp,19,173
2026-01-31,UFC 325: Volkanovski vs. Lopes 2,Keiichiro Nakamura,http://ufcstats.com/fight-details/780bae82bdfc7112,sig_atmp,33,119
2026-01-31,UFC 325: Volkanovski vs. Lopes 2,Sebastian Szalay,http://ufcstats.com/fight-details/780bae82bdfc7112,sig_atmp,63,204
2026-01-31,UFC 325: Volkanovski vs. Lopes 2,Sulangrangbo,http://ufcstats.com/fight-details/5c73e0013b859664,sig_atmp,44,125
2026-01-31,UFC 325: Volkanovski vs. Lopes 2,Lawrence Lui,http://ufcstats.com/fight-details/5c73e0013b859664,sig_atmp,40,150
2026-02-07,UFC Fight Night: Bautista vs. Oliveira,Mario Bautista,http://ufcstats.com/fight-details/fb4b1754d510b0d0,sig_atmp,9,27
2026-02-07,UFC Fight Night: Bautista vs. Oliveira,Vinicius Oliveira,http://ufcstats.com/fight-details/fb4b1754d510b0d0,sig_atmp,8,21
2026-02-07,UFC Fight Night: Bautista vs. Oliveira,Amir Albazi,http://ufcstats.com/fight-details/dbbf8334a2600895,sig_atmp,17,67
2026-02-07,UFC Fight Night: Bautista vs. Oliveira,Kyoji Horiguchi,http://ufcstats.com/fight-details/dbbf8334a2600895,sig_atmp,26,136
2026-02-07,UFC Fight Night: Bautista vs. Oliveira,Jailton Almeida,http://ufcstats.com/fight-details/a5c5f76cf0a7c784,sig_atmp,12,67
2026-02-07,UFC Fight Night: Bautista vs. Oliveira,Rizvan Kuniev,http://ufcstats.com/fight-details/a5c5f76cf0a7c784,sig_atmp,24,93
2026-02-07,UFC Fight Night: Bautista vs. Oliveira,Michal Oleksiejczuk,http://ufcstats.com/fight-details/8fea32ab0445859c,sig_atmp,73,221
2026-02-07,UFC Fight Night: Bautista vs. Oliveira,Marc-Andre Barriault,http://ufcstats.com/fight-details/8fea32ab0445859c,sig_atmp,54,201
2026-02-07,UFC Fight Night: Bautista vs. Oliveira,Jean Matsumoto,http://ufcstats.com/fight-details/2a26c0cfa06265b7,sig_atmp,52,220
2026-02-07,UFC Fight Night: Bautista vs. Oliveira,Farid Basharat,http://ufcstats.com/fight-details/2a26c0cfa06265b7,sig_atmp,36,152
2026-02-07,UFC Fight Night: Bautista vs. Oliveira,Dustin Jacoby,http://ufcstats.com/fight-details/6cca11f353a2b42d,sig_atmp,20,71
2026-02-07,UFC Fight Night: Bautista vs. Oliveira,Julius Walker,http://ufcstats.com/fight-details/6cca11f353a2b42d,sig_atmp,15,21
2026-02-07,UFC Fight Night: Bautista vs. Oliveira,Alex Morono,http://ufcstats.com/fight-details/f964d2dda87f25f0,sig_atmp,38,146
2026-02-07,UFC Fight Night: Bautista vs. Oliveira,Daniil Donchenko,http://ufcstats.com/fight-details/f964d2dda87f25f0,sig_atmp,59,162
2026-02-07,UFC Fight Night: Bautista vs. Oliveira,Bruna Brasil,http://ufcstats.com/fight-details/cc5c5a8cff4c1ae9,sig_atmp,19,60
2026-02-07,UFC Fight Night: Bautista vs. Oliveira,Ketlen Souza,http://ufcstats.com/fight-details/cc5c5a8cff4c1ae9,sig_atmp,13,69
2026-02-07,UFC Fight Night: Bautista vs. Oliveira,Javid Basharat,http://ufcstats.com/fight-details/86df0e75f41784d8,sig_atmp,50,97
2026-02-07,UFC Fight Night: Bautista vs. Oliveira,Gianni Vazquez,http://ufcstats.com/fight-details/86df0e75f41784d8,sig_atmp,32,108
2026-02-07,UFC Fight Night: Bautista vs. Oliveira,Wang Cong,http://ufcstats.com/fight-details/84e8ccc3c97c2b4c,sig_atmp,46,71
2026-02-07,UFC Fight Night: Bautista vs. Oliveira,Eduarda Moura,http://ufcstats.com/fight-details/84e8ccc3c97c2b4c,sig_atmp,24,34
2026-02-07,UFC Fight Night: Bautista vs. Oliveira,Muin Gafurov,http://ufcstats.com/fight-details/9d30c887e8bd8824,sig_atmp,61,158
2026-02-07,UFC Fight Night: Bautista vs. Oliveira,Jakub Wiklacz,http://ufcstats.com/fight-details/9d30c887e8bd8824,sig_atmp,67,148
2026-02-07,UFC Fight Night: Bautista vs. Oliveira,Klaudia Sygula,http://ufcstats.com/fight-details/2bbfbb234c255249,sig_atmp,136,335
2026-02-07,UFC Fight Night: Bautista vs. Oliveira,Priscila Cachoeira,http://ufcstats.com/fight-details/2bbfbb234c255249,sig_atmp,71,219
2026-02-21,UFC Fight Night: Strickland vs. Hernandez,Sean Strickland,http://ufcstats.com/fight-details/8d740c844353ae0e,sig_atmp,90,241
2026-02-21,UFC Fight Night: Strickland vs. Hernandez,Anthony Hernandez,http://ufcstats.com/fight-details/8d740c844353ae0e,sig_atmp,48,122
2026-02-21,UFC Fight Night: Strickland vs. Hernandez,Serghei Spivac,http://ufcstats.com/fight-details/04b7bcc0e8488604,sig_atmp,46,149
2026-02-21,UFC Fight Night: Strickland vs. Hernandez,Ante Delija,http://ufcstats.com/fight-details/04b7bcc0e8488604,sig_atmp,58,172
2026-02-21,UFC Fight Night: Strickland vs. Hernandez,Zach Reese,http://ufcstats.com/fight-details/372d1dee0db8dbee,sig_atmp,51,148
2026-02-21,UFC Fight Night: Strickland vs. Hernandez,Michel Pereira,http://ufcstats.com/fight-details/372d1dee0db8dbee,sig_atmp,40,132
2026-02-21,UFC Fight Night: Strickland vs. Hernandez,Chidi Njokuani,http://ufcstats.com/fight-details/202d3277e569ad03,sig_atmp,70,205
2026-02-21,UFC Fight Night: Strickland vs. Hernandez,Carlos Leal,http://ufcstats.com/fight-details/202d3277e569ad03,sig_atmp,131,276
2026-02-21,UFC Fight Night: Strickland vs. Hernandez,Ode Osbourne,http://ufcstats.com/fight-details/7ffdaa44fc8d111b,sig_atmp,26,90
2026-02-21,UFC Fight Night: Strickland vs. Hernandez,Alibi Idiris,http://ufcstats.com/fight-details/7ffdaa44fc8d111b,sig_atmp,30,75
2026-02-21,UFC Fight Night: Strickland vs. Hernandez,Alden Coria,http://ufcstats.com/fight-details/ac39c1f00ae31e58,sig_atmp,51,175
2026-02-21,UFC Fight Night: Strickland vs. Hernandez,Luis Gurule,http://ufcstats.com/fight-details/ac39c1f00ae31e58,sig_atmp,33,150
2026-02-21,UFC Fight Night: Strickland vs. Hernandez,Nora Cornolle,http://ufcstats.com/fight-details/fd56a469e4589ebc,sig_atmp,29,35
2026-02-21,UFC Fight Night: Strickland vs. Hernandez,Joselyne Edwards,http://ufcstats.com/fight-details/fd56a469e4589ebc,sig_atmp,13,30
2026-02-21,UFC Fight Night: Strickland vs. Hernandez,Ramiz Brahimaj,http://ufcstats.com/fight-details/8f9896e60047007f,sig_atmp,56,67
2026-02-21,UFC Fight Night: Strickland vs. Hernandez,Punahele Soriano,http://ufcstats.com/fight-details/8f9896e60047007f,sig_atmp,52,92
2026-02-21,UFC Fight Night: Strickland vs. Hernandez,Phil Rowe,http://ufcstats.com/fight-details/508e622130b0a84d,sig_atmp,26,111
2026-02-21,UFC Fight Night: Strickland vs. Hernandez,Jean-Paul Lebosnoyani,http://ufcstats.com/fight-details/508e622130b0a84d,sig_atmp,38,111
2026-02-21,UFC Fight Night: Strickland vs. Hernandez,Jordan Leavitt,http://ufcstats.com/fight-details/5b97f47cdd355cbe,sig_atmp,14,45
2026-02-21,UFC Fight Night: Strickland vs. Hernandez,Yadier del Valle,http://ufcstats.com/fight-details/5b97f47cdd355cbe,sig_atmp,7,42
2026-02-21,UFC Fight Night: Strickland vs. Hernandez,Juliana Miller,http://ufcstats.com/fight-details/6e78d874097a3d22,sig_atmp,25,122
2026-02-21,UFC Fight Night: Strickland vs. Hernandez,Carli Judice,http://ufcstats.com/fight-details/6e78d874097a3d22,sig_atmp,40,185
2026-02-28,UFC Fight Night: Moreno vs. Kavanagh,Brandon Moreno,http://ufcstats.com/fight-details/1330b5c21269fe92,sig_atmp,40,168
2026-02-28,UFC Fight Night: Moreno vs. Kavanagh,Lone'er Kavanagh,http://ufcstats.com/fight-details/1330b5c21269fe92,sig_atmp,45,205
2026-02-28,UFC Fight Night: Moreno vs. Kavanagh,Marlon Vera,http://ufcstats.com/fight-details/36d12b31957e94db,sig_atmp,39,145
2026-02-28,UFC Fight Night: Moreno vs. Kavanagh,David Martinez,http://ufcstats.com/fight-details/36d12b31957e94db,sig_atmp,41,155
2026-02-28,UFC Fight Night: Moreno vs. Kavanagh,Daniel Zellhuber,http://ufcstats.com/fight-details/81f3d28d30d17378,sig_atmp,46,78
2026-02-28,UFC Fight Night: Moreno vs. Kavanagh,King Green,http://ufcstats.com/fight-details/81f3d28d30d17378,sig_atmp,64,134
2026-02-28,UFC Fight Night: Moreno vs. Kavanagh,Edgar Chairez,http://ufcstats.com/fight-details/7df505d8260ba680,sig_atmp,9,136
2026-02-28,UFC Fight Night: Moreno vs. Kavanagh,Felipe Bunes,http://ufcstats.com/fight-details/7df505d8260ba680,sig_atmp,13,132
2026-02-28,UFC Fight Night: Moreno vs. Kavanagh,Imanol Rodriguez,http://ufcstats.com/fight-details/15068d7b095ca9bd,sig_atmp,22,84
2026-02-28,UFC Fight Night: Moreno vs. Kavanagh,Kevin Borjas,http://ufcstats.com/fight-details/15068d7b095ca9bd,sig_atmp,23,52
2026-02-28,UFC Fight Night: Moreno vs. Kavanagh,Santiago Luna,http://ufcstats.com/fight-details/3b76a00f5d0400eb,sig_atmp,56,227
2026-02-28,UFC Fight Night: Moreno vs. Kavanagh,Angel Pacheco,http://ufcstats.com/fight-details/3b76a00f5d0400eb,sig_atmp,74,216
2026-02-28,UFC Fight Night: Moreno vs. Kavanagh,Ailin Perez,http://ufcstats.com/fight-details/c40b934d2666e351,sig_atmp,7,38
2026-02-28,UFC Fight Night: Moreno vs. Kavanagh,Macy Chiasson,http://ufcstats.com/fight-details/c40b934d2666e351,sig_atmp,5,23
2026-02-28,UFC Fight Night: Moreno vs. Kavanagh,Cristian Quinonez,http://ufcstats.com/fight-details/25ab195cefbce1d0,sig_atmp,37,61
2026-02-28,UFC Fight Night: Moreno vs. Kavanagh,Kris Moutinho,http://ufcstats.com/fight-details/25ab195cefbce1d0,sig_atmp,39,71
2026-02-28,UFC Fight Night: Moreno vs. Kavanagh,Regina Tarin,http://ufcstats.com/fight-details/44d58943ac8e47e1,sig_atmp,79,239
2026-02-28,UFC Fight Night: Moreno vs. Kavanagh,Ernesta Kareckaite,http://ufcstats.com/fight-details/44d58943ac8e47e1,sig_atmp,82,249
2026-03-07,UFC 326: Holloway vs. Oliveira 2,Max Holloway,http://ufcstats.com/fight-details/f030febede41c661,sig_atmp,13,45
2026-03-07,UFC 326: Holloway vs. Oliveira 2,Charles Oliveira,http://ufcstats.com/fight-details/f030febede41c661,sig_atmp,14,66
2026-03-07,UFC 326: Holloway vs. Oliveira 2,Caio Borralho,http://ufcstats.com/fight-details/d564db29997e1371,sig_atmp,42,98
2026-03-07,UFC 326: Holloway vs. Oliveira 2,Reinier de Ridder,http://ufcstats.com/fight-details/d564db29997e1371,sig_atmp,51,141
2026-03-07,UFC 326: Holloway vs. Oliveira 2,Rob Font,http://ufcstats.com/fight-details/bed89a91da9d04c1,sig_atmp,20,31
2026-03-07,UFC 326: Holloway vs. Oliveira 2,Raul Rosas Jr.,http://ufcstats.com/fight-details/bed89a91da9d04c1,sig_atmp,22,33
2026-03-07,UFC 326: Holloway vs. Oliveira 2,Drew Dober,http://ufcstats.com/fight-details/f02c0adc4ae629c6,sig_atmp,29,55
2026-03-07,UFC 326: Holloway vs. Oliveira 2,Michael Johnson,http://ufcstats.com/fight-details/f02c0adc4ae629c6,sig_atmp,51,76
2026-03-07,UFC 326: Holloway vs. Oliveira 2,Cody Garbrandt,http://ufcstats.com/fight-details/ecd16d14a138d7fb,sig_atmp,20,54
2026-03-07,UFC 326: Holloway vs. Oliveira 2,Xiao Long,http://ufcstats.com/fight-details/ecd16d14a138d7fb,sig_atmp,31,108
2026-03-07,UFC 326: Holloway vs. Oliveira 2,Donte Johnson,http://ufcstats.com/fight-details/9c8d5dbd8905a715,sig_atmp,25,106
2026-03-07,UFC 326: Holloway vs. Oliveira 2,Cody Brundage,http://ufcstats.com/fight-details/9c8d5dbd8905a715,sig_atmp,20,83
2026-03-07,UFC 326: Holloway vs. Oliveira 2,Ricky Turcios,http://ufcstats.com/fight-details/6feb49a6b7e8433c,sig_atmp,53,60
2026-03-07,UFC 326: Holloway vs. Oliveira 2,Alberto Montes,http://ufcstats.com/fight-details/6feb49a6b7e8433c,sig_atmp,47,58
2026-03-07,UFC 326: Holloway vs. Oliveira 2,Cody Durden,http://ufcstats.com/fight-details/f661ef429055f8c1,sig_atmp,8,21
2026-03-07,UFC 326: Holloway vs. Oliveira 2,Nyamjargal Tumendemberel,http://ufcstats.com/fight-details/f661ef429055f8c1,sig_atmp,13,42
2026-03-07,UFC 326: Holloway vs. Oliveira 2,Sumudaerji,http://ufcstats.com/fight-details/a22fd3735819d858,sig_atmp,44,148
2026-03-07,UFC 326: Holloway vs. Oliveira 2,Jesus Aguilar,http://ufcstats.com/fight-details/a22fd3735819d858,sig_atmp,35,106
2026-03-07,UFC 326: Holloway vs. Oliveira 2,Rafael Tobias,http://ufcstats.com/fight-details/cc03e698c4b7da52,sig_atmp,38,101
2026-03-07,UFC 326: Holloway vs. Oliveira 2,Diyar Nurgozhay,http://ufcstats.com/fight-details/cc03e698c4b7da52,sig_atmp,57,143
2026-03-14,UFC Fight Night: Emmett vs. Vallejos,Amanda Lemos,http://ufcstats.com/fight-details/3b7b771b9578383d,sig_atmp,37,73
2026-03-14,UFC Fight Night: Emmett vs. Vallejos,Gillian Robertson,http://ufcstats.com/fight-details/3b7b771b9578383d,sig_atmp,15,26
2026-03-14,UFC Fight Night: Emmett vs. Vallejos,Andre Fili,http://ufcstats.com/fight-details/8bee5192baec71d8,sig_atmp,39,141
2026-03-14,UFC Fight Night: Emmett vs. Vallejos,Jose Delgado,http://ufcstats.com/fight-details/8bee5192baec71d8,sig_atmp,46,169
2026-03-14,UFC Fight Night: Emmett vs. Vallejos,Marwan Rahiki,http://ufcstats.com/fight-details/e0acd0cf4930671b,sig_atmp,83,164
2026-03-14,UFC Fight Night: Emmett vs. Vallejos,Harry Hardwick,http://ufcstats.com/fight-details/e0acd0cf4930671b,sig_atmp,94,149
2026-03-14,UFC Fight Night: Emmett vs. Vallejos,Charles Johnson,http://ufcstats.com/fight-details/fc9168fd102e2e66,sig_atmp,34,162
2026-03-14,UFC Fight Night: Emmett vs. Vallejos,Bruno Silva,http://ufcstats.com/fight-details/fc9168fd102e2e66,sig_atmp,19,136
2026-03-14,UFC Fight Night: Emmett vs. Vallejos,Chris Curtis,http://ufcstats.com/fight-details/f26c0bdf7689aea2,sig_atmp,10,31
2026-03-14,UFC Fight Night: Emmett vs. Vallejos,Myktybek Orolbai,http://ufcstats.com/fight-details/f26c0bdf7689aea2,sig_atmp,21,28
2026-03-14,UFC Fight Night: Emmett vs. Vallejos,Vitor Petrino,http://ufcstats.com/fight-details/2c330a6f7f1e55f0,sig_atmp,37,161
2026-03-14,UFC Fight Night: Emmett vs. Vallejos,Steven Asplund,http://ufcstats.com/fight-details/2c330a6f7f1e55f0,sig_atmp,45,158
2026-03-14,UFC Fight Night: Emmett vs. Vallejos,Elijah Smith,http://ufcstats.com/fight-details/f44b4e998b6829f6,sig_atmp,6,27
2026-03-14,UFC Fight Night: Emmett vs. Vallejos,SuYoung You,http://ufcstats.com/fight-details/f44b4e998b6829f6,sig_atmp,1,3
2026-03-14,UFC Fight Night: Emmett vs. Vallejos,Bolaji Oki,http://ufcstats.com/fight-details/c769dd861357af9f,sig_atmp,26,170
2026-03-14,UFC Fight Night: Emmett vs. Vallejos,Manoel Sousa,http://ufcstats.com/fight-details/c769dd861357af9f,sig_atmp,21,179
2026-03-14,UFC Fight Night: Emmett vs. Vallejos,Brad Tavares,http://ufcstats.com/fight-details/cff81d681a01ae18,sig_atmp,35,86
2026-03-14,UFC Fight Night: Emmett vs. Vallejos,Eryk Anders,http://ufcstats.com/fight-details/cff81d681a01ae18,sig_atmp,41,84
2026-03-14,UFC Fight Night: Emmett vs. Vallejos,Luan Lacerda,http://ufcstats.com/fight-details/32d371462c539bee,sig_atmp,43,168
2026-03-14,UFC Fight Night: Emmett vs. Vallejos,Hecher Sosa,http://ufcstats.com/fight-details/32d371462c539bee,sig_atmp,50,221
2026-03-14,UFC Fight Night: Emmett vs. Vallejos,Piera Rodriguez,http://ufcstats.com/fight-details/244285b7fd0ddece,sig_atmp,85,231
2026-03-14,UFC Fight Night: Emmett vs. Vallejos,Sam Hughes,http://ufcstats.com/fight-details/244285b7fd0ddece,sig_atmp,43,144
2026-03-21,UFC Fight Night: Evloev vs. Murphy,Movsar Evloev,http://ufcstats.com/fight-details/346e3897c2ead99a,sig_atmp,31,189
2026-03-21,UFC Fight Night: Evloev vs. Murphy,Lerone Murphy,http://ufcstats.com/fight-details/346e3897c2ead99a,sig_atmp,49,239
2026-03-21,UFC Fight Night: Evloev vs. Murphy,Luke Riley,http://ufcstats.com/fight-details/fa534aaa5b997a69,sig_atmp,56,177
2026-03-21,UFC Fight Night: Evloev vs. Murphy,Michael Aswell Jr.,http://ufcstats.com/fight-details/fa534aaa5b997a69,sig_atmp,59,180
2026-03-21,UFC Fight Night: Evloev vs. Murphy,Michael Page,http://ufcstats.com/fight-details/5ee11b727e89e8ad,sig_atmp,12,55
2026-03-21,UFC Fight Night: Evloev vs. Murphy,Sam Patterson,http://ufcstats.com/fight-details/5ee11b727e89e8ad,sig_atmp,11,64
2026-03-21,UFC Fight Night: Evloev vs. Murphy,Roman Dolidze,http://ufcstats.com/fight-details/562d916f55918901,sig_atmp,6,34
2026-03-21,UFC Fight Night: Evloev vs. Murphy,Christian Leroy Duncan,http://ufcstats.com/fight-details/562d916f55918901,sig_atmp,29,99
2026-03-21,UFC Fight Night: Evloev vs. Murphy,Kurtis Campbell,http://ufcstats.com/fight-details/4e58bcc0d27042fd,sig_atmp,36,41
2026-03-21,UFC Fight Night: Evloev vs. Murphy,Danny Silva,http://ufcstats.com/fight-details/4e58bcc0d27042fd,sig_atmp,20,32
2026-03-21,UFC Fight Night: Evloev vs. Murphy,Mason Jones,http://ufcstats.com/fight-details/3ee578ddd071ad4c,sig_atmp,46,236
2026-03-21,UFC Fight Night: Evloev vs. Murphy,Axel Sola,http://ufcstats.com/fight-details/3ee578ddd071ad4c,sig_atmp,32,135
2026-03-21,UFC Fight Night: Evloev vs. Murphy,Nathaniel Wood,http://ufcstats.com/fight-details/3b9f50f07d9a1601,sig_atmp,56,178
2026-03-21,UFC Fight Night: Evloev vs. Murphy,Losene Keita,http://ufcstats.com/fight-details/3b9f50f07d9a1601,sig_atmp,26,119
2026-03-21,UFC Fight Night: Evloev vs. Murphy,Mario Pinto,http://ufcstats.com/fight-details/90187edeeda7e6d6,sig_atmp,28,58
2026-03-21,UFC Fight Night: Evloev vs. Murphy,Felipe Franco,http://ufcstats.com/fight-details/90187edeeda7e6d6,sig_atmp,25,60
2026-03-21,UFC Fight Night: Evloev vs. Murphy,Mantas Kondratavicius,http://ufcstats.com/fight-details/8817bd21b6d0a989,sig_atmp,42,107
2026-03-21,UFC Fight Night: Evloev vs. Murphy,Antonio Trocoli,http://ufcstats.com/fight-details/8817bd21b6d0a989,sig_atmp,14,39
2026-03-21,UFC Fight Night: Evloev vs. Murphy,Shem Rock,http://ufcstats.com/fight-details/bbe0f3653de9f6a8,sig_atmp,46,128
2026-03-21,UFC Fight Night: Evloev vs. Murphy,Abdul-Kareem Al-Selwady,http://ufcstats.com/fight-details/bbe0f3653de9f6a8,sig_atmp,52,146
2026-03-21,UFC Fight Night: Evloev vs. Murphy,Shanelle Dyer,http://ufcstats.com/fight-details/216bc9b661485017,sig_atmp,47,78
2026-03-21,UFC Fight Night: Evloev vs. Murphy,Ravena Oliveira,http://ufcstats.com/fight-details/216bc9b661485017,sig_atmp,67,80
2026-03-28,UFC Fight Night: Adesanya vs. Pyfer,Israel Adesanya,http://ufcstats.com/fight-details/85e94a6c071fd9fa,sig_atmp,42,75
2026-03-28,UFC Fight Night: Adesanya vs. Pyfer,Joe Pyfer,http://ufcstats.com/fight-details/85e94a6c071fd9fa,sig_atmp,23,70
2026-03-28,UFC Fight Night: Adesanya vs. Pyfer,Mansur Abdul-Malik,http://ufcstats.com/fight-details/e32dc26b11d1f81d,sig_atmp,24,60
2026-03-28,UFC Fight Night: Adesanya vs. Pyfer,Yousri Belgaroui,http://ufcstats.com/fight-details/e32dc26b11d1f81d,sig_atmp,47,156
2026-03-28,UFC Fight Night: Adesanya vs. Pyfer,Ignacio Bahamondes,http://ufcstats.com/fight-details/fa96d6252579b51e,sig_atmp,39,62
2026-03-28,UFC Fight Night: Adesanya vs. Pyfer,Tofiq Musayev,http://ufcstats.com/fight-details/fa96d6252579b51e,sig_atmp,32,72
2026-03-28,UFC Fight Night: Adesanya vs. Pyfer,Marcin Tybura,http://ufcstats.com/fight-details/08d4e3864c44f8a5,sig_atmp,22,110
2026-03-28,UFC Fight Night: Adesanya vs. Pyfer,Tyrell Fortune,http://ufcstats.com/fight-details/08d4e3864c44f8a5,sig_atmp,15,59
2026-03-28,UFC Fight Night: Adesanya vs. Pyfer,Navajo Stirling,http://ufcstats.com/fight-details/dbf1ee1a1912c735,sig_atmp,54,119
2026-03-28,UFC Fight Night: Adesanya vs. Pyfer,Bruno Lopes,http://ufcstats.com/fight-details/dbf1ee1a1912c735,sig_atmp,36,63
2026-03-28,UFC Fight Night: Adesanya vs. Pyfer,Ricky Simon,http://ufcstats.com/fight-details/a997593977ba8cad,sig_atmp,55,139
2026-03-28,UFC Fight Night: Adesanya vs. Pyfer,Adrian Yanez,http://ufcstats.com/fight-details/a997593977ba8cad,sig_atmp,46,169
2026-03-28,UFC Fight Night: Adesanya vs. Pyfer,Alexia Thainara,http://ufcstats.com/fight-details/796e1151896195aa,sig_atmp,59,150
2026-03-28,UFC Fight Night: Adesanya vs. Pyfer,Bruna Brasil,http://ufcstats.com/fight-details/796e1151896195aa,sig_atmp,23,56
2026-04-04,UFC Fight Night: Moicano vs. Duncan,Renato Moicano,http://ufcstats.com/fight-details/d69bd8e53ec858dc,sig_atmp,20,36
2026-04-04,UFC Fight Night: Moicano vs. Duncan,Chris Duncan,http://ufcstats.com/fight-details/d69bd8e53ec858dc,sig_atmp,38,62
2026-04-04,UFC Fight Night: Moicano vs. Duncan,Virna Jandiroba,http://ufcstats.com/fight-details/721642e7de112e9e,sig_atmp,10,64
2026-04-04,UFC Fight Night: Moicano vs. Duncan,Tabatha Ricci,http://ufcstats.com/fight-details/721642e7de112e9e,sig_atmp,13,82
2026-04-04,UFC Fight Night: Moicano vs. Duncan,Ethyn Ewing,http://ufcstats.com/fight-details/fef80c98b2fba70c,sig_atmp,47,197
2026-04-04,UFC Fight Night: Moicano vs. Duncan,Rafael Estevam,http://ufcstats.com/fight-details/fef80c98b2fba70c,sig_atmp,63,185
2026-04-04,UFC Fight Night: Moicano vs. Duncan,Jose Delano,http://ufcstats.com/fight-details/7924f10aac3543de,sig_atmp,42,172
2026-04-04,UFC Fight Night: Moicano vs. Duncan,Robert Ruchala,http://ufcstats.com/fight-details/7924f10aac3543de,sig_atmp,62,198
2026-04-04,UFC Fight Night: Moicano vs. Duncan,Guilherme Pat,http://ufcstats.com/fight-details/0760bc02280574dd,sig_atmp,11,31
2026-04-04,UFC Fight Night: Moicano vs. Duncan,Thomas Petersen,http://ufcstats.com/fight-details/0760bc02280574dd,sig_atmp,9,41
2026-04-04,UFC Fight Night: Moicano vs. Duncan,Alessandro Costa,http://ufcstats.com/fight-details/af2a9d47ca8115e4,sig_atmp,46,89
2026-04-04,UFC Fight Night: Moicano vs. Duncan,Stewart Nicoll,http://ufcstats.com/fight-details/af2a9d47ca8115e4,sig_atmp,59,99
2026-04-04,UFC Fight Night: Moicano vs. Duncan,Lando Vannata,http://ufcstats.com/fight-details/9c9c26679701b84d,sig_atmp,29,36
2026-04-04,UFC Fight Night: Moicano vs. Duncan,Darrius Flowers,http://ufcstats.com/fight-details/9c9c26679701b84d,sig_atmp,30,36
2026-04-04,UFC Fight Night: Moicano vs. Duncan,Alice Pereira,http://ufcstats.com/fight-details/74bb036ef0493bf7,sig_atmp,50,71
2026-04-04,UFC Fight Night: Moicano vs. Duncan,Hailey Cowan,http://ufcstats.com/fight-details/74bb036ef0493bf7,sig_atmp,44,64
2026-04-04,UFC Fight Night: Moicano vs. Duncan,Azamat Bekoev,http://ufcstats.com/fight-details/e284a194fb4648a9,sig_atmp,61,115
2026-04-04,UFC Fight Night: Moicano vs. Duncan,Tresean Gore,http://ufcstats.com/fight-details/e284a194fb4648a9,sig_atmp,46,113
2026-04-04,UFC Fight Night: Moicano vs. Duncan,Dione Barbosa,http://ufcstats.com/fight-details/caf13346cbcfdb03,sig_atmp,37,67
2026-04-04,UFC Fight Night: Moicano vs. Duncan,Melissa Gatto,http://ufcstats.com/fight-details/caf13346cbcfdb03,sig_atmp,48,67
2026-04-04,UFC Fight Night: Moicano vs. Duncan,Kai Kamaka III,http://ufcstats.com/fight-details/a5a749aa0061fdb4,sig_atmp,36,159
2026-04-04,UFC Fight Night: Moicano vs. Duncan,Dakota Hope,http://ufcstats.com/fight-details/a5a749aa0061fdb4,sig_atmp,89,258
2026-04-11,UFC 327: Prochazka vs. Ulberg,Azamat Murzakanov,http://ufcstats.com/fight-details/aade9d76ac6c6aef,sig_atmp,26,70
2026-04-11,UFC 327: Prochazka vs. Ulberg,Paulo Costa,http://ufcstats.com/fight-details/aade9d76ac6c6aef,sig_atmp,31,80
2026-04-11,UFC 327: Prochazka vs. Ulberg,Curtis Blaydes,http://ufcstats.com/fight-details/903552edaba48f4a,sig_atmp,108,302
2026-04-11,UFC 327: Prochazka vs. Ulberg,Josh Hokit,http://ufcstats.com/fight-details/903552edaba48f4a,sig_atmp,80,293
2026-04-11,UFC 327: Prochazka vs. Ulberg,Dominick Reyes,http://ufcstats.com/fight-details/c4d060cff018979a,sig_atmp,19,73
2026-04-11,UFC 327: Prochazka vs. Ulberg,Johnny Walker,http://ufcstats.com/fight-details/c4d060cff018979a,sig_atmp,28,80
2026-04-11,UFC 327: Prochazka vs. Ulberg,Patricio Pitbull,http://ufcstats.com/fight-details/10ab34056720b6b4,sig_atmp,28,88
2026-04-11,UFC 327: Prochazka vs. Ulberg,Aaron Pico,http://ufcstats.com/fight-details/10ab34056720b6b4,sig_atmp,56,181
2026-04-11,UFC 327: Prochazka vs. Ulberg,Kevin Holland,http://ufcstats.com/fight-details/b4e16fb13153efdc,sig_atmp,34,91
2026-04-11,UFC 327: Prochazka vs. Ulberg,Randy Brown,http://ufcstats.com/fight-details/b4e16fb13153efdc,sig_atmp,39,95
2026-04-11,UFC 327: Prochazka vs. Ulberg,Mateusz Gamrot,http://ufcstats.com/fight-details/62b5ce408c150fa8,sig_atmp,21,34
2026-04-11,UFC 327: Prochazka vs. Ulberg,Esteban Ribovics,http://ufcstats.com/fight-details/62b5ce408c150fa8,sig_atmp,12,21
2026-04-11,UFC 327: Prochazka vs. Ulberg,Tatiana Suarez,http://ufcstats.com/fight-details/f506977877074aa6,sig_atmp,13,26
2026-04-11,UFC 327: Prochazka vs. Ulberg,Loopy Godinez,http://ufcstats.com/fight-details/f506977877074aa6,sig_atmp,22,25
2026-04-11,UFC 327: Prochazka vs. Ulberg,Chris Padilla,http://ufcstats.com/fight-details/81d20c833e9a76eb,sig_atmp,66,271
2026-04-11,UFC 327: Prochazka vs. Ulberg,MarQuel Mederos,http://ufcstats.com/fight-details/81d20c833e9a76eb,sig_atmp,41,180
2026-04-11,UFC 327: Prochazka vs. Ulberg,Charles Radtke,http://ufcstats.com/fight-details/5b49c3d36907c6df,sig_atmp,11,47
2026-04-11,UFC 327: Prochazka vs. Ulberg,Francisco Prado,http://ufcstats.com/fight-details/5b49c3d36907c6df,sig_atmp,10,66
2026-04-18,UFC Fight Night: Burns vs. Malott,Gilbert Burns,http://ufcstats.com/fight-details/32054bf2b36b0e47,sig_atmp,38,92
2026-04-18,UFC Fight Night: Burns vs. Malott,Mike Malott,http://ufcstats.com/fight-details/32054bf2b36b0e47,sig_atmp,34,121
2026-04-18,UFC Fight Night: Burns vs. Malott,Kyler Phillips,http://ufcstats.com/fight-details/b5299e5b946015e5,sig_atmp,12,77
2026-04-18,UFC Fight Night: Burns vs. Malott,Charles Jourdain,http://ufcstats.com/fight-details/b5299e5b946015e5,sig_atmp,10,104
2026-04-18,UFC Fight Night: Burns vs. Malott,Jasmine Jasudavicius,http://ufcstats.com/fight-details/5a209522211d7530,sig_atmp,17,76
2026-04-18,UFC Fight Night: Burns vs. Malott,Karine Silva,http://ufcstats.com/fight-details/5a209522211d7530,sig_atmp,12,43
2026-04-18,UFC Fight Night: Burns vs. Malott,Thiago Moises,http://ufcstats.com/fight-details/a661c0bee7c8d5af,sig_atmp,13,101
2026-04-18,UFC Fight Night: Burns vs. Malott,Gauge Young,http://ufcstats.com/fight-details/a661c0bee7c8d5af,sig_atmp,23,226
2026-04-18,UFC Fight Night: Burns vs. Malott,Tanner Boser,http://ufcstats.com/fight-details/85c7a0f44aa3e10a,sig_atmp,45,97
2026-04-18,UFC Fight Night: Burns vs. Malott,Gokhan Saricam,http://ufcstats.com/fight-details/85c7a0f44aa3e10a,sig_atmp,66,121
2026-04-18,UFC Fight Night: Burns vs. Malott,Melissa Croden,http://ufcstats.com/fight-details/bae4de7ef8c0769e,sig_atmp,46,153
2026-04-18,UFC Fight Night: Burns vs. Malott,Daria Zhelezniakova,http://ufcstats.com/fight-details/bae4de7ef8c0769e,sig_atmp,40,118
2026-04-18,UFC Fight Night: Burns vs. Malott,JJ Aldrich,http://ufcstats.com/fight-details/0b6c13ab8ad7f82b,sig_atmp,43,149
2026-04-18,UFC Fight Night: Burns vs. Malott,Jamey-Lyn Horth,http://ufcstats.com/fight-details/0b6c13ab8ad7f82b,sig_atmp,54,230
2026-04-18,UFC Fight Night: Burns vs. Malott,John Castaneda,http://ufcstats.com/fight-details/552f7cdaf93e1055,sig_atmp,44,253
2026-04-18,UFC Fight Night: Burns vs. Malott,Mark Vologdin,http://ufcstats.com/fight-details/552f7cdaf93e1055,sig_atmp,52,217
2026-04-25,UFC Fight Night: Sterling vs. Zalal,Aljamain Sterling,http://ufcstats.com/fight-details/f524e42c36028de0,sig_atmp,24,89
2026-04-25,UFC Fight Night: Sterling vs. Zalal,Youssef Zalal,http://ufcstats.com/fight-details/f524e42c36028de0,sig_atmp,16,65
2026-04-25,UFC Fight Night: Sterling vs. Zalal,Norma Dumont,http://ufcstats.com/fight-details/cb745968bd16bf56,sig_atmp,14,100
2026-04-25,UFC Fight Night: Sterling vs. Zalal,Joselyne Edwards,http://ufcstats.com/fight-details/cb745968bd16bf56,sig_atmp,13,152
2026-04-25,UFC Fight Night: Sterling vs. Zalal,Rafa Garcia,http://ufcstats.com/fight-details/84951374e4cdc679,sig_atmp,40,169
2026-04-25,UFC Fight Night: Sterling vs. Zalal,Alexander Hernandez,http://ufcstats.com/fight-details/84951374e4cdc679,sig_atmp,27,145
2026-04-25,UFC Fight Night: Sterling vs. Zalal,Davey Grant,http://ufcstats.com/fight-details/f5aff2f858311fbc,sig_atmp,89,307
2026-04-25,UFC Fight Night: Sterling vs. Zalal,Adrian Luna Martinetti,http://ufcstats.com/fight-details/f5aff2f858311fbc,sig_atmp,41,196
2026-04-25,UFC Fight Night: Sterling vs. Zalal,Montel Jackson,http://ufcstats.com/fight-details/348de8e364ecf041,sig_atmp,24,66
2026-04-25,UFC Fight Night: Sterling vs. Zalal,Raoni Barcelos,http://ufcstats.com/fight-details/348de8e364ecf041,sig_atmp,4,38
2026-04-25,UFC Fight Night: Sterling vs. Zalal,Marcus Buchecha,http://ufcstats.com/fight-details/7e551ddb1494a45f,sig_atmp,6,13
2026-04-25,UFC Fight Night: Sterling vs. Zalal,Ryan Spann,http://ufcstats.com/fight-details/7e551ddb1494a45f,sig_atmp,18,27
2026-04-25,UFC Fight Night: Sterling vs. Zalal,Rodolfo Vieira,http://ufcstats.com/fight-details/67f24cf244134661,sig_atmp,13,70
2026-04-25,UFC Fight Night: Sterling vs. Zalal,Eric McConico,http://ufcstats.com/fight-details/67f24cf244134661,sig_atmp,14,102
2026-04-25,UFC Fight Night: Sterling vs. Zalal,Mayra Bueno Silva,http://ufcstats.com/fight-details/dcfd594b68ff5ae1,sig_atmp,0,45
2026-04-25,UFC Fight Night: Sterling vs. Zalal,Michelle Montague,http://ufcstats.com/fight-details/dcfd594b68ff5ae1,sig_atmp,20,83
2026-04-25,UFC Fight Night: Sterling vs. Zalal,Jafel Filho,http://ufcstats.com/fight-details/d421f3cd158fd055,sig_atmp,12,63
2026-04-25,UFC Fight Night: Sterling vs. Zalal,Cody Durden,http://ufcstats.com/fight-details/d421f3cd158fd055,sig_atmp,23,72
2026-04-25,UFC Fight Night: Sterling vs. Zalal,Francis Marshall,http://ufcstats.com/fight-details/c7fb90f1355291e4,sig_atmp,16,69
2026-04-25,UFC Fight Night: Sterling vs. Zalal,Lucas Brennan,http://ufcstats.com/fight-details/c7fb90f1355291e4,sig_atmp,8,36
2026-04-25,UFC Fight Night: Sterling vs. Zalal,Max Griffin,http://ufcstats.com/fight-details/2e7f8d0ad385876d,sig_atmp,24,89
2026-04-25,UFC Fight Night: Sterling vs. Zalal,Victor Valenzuela,http://ufcstats.com/fight-details/2e7f8d0ad385876d,sig_atmp,29,117
2026-04-25,UFC Fight Night: Sterling vs. Zalal,Talita Alencar,http://ufcstats.com/fight-details/0df4f4ac27cf2d26,sig_atmp,49,195
2026-04-25,UFC Fight Night: Sterling vs. Zalal,Julia Polastri,http://ufcstats.com/fight-details/0df4f4ac27cf2d26,sig_atmp,26,111
2026-05-02,UFC Fight Night: Della Maddalena vs. Prates,Jack Della Maddalena,http://ufcstats.com/fight-details/eb6d9fef6c374830,sig_atmp,30,76
2026-05-02,UFC Fight Night: Della Maddalena vs. Prates,Carlos Prates,http://ufcstats.com/fight-details/eb6d9fef6c374830,sig_atmp,45,193
2026-05-02,UFC Fight Night: Della Maddalena vs. Prates,Tim Elliott,http://ufcstats.com/fight-details/afec383a96893ec5,sig_atmp,91,261
2026-05-02,UFC Fight Night: Della Maddalena vs. Prates,Steve Erceg,http://ufcstats.com/fight-details/afec383a96893ec5,sig_atmp,55,254
2026-05-02,UFC Fight Night: Della Maddalena vs. Prates,Shamil Gaziev,http://ufcstats.com/fight-details/a564219e7a964aa6,sig_atmp,47,100
2026-05-02,UFC Fight Night: Della Maddalena vs. Prates,Brando Pericic,http://ufcstats.com/fight-details/a564219e7a964aa6,sig_atmp,87,163
2026-05-02,UFC Fight Night: Della Maddalena vs. Prates,Tai Tuivasa,http://ufcstats.com/fight-details/2afaa97901d5587c,sig_atmp,9,22
2026-05-02,UFC Fight Night: Della Maddalena vs. Prates,Louie Sutherland,http://ufcstats.com/fight-details/2afaa97901d5587c,sig_atmp,12,25
2026-05-02,UFC Fight Night: Della Maddalena vs. Prates,Cam Rowston,http://ufcstats.com/fight-details/46181797eb543a0b,sig_atmp,56,150
2026-05-02,UFC Fight Night: Della Maddalena vs. Prates,Robert Bryczek,http://ufcstats.com/fight-details/46181797eb543a0b,sig_atmp,17,37
2026-05-02,UFC Fight Night: Della Maddalena vs. Prates,Jacob Malkoun,http://ufcstats.com/fight-details/edff38661bf2866b,sig_atmp,12,82
2026-05-02,UFC Fight Night: Della Maddalena vs. Prates,Gerald Meerschaert,http://ufcstats.com/fight-details/edff38661bf2866b,sig_atmp,5,76
2026-05-02,UFC Fight Night: Della Maddalena vs. Prates,Colby Thicknesse,http://ufcstats.com/fight-details/00bde62cac38e5e9,sig_atmp,14,117
2026-05-02,UFC Fight Night: Della Maddalena vs. Prates,Vince Morales,http://ufcstats.com/fight-details/00bde62cac38e5e9,sig_atmp,15,121
2026-05-02,UFC Fight Night: Della Maddalena vs. Prates,Ben Johnston,http://ufcstats.com/fight-details/827c64369b374989,sig_atmp,8,16
2026-05-02,UFC Fight Night: Della Maddalena vs. Prates,Wes Schultz,http://ufcstats.com/fight-details/827c64369b374989,sig_atmp,3,17
2026-05-02,UFC Fight Night: Della Maddalena vs. Prates,Jonathan Micallef,http://ufcstats.com/fight-details/7ac4ae301ed699ab,sig_atmp,20,112
2026-05-02,UFC Fight Night: Della Maddalena vs. Prates,Themba Gorimbo,http://ufcstats.com/fight-details/7ac4ae301ed699ab,sig_atmp,23,90
2026-05-09,UFC 328: Chimaev vs. Strickland,Khamzat Chimaev,http://ufcstats.com/fight-details/70f1621080b3435c,sig_atmp,3,240
2026-05-09,UFC 328: Chimaev vs. Strickland,Sean Strickland,http://ufcstats.com/fight-details/70f1621080b3435c,sig_atmp,0,312
2026-05-09,UFC 328: Chimaev vs. Strickland,Joshua Van,http://ufcstats.com/fight-details/c85b530861145935,sig_atmp,13,209
2026-05-09,UFC 328: Chimaev vs. Strickland,Tatsuro Taira,http://ufcstats.com/fight-details/c85b530861145935,sig_atmp,26,151
2026-05-09,UFC 328: Chimaev vs. Strickland,Alexander Volkov,http://ufcstats.com/fight-details/22ba4f1b0aafbf82,sig_atmp,44,143
2026-05-09,UFC 328: Chimaev vs. Strickland,Waldo Cortes Acosta,http://ufcstats.com/fight-details/22ba4f1b0aafbf82,sig_atmp,33,130
2026-05-09,UFC 328: Chimaev vs. Strickland,Sean Brady,http://ufcstats.com/fight-details/845b8653f9cf839c,sig_atmp,68,180
2026-05-09,UFC 328: Chimaev vs. Strickland,Joaquin Buckley,http://ufcstats.com/fight-details/845b8653f9cf839c,sig_atmp,8,31
2026-05-09,UFC 328: Chimaev vs. Strickland,Ateba Gautier,http://ufcstats.com/fight-details/770c5302e32916ea,sig_atmp,55,82
2026-05-09,UFC 328: Chimaev vs. Strickland,Ozzy Diaz,http://ufcstats.com/fight-details/770c5302e32916ea,sig_atmp,12,20
2026-05-09,UFC 328: Chimaev vs. Strickland,Joel Alvarez,http://ufcstats.com/fight-details/f88dc6e0c29cff1d,sig_atmp,6,22
2026-05-09,UFC 328: Chimaev vs. Strickland,Yaroslav Amosov,http://ufcstats.com/fight-details/f88dc6e0c29cff1d,sig_atmp,17,28
2026-05-09,UFC 328: Chimaev vs. Strickland,Grant Dawson,http://ufcstats.com/fight-details/ffcb47e17eebe6a6,sig_atmp,21,94
2026-05-09,UFC 328: Chimaev vs. Strickland,Mateusz Rebecki,http://ufcstats.com/fight-details/ffcb47e17eebe6a6,sig_atmp,11,64
2026-05-09,UFC 328: Chimaev vs. Strickland,Roman Kopylov,http://ufcstats.com/fight-details/9d35723a53749931,sig_atmp,39,124
2026-05-09,UFC 328: Chimaev vs. Strickland,Marco Tulio,http://ufcstats.com/fight-details/9d35723a53749931,sig_atmp,61,160
2026-05-09,UFC 328: Chimaev vs. Strickland,Pat Sabatini,http://ufcstats.com/fight-details/303018d7459323b4,sig_atmp,11,70
2026-05-09,UFC 328: Chimaev vs. Strickland,William Gomis,http://ufcstats.com/fight-details/303018d7459323b4,sig_atmp,4,64
2026-05-09,UFC 328: Chimaev vs. Strickland,Baisangur Susurkaev,http://ufcstats.com/fight-details/1f5d0b106385b2ac,sig_atmp,58,213
2026-05-09,UFC 328: Chimaev vs. Strickland,Djorden Santos,http://ufcstats.com/fight-details/1f5d0b106385b2ac,sig_atmp,58,211
2026-05-09,UFC 328: Chimaev vs. Strickland,Clayton Carpenter,http://ufcstats.com/fight-details/e92d89cb2d69235e,sig_atmp,49,153
2026-05-09,UFC 328: Chimaev vs. Strickland,Jose Ochoa,http://ufcstats.com/fight-details/e92d89cb2d69235e,sig_atmp,98,269
2026-05-16,UFC Fight Night: Allen vs. Costa,Arnold Allen,http://ufcstats.com/fight-details/e4aa608124896794,sig_atmp,9,152
2026-05-16,UFC Fight Night: Allen vs. Costa,Melquizael Costa,http://ufcstats.com/fight-details/e4aa608124896794,sig_atmp,14,254
2026-05-16,UFC Fight Night: Allen vs. Costa,Dooho Choi,http://ufcstats.com/fight-details/fc1266e2892ed111,sig_atmp,59,138
2026-05-16,UFC Fight Night: Allen vs. Costa,Daniel Santos,http://ufcstats.com/fight-details/fc1266e2892ed111,sig_atmp,106,182
2026-05-16,UFC Fight Night: Allen vs. Costa,Malcolm Wellmaker,http://ufcstats.com/fight-details/ecb7ff543dd41bf8,sig_atmp,23,33
2026-05-16,UFC Fight Night: Allen vs. Costa,Juan Diaz,http://ufcstats.com/fight-details/ecb7ff543dd41bf8,sig_atmp,16,25
2026-05-16,UFC Fight Night: Allen vs. Costa,Modestas Bukauskas,http://ufcstats.com/fight-details/57bd683efc797fc1,sig_atmp,29,80
2026-05-16,UFC Fight Night: Allen vs. Costa,Christian Edwards,http://ufcstats.com/fight-details/57bd683efc797fc1,sig_atmp,30,71
2026-05-16,UFC Fight Night: Allen vs. Costa,Timmy Cuamba,http://ufcstats.com/fight-details/a6ec8573a9d38c51,sig_atmp,60,80
2026-05-16,UFC Fight Night: Allen vs. Costa,Benardo Sopaj,http://ufcstats.com/fight-details/a6ec8573a9d38c51,sig_atmp,20,56
2026-05-16,UFC Fight Night: Allen vs. Costa,Tuco Tokkos,http://ufcstats.com/fight-details/6242cda790f2085d,sig_atmp,84,123
2026-05-16,UFC Fight Night: Allen vs. Costa,Ivan Erslan,http://ufcstats.com/fight-details/6242cda790f2085d,sig_atmp,40,66
2026-05-16,UFC Fight Night: Allen vs. Costa,Tommy Gantt,http://ufcstats.com/fight-details/c9e0aa88afb81dab,sig_atmp,10,38
2026-05-16,UFC Fight Night: Allen vs. Costa,Artur Minev,http://ufcstats.com/fight-details/c9e0aa88afb81dab,sig_atmp,7,13
2026-05-16,UFC Fight Night: Allen vs. Costa,Ketlen Vieira,http://ufcstats.com/fight-details/5f7111b982bcf6e3,sig_atmp,47,92
2026-05-16,UFC Fight Night: Allen vs. Costa,Jacqueline Cavalcanti,http://ufcstats.com/fight-details/5f7111b982bcf6e3,sig_atmp,46,110
2026-05-16,UFC Fight Night: Allen vs. Costa,Cody Brundage,http://ufcstats.com/fight-details/48cb604345f11766,sig_atmp,10,60
2026-05-16,UFC Fight Night: Allen vs. Costa,Andre Petroski,http://ufcstats.com/fight-details/48cb604345f11766,sig_atmp,16,17
2026-05-16,UFC Fight Night: Allen vs. Costa,Alice Ardelean,http://ufcstats.com/fight-details/b98ead4eff6bf872,sig_atmp,85,94
2026-05-16,UFC Fight Night: Allen vs. Costa,Polyana Viana,http://ufcstats.com/fight-details/b98ead4eff6bf872,sig_atmp,71,75
2026-05-16,UFC Fight Night: Allen vs. Costa,Daniel Barez,http://ufcstats.com/fight-details/b482d4452e4d0eee,sig_atmp,41,246
2026-05-16,UFC Fight Night: Allen vs. Costa,Luis Gurule,http://ufcstats.com/fight-details/b482d4452e4d0eee,sig_atmp,55,299
2026-05-16,UFC Fight Night: Allen vs. Costa,Shauna Bannon,http://ufcstats.com/fight-details/39417b7d07c2fd83,sig_atmp,7,49
2026-05-16,UFC Fight Night: Allen vs. Costa,Nicolle Caliari,http://ufcstats.com/fight-details/39417b7d07c2fd83,sig_atmp,9,38
2026-05-30,UFC Fight Night: Song vs. Figueiredo,Song Yadong,http://ufcstats.com/fight-details/423f32dd018ac218,sig_atmp,22,52
2026-05-30,UFC Fight Night: Song vs. Figueiredo,Deiveson Figueiredo,http://ufcstats.com/fight-details/423f32dd018ac218,sig_atmp,6,17
2026-05-30,UFC Fight Night: Song vs. Figueiredo,Jake Matthews,http://ufcstats.com/fight-details/c1c9dfd0c0952f18,sig_atmp,83,96
2026-05-30,UFC Fight Night: Song vs. Figueiredo,Carlston Harris,http://ufcstats.com/fight-details/c1c9dfd0c0952f18,sig_atmp,69,75
2026-05-30,UFC Fight Night: Song vs. Figueiredo,Alex Perez,http://ufcstats.com/fight-details/7e8749cbf32ef1f8,sig_atmp,39,45
2026-05-30,UFC Fight Night: Song vs. Figueiredo,Sumudaerji,http://ufcstats.com/fight-details/7e8749cbf32ef1f8,sig_atmp,35,53
2026-05-30,UFC Fight Night: Song vs. Figueiredo,Ding Meng,http://ufcstats.com/fight-details/bc0b3c16246e0d1d,sig_atmp,40,146
2026-05-30,UFC Fight Night: Song vs. Figueiredo,Jose Souza,http://ufcstats.com/fight-details/bc0b3c16246e0d1d,sig_atmp,43,153
2026-05-30,UFC Fight Night: Song vs. Figueiredo,Aoriqileng,http://ufcstats.com/fight-details/3bc0190fb17ba42f,sig_atmp,3,11
2026-05-30,UFC Fight Night: Song vs. Figueiredo,Cody Haddon,http://ufcstats.com/fight-details/3bc0190fb17ba42f,sig_atmp,48,70
2026-05-30,UFC Fight Night: Song vs. Figueiredo,Angela Hill,http://ufcstats.com/fight-details/3f719885c9916e06,sig_atmp,57,197
2026-05-30,UFC Fight Night: Song vs. Figueiredo,Xiong Jingnan,http://ufcstats.com/fight-details/3f719885c9916e06,sig_atmp,64,198
2026-06-06,UFC Fight Night: Muhammad vs. Bonfim,Belal Muhammad,http://ufcstats.com/fight-details/5c69b019e6deee41,sig_atmp,36,275
2026-06-06,UFC Fight Night: Muhammad vs. Bonfim,Gabriel Bonfim,http://ufcstats.com/fight-details/5c69b019e6deee41,sig_atmp,37,260
2026-06-06,UFC Fight Night: Muhammad vs. Bonfim,Brendan Allen,http://ufcstats.com/fight-details/419fff06f338f5c6,sig_atmp,50,194
2026-06-06,UFC Fight Night: Muhammad vs. Bonfim,Edmen Shahbazyan,http://ufcstats.com/fight-details/419fff06f338f5c6,sig_atmp,38,180
2026-06-06,UFC Fight Night: Muhammad vs. Bonfim,Fares Ziam,http://ufcstats.com/fight-details/58ffa2dac4f2e7d0,sig_atmp,13,32
2026-06-06,UFC Fight Night: Muhammad vs. Bonfim,Tom Nolan,http://ufcstats.com/fight-details/58ffa2dac4f2e7d0,sig_atmp,25,66
2026-06-06,UFC Fight Night: Muhammad vs. Bonfim,Bryce Mitchell,http://ufcstats.com/fight-details/c47796e11a801e12,sig_atmp,13,41
2026-06-06,UFC Fight Night: Muhammad vs. Bonfim,Santiago Luna,http://ufcstats.com/fight-details/c47796e11a801e12,sig_atmp,4,25
2026-06-06,UFC Fight Night: Muhammad vs. Bonfim,Marcus McGhee,http://ufcstats.com/fight-details/90940d93d6e0998f,sig_atmp,51,202
2026-06-06,UFC Fight Night: Muhammad vs. Bonfim,John Yannis,http://ufcstats.com/fight-details/90940d93d6e0998f,sig_atmp,40,115
2026-06-06,UFC Fight Night: Muhammad vs. Bonfim,Jeisla Chaves,http://ufcstats.com/fight-details/a6b211d8dab5edec,sig_atmp,53,99
2026-06-06,UFC Fight Night: Muhammad vs. Bonfim,Yuneisy Duben,http://ufcstats.com/fight-details/a6b211d8dab5edec,sig_atmp,56,112
2026-06-14,UFC Freedom 250,Ilia Topuria,http://ufcstats.com/fight-details/7208e40818401e88,sig_atmp,58,162
2026-06-14,UFC Freedom 250,Justin Gaethje,http://ufcstats.com/fight-details/7208e40818401e88,sig_atmp,68,192
2026-06-14,UFC Freedom 250,Alex Pereira,http://ufcstats.com/fight-details/5727d5be8c373346,sig_atmp,26,33
2026-06-14,UFC Freedom 250,Ciryl Gane,http://ufcstats.com/fight-details/5727d5be8c373346,sig_atmp,45,86
2026-06-14,UFC Freedom 250,Sean O'Malley,http://ufcstats.com/fight-details/60de0423ae6ed097,sig_atmp,35,81
2026-06-14,UFC Freedom 250,Aiemann Zahabi,http://ufcstats.com/fight-details/60de0423ae6ed097,sig_atmp,16,56
2026-06-14,UFC Freedom 250,Josh Hokit,http://ufcstats.com/fight-details/30cdb851f6c63444,sig_atmp,55,117
2026-06-14,UFC Freedom 250,Derrick Lewis,http://ufcstats.com/fight-details/30cdb851f6c63444,sig_atmp,5,40
2026-06-14,UFC Freedom 250,Diego Lopes,http://ufcstats.com/fight-details/127ba4a1ccb3d4a6,sig_atmp,32,66
2026-06-14,UFC Freedom 250,Steve Garcia,http://ufcstats.com/fight-details/127ba4a1ccb3d4a6,sig_atmp,57,104
2026-06-20,UFC Fight Night: Kape vs. Horiguchi,Manel Kape,http://ufcstats.com/fight-details/33afdd7ad43a2756,sig_atmp,19,56
2026-06-20,UFC Fight Night: Kape vs. Horiguchi,Kyoji Horiguchi,http://ufcstats.com/fight-details/33afdd7ad43a2756,sig_atmp,15,53
2026-06-20,UFC Fight Night: Kape vs. Horiguchi,Ion Cutelaba,http://ufcstats.com/fight-details/afc021700481ac4e,sig_atmp,26,48
2026-06-20,UFC Fight Night: Kape vs. Horiguchi,Navajo Stirling,http://ufcstats.com/fight-details/afc021700481ac4e,sig_atmp,24,70
2026-06-20,UFC Fight Night: Kape vs. Horiguchi,Vinicius Oliveira,http://ufcstats.com/fight-details/571a3eabff5c7ba7,sig_atmp,43,152
2026-06-20,UFC Fight Night: Kape vs. Horiguchi,Andre Fili,http://ufcstats.com/fight-details/571a3eabff5c7ba7,sig_atmp,53,113
2026-06-20,UFC Fight Night: Kape vs. Horiguchi,Andre Lima,http://ufcstats.com/fight-details/17d31249c9ab18af,sig_atmp,42,114
2026-06-20,UFC Fight Night: Kape vs. Horiguchi,Kevin Borjas,http://ufcstats.com/fight-details/17d31249c9ab18af,sig_atmp,51,136
2026-06-20,UFC Fight Night: Kape vs. Horiguchi,Allan Nascimento,http://ufcstats.com/fight-details/3b4803afa824fea3,sig_atmp,54,142
2026-06-20,UFC Fight Night: Kape vs. Horiguchi,Mitch Raposo,http://ufcstats.com/fight-details/3b4803afa824fea3,sig_atmp,32,89
2026-06-20,UFC Fight Night: Kape vs. Horiguchi,Gaston Bolanos,http://ufcstats.com/fight-details/8b809ba1880aded0,sig_atmp,74,193
2026-06-20,UFC Fight Night: Kape vs. Horiguchi,Michael Aswell Jr.,http://ufcstats.com/fight-details/8b809ba1880aded0,sig_atmp,100,252
2026-06-20,UFC Fight Night: Kape vs. Horiguchi,Karol Rosa,http://ufcstats.com/fight-details/b23a1a5d35eb438a,sig_atmp,16,26
2026-06-20,UFC Fight Night: Kape vs. Horiguchi,Luana Santos,http://ufcstats.com/fight-details/b23a1a5d35eb438a,sig_atmp,9,11
2026-06-20,UFC Fight Night: Kape vs. Horiguchi,Shane Collins,http://ufcstats.com/fight-details/9efa4de316b8bf43,sig_atmp,47,138
2026-06-20,UFC Fight Night: Kape vs. Horiguchi,Otari Tanzilovi,http://ufcstats.com/fight-details/9efa4de316b8bf43,sig_atmp,27,89
2026-06-27,UFC Fight Night: Fiziev vs. Torres,Rafael Fiziev,http://ufcstats.com/fight-details/c13dc0cccef263f7,sig_atmp,25,39
2026-06-27,UFC Fight Night: Fiziev vs. Torres,Manuel Torres,http://ufcstats.com/fight-details/c13dc0cccef263f7,sig_atmp,51,52
2026-06-27,UFC Fight Night: Fiziev vs. Torres,Shara Magomedov,http://ufcstats.com/fight-details/012c307c9d446c4d,sig_atmp,7,85
2026-06-27,UFC Fight Night: Fiziev vs. Torres,Michel Pereira,http://ufcstats.com/fight-details/012c307c9d446c4d,sig_atmp,30,82
2026-06-27,UFC Fight Night: Fiziev vs. Torres,Asu Almabayev,http://ufcstats.com/fight-details/81cde317c156723b,sig_atmp,17,51
2026-06-27,UFC Fight Night: Fiziev vs. Torres,Charles Johnson,http://ufcstats.com/fight-details/81cde317c156723b,sig_atmp,11,45
2026-06-27,UFC Fight Night: Fiziev vs. Torres,Ikram Aliskerov,http://ufcstats.com/fight-details/d83294b031502177,sig_atmp,29,98
2026-06-27,UFC Fight Night: Fiziev vs. Torres,Brunno Ferreira,http://ufcstats.com/fight-details/d83294b031502177,sig_atmp,10,55
2026-06-27,UFC Fight Night: Fiziev vs. Torres,Farman Hasanov,http://ufcstats.com/fight-details/6a35ff33b8597904,sig_atmp,4,41
2026-06-27,UFC Fight Night: Fiziev vs. Torres,Eric Nolan,http://ufcstats.com/fight-details/6a35ff33b8597904,sig_atmp,5,51
2026-06-27,UFC Fight Night: Fiziev vs. Torres,Daniil Donchenko,http://ufcstats.com/fight-details/0e60ab32f3d03929,sig_atmp,82,107
2026-06-27,UFC Fight Night: Fiziev vs. Torres,Theodor Berggren,http://ufcstats.com/fight-details/0e60ab32f3d03929,sig_atmp,47,64
2026-06-27,UFC Fight Night: Fiziev vs. Torres,Bekzat Almakhan,http://ufcstats.com/fight-details/ae0a91c8f92f4758,sig_atmp,37,159
2026-06-27,UFC Fight Night: Fiziev vs. Torres,Jean Matsumoto,http://ufcstats.com/fight-details/ae0a91c8f92f4758,sig_atmp,52,229
2026-06-27,UFC Fight Night: Fiziev vs. Torres,Tahir Abdullayev,http://ufcstats.com/fight-details/f1cb2e7ef096ec7c,sig_atmp,20,87
2026-06-27,UFC Fight Night: Fiziev vs. Torres,Jefferson Nascimento,http://ufcstats.com/fight-details/f1cb2e7ef096ec7c,sig_atmp,15,72
2026-07-11,UFC 329: McGregor vs. Holloway 2,Cory Sandhagen,http://ufcstats.com/fight-details/c572daedf2012a49,sig_atmp,71,176
2026-07-11,UFC 329: McGregor vs. Holloway 2,Mario Bautista,http://ufcstats.com/fight-details/c572daedf2012a49,sig_atmp,52,185
2026-07-11,UFC 329: McGregor vs. Holloway 2,Brandon Royval,http://ufcstats.com/fight-details/a3ab1979192b647c,sig_atmp,59,152
2026-07-11,UFC 329: McGregor vs. Holloway 2,Lone'er Kavanagh,http://ufcstats.com/fight-details/a3ab1979192b647c,sig_atmp,34,94
2026-07-11,UFC 329: McGregor vs. Holloway 2,Nikita Krylov,http://ufcstats.com/fight-details/7765e5e779dd7dc9,sig_atmp,40,99
2026-07-11,UFC 329: McGregor vs. Holloway 2,Robert Whittaker,http://ufcstats.com/fight-details/7765e5e779dd7dc9,sig_atmp,38,111
2026-07-11,UFC 329: McGregor vs. Holloway 2,Tracy Cortez,http://ufcstats.com/fight-details/e84c3f1f9a33fa90,sig_atmp,44,156
2026-07-11,UFC 329: McGregor vs. Holloway 2,Wang Cong,http://ufcstats.com/fight-details/e84c3f1f9a33fa90,sig_atmp,63,215
2026-07-11,UFC 329: McGregor vs. Holloway 2,Farid Basharat,http://ufcstats.com/fight-details/9e00ee7644774e18,sig_atmp,35,134
2026-07-11,UFC 329: McGregor vs. Holloway 2,John Garza,http://ufcstats.com/fight-details/9e00ee7644774e18,sig_atmp,47,187
2026-07-11,UFC 329: McGregor vs. Holloway 2,Alessandro Costa,http://ufcstats.com/fight-details/1b6a3b0d27654d3e,sig_atmp,37,49
2026-07-11,UFC 329: McGregor vs. Holloway 2,Cody Durden,http://ufcstats.com/fight-details/1b6a3b0d27654d3e,sig_atmp,53,73
2026-07-18,UFC Fight Night: Du Plessis vs. Usman,Dricus Du Plessis,http://ufcstats.com/fight-details/701c97405da76603,sig_atmp,62,273
2026-07-18,UFC Fight Night: Du Plessis vs. Usman,Kamaru Usman,http://ufcstats.com/fight-details/701c97405da76603,sig_atmp,41,234
2026-07-18,UFC Fight Night: Du Plessis vs. Usman,Jared Cannonier,http://ufcstats.com/fight-details/4eff5a845db17572,sig_atmp,8,46
2026-07-18,UFC Fight Night: Du Plessis vs. Usman,Christian Leroy Duncan,http://ufcstats.com/fight-details/4eff5a845db17572,sig_atmp,42,117
2026-07-18,UFC Fight Night: Du Plessis vs. Usman,Tabatha Ricci,http://ufcstats.com/fight-details/52ddf20a10890b41,sig_atmp,31,102
2026-07-18,UFC Fight Night: Du Plessis vs. Usman,Fatima Kline,http://ufcstats.com/fight-details/52ddf20a10890b41,sig_atmp,55,164
2026-07-18,UFC Fight Night: Du Plessis vs. Usman,Tommy McMillen,http://ufcstats.com/fight-details/c64c6ba6eb1e1d06,sig_atmp,170,513
2026-07-18,UFC Fight Night: Du Plessis vs. Usman,Alberto Montes,http://ufcstats.com/fight-details/c64c6ba6eb1e1d06,sig_atmp,56,147
2026-07-18,UFC Fight Night: Du Plessis vs. Usman,Austin Bashi,http://ufcstats.com/fight-details/3bd159c1bed14700,sig_atmp,28,87
2026-07-18,UFC Fight Night: Du Plessis vs. Usman,Jose Delgado,http://ufcstats.com/fight-details/3bd159c1bed14700,sig_atmp,29,85
2026-07-18,UFC Fight Night: Du Plessis vs. Usman,Jean-Paul Lebosnoyani,http://ufcstats.com/fight-details/f2eb569176e46edf,sig_atmp,51,152
2026-07-18,UFC Fight Night: Du Plessis vs. Usman,Seokhyeon Ko,http://ufcstats.com/fight-details/f2eb569176e46edf,sig_atmp,61,168
2026-07-18,UFC Fight Night: Du Plessis vs. Usman,Levi Rodrigues Jr.,http://ufcstats.com/fight-details/46d800ce45fdd3e6,sig_atmp,28,32
2026-07-18,UFC Fight Night: Du Plessis vs. Usman,Felipe Franco,http://ufcstats.com/fight-details/46d800ce45fdd3e6,sig_atmp,25,56
2026-07-18,UFC Fight Night: Du Plessis vs. Usman,Ezra Elliott,http://ufcstats.com/fight-details/9e525f939fba3e73,sig_atmp,6,11
2026-07-18,UFC Fight Night: Du Plessis vs. Usman,Damien Anderson,http://ufcstats.com/fight-details/9e525f939fba3e73,sig_atmp,9,20
2026-07-18,UFC Fight Night: Du Plessis vs. Usman,Alden Coria,http://ufcstats.com/fight-details/410e6b9e01660b35,sig_atmp,39,127
2026-07-18,UFC Fight Night: Du Plessis vs. Usman,Stewart Nicoll,http://ufcstats.com/fight-details/410e6b9e01660b35,sig_atmp,39,90
2026-07-25,UFC Fight Night: Ankalaev vs. Guskov,Magomed Ankalaev,http://ufcstats.com/fight-details/9009ec7b91f2be14,sig_atmp,39,113
2026-07-25,UFC Fight Night: Ankalaev vs. Guskov,Bogdan Guskov,http://ufcstats.com/fight-details/9009ec7b91f2be14,sig_atmp,22,63
2026-07-25,UFC Fight Night: Ankalaev vs. Guskov,Magomed Zaynukov,http://ufcstats.com/fight-details/4ace64aa144389c5,sig_atmp,43,131
2026-07-25,UFC Fight Night: Ankalaev vs. Guskov,Damian Rzepecki,http://ufcstats.com/fight-details/4ace64aa144389c5,sig_atmp,16,62
2026-07-25,UFC Fight Night: Ankalaev vs. Guskov,Rizvan Kuniev,http://ufcstats.com/fight-details/5ffb251c6ea48b65,sig_atmp,49,120
2026-07-25,UFC Fight Night: Ankalaev vs. Guskov,Tyrell Fortune,http://ufcstats.com/fight-details/5ffb251c6ea48b65,sig_atmp,23,43
2026-07-25,UFC Fight Night: Ankalaev vs. Guskov,Abubakar Vagaev,http://ufcstats.com/fight-details/61280e5644189c61,sig_atmp,6,70
2026-07-25,UFC Fight Night: Ankalaev vs. Guskov,Saygid Izagakhmaev,http://ufcstats.com/fight-details/61280e5644189c61,sig_atmp,12,83
2026-07-25,UFC Fight Night: Ankalaev vs. Guskov,Dustin Jacoby,http://ufcstats.com/fight-details/05bc7a042156b6f6,sig_atmp,44,93
2026-07-25,UFC Fight Night: Ankalaev vs. Guskov,Muhammad Saidov,http://ufcstats.com/fight-details/05bc7a042156b6f6,sig_atmp,50,133
2026-07-25,UFC Fight Night: Ankalaev vs. Guskov,Santiago Ponzinibbio,http://ufcstats.com/fight-details/f6e6b004f07363e9,sig_atmp,52,86
2026-07-25,UFC Fight Night: Ankalaev vs. Guskov,Sam Patterson,http://ufcstats.com/fight-details/f6e6b004f07363e9,sig_atmp,75,132
2026-07-25,UFC Fight Night: Ankalaev vs. Guskov,Magomed Tuchalov,http://ufcstats.com/fight-details/3ac870d6e7d323b7,sig_atmp,23,80
2026-07-25,UFC Fight Night: Ankalaev vs. Guskov,Brendson Ribeiro,http://ufcstats.com/fight-details/3ac870d6e7d323b7,sig_atmp,51,118
2026-07-25,UFC Fight Night: Ankalaev vs. Guskov,Nurullo Aliev,http://ufcstats.com/fight-details/3859314324918eeb,sig_atmp,4,34
2026-07-25,UFC Fight Night: Ankalaev vs. Guskov,Mike Davis,http://ufcstats.com/fight-details/3859314324918eeb,sig_atmp,5,37
2026-07-25,UFC Fight Night: Ankalaev vs. Guskov,Cody Gibson,http://ufcstats.com/fight-details/532340708f0500bd,sig_atmp,49,81
2026-07-25,UFC Fight Night: Ankalaev vs. Guskov,Abdul Hussein,http://ufcstats.com/fight-details/532340708f0500bd,sig_atmp,47,99
2026-08-01,UFC Fight Night: Medic vs. Rodriguez,Aleksandar Rakic,http://ufcstats.com/fight-details/eb8753ed0476b3d1,sig_atmp,60,136
2026-08-01,UFC Fight Night: Medic vs. Rodriguez,Marcin Tybura,http://ufcstats.com/fight-details/eb8753ed0476b3d1,sig_atmp,56,129
2026-08-01,UFC Fight Night: Medic vs. Rodriguez,Ludovit Klein,http://ufcstats.com/fight-details/fbd99ae7e1ff993a,sig_atmp,42,87
2026-08-01,UFC Fight Night: Medic vs. Rodriguez,Tofiq Musayev,http://ufcstats.com/fight-details/fbd99ae7e1ff993a,sig_atmp,44,110
2026-08-01,UFC Fight Night: Medic vs. Rodriguez,Borislav Nikolic,http://ufcstats.com/fight-details/4350abb4f1933f88,sig_atmp,34,147
2026-08-01,UFC Fight Night: Medic vs. Rodriguez,Mark Vologdin,http://ufcstats.com/fight-details/4350abb4f1933f88,sig_atmp,39,102
2026-08-01,UFC Fight Night: Medic vs. Rodriguez,Dennis Buzukja,http://ufcstats.com/fight-details/13aa6688d0538095,sig_atmp,39,89
2026-08-01,UFC Fight Night: Medic vs. Rodriguez,Bogdan Grad,http://ufcstats.com/fight-details/13aa6688d0538095,sig_atmp,40,74
2026-08-08,UFC Fight Night: Gamrot vs. Salkilld,Diego Ferreira,http://ufcstats.com/fight-details/d5245f5b96b8afdf,sig_atmp,65,236
2026-08-08,UFC Fight Night: Gamrot vs. Salkilld,Billy Quarantillo,http://ufcstats.com/fight-details/d5245f5b96b8afdf,sig_atmp,45,208
2026-08-08,UFC Fight Night: Gamrot vs. Salkilld,Amanda Lemos,http://ufcstats.com/fight-details/13f31f7a784013a3,sig_atmp,36,100
2026-08-08,UFC Fight Night: Gamrot vs. Salkilld,Alexia Thainara,http://ufcstats.com/fight-details/13f31f7a784013a3,sig_atmp,38,125
2026-08-08,UFC Fight Night: Gamrot vs. Salkilld,Billy Ray Goff,http://ufcstats.com/fight-details/f44ab9e9e4a89735,sig_atmp,31,57
2026-08-08,UFC Fight Night: Gamrot vs. Salkilld,Ty Miller,http://ufcstats.com/fight-details/f44ab9e9e4a89735,sig_atmp,48,221
2026-08-08,UFC Fight Night: Gamrot vs. Salkilld,Steven Asplund,http://ufcstats.com/fight-details/3050549d19395f6f,sig_atmp,49,109
2026-08-08,UFC Fight Night: Gamrot vs. Salkilld,Guilherme Pat,http://ufcstats.com/fight-details/3050549d19395f6f,sig_atmp,17,76
2026-08-08,UFC Fight Night: Gamrot vs. Salkilld,Manoel Sousa,http://ufcstats.com/fight-details/81ae2a465e0dfa4f,sig_atmp,16,119
2026-08-08,UFC Fight Night: Gamrot vs. Salkilld,Richie Miranda,http://ufcstats.com/fight-details/81ae2a465e0dfa4f,sig_atmp,30,119
2026-08-08,UFC Fight Night: Gamrot vs. Salkilld,Juliana Miller,http://ufcstats.com/fight-details/d463229133909215,sig_atmp,38,44
2026-08-08,UFC Fight Night: Gamrot vs. Salkilld,Ravena Oliveira,http://ufcstats.com/fight-details/d463229133909215,sig_atmp,13,18
2026-08-08,UFC Fight Night: Gamrot vs. Salkilld,Gigi Canuto,http://ufcstats.com/fight-details/ded584e13276cbcb,sig_atmp,50,107
2026-08-08,UFC Fight Night: Gamrot vs. Salkilld,Carol Foro,http://ufcstats.com/fight-details/ded584e13276cbcb,sig_atmp,73,173
2026-01-24,UFC 324: Gaethje vs. Pimblett,Justin Gaethje,http://ufcstats.com/fight-details/fa4b3f5ce8055921,total_str_landed,40,200
2026-01-24,UFC 324: Gaethje vs. Pimblett,Paddy Pimblett,http://ufcstats.com/fight-details/fa4b3f5ce8055921,total_str_landed,38,170
2026-01-24,UFC 324: Gaethje vs. Pimblett,Sean O'Malley,http://ufcstats.com/fight-details/007e8e0d4a39d82c,total_str_landed,22,67
2026-01-24,UFC 324: Gaethje vs. Pimblett,Song Yadong,http://ufcstats.com/fight-details/007e8e0d4a39d82c,total_str_landed,23,69
2026-01-24,UFC 324: Gaethje vs. Pimblett,Waldo Cortes Acosta,http://ufcstats.com/fight-details/d93ee3860196c4ae,total_str_landed,14,46
2026-01-24,UFC 324: Gaethje vs. Pimblett,Derrick Lewis,http://ufcstats.com/fight-details/d93ee3860196c4ae,total_str_landed,4,8
2026-01-24,UFC 324: Gaethje vs. Pimblett,Natalia Silva,http://ufcstats.com/fight-details/d63c9aa4f4873001,total_str_landed,15,63
2026-01-24,UFC 324: Gaethje vs. Pimblett,Rose Namajunas,http://ufcstats.com/fight-details/d63c9aa4f4873001,total_str_landed,13,46
2026-01-24,UFC 324: Gaethje vs. Pimblett,Arnold Allen,http://ufcstats.com/fight-details/836a188a90e479a5,total_str_landed,22,60
2026-01-24,UFC 324: Gaethje vs. Pimblett,Jean Silva,http://ufcstats.com/fight-details/836a188a90e479a5,total_str_landed,16,78
2026-01-24,UFC 324: Gaethje vs. Pimblett,Umar Nurmagomedov,http://ufcstats.com/fight-details/6c9f4799990c3c33,total_str_landed,28,103
2026-01-24,UFC 324: Gaethje vs. Pimblett,Deiveson Figueiredo,http://ufcstats.com/fight-details/6c9f4799990c3c33,total_str_landed,1,28
2026-01-24,UFC 324: Gaethje vs. Pimblett,Ateba Gautier,http://ufcstats.com/fight-details/33be2456161c14c3,total_str_landed,8,34
2026-01-24,UFC 324: Gaethje vs. Pimblett,Andrey Pulyaev,http://ufcstats.com/fight-details/33be2456161c14c3,total_str_landed,19,59
2026-01-24,UFC 324: Gaethje vs. Pimblett,Nikita Krylov,http://ufcstats.com/fight-details/780cab0cd07589e4,total_str_landed,25,94
2026-01-24,UFC 324: Gaethje vs. Pimblett,Modestas Bukauskas,http://ufcstats.com/fight-details/780cab0cd07589e4,total_str_landed,13,43
2026-01-31,UFC 325: Volkanovski vs. Lopes 2,Alexander Volkanovski,http://ufcstats.com/fight-details/b06b43670238c2d8,total_str_landed,17,112
2026-01-31,UFC 325: Volkanovski vs. Lopes 2,Diego Lopes,http://ufcstats.com/fight-details/b06b43670238c2d8,total_str_landed,12,74
2026-01-31,UFC 325: Volkanovski vs. Lopes 2,Dan Hooker,http://ufcstats.com/fight-details/a7ae8f6eb5fc3a79,total_str_landed,34,51
2026-01-31,UFC 325: Volkanovski vs. Lopes 2,Benoit Saint Denis,http://ufcstats.com/fight-details/a7ae8f6eb5fc3a79,total_str_landed,62,170
2026-01-31,UFC 325: Volkanovski vs. Lopes 2,Rafael Fiziev,http://ufcstats.com/fight-details/57d7a683b85bb87b,total_str_landed,17,37
2026-01-31,UFC 325: Volkanovski vs. Lopes 2,Mauricio Ruffy,http://ufcstats.com/fight-details/57d7a683b85bb87b,total_str_landed,21,60
2026-01-31,UFC 325: Volkanovski vs. Lopes 2,Tai Tuivasa,http://ufcstats.com/fight-details/67765535bd0b6bdf,total_str_landed,3,56
2026-01-31,UFC 325: Volkanovski vs. Lopes 2,Tallison Teixeira,http://ufcstats.com/fight-details/67765535bd0b6bdf,total_str_landed,51,117
2026-01-31,UFC 325: Volkanovski vs. Lopes 2,Junior Tafa,http://ufcstats.com/fight-details/d94f1b32a81e3fa1,total_str_landed,26,38
2026-01-31,UFC 325: Volkanovski vs. Lopes 2,Billy Elekana,http://ufcstats.com/fight-details/d94f1b32a81e3fa1,total_str_landed,10,27
2026-01-31,UFC 325: Volkanovski vs. Lopes 2,Cam Rowston,http://ufcstats.com/fight-details/47362cae6ba0e077,total_str_landed,23,73
2026-01-31,UFC 325: Volkanovski vs. Lopes 2,Cody Brundage,http://ufcstats.com/fight-details/47362cae6ba0e077,total_str_landed,21,31
2026-01-31,UFC 325: Volkanovski vs. Lopes 2,Jacob Malkoun,http://ufcstats.com/fight-details/0047f8aadca1936f,total_str_landed,72,151
2026-01-31,UFC 325: Volkanovski vs. Lopes 2,Torrez Finney,http://ufcstats.com/fight-details/0047f8aadca1936f,total_str_landed,12,42
2026-01-31,UFC 325: Volkanovski vs. Lopes 2,Jonathan Micallef,http://ufcstats.com/fight-details/78912b78aa946375,total_str_landed,20,30
2026-01-31,UFC 325: Volkanovski vs. Lopes 2,Oban Elliott,http://ufcstats.com/fight-details/78912b78aa946375,total_str_landed,27,47
2026-01-31,UFC 325: Volkanovski vs. Lopes 2,Kaan Ofli,http://ufcstats.com/fight-details/4c1e7e1765a5438a,total_str_landed,28,53
2026-01-31,UFC 325: Volkanovski vs. Lopes 2,Yizha,http://ufcstats.com/fight-details/4c1e7e1765a5438a,total_str_landed,22,75
2026-01-31,UFC 325: Volkanovski vs. Lopes 2,Sangwook Kim,http://ufcstats.com/fight-details/ad14c502c9c5a7e9,total_str_landed,18,92
2026-01-31,UFC 325: Volkanovski vs. Lopes 2,Dom Mar Fan,http://ufcstats.com/fight-details/ad14c502c9c5a7e9,total_str_landed,31,135
2026-01-31,UFC 325: Volkanovski vs. Lopes 2,Keiichiro Nakamura,http://ufcstats.com/fight-details/780bae82bdfc7112,total_str_landed,13,46
2026-01-31,UFC 325: Volkanovski vs. Lopes 2,Sebastian Szalay,http://ufcstats.com/fight-details/780bae82bdfc7112,total_str_landed,23,80
2026-01-31,UFC 325: Volkanovski vs. Lopes 2,Sulangrangbo,http://ufcstats.com/fight-details/5c73e0013b859664,total_str_landed,27,62
2026-01-31,UFC 325: Volkanovski vs. Lopes 2,Lawrence Lui,http://ufcstats.com/fight-details/5c73e0013b859664,total_str_landed,20,82
2026-02-07,UFC Fight Night: Bautista vs. Oliveira,Mario Bautista,http://ufcstats.com/fight-details/fb4b1754d510b0d0,total_str_landed,22,49
2026-02-07,UFC Fight Night: Bautista vs. Oliveira,Vinicius Oliveira,http://ufcstats.com/fight-details/fb4b1754d510b0d0,total_str_landed,8,18
2026-02-07,UFC Fight Night: Bautista vs. Oliveira,Amir Albazi,http://ufcstats.com/fight-details/dbbf8334a2600895,total_str_landed,4,20
2026-02-07,UFC Fight Night: Bautista vs. Oliveira,Kyoji Horiguchi,http://ufcstats.com/fight-details/dbbf8334a2600895,total_str_landed,26,99
2026-02-07,UFC Fight Night: Bautista vs. Oliveira,Jailton Almeida,http://ufcstats.com/fight-details/a5c5f76cf0a7c784,total_str_landed,14,50
2026-02-07,UFC Fight Night: Bautista vs. Oliveira,Rizvan Kuniev,http://ufcstats.com/fight-details/a5c5f76cf0a7c784,total_str_landed,33,102
2026-02-07,UFC Fight Night: Bautista vs. Oliveira,Michal Oleksiejczuk,http://ufcstats.com/fight-details/8fea32ab0445859c,total_str_landed,47,143
2026-02-07,UFC Fight Night: Bautista vs. Oliveira,Marc-Andre Barriault,http://ufcstats.com/fight-details/8fea32ab0445859c,total_str_landed,19,79
2026-02-07,UFC Fight Night: Bautista vs. Oliveira,Jean Matsumoto,http://ufcstats.com/fight-details/2a26c0cfa06265b7,total_str_landed,29,111
2026-02-07,UFC Fight Night: Bautista vs. Oliveira,Farid Basharat,http://ufcstats.com/fight-details/2a26c0cfa06265b7,total_str_landed,24,95
2026-02-07,UFC Fight Night: Bautista vs. Oliveira,Dustin Jacoby,http://ufcstats.com/fight-details/6cca11f353a2b42d,total_str_landed,16,47
2026-02-07,UFC Fight Night: Bautista vs. Oliveira,Julius Walker,http://ufcstats.com/fight-details/6cca11f353a2b42d,total_str_landed,10,12
2026-02-07,UFC Fight Night: Bautista vs. Oliveira,Alex Morono,http://ufcstats.com/fight-details/f964d2dda87f25f0,total_str_landed,22,48
2026-02-07,UFC Fight Night: Bautista vs. Oliveira,Daniil Donchenko,http://ufcstats.com/fight-details/f964d2dda87f25f0,total_str_landed,70,134
2026-02-07,UFC Fight Night: Bautista vs. Oliveira,Bruna Brasil,http://ufcstats.com/fight-details/cc5c5a8cff4c1ae9,total_str_landed,32,65
2026-02-07,UFC Fight Night: Bautista vs. Oliveira,Ketlen Souza,http://ufcstats.com/fight-details/cc5c5a8cff4c1ae9,total_str_landed,19,64
2026-02-07,UFC Fight Night: Bautista vs. Oliveira,Javid Basharat,http://ufcstats.com/fight-details/86df0e75f41784d8,total_str_landed,35,85
2026-02-07,UFC Fight Night: Bautista vs. Oliveira,Gianni Vazquez,http://ufcstats.com/fight-details/86df0e75f41784d8,total_str_landed,8,41
2026-02-07,UFC Fight Night: Bautista vs. Oliveira,Wang Cong,http://ufcstats.com/fight-details/84e8ccc3c97c2b4c,total_str_landed,48,147
2026-02-07,UFC Fight Night: Bautista vs. Oliveira,Eduarda Moura,http://ufcstats.com/fight-details/84e8ccc3c97c2b4c,total_str_landed,15,40
2026-02-07,UFC Fight Night: Bautista vs. Oliveira,Muin Gafurov,http://ufcstats.com/fight-details/9d30c887e8bd8824,total_str_landed,27,92
2026-02-07,UFC Fight Night: Bautista vs. Oliveira,Jakub Wiklacz,http://ufcstats.com/fight-details/9d30c887e8bd8824,total_str_landed,30,97
2026-02-07,UFC Fight Night: Bautista vs. Oliveira,Klaudia Sygula,http://ufcstats.com/fight-details/2bbfbb234c255249,total_str_landed,62,159
2026-02-07,UFC Fight Night: Bautista vs. Oliveira,Priscila Cachoeira,http://ufcstats.com/fight-details/2bbfbb234c255249,total_str_landed,34,102
2026-02-21,UFC Fight Night: Strickland vs. Hernandez,Sean Strickland,http://ufcstats.com/fight-details/8d740c844353ae0e,total_str_landed,33,111
2026-02-21,UFC Fight Night: Strickland vs. Hernandez,Anthony Hernandez,http://ufcstats.com/fight-details/8d740c844353ae0e,total_str_landed,23,57
2026-02-21,UFC Fight Night: Strickland vs. Hernandez,Serghei Spivac,http://ufcstats.com/fight-details/04b7bcc0e8488604,total_str_landed,20,102
2026-02-21,UFC Fight Night: Strickland vs. Hernandez,Ante Delija,http://ufcstats.com/fight-details/04b7bcc0e8488604,total_str_landed,19,61
2026-02-21,UFC Fight Night: Strickland vs. Hernandez,Zach Reese,http://ufcstats.com/fight-details/372d1dee0db8dbee,total_str_landed,26,81
2026-02-21,UFC Fight Night: Strickland vs. Hernandez,Michel Pereira,http://ufcstats.com/fight-details/372d1dee0db8dbee,total_str_landed,25,70
2026-02-21,UFC Fight Night: Strickland vs. Hernandez,Chidi Njokuani,http://ufcstats.com/fight-details/202d3277e569ad03,total_str_landed,46,124
2026-02-21,UFC Fight Night: Strickland vs. Hernandez,Carlos Leal,http://ufcstats.com/fight-details/202d3277e569ad03,total_str_landed,60,126
2026-02-21,UFC Fight Night: Strickland vs. Hernandez,Ode Osbourne,http://ufcstats.com/fight-details/7ffdaa44fc8d111b,total_str_landed,8,48
2026-02-21,UFC Fight Night: Strickland vs. Hernandez,Alibi Idiris,http://ufcstats.com/fight-details/7ffdaa44fc8d111b,total_str_landed,19,62
2026-02-21,UFC Fight Night: Strickland vs. Hernandez,Alden Coria,http://ufcstats.com/fight-details/ac39c1f00ae31e58,total_str_landed,26,96
2026-02-21,UFC Fight Night: Strickland vs. Hernandez,Luis Gurule,http://ufcstats.com/fight-details/ac39c1f00ae31e58,total_str_landed,15,59
2026-02-21,UFC Fight Night: Strickland vs. Hernandez,Nora Cornolle,http://ufcstats.com/fight-details/fd56a469e4589ebc,total_str_landed,28,37
2026-02-21,UFC Fight Night: Strickland vs. Hernandez,Joselyne Edwards,http://ufcstats.com/fight-details/fd56a469e4589ebc,total_str_landed,26,44
2026-02-21,UFC Fight Night: Strickland vs. Hernandez,Ramiz Brahimaj,http://ufcstats.com/fight-details/8f9896e60047007f,total_str_landed,31,43
2026-02-21,UFC Fight Night: Strickland vs. Hernandez,Punahele Soriano,http://ufcstats.com/fight-details/8f9896e60047007f,total_str_landed,21,66
2026-02-21,UFC Fight Night: Strickland vs. Hernandez,Phil Rowe,http://ufcstats.com/fight-details/508e622130b0a84d,total_str_landed,15,59
2026-02-21,UFC Fight Night: Strickland vs. Hernandez,Jean-Paul Lebosnoyani,http://ufcstats.com/fight-details/508e622130b0a84d,total_str_landed,43,84
2026-02-21,UFC Fight Night: Strickland vs. Hernandez,Jordan Leavitt,http://ufcstats.com/fight-details/5b97f47cdd355cbe,total_str_landed,20,45
2026-02-21,UFC Fight Night: Strickland vs. Hernandez,Yadier del Valle,http://ufcstats.com/fight-details/5b97f47cdd355cbe,total_str_landed,32,76
2026-02-21,UFC Fight Night: Strickland vs. Hernandez,Juliana Miller,http://ufcstats.com/fight-details/6e78d874097a3d22,total_str_landed,15,46
2026-02-21,UFC Fight Night: Strickland vs. Hernandez,Carli Judice,http://ufcstats.com/fight-details/6e78d874097a3d22,total_str_landed,37,104
2026-02-28,UFC Fight Night: Moreno vs. Kavanagh,Brandon Moreno,http://ufcstats.com/fight-details/1330b5c21269fe92,total_str_landed,19,134
2026-02-28,UFC Fight Night: Moreno vs. Kavanagh,Lone'er Kavanagh,http://ufcstats.com/fight-details/1330b5c21269fe92,total_str_landed,18,136
2026-02-28,UFC Fight Night: Moreno vs. Kavanagh,Marlon Vera,http://ufcstats.com/fight-details/36d12b31957e94db,total_str_landed,13,52
2026-02-28,UFC Fight Night: Moreno vs. Kavanagh,David Martinez,http://ufcstats.com/fight-details/36d12b31957e94db,total_str_landed,26,86
2026-02-28,UFC Fight Night: Moreno vs. Kavanagh,Daniel Zellhuber,http://ufcstats.com/fight-details/81f3d28d30d17378,total_str_landed,11,17
2026-02-28,UFC Fight Night: Moreno vs. Kavanagh,King Green,http://ufcstats.com/fight-details/81f3d28d30d17378,total_str_landed,41,100
2026-02-28,UFC Fight Night: Moreno vs. Kavanagh,Edgar Chairez,http://ufcstats.com/fight-details/7df505d8260ba680,total_str_landed,6,69
2026-02-28,UFC Fight Night: Moreno vs. Kavanagh,Felipe Bunes,http://ufcstats.com/fight-details/7df505d8260ba680,total_str_landed,64,113
2026-02-28,UFC Fight Night: Moreno vs. Kavanagh,Imanol Rodriguez,http://ufcstats.com/fight-details/15068d7b095ca9bd,total_str_landed,21,55
2026-02-28,UFC Fight Night: Moreno vs. Kavanagh,Kevin Borjas,http://ufcstats.com/fight-details/15068d7b095ca9bd,total_str_landed,14,24
2026-02-28,UFC Fight Night: Moreno vs. Kavanagh,Santiago Luna,http://ufcstats.com/fight-details/3b76a00f5d0400eb,total_str_landed,31,155
2026-02-28,UFC Fight Night: Moreno vs. Kavanagh,Angel Pacheco,http://ufcstats.com/fight-details/3b76a00f5d0400eb,total_str_landed,26,77
2026-02-28,UFC Fight Night: Moreno vs. Kavanagh,Ailin Perez,http://ufcstats.com/fight-details/c40b934d2666e351,total_str_landed,10,68
2026-02-28,UFC Fight Night: Moreno vs. Kavanagh,Macy Chiasson,http://ufcstats.com/fight-details/c40b934d2666e351,total_str_landed,24,41
2026-02-28,UFC Fight Night: Moreno vs. Kavanagh,Cristian Quinonez,http://ufcstats.com/fight-details/25ab195cefbce1d0,total_str_landed,24,54
2026-02-28,UFC Fight Night: Moreno vs. Kavanagh,Kris Moutinho,http://ufcstats.com/fight-details/25ab195cefbce1d0,total_str_landed,16,32
2026-02-28,UFC Fight Night: Moreno vs. Kavanagh,Regina Tarin,http://ufcstats.com/fight-details/44d58943ac8e47e1,total_str_landed,39,125
2026-02-28,UFC Fight Night: Moreno vs. Kavanagh,Ernesta Kareckaite,http://ufcstats.com/fight-details/44d58943ac8e47e1,total_str_landed,39,127
2026-03-07,UFC 326: Holloway vs. Oliveira 2,Max Holloway,http://ufcstats.com/fight-details/f030febede41c661,total_str_landed,11,73
2026-03-07,UFC 326: Holloway vs. Oliveira 2,Charles Oliveira,http://ufcstats.com/fight-details/f030febede41c661,total_str_landed,19,110
2026-03-07,UFC 326: Holloway vs. Oliveira 2,Caio Borralho,http://ufcstats.com/fight-details/d564db29997e1371,total_str_landed,24,71
2026-03-07,UFC 326: Holloway vs. Oliveira 2,Reinier de Ridder,http://ufcstats.com/fight-details/d564db29997e1371,total_str_landed,30,111
2026-03-07,UFC 326: Holloway vs. Oliveira 2,Rob Font,http://ufcstats.com/fight-details/bed89a91da9d04c1,total_str_landed,8,29
2026-03-07,UFC 326: Holloway vs. Oliveira 2,Raul Rosas Jr.,http://ufcstats.com/fight-details/bed89a91da9d04c1,total_str_landed,12,47
2026-03-07,UFC 326: Holloway vs. Oliveira 2,Drew Dober,http://ufcstats.com/fight-details/f02c0adc4ae629c6,total_str_landed,11,22
2026-03-07,UFC 326: Holloway vs. Oliveira 2,Michael Johnson,http://ufcstats.com/fight-details/f02c0adc4ae629c6,total_str_landed,18,27
2026-03-07,UFC 326: Holloway vs. Oliveira 2,Cody Garbrandt,http://ufcstats.com/fight-details/ecd16d14a138d7fb,total_str_landed,10,28
2026-03-07,UFC 326: Holloway vs. Oliveira 2,Xiao Long,http://ufcstats.com/fight-details/ecd16d14a138d7fb,total_str_landed,20,70
2026-03-07,UFC 326: Holloway vs. Oliveira 2,Donte Johnson,http://ufcstats.com/fight-details/9c8d5dbd8905a715,total_str_landed,29,84
2026-03-07,UFC 326: Holloway vs. Oliveira 2,Cody Brundage,http://ufcstats.com/fight-details/9c8d5dbd8905a715,total_str_landed,6,34
2026-03-07,UFC 326: Holloway vs. Oliveira 2,Ricky Turcios,http://ufcstats.com/fight-details/6feb49a6b7e8433c,total_str_landed,33,36
2026-03-07,UFC 326: Holloway vs. Oliveira 2,Alberto Montes,http://ufcstats.com/fight-details/6feb49a6b7e8433c,total_str_landed,33,39
2026-03-07,UFC 326: Holloway vs. Oliveira 2,Cody Durden,http://ufcstats.com/fight-details/f661ef429055f8c1,total_str_landed,21,54
2026-03-07,UFC 326: Holloway vs. Oliveira 2,Nyamjargal Tumendemberel,http://ufcstats.com/fight-details/f661ef429055f8c1,total_str_landed,15,43
2026-03-07,UFC 326: Holloway vs. Oliveira 2,Sumudaerji,http://ufcstats.com/fight-details/a22fd3735819d858,total_str_landed,19,69
2026-03-07,UFC 326: Holloway vs. Oliveira 2,Jesus Aguilar,http://ufcstats.com/fight-details/a22fd3735819d858,total_str_landed,16,42
2026-03-07,UFC 326: Holloway vs. Oliveira 2,Rafael Tobias,http://ufcstats.com/fight-details/cc03e698c4b7da52,total_str_landed,10,52
2026-03-07,UFC 326: Holloway vs. Oliveira 2,Diyar Nurgozhay,http://ufcstats.com/fight-details/cc03e698c4b7da52,total_str_landed,36,100
2026-03-14,UFC Fight Night: Emmett vs. Vallejos,Amanda Lemos,http://ufcstats.com/fight-details/3b7b771b9578383d,total_str_landed,27,51
2026-03-14,UFC Fight Night: Emmett vs. Vallejos,Gillian Robertson,http://ufcstats.com/fight-details/3b7b771b9578383d,total_str_landed,9,64
2026-03-14,UFC Fight Night: Emmett vs. Vallejos,Andre Fili,http://ufcstats.com/fight-details/8bee5192baec71d8,total_str_landed,19,70
2026-03-14,UFC Fight Night: Emmett vs. Vallejos,Jose Delgado,http://ufcstats.com/fight-details/8bee5192baec71d8,total_str_landed,26,103
2026-03-14,UFC Fight Night: Emmett vs. Vallejos,Marwan Rahiki,http://ufcstats.com/fight-details/e0acd0cf4930671b,total_str_landed,44,93
2026-03-14,UFC Fight Night: Emmett vs. Vallejos,Harry Hardwick,http://ufcstats.com/fight-details/e0acd0cf4930671b,total_str_landed,44,76
2026-03-14,UFC Fight Night: Emmett vs. Vallejos,Charles Johnson,http://ufcstats.com/fight-details/fc9168fd102e2e66,total_str_landed,18,110
2026-03-14,UFC Fight Night: Emmett vs. Vallejos,Bruno Silva,http://ufcstats.com/fight-details/fc9168fd102e2e66,total_str_landed,15,101
2026-03-14,UFC Fight Night: Emmett vs. Vallejos,Chris Curtis,http://ufcstats.com/fight-details/f26c0bdf7689aea2,total_str_landed,12,57
2026-03-14,UFC Fight Night: Emmett vs. Vallejos,Myktybek Orolbai,http://ufcstats.com/fight-details/f26c0bdf7689aea2,total_str_landed,49,83
2026-03-14,UFC Fight Night: Emmett vs. Vallejos,Vitor Petrino,http://ufcstats.com/fight-details/2c330a6f7f1e55f0,total_str_landed,19,92
2026-03-14,UFC Fight Night: Emmett vs. Vallejos,Steven Asplund,http://ufcstats.com/fight-details/2c330a6f7f1e55f0,total_str_landed,32,73
2026-03-14,UFC Fight Night: Emmett vs. Vallejos,Elijah Smith,http://ufcstats.com/fight-details/f44b4e998b6829f6,total_str_landed,5,18
2026-03-14,UFC Fight Night: Emmett vs. Vallejos,SuYoung You,http://ufcstats.com/fight-details/f44b4e998b6829f6,total_str_landed,18,21
2026-03-14,UFC Fight Night: Emmett vs. Vallejos,Bolaji Oki,http://ufcstats.com/fight-details/c769dd861357af9f,total_str_landed,42,108
2026-03-14,UFC Fight Night: Emmett vs. Vallejos,Manoel Sousa,http://ufcstats.com/fight-details/c769dd861357af9f,total_str_landed,23,86
2026-03-14,UFC Fight Night: Emmett vs. Vallejos,Brad Tavares,http://ufcstats.com/fight-details/cff81d681a01ae18,total_str_landed,18,55
2026-03-14,UFC Fight Night: Emmett vs. Vallejos,Eryk Anders,http://ufcstats.com/fight-details/cff81d681a01ae18,total_str_landed,33,68
2026-03-14,UFC Fight Night: Emmett vs. Vallejos,Luan Lacerda,http://ufcstats.com/fight-details/32d371462c539bee,total_str_landed,22,72
2026-03-14,UFC Fight Night: Emmett vs. Vallejos,Hecher Sosa,http://ufcstats.com/fight-details/32d371462c539bee,total_str_landed,33,137
2026-03-14,UFC Fight Night: Emmett vs. Vallejos,Piera Rodriguez,http://ufcstats.com/fight-details/244285b7fd0ddece,total_str_landed,41,111
2026-03-14,UFC Fight Night: Emmett vs. Vallejos,Sam Hughes,http://ufcstats.com/fight-details/244285b7fd0ddece,total_str_landed,37,91
2026-03-21,UFC Fight Night: Evloev vs. Murphy,Movsar Evloev,http://ufcstats.com/fight-details/346e3897c2ead99a,total_str_landed,11,124
2026-03-21,UFC Fight Night: Evloev vs. Murphy,Lerone Murphy,http://ufcstats.com/fight-details/346e3897c2ead99a,total_str_landed,14,89
2026-03-21,UFC Fight Night: Evloev vs. Murphy,Luke Riley,http://ufcstats.com/fight-details/fa534aaa5b997a69,total_str_landed,45,113
2026-03-21,UFC Fight Night: Evloev vs. Murphy,Michael Aswell Jr.,http://ufcstats.com/fight-details/fa534aaa5b997a69,total_str_landed,54,107
2026-03-21,UFC Fight Night: Evloev vs. Murphy,Michael Page,http://ufcstats.com/fight-details/5ee11b727e89e8ad,total_str_landed,5,33
2026-03-21,UFC Fight Night: Evloev vs. Murphy,Sam Patterson,http://ufcstats.com/fight-details/5ee11b727e89e8ad,total_str_landed,4,25
2026-03-21,UFC Fight Night: Evloev vs. Murphy,Roman Dolidze,http://ufcstats.com/fight-details/562d916f55918901,total_str_landed,3,40
2026-03-21,UFC Fight Night: Evloev vs. Murphy,Christian Leroy Duncan,http://ufcstats.com/fight-details/562d916f55918901,total_str_landed,23,78
2026-03-21,UFC Fight Night: Evloev vs. Murphy,Kurtis Campbell,http://ufcstats.com/fight-details/4e58bcc0d27042fd,total_str_landed,15,17
2026-03-21,UFC Fight Night: Evloev vs. Murphy,Danny Silva,http://ufcstats.com/fight-details/4e58bcc0d27042fd,total_str_landed,9,20
2026-03-21,UFC Fight Night: Evloev vs. Murphy,Mason Jones,http://ufcstats.com/fight-details/3ee578ddd071ad4c,total_str_landed,27,123
2026-03-21,UFC Fight Night: Evloev vs. Murphy,Axel Sola,http://ufcstats.com/fight-details/3ee578ddd071ad4c,total_str_landed,18,68
2026-03-21,UFC Fight Night: Evloev vs. Murphy,Nathaniel Wood,http://ufcstats.com/fight-details/3b9f50f07d9a1601,total_str_landed,17,67
2026-03-21,UFC Fight Night: Evloev vs. Murphy,Losene Keita,http://ufcstats.com/fight-details/3b9f50f07d9a1601,total_str_landed,11,52
2026-03-21,UFC Fight Night: Evloev vs. Murphy,Mario Pinto,http://ufcstats.com/fight-details/90187edeeda7e6d6,total_str_landed,37,137
2026-03-21,UFC Fight Night: Evloev vs. Murphy,Felipe Franco,http://ufcstats.com/fight-details/90187edeeda7e6d6,total_str_landed,16,60
2026-03-21,UFC Fight Night: Evloev vs. Murphy,Mantas Kondratavicius,http://ufcstats.com/fight-details/8817bd21b6d0a989,total_str_landed,41,135
2026-03-21,UFC Fight Night: Evloev vs. Murphy,Antonio Trocoli,http://ufcstats.com/fight-details/8817bd21b6d0a989,total_str_landed,9,29
2026-03-21,UFC Fight Night: Evloev vs. Murphy,Shem Rock,http://ufcstats.com/fight-details/bbe0f3653de9f6a8,total_str_landed,22,52
2026-03-21,UFC Fight Night: Evloev vs. Murphy,Abdul-Kareem Al-Selwady,http://ufcstats.com/fight-details/bbe0f3653de9f6a8,total_str_landed,28,105
2026-03-21,UFC Fight Night: Evloev vs. Murphy,Shanelle Dyer,http://ufcstats.com/fight-details/216bc9b661485017,total_str_landed,33,50
2026-03-21,UFC Fight Night: Evloev vs. Murphy,Ravena Oliveira,http://ufcstats.com/fight-details/216bc9b661485017,total_str_landed,26,32
2026-03-28,UFC Fight Night: Adesanya vs. Pyfer,Israel Adesanya,http://ufcstats.com/fight-details/85e94a6c071fd9fa,total_str_landed,37,58
2026-03-28,UFC Fight Night: Adesanya vs. Pyfer,Joe Pyfer,http://ufcstats.com/fight-details/85e94a6c071fd9fa,total_str_landed,9,52
2026-03-28,UFC Fight Night: Adesanya vs. Pyfer,Mansur Abdul-Malik,http://ufcstats.com/fight-details/e32dc26b11d1f81d,total_str_landed,7,16
2026-03-28,UFC Fight Night: Adesanya vs. Pyfer,Yousri Belgaroui,http://ufcstats.com/fight-details/e32dc26b11d1f81d,total_str_landed,22,107
2026-03-28,UFC Fight Night: Adesanya vs. Pyfer,Ignacio Bahamondes,http://ufcstats.com/fight-details/fa96d6252579b51e,total_str_landed,21,46
2026-03-28,UFC Fight Night: Adesanya vs. Pyfer,Tofiq Musayev,http://ufcstats.com/fight-details/fa96d6252579b51e,total_str_landed,20,93
2026-03-28,UFC Fight Night: Adesanya vs. Pyfer,Marcin Tybura,http://ufcstats.com/fight-details/08d4e3864c44f8a5,total_str_landed,13,85
2026-03-28,UFC Fight Night: Adesanya vs. Pyfer,Tyrell Fortune,http://ufcstats.com/fight-details/08d4e3864c44f8a5,total_str_landed,18,49
2026-03-28,UFC Fight Night: Adesanya vs. Pyfer,Navajo Stirling,http://ufcstats.com/fight-details/dbf1ee1a1912c735,total_str_landed,23,90
2026-03-28,UFC Fight Night: Adesanya vs. Pyfer,Bruno Lopes,http://ufcstats.com/fight-details/dbf1ee1a1912c735,total_str_landed,23,36
2026-03-28,UFC Fight Night: Adesanya vs. Pyfer,Ricky Simon,http://ufcstats.com/fight-details/a997593977ba8cad,total_str_landed,12,52
2026-03-28,UFC Fight Night: Adesanya vs. Pyfer,Adrian Yanez,http://ufcstats.com/fight-details/a997593977ba8cad,total_str_landed,16,73
2026-03-28,UFC Fight Night: Adesanya vs. Pyfer,Alexia Thainara,http://ufcstats.com/fight-details/796e1151896195aa,total_str_landed,41,137
2026-03-28,UFC Fight Night: Adesanya vs. Pyfer,Bruna Brasil,http://ufcstats.com/fight-details/796e1151896195aa,total_str_landed,25,72
2026-04-04,UFC Fight Night: Moicano vs. Duncan,Renato Moicano,http://ufcstats.com/fight-details/d69bd8e53ec858dc,total_str_landed,16,62
2026-04-04,UFC Fight Night: Moicano vs. Duncan,Chris Duncan,http://ufcstats.com/fight-details/d69bd8e53ec858dc,total_str_landed,19,30
2026-04-04,UFC Fight Night: Moicano vs. Duncan,Virna Jandiroba,http://ufcstats.com/fight-details/721642e7de112e9e,total_str_landed,26,122
2026-04-04,UFC Fight Night: Moicano vs. Duncan,Tabatha Ricci,http://ufcstats.com/fight-details/721642e7de112e9e,total_str_landed,9,89
2026-04-04,UFC Fight Night: Moicano vs. Duncan,Ethyn Ewing,http://ufcstats.com/fight-details/fef80c98b2fba70c,total_str_landed,21,116
2026-04-04,UFC Fight Night: Moicano vs. Duncan,Rafael Estevam,http://ufcstats.com/fight-details/fef80c98b2fba70c,total_str_landed,17,45
2026-04-04,UFC Fight Night: Moicano vs. Duncan,Jose Delano,http://ufcstats.com/fight-details/7924f10aac3543de,total_str_landed,26,127
2026-04-04,UFC Fight Night: Moicano vs. Duncan,Robert Ruchala,http://ufcstats.com/fight-details/7924f10aac3543de,total_str_landed,25,69
2026-04-04,UFC Fight Night: Moicano vs. Duncan,Guilherme Pat,http://ufcstats.com/fight-details/0760bc02280574dd,total_str_landed,8,25
2026-04-04,UFC Fight Night: Moicano vs. Duncan,Thomas Petersen,http://ufcstats.com/fight-details/0760bc02280574dd,total_str_landed,28,164
2026-04-04,UFC Fight Night: Moicano vs. Duncan,Alessandro Costa,http://ufcstats.com/fight-details/af2a9d47ca8115e4,total_str_landed,20,47
2026-04-04,UFC Fight Night: Moicano vs. Duncan,Stewart Nicoll,http://ufcstats.com/fight-details/af2a9d47ca8115e4,total_str_landed,27,47
2026-04-04,UFC Fight Night: Moicano vs. Duncan,Lando Vannata,http://ufcstats.com/fight-details/9c9c26679701b84d,total_str_landed,26,31
2026-04-04,UFC Fight Night: Moicano vs. Duncan,Darrius Flowers,http://ufcstats.com/fight-details/9c9c26679701b84d,total_str_landed,35,44
2026-04-04,UFC Fight Night: Moicano vs. Duncan,Alice Pereira,http://ufcstats.com/fight-details/74bb036ef0493bf7,total_str_landed,37,86
2026-04-04,UFC Fight Night: Moicano vs. Duncan,Hailey Cowan,http://ufcstats.com/fight-details/74bb036ef0493bf7,total_str_landed,30,56
2026-04-04,UFC Fight Night: Moicano vs. Duncan,Azamat Bekoev,http://ufcstats.com/fight-details/e284a194fb4648a9,total_str_landed,46,128
2026-04-04,UFC Fight Night: Moicano vs. Duncan,Tresean Gore,http://ufcstats.com/fight-details/e284a194fb4648a9,total_str_landed,34,98
2026-04-04,UFC Fight Night: Moicano vs. Duncan,Dione Barbosa,http://ufcstats.com/fight-details/caf13346cbcfdb03,total_str_landed,35,108
2026-04-04,UFC Fight Night: Moicano vs. Duncan,Melissa Gatto,http://ufcstats.com/fight-details/caf13346cbcfdb03,total_str_landed,27,64
2026-04-04,UFC Fight Night: Moicano vs. Duncan,Kai Kamaka III,http://ufcstats.com/fight-details/a5a749aa0061fdb4,total_str_landed,31,144
2026-04-04,UFC Fight Night: Moicano vs. Duncan,Dakota Hope,http://ufcstats.com/fight-details/a5a749aa0061fdb4,total_str_landed,66,155
2026-04-11,UFC 327: Prochazka vs. Ulberg,Azamat Murzakanov,http://ufcstats.com/fight-details/aade9d76ac6c6aef,total_str_landed,7,34
2026-04-11,UFC 327: Prochazka vs. Ulberg,Paulo Costa,http://ufcstats.com/fight-details/aade9d76ac6c6aef,total_str_landed,23,61
2026-04-11,UFC 327: Prochazka vs. Ulberg,Curtis Blaydes,http://ufcstats.com/fight-details/903552edaba48f4a,total_str_landed,77,214
2026-04-11,UFC 327: Prochazka vs. Ulberg,Josh Hokit,http://ufcstats.com/fight-details/903552edaba48f4a,total_str_landed,41,181
2026-04-11,UFC 327: Prochazka vs. Ulberg,Dominick Reyes,http://ufcstats.com/fight-details/c4d060cff018979a,total_str_landed,10,34
2026-04-11,UFC 327: Prochazka vs. Ulberg,Johnny Walker,http://ufcstats.com/fight-details/c4d060cff018979a,total_str_landed,17,42
2026-04-11,UFC 327: Prochazka vs. Ulberg,Patricio Pitbull,http://ufcstats.com/fight-details/10ab34056720b6b4,total_str_landed,17,49
2026-04-11,UFC 327: Prochazka vs. Ulberg,Aaron Pico,http://ufcstats.com/fight-details/10ab34056720b6b4,total_str_landed,25,104
2026-04-11,UFC 327: Prochazka vs. Ulberg,Kevin Holland,http://ufcstats.com/fight-details/b4e16fb13153efdc,total_str_landed,48,137
2026-04-11,UFC 327: Prochazka vs. Ulberg,Randy Brown,http://ufcstats.com/fight-details/b4e16fb13153efdc,total_str_landed,23,67
2026-04-11,UFC 327: Prochazka vs. Ulberg,Mateusz Gamrot,http://ufcstats.com/fight-details/62b5ce408c150fa8,total_str_landed,24,38
2026-04-11,UFC 327: Prochazka vs. Ulberg,Esteban Ribovics,http://ufcstats.com/fight-details/62b5ce408c150fa8,total_str_landed,3,16
2026-04-11,UFC 327: Prochazka vs. Ulberg,Tatiana Suarez,http://ufcstats.com/fight-details/f506977877074aa6,total_str_landed,50,56
2026-04-11,UFC 327: Prochazka vs. Ulberg,Loopy Godinez,http://ufcstats.com/fight-details/f506977877074aa6,total_str_landed,23,25
2026-04-11,UFC 327: Prochazka vs. Ulberg,Chris Padilla,http://ufcstats.com/fight-details/81d20c833e9a76eb,total_str_landed,44,164
2026-04-11,UFC 327: Prochazka vs. Ulberg,MarQuel Mederos,http://ufcstats.com/fight-details/81d20c833e9a76eb,total_str_landed,28,117
2026-04-11,UFC 327: Prochazka vs. Ulberg,Charles Radtke,http://ufcstats.com/fight-details/5b49c3d36907c6df,total_str_landed,40,121
2026-04-11,UFC 327: Prochazka vs. Ulberg,Francisco Prado,http://ufcstats.com/fight-details/5b49c3d36907c6df,total_str_landed,9,41
2026-04-18,UFC Fight Night: Burns vs. Malott,Gilbert Burns,http://ufcstats.com/fight-details/32054bf2b36b0e47,total_str_landed,12,42
2026-04-18,UFC Fight Night: Burns vs. Malott,Mike Malott,http://ufcstats.com/fight-details/32054bf2b36b0e47,total_str_landed,13,56
2026-04-18,UFC Fight Night: Burns vs. Malott,Kyler Phillips,http://ufcstats.com/fight-details/b5299e5b946015e5,total_str_landed,14,48
2026-04-18,UFC Fight Night: Burns vs. Malott,Charles Jourdain,http://ufcstats.com/fight-details/b5299e5b946015e5,total_str_landed,15,88
2026-04-18,UFC Fight Night: Burns vs. Malott,Jasmine Jasudavicius,http://ufcstats.com/fight-details/5a209522211d7530,total_str_landed,5,72
2026-04-18,UFC Fight Night: Burns vs. Malott,Karine Silva,http://ufcstats.com/fight-details/5a209522211d7530,total_str_landed,36,88
2026-04-18,UFC Fight Night: Burns vs. Malott,Thiago Moises,http://ufcstats.com/fight-details/a661c0bee7c8d5af,total_str_landed,9,46
2026-04-18,UFC Fight Night: Burns vs. Malott,Gauge Young,http://ufcstats.com/fight-details/a661c0bee7c8d5af,total_str_landed,13,131
2026-04-18,UFC Fight Night: Burns vs. Malott,Tanner Boser,http://ufcstats.com/fight-details/85c7a0f44aa3e10a,total_str_landed,35,77
2026-04-18,UFC Fight Night: Burns vs. Malott,Gokhan Saricam,http://ufcstats.com/fight-details/85c7a0f44aa3e10a,total_str_landed,38,79
2026-04-18,UFC Fight Night: Burns vs. Malott,Melissa Croden,http://ufcstats.com/fight-details/bae4de7ef8c0769e,total_str_landed,15,92
2026-04-18,UFC Fight Night: Burns vs. Malott,Daria Zhelezniakova,http://ufcstats.com/fight-details/bae4de7ef8c0769e,total_str_landed,22,81
2026-04-18,UFC Fight Night: Burns vs. Malott,JJ Aldrich,http://ufcstats.com/fight-details/0b6c13ab8ad7f82b,total_str_landed,9,52
2026-04-18,UFC Fight Night: Burns vs. Malott,Jamey-Lyn Horth,http://ufcstats.com/fight-details/0b6c13ab8ad7f82b,total_str_landed,23,73
2026-04-18,UFC Fight Night: Burns vs. Malott,John Castaneda,http://ufcstats.com/fight-details/552f7cdaf93e1055,total_str_landed,28,160
2026-04-18,UFC Fight Night: Burns vs. Malott,Mark Vologdin,http://ufcstats.com/fight-details/552f7cdaf93e1055,total_str_landed,29,96
2026-04-25,UFC Fight Night: Sterling vs. Zalal,Aljamain Sterling,http://ufcstats.com/fight-details/f524e42c36028de0,total_str_landed,15,220
2026-04-25,UFC Fight Night: Sterling vs. Zalal,Youssef Zalal,http://ufcstats.com/fight-details/f524e42c36028de0,total_str_landed,17,61
2026-04-25,UFC Fight Night: Sterling vs. Zalal,Norma Dumont,http://ufcstats.com/fight-details/cb745968bd16bf56,total_str_landed,14,66
2026-04-25,UFC Fight Night: Sterling vs. Zalal,Joselyne Edwards,http://ufcstats.com/fight-details/cb745968bd16bf56,total_str_landed,37,121
2026-04-25,UFC Fight Night: Sterling vs. Zalal,Rafa Garcia,http://ufcstats.com/fight-details/84951374e4cdc679,total_str_landed,15,79
2026-04-25,UFC Fight Night: Sterling vs. Zalal,Alexander Hernandez,http://ufcstats.com/fight-details/84951374e4cdc679,total_str_landed,8,54
2026-04-25,UFC Fight Night: Sterling vs. Zalal,Davey Grant,http://ufcstats.com/fight-details/f5aff2f858311fbc,total_str_landed,46,164
2026-04-25,UFC Fight Night: Sterling vs. Zalal,Adrian Luna Martinetti,http://ufcstats.com/fight-details/f5aff2f858311fbc,total_str_landed,18,100
2026-04-25,UFC Fight Night: Sterling vs. Zalal,Montel Jackson,http://ufcstats.com/fight-details/348de8e364ecf041,total_str_landed,46,72
2026-04-25,UFC Fight Night: Sterling vs. Zalal,Raoni Barcelos,http://ufcstats.com/fight-details/348de8e364ecf041,total_str_landed,7,33
2026-04-25,UFC Fight Night: Sterling vs. Zalal,Marcus Buchecha,http://ufcstats.com/fight-details/7e551ddb1494a45f,total_str_landed,4,8
2026-04-25,UFC Fight Night: Sterling vs. Zalal,Ryan Spann,http://ufcstats.com/fight-details/7e551ddb1494a45f,total_str_landed,15,20
2026-04-25,UFC Fight Night: Sterling vs. Zalal,Rodolfo Vieira,http://ufcstats.com/fight-details/67f24cf244134661,total_str_landed,15,58
2026-04-25,UFC Fight Night: Sterling vs. Zalal,Eric McConico,http://ufcstats.com/fight-details/67f24cf244134661,total_str_landed,19,73
2026-04-25,UFC Fight Night: Sterling vs. Zalal,Mayra Bueno Silva,http://ufcstats.com/fight-details/dcfd594b68ff5ae1,total_str_landed,0,34
2026-04-25,UFC Fight Night: Sterling vs. Zalal,Michelle Montague,http://ufcstats.com/fight-details/dcfd594b68ff5ae1,total_str_landed,46,108
2026-04-25,UFC Fight Night: Sterling vs. Zalal,Jafel Filho,http://ufcstats.com/fight-details/d421f3cd158fd055,total_str_landed,9,50
2026-04-25,UFC Fight Night: Sterling vs. Zalal,Cody Durden,http://ufcstats.com/fight-details/d421f3cd158fd055,total_str_landed,36,91
2026-04-25,UFC Fight Night: Sterling vs. Zalal,Francis Marshall,http://ufcstats.com/fight-details/c7fb90f1355291e4,total_str_landed,16,60
2026-04-25,UFC Fight Night: Sterling vs. Zalal,Lucas Brennan,http://ufcstats.com/fight-details/c7fb90f1355291e4,total_str_landed,9,20
2026-04-25,UFC Fight Night: Sterling vs. Zalal,Max Griffin,http://ufcstats.com/fight-details/2e7f8d0ad385876d,total_str_landed,11,43
2026-04-25,UFC Fight Night: Sterling vs. Zalal,Victor Valenzuela,http://ufcstats.com/fight-details/2e7f8d0ad385876d,total_str_landed,12,53
2026-04-25,UFC Fight Night: Sterling vs. Zalal,Talita Alencar,http://ufcstats.com/fight-details/0df4f4ac27cf2d26,total_str_landed,16,80
2026-04-25,UFC Fight Night: Sterling vs. Zalal,Julia Polastri,http://ufcstats.com/fight-details/0df4f4ac27cf2d26,total_str_landed,27,87
2026-05-02,UFC Fight Night: Della Maddalena vs. Prates,Jack Della Maddalena,http://ufcstats.com/fight-details/eb6d9fef6c374830,total_str_landed,23,53
2026-05-02,UFC Fight Night: Della Maddalena vs. Prates,Carlos Prates,http://ufcstats.com/fight-details/eb6d9fef6c374830,total_str_landed,22,104
2026-05-02,UFC Fight Night: Della Maddalena vs. Prates,Tim Elliott,http://ufcstats.com/fight-details/afec383a96893ec5,total_str_landed,40,93
2026-05-02,UFC Fight Night: Della Maddalena vs. Prates,Steve Erceg,http://ufcstats.com/fight-details/afec383a96893ec5,total_str_landed,24,136
2026-05-02,UFC Fight Night: Della Maddalena vs. Prates,Shamil Gaziev,http://ufcstats.com/fight-details/a564219e7a964aa6,total_str_landed,34,51
2026-05-02,UFC Fight Night: Della Maddalena vs. Prates,Brando Pericic,http://ufcstats.com/fight-details/a564219e7a964aa6,total_str_landed,52,100
2026-05-02,UFC Fight Night: Della Maddalena vs. Prates,Tai Tuivasa,http://ufcstats.com/fight-details/2afaa97901d5587c,total_str_landed,8,27
2026-05-02,UFC Fight Night: Della Maddalena vs. Prates,Louie Sutherland,http://ufcstats.com/fight-details/2afaa97901d5587c,total_str_landed,32,111
2026-05-02,UFC Fight Night: Della Maddalena vs. Prates,Cam Rowston,http://ufcstats.com/fight-details/46181797eb543a0b,total_str_landed,29,125
2026-05-02,UFC Fight Night: Della Maddalena vs. Prates,Robert Bryczek,http://ufcstats.com/fight-details/46181797eb543a0b,total_str_landed,17,39
2026-05-02,UFC Fight Night: Della Maddalena vs. Prates,Jacob Malkoun,http://ufcstats.com/fight-details/edff38661bf2866b,total_str_landed,11,54
2026-05-02,UFC Fight Night: Della Maddalena vs. Prates,Gerald Meerschaert,http://ufcstats.com/fight-details/edff38661bf2866b,total_str_landed,15,53
2026-05-02,UFC Fight Night: Della Maddalena vs. Prates,Colby Thicknesse,http://ufcstats.com/fight-details/00bde62cac38e5e9,total_str_landed,13,57
2026-05-02,UFC Fight Night: Della Maddalena vs. Prates,Vince Morales,http://ufcstats.com/fight-details/00bde62cac38e5e9,total_str_landed,7,56
2026-05-02,UFC Fight Night: Della Maddalena vs. Prates,Ben Johnston,http://ufcstats.com/fight-details/827c64369b374989,total_str_landed,16,38
2026-05-02,UFC Fight Night: Della Maddalena vs. Prates,Wes Schultz,http://ufcstats.com/fight-details/827c64369b374989,total_str_landed,8,22
2026-05-02,UFC Fight Night: Della Maddalena vs. Prates,Jonathan Micallef,http://ufcstats.com/fight-details/7ac4ae301ed699ab,total_str_landed,11,83
2026-05-02,UFC Fight Night: Della Maddalena vs. Prates,Themba Gorimbo,http://ufcstats.com/fight-details/7ac4ae301ed699ab,total_str_landed,23,74
2026-05-09,UFC 328: Chimaev vs. Strickland,Khamzat Chimaev,http://ufcstats.com/fight-details/70f1621080b3435c,total_str_landed,17,137
2026-05-09,UFC 328: Chimaev vs. Strickland,Sean Strickland,http://ufcstats.com/fight-details/70f1621080b3435c,total_str_landed,12,160
2026-05-09,UFC 328: Chimaev vs. Strickland,Joshua Van,http://ufcstats.com/fight-details/c85b530861145935,total_str_landed,21,190
2026-05-09,UFC 328: Chimaev vs. Strickland,Tatsuro Taira,http://ufcstats.com/fight-details/c85b530861145935,total_str_landed,20,100
2026-05-09,UFC 328: Chimaev vs. Strickland,Alexander Volkov,http://ufcstats.com/fight-details/22ba4f1b0aafbf82,total_str_landed,33,88
2026-05-09,UFC 328: Chimaev vs. Strickland,Waldo Cortes Acosta,http://ufcstats.com/fight-details/22ba4f1b0aafbf82,total_str_landed,15,54
2026-05-09,UFC 328: Chimaev vs. Strickland,Sean Brady,http://ufcstats.com/fight-details/845b8653f9cf839c,total_str_landed,51,245
2026-05-09,UFC 328: Chimaev vs. Strickland,Joaquin Buckley,http://ufcstats.com/fight-details/845b8653f9cf839c,total_str_landed,1,21
2026-05-09,UFC 328: Chimaev vs. Strickland,Ateba Gautier,http://ufcstats.com/fight-details/770c5302e32916ea,total_str_landed,16,27
2026-05-09,UFC 328: Chimaev vs. Strickland,Ozzy Diaz,http://ufcstats.com/fight-details/770c5302e32916ea,total_str_landed,6,8
2026-05-09,UFC 328: Chimaev vs. Strickland,Joel Alvarez,http://ufcstats.com/fight-details/f88dc6e0c29cff1d,total_str_landed,3,9
2026-05-09,UFC 328: Chimaev vs. Strickland,Yaroslav Amosov,http://ufcstats.com/fight-details/f88dc6e0c29cff1d,total_str_landed,16,22
2026-05-09,UFC 328: Chimaev vs. Strickland,Grant Dawson,http://ufcstats.com/fight-details/ffcb47e17eebe6a6,total_str_landed,24,71
2026-05-09,UFC 328: Chimaev vs. Strickland,Mateusz Rebecki,http://ufcstats.com/fight-details/ffcb47e17eebe6a6,total_str_landed,9,49
2026-05-09,UFC 328: Chimaev vs. Strickland,Roman Kopylov,http://ufcstats.com/fight-details/9d35723a53749931,total_str_landed,15,69
2026-05-09,UFC 328: Chimaev vs. Strickland,Marco Tulio,http://ufcstats.com/fight-details/9d35723a53749931,total_str_landed,22,80
2026-05-09,UFC 328: Chimaev vs. Strickland,Pat Sabatini,http://ufcstats.com/fight-details/303018d7459323b4,total_str_landed,16,78
2026-05-09,UFC 328: Chimaev vs. Strickland,William Gomis,http://ufcstats.com/fight-details/303018d7459323b4,total_str_landed,8,54
2026-05-09,UFC 328: Chimaev vs. Strickland,Baisangur Susurkaev,http://ufcstats.com/fight-details/1f5d0b106385b2ac,total_str_landed,21,136
2026-05-09,UFC 328: Chimaev vs. Strickland,Djorden Santos,http://ufcstats.com/fight-details/1f5d0b106385b2ac,total_str_landed,19,89
2026-05-09,UFC 328: Chimaev vs. Strickland,Clayton Carpenter,http://ufcstats.com/fight-details/e92d89cb2d69235e,total_str_landed,25,70
2026-05-09,UFC 328: Chimaev vs. Strickland,Jose Ochoa,http://ufcstats.com/fight-details/e92d89cb2d69235e,total_str_landed,60,180
2026-05-16,UFC Fight Night: Allen vs. Costa,Arnold Allen,http://ufcstats.com/fight-details/e4aa608124896794,total_str_landed,18,156
2026-05-16,UFC Fight Night: Allen vs. Costa,Melquizael Costa,http://ufcstats.com/fight-details/e4aa608124896794,total_str_landed,19,118
2026-05-16,UFC Fight Night: Allen vs. Costa,Dooho Choi,http://ufcstats.com/fight-details/fc1266e2892ed111,total_str_landed,29,79
2026-05-16,UFC Fight Night: Allen vs. Costa,Daniel Santos,http://ufcstats.com/fight-details/fc1266e2892ed111,total_str_landed,48,74
2026-05-16,UFC Fight Night: Allen vs. Costa,Malcolm Wellmaker,http://ufcstats.com/fight-details/ecb7ff543dd41bf8,total_str_landed,10,15
2026-05-16,UFC Fight Night: Allen vs. Costa,Juan Diaz,http://ufcstats.com/fight-details/ecb7ff543dd41bf8,total_str_landed,9,18
2026-05-16,UFC Fight Night: Allen vs. Costa,Modestas Bukauskas,http://ufcstats.com/fight-details/57bd683efc797fc1,total_str_landed,19,52
2026-05-16,UFC Fight Night: Allen vs. Costa,Christian Edwards,http://ufcstats.com/fight-details/57bd683efc797fc1,total_str_landed,20,51
2026-05-16,UFC Fight Night: Allen vs. Costa,Timmy Cuamba,http://ufcstats.com/fight-details/a6ec8573a9d38c51,total_str_landed,20,29
2026-05-16,UFC Fight Night: Allen vs. Costa,Benardo Sopaj,http://ufcstats.com/fight-details/a6ec8573a9d38c51,total_str_landed,17,66
2026-05-16,UFC Fight Night: Allen vs. Costa,Tuco Tokkos,http://ufcstats.com/fight-details/6242cda790f2085d,total_str_landed,42,57
2026-05-16,UFC Fight Night: Allen vs. Costa,Ivan Erslan,http://ufcstats.com/fight-details/6242cda790f2085d,total_str_landed,42,118
2026-05-16,UFC Fight Night: Allen vs. Costa,Tommy Gantt,http://ufcstats.com/fight-details/c9e0aa88afb81dab,total_str_landed,33,72
2026-05-16,UFC Fight Night: Allen vs. Costa,Artur Minev,http://ufcstats.com/fight-details/c9e0aa88afb81dab,total_str_landed,25,28
2026-05-16,UFC Fight Night: Allen vs. Costa,Ketlen Vieira,http://ufcstats.com/fight-details/5f7111b982bcf6e3,total_str_landed,11,66
2026-05-16,UFC Fight Night: Allen vs. Costa,Jacqueline Cavalcanti,http://ufcstats.com/fight-details/5f7111b982bcf6e3,total_str_landed,24,72
2026-05-16,UFC Fight Night: Allen vs. Costa,Cody Brundage,http://ufcstats.com/fight-details/48cb604345f11766,total_str_landed,6,44
2026-05-16,UFC Fight Night: Allen vs. Costa,Alice Ardelean,http://ufcstats.com/fight-details/b98ead4eff6bf872,total_str_landed,44,80
2026-05-16,UFC Fight Night: Allen vs. Costa,Polyana Viana,http://ufcstats.com/fight-details/b98ead4eff6bf872,total_str_landed,31,80
2026-05-16,UFC Fight Night: Allen vs. Costa,Daniel Barez,http://ufcstats.com/fight-details/b482d4452e4d0eee,total_str_landed,22,117
2026-05-16,UFC Fight Night: Allen vs. Costa,Luis Gurule,http://ufcstats.com/fight-details/b482d4452e4d0eee,total_str_landed,30,178
2026-05-16,UFC Fight Night: Allen vs. Costa,Shauna Bannon,http://ufcstats.com/fight-details/39417b7d07c2fd83,total_str_landed,82,158
2026-05-16,UFC Fight Night: Allen vs. Costa,Nicolle Caliari,http://ufcstats.com/fight-details/39417b7d07c2fd83,total_str_landed,25,50
2026-05-30,UFC Fight Night: Song vs. Figueiredo,Song Yadong,http://ufcstats.com/fight-details/423f32dd018ac218,total_str_landed,14,30
2026-05-30,UFC Fight Night: Song vs. Figueiredo,Deiveson Figueiredo,http://ufcstats.com/fight-details/423f32dd018ac218,total_str_landed,14,17
2026-05-30,UFC Fight Night: Song vs. Figueiredo,Jake Matthews,http://ufcstats.com/fight-details/c1c9dfd0c0952f18,total_str_landed,46,109
2026-05-30,UFC Fight Night: Song vs. Figueiredo,Carlston Harris,http://ufcstats.com/fight-details/c1c9dfd0c0952f18,total_str_landed,25,40
2026-05-30,UFC Fight Night: Song vs. Figueiredo,Alex Perez,http://ufcstats.com/fight-details/7e8749cbf32ef1f8,total_str_landed,18,22
2026-05-30,UFC Fight Night: Song vs. Figueiredo,Sumudaerji,http://ufcstats.com/fight-details/7e8749cbf32ef1f8,total_str_landed,21,31
2026-05-30,UFC Fight Night: Song vs. Figueiredo,Ding Meng,http://ufcstats.com/fight-details/bc0b3c16246e0d1d,total_str_landed,24,63
2026-05-30,UFC Fight Night: Song vs. Figueiredo,Jose Souza,http://ufcstats.com/fight-details/bc0b3c16246e0d1d,total_str_landed,20,72
2026-05-30,UFC Fight Night: Song vs. Figueiredo,Aoriqileng,http://ufcstats.com/fight-details/3bc0190fb17ba42f,total_str_landed,6,12
2026-05-30,UFC Fight Night: Song vs. Figueiredo,Cody Haddon,http://ufcstats.com/fight-details/3bc0190fb17ba42f,total_str_landed,64,84
2026-05-30,UFC Fight Night: Song vs. Figueiredo,Angela Hill,http://ufcstats.com/fight-details/3f719885c9916e06,total_str_landed,42,136
2026-05-30,UFC Fight Night: Song vs. Figueiredo,Xiong Jingnan,http://ufcstats.com/fight-details/3f719885c9916e06,total_str_landed,40,91
2026-06-06,UFC Fight Night: Muhammad vs. Bonfim,Belal Muhammad,http://ufcstats.com/fight-details/5c69b019e6deee41,total_str_landed,13,86
2026-06-06,UFC Fight Night: Muhammad vs. Bonfim,Gabriel Bonfim,http://ufcstats.com/fight-details/5c69b019e6deee41,total_str_landed,14,128
2026-06-06,UFC Fight Night: Muhammad vs. Bonfim,Brendan Allen,http://ufcstats.com/fight-details/419fff06f338f5c6,total_str_landed,21,91
2026-06-06,UFC Fight Night: Muhammad vs. Bonfim,Edmen Shahbazyan,http://ufcstats.com/fight-details/419fff06f338f5c6,total_str_landed,22,90
2026-06-06,UFC Fight Night: Muhammad vs. Bonfim,Fares Ziam,http://ufcstats.com/fight-details/58ffa2dac4f2e7d0,total_str_landed,14,48
2026-06-06,UFC Fight Night: Muhammad vs. Bonfim,Tom Nolan,http://ufcstats.com/fight-details/58ffa2dac4f2e7d0,total_str_landed,24,65
2026-06-06,UFC Fight Night: Muhammad vs. Bonfim,Bryce Mitchell,http://ufcstats.com/fight-details/c47796e11a801e12,total_str_landed,18,54
2026-06-06,UFC Fight Night: Muhammad vs. Bonfim,Santiago Luna,http://ufcstats.com/fight-details/c47796e11a801e12,total_str_landed,58,112
2026-06-06,UFC Fight Night: Muhammad vs. Bonfim,Marcus McGhee,http://ufcstats.com/fight-details/90940d93d6e0998f,total_str_landed,14,79
2026-06-06,UFC Fight Night: Muhammad vs. Bonfim,John Yannis,http://ufcstats.com/fight-details/90940d93d6e0998f,total_str_landed,13,55
2026-06-06,UFC Fight Night: Muhammad vs. Bonfim,Jeisla Chaves,http://ufcstats.com/fight-details/a6b211d8dab5edec,total_str_landed,31,92
2026-06-06,UFC Fight Night: Muhammad vs. Bonfim,Yuneisy Duben,http://ufcstats.com/fight-details/a6b211d8dab5edec,total_str_landed,39,110
2026-06-14,UFC Freedom 250,Ilia Topuria,http://ufcstats.com/fight-details/7208e40818401e88,total_str_landed,29,111
2026-06-14,UFC Freedom 250,Justin Gaethje,http://ufcstats.com/fight-details/7208e40818401e88,total_str_landed,35,119
2026-06-14,UFC Freedom 250,Alex Pereira,http://ufcstats.com/fight-details/5727d5be8c373346,total_str_landed,11,12
2026-06-14,UFC Freedom 250,Ciryl Gane,http://ufcstats.com/fight-details/5727d5be8c373346,total_str_landed,23,54
2026-06-14,UFC Freedom 250,Sean O'Malley,http://ufcstats.com/fight-details/60de0423ae6ed097,total_str_landed,14,41
2026-06-14,UFC Freedom 250,Aiemann Zahabi,http://ufcstats.com/fight-details/60de0423ae6ed097,total_str_landed,8,32
2026-06-14,UFC Freedom 250,Josh Hokit,http://ufcstats.com/fight-details/30cdb851f6c63444,total_str_landed,54,105
2026-06-14,UFC Freedom 250,Derrick Lewis,http://ufcstats.com/fight-details/30cdb851f6c63444,total_str_landed,1,8
2026-06-14,UFC Freedom 250,Diego Lopes,http://ufcstats.com/fight-details/127ba4a1ccb3d4a6,total_str_landed,6,24
2026-06-14,UFC Freedom 250,Steve Garcia,http://ufcstats.com/fight-details/127ba4a1ccb3d4a6,total_str_landed,23,47
2026-06-20,UFC Fight Night: Kape vs. Horiguchi,Manel Kape,http://ufcstats.com/fight-details/33afdd7ad43a2756,total_str_landed,8,47
2026-06-20,UFC Fight Night: Kape vs. Horiguchi,Kyoji Horiguchi,http://ufcstats.com/fight-details/33afdd7ad43a2756,total_str_landed,9,53
2026-06-20,UFC Fight Night: Kape vs. Horiguchi,Ion Cutelaba,http://ufcstats.com/fight-details/afc021700481ac4e,total_str_landed,34,58
2026-06-20,UFC Fight Night: Kape vs. Horiguchi,Navajo Stirling,http://ufcstats.com/fight-details/afc021700481ac4e,total_str_landed,23,59
2026-06-20,UFC Fight Night: Kape vs. Horiguchi,Vinicius Oliveira,http://ufcstats.com/fight-details/571a3eabff5c7ba7,total_str_landed,27,105
2026-06-20,UFC Fight Night: Kape vs. Horiguchi,Andre Fili,http://ufcstats.com/fight-details/571a3eabff5c7ba7,total_str_landed,22,40
2026-06-20,UFC Fight Night: Kape vs. Horiguchi,Andre Lima,http://ufcstats.com/fight-details/17d31249c9ab18af,total_str_landed,20,58
2026-06-20,UFC Fight Night: Kape vs. Horiguchi,Kevin Borjas,http://ufcstats.com/fight-details/17d31249c9ab18af,total_str_landed,18,52
2026-06-20,UFC Fight Night: Kape vs. Horiguchi,Allan Nascimento,http://ufcstats.com/fight-details/3b4803afa824fea3,total_str_landed,15,98
2026-06-20,UFC Fight Night: Kape vs. Horiguchi,Mitch Raposo,http://ufcstats.com/fight-details/3b4803afa824fea3,total_str_landed,17,54
2026-06-20,UFC Fight Night: Kape vs. Horiguchi,Gaston Bolanos,http://ufcstats.com/fight-details/8b809ba1880aded0,total_str_landed,29,94
2026-06-20,UFC Fight Night: Kape vs. Horiguchi,Michael Aswell Jr.,http://ufcstats.com/fight-details/8b809ba1880aded0,total_str_landed,47,115
2026-06-20,UFC Fight Night: Kape vs. Horiguchi,Karol Rosa,http://ufcstats.com/fight-details/b23a1a5d35eb438a,total_str_landed,55,126
2026-06-20,UFC Fight Night: Kape vs. Horiguchi,Luana Santos,http://ufcstats.com/fight-details/b23a1a5d35eb438a,total_str_landed,36,110
2026-06-20,UFC Fight Night: Kape vs. Horiguchi,Shane Collins,http://ufcstats.com/fight-details/9efa4de316b8bf43,total_str_landed,33,111
2026-06-20,UFC Fight Night: Kape vs. Horiguchi,Otari Tanzilovi,http://ufcstats.com/fight-details/9efa4de316b8bf43,total_str_landed,24,74
2026-06-27,UFC Fight Night: Fiziev vs. Torres,Rafael Fiziev,http://ufcstats.com/fight-details/c13dc0cccef263f7,total_str_landed,18,28
2026-06-27,UFC Fight Night: Fiziev vs. Torres,Manuel Torres,http://ufcstats.com/fight-details/c13dc0cccef263f7,total_str_landed,25,26
2026-06-27,UFC Fight Night: Fiziev vs. Torres,Shara Magomedov,http://ufcstats.com/fight-details/012c307c9d446c4d,total_str_landed,53,112
2026-06-27,UFC Fight Night: Fiziev vs. Torres,Michel Pereira,http://ufcstats.com/fight-details/012c307c9d446c4d,total_str_landed,37,61
2026-06-27,UFC Fight Night: Fiziev vs. Torres,Asu Almabayev,http://ufcstats.com/fight-details/81cde317c156723b,total_str_landed,23,73
2026-06-27,UFC Fight Night: Fiziev vs. Torres,Charles Johnson,http://ufcstats.com/fight-details/81cde317c156723b,total_str_landed,8,32
2026-06-27,UFC Fight Night: Fiziev vs. Torres,Ikram Aliskerov,http://ufcstats.com/fight-details/d83294b031502177,total_str_landed,39,114
2026-06-27,UFC Fight Night: Fiziev vs. Torres,Brunno Ferreira,http://ufcstats.com/fight-details/d83294b031502177,total_str_landed,7,23
2026-06-27,UFC Fight Night: Fiziev vs. Torres,Farman Hasanov,http://ufcstats.com/fight-details/6a35ff33b8597904,total_str_landed,16,53
2026-06-27,UFC Fight Night: Fiziev vs. Torres,Eric Nolan,http://ufcstats.com/fight-details/6a35ff33b8597904,total_str_landed,4,29
2026-06-27,UFC Fight Night: Fiziev vs. Torres,Daniil Donchenko,http://ufcstats.com/fight-details/0e60ab32f3d03929,total_str_landed,58,73
2026-06-27,UFC Fight Night: Fiziev vs. Torres,Theodor Berggren,http://ufcstats.com/fight-details/0e60ab32f3d03929,total_str_landed,23,29
2026-06-27,UFC Fight Night: Fiziev vs. Torres,Bekzat Almakhan,http://ufcstats.com/fight-details/ae0a91c8f92f4758,total_str_landed,21,70
2026-06-27,UFC Fight Night: Fiziev vs. Torres,Jean Matsumoto,http://ufcstats.com/fight-details/ae0a91c8f92f4758,total_str_landed,25,89
2026-06-27,UFC Fight Night: Fiziev vs. Torres,Tahir Abdullayev,http://ufcstats.com/fight-details/f1cb2e7ef096ec7c,total_str_landed,5,60
2026-06-27,UFC Fight Night: Fiziev vs. Torres,Jefferson Nascimento,http://ufcstats.com/fight-details/f1cb2e7ef096ec7c,total_str_landed,7,54
2026-07-11,UFC 329: McGregor vs. Holloway 2,Cory Sandhagen,http://ufcstats.com/fight-details/c572daedf2012a49,total_str_landed,43,104
2026-07-11,UFC 329: McGregor vs. Holloway 2,Mario Bautista,http://ufcstats.com/fight-details/c572daedf2012a49,total_str_landed,42,143
2026-07-11,UFC 329: McGregor vs. Holloway 2,Brandon Royval,http://ufcstats.com/fight-details/a3ab1979192b647c,total_str_landed,49,146
2026-07-11,UFC 329: McGregor vs. Holloway 2,Lone'er Kavanagh,http://ufcstats.com/fight-details/a3ab1979192b647c,total_str_landed,19,63
2026-07-11,UFC 329: McGregor vs. Holloway 2,Nikita Krylov,http://ufcstats.com/fight-details/7765e5e779dd7dc9,total_str_landed,26,57
2026-07-11,UFC 329: McGregor vs. Holloway 2,Robert Whittaker,http://ufcstats.com/fight-details/7765e5e779dd7dc9,total_str_landed,21,55
2026-07-11,UFC 329: McGregor vs. Holloway 2,Tracy Cortez,http://ufcstats.com/fight-details/e84c3f1f9a33fa90,total_str_landed,21,74
2026-07-11,UFC 329: McGregor vs. Holloway 2,Wang Cong,http://ufcstats.com/fight-details/e84c3f1f9a33fa90,total_str_landed,49,153
2026-07-11,UFC 329: McGregor vs. Holloway 2,Farid Basharat,http://ufcstats.com/fight-details/9e00ee7644774e18,total_str_landed,24,95
2026-07-11,UFC 329: McGregor vs. Holloway 2,John Garza,http://ufcstats.com/fight-details/9e00ee7644774e18,total_str_landed,20,92
2026-07-11,UFC 329: McGregor vs. Holloway 2,Alessandro Costa,http://ufcstats.com/fight-details/1b6a3b0d27654d3e,total_str_landed,16,25
2026-07-11,UFC 329: McGregor vs. Holloway 2,Cody Durden,http://ufcstats.com/fight-details/1b6a3b0d27654d3e,total_str_landed,19,30
2026-07-18,UFC Fight Night: Du Plessis vs. Usman,Dricus Du Plessis,http://ufcstats.com/fight-details/701c97405da76603,total_str_landed,30,139
2026-07-18,UFC Fight Night: Du Plessis vs. Usman,Kamaru Usman,http://ufcstats.com/fight-details/701c97405da76603,total_str_landed,18,99
2026-07-18,UFC Fight Night: Du Plessis vs. Usman,Jared Cannonier,http://ufcstats.com/fight-details/4eff5a845db17572,total_str_landed,5,36
2026-07-18,UFC Fight Night: Du Plessis vs. Usman,Christian Leroy Duncan,http://ufcstats.com/fight-details/4eff5a845db17572,total_str_landed,37,94
2026-07-18,UFC Fight Night: Du Plessis vs. Usman,Tabatha Ricci,http://ufcstats.com/fight-details/52ddf20a10890b41,total_str_landed,6,26
2026-07-18,UFC Fight Night: Du Plessis vs. Usman,Fatima Kline,http://ufcstats.com/fight-details/52ddf20a10890b41,total_str_landed,14,86
2026-07-18,UFC Fight Night: Du Plessis vs. Usman,Tommy McMillen,http://ufcstats.com/fight-details/c64c6ba6eb1e1d06,total_str_landed,74,255
2026-07-18,UFC Fight Night: Du Plessis vs. Usman,Alberto Montes,http://ufcstats.com/fight-details/c64c6ba6eb1e1d06,total_str_landed,23,56
2026-07-18,UFC Fight Night: Du Plessis vs. Usman,Austin Bashi,http://ufcstats.com/fight-details/3bd159c1bed14700,total_str_landed,11,54
2026-07-18,UFC Fight Night: Du Plessis vs. Usman,Jose Delgado,http://ufcstats.com/fight-details/3bd159c1bed14700,total_str_landed,38,70
2026-07-18,UFC Fight Night: Du Plessis vs. Usman,Jean-Paul Lebosnoyani,http://ufcstats.com/fight-details/f2eb569176e46edf,total_str_landed,18,67
2026-07-18,UFC Fight Night: Du Plessis vs. Usman,Seokhyeon Ko,http://ufcstats.com/fight-details/f2eb569176e46edf,total_str_landed,27,80
2026-07-18,UFC Fight Night: Du Plessis vs. Usman,Felipe Franco,http://ufcstats.com/fight-details/46d800ce45fdd3e6,total_str_landed,25,52
2026-07-18,UFC Fight Night: Du Plessis vs. Usman,Ezra Elliott,http://ufcstats.com/fight-details/9e525f939fba3e73,total_str_landed,4,21
2026-07-18,UFC Fight Night: Du Plessis vs. Usman,Damien Anderson,http://ufcstats.com/fight-details/9e525f939fba3e73,total_str_landed,14,23
2026-07-18,UFC Fight Night: Du Plessis vs. Usman,Alden Coria,http://ufcstats.com/fight-details/410e6b9e01660b35,total_str_landed,15,60
2026-07-18,UFC Fight Night: Du Plessis vs. Usman,Stewart Nicoll,http://ufcstats.com/fight-details/410e6b9e01660b35,total_str_landed,10,32
2026-07-25,UFC Fight Night: Ankalaev vs. Guskov,Magomed Ankalaev,http://ufcstats.com/fight-details/9009ec7b91f2be14,total_str_landed,19,156
2026-07-25,UFC Fight Night: Ankalaev vs. Guskov,Bogdan Guskov,http://ufcstats.com/fight-details/9009ec7b91f2be14,total_str_landed,11,45
2026-07-25,UFC Fight Night: Ankalaev vs. Guskov,Magomed Zaynukov,http://ufcstats.com/fight-details/4ace64aa144389c5,total_str_landed,36,109
2026-07-25,UFC Fight Night: Ankalaev vs. Guskov,Damian Rzepecki,http://ufcstats.com/fight-details/4ace64aa144389c5,total_str_landed,16,32
2026-07-25,UFC Fight Night: Ankalaev vs. Guskov,Rizvan Kuniev,http://ufcstats.com/fight-details/5ffb251c6ea48b65,total_str_landed,25,68
2026-07-25,UFC Fight Night: Ankalaev vs. Guskov,Tyrell Fortune,http://ufcstats.com/fight-details/5ffb251c6ea48b65,total_str_landed,13,29
2026-07-25,UFC Fight Night: Ankalaev vs. Guskov,Abubakar Vagaev,http://ufcstats.com/fight-details/61280e5644189c61,total_str_landed,30,91
2026-07-25,UFC Fight Night: Ankalaev vs. Guskov,Saygid Izagakhmaev,http://ufcstats.com/fight-details/61280e5644189c61,total_str_landed,26,73
2026-07-25,UFC Fight Night: Ankalaev vs. Guskov,Dustin Jacoby,http://ufcstats.com/fight-details/05bc7a042156b6f6,total_str_landed,17,34
2026-07-25,UFC Fight Night: Ankalaev vs. Guskov,Muhammad Saidov,http://ufcstats.com/fight-details/05bc7a042156b6f6,total_str_landed,16,60
2026-07-25,UFC Fight Night: Ankalaev vs. Guskov,Santiago Ponzinibbio,http://ufcstats.com/fight-details/f6e6b004f07363e9,total_str_landed,10,14
2026-07-25,UFC Fight Night: Ankalaev vs. Guskov,Sam Patterson,http://ufcstats.com/fight-details/f6e6b004f07363e9,total_str_landed,29,65
2026-07-25,UFC Fight Night: Ankalaev vs. Guskov,Magomed Tuchalov,http://ufcstats.com/fight-details/3ac870d6e7d323b7,total_str_landed,9,57
2026-07-25,UFC Fight Night: Ankalaev vs. Guskov,Brendson Ribeiro,http://ufcstats.com/fight-details/3ac870d6e7d323b7,total_str_landed,18,49
2026-07-25,UFC Fight Night: Ankalaev vs. Guskov,Nurullo Aliev,http://ufcstats.com/fight-details/3859314324918eeb,total_str_landed,18,81
2026-07-25,UFC Fight Night: Ankalaev vs. Guskov,Mike Davis,http://ufcstats.com/fight-details/3859314324918eeb,total_str_landed,16,55
2026-07-25,UFC Fight Night: Ankalaev vs. Guskov,Cody Gibson,http://ufcstats.com/fight-details/532340708f0500bd,total_str_landed,28,53
2026-07-25,UFC Fight Night: Ankalaev vs. Guskov,Abdul Hussein,http://ufcstats.com/fight-details/532340708f0500bd,total_str_landed,30,91
2026-08-01,UFC Fight Night: Medic vs. Rodriguez,Aleksandar Rakic,http://ufcstats.com/fight-details/eb8753ed0476b3d1,total_str_landed,36,83
2026-08-01,UFC Fight Night: Medic vs. Rodriguez,Marcin Tybura,http://ufcstats.com/fight-details/eb8753ed0476b3d1,total_str_landed,10,37
2026-08-01,UFC Fight Night: Medic vs. Rodriguez,Ludovit Klein,http://ufcstats.com/fight-details/fbd99ae7e1ff993a,total_str_landed,21,47
2026-08-01,UFC Fight Night: Medic vs. Rodriguez,Tofiq Musayev,http://ufcstats.com/fight-details/fbd99ae7e1ff993a,total_str_landed,21,59
2026-08-01,UFC Fight Night: Medic vs. Rodriguez,Borislav Nikolic,http://ufcstats.com/fight-details/4350abb4f1933f88,total_str_landed,12,87
2026-08-01,UFC Fight Night: Medic vs. Rodriguez,Mark Vologdin,http://ufcstats.com/fight-details/4350abb4f1933f88,total_str_landed,14,43
2026-08-01,UFC Fight Night: Medic vs. Rodriguez,Dennis Buzukja,http://ufcstats.com/fight-details/13aa6688d0538095,total_str_landed,27,68
2026-08-01,UFC Fight Night: Medic vs. Rodriguez,Bogdan Grad,http://ufcstats.com/fight-details/13aa6688d0538095,total_str_landed,45,67
2026-08-08,UFC Fight Night: Gamrot vs. Salkilld,Diego Ferreira,http://ufcstats.com/fight-details/d5245f5b96b8afdf,total_str_landed,39,124
2026-08-08,UFC Fight Night: Gamrot vs. Salkilld,Billy Quarantillo,http://ufcstats.com/fight-details/d5245f5b96b8afdf,total_str_landed,19,113
2026-08-08,UFC Fight Night: Gamrot vs. Salkilld,Amanda Lemos,http://ufcstats.com/fight-details/13f31f7a784013a3,total_str_landed,23,68
2026-08-08,UFC Fight Night: Gamrot vs. Salkilld,Alexia Thainara,http://ufcstats.com/fight-details/13f31f7a784013a3,total_str_landed,69,199
2026-08-08,UFC Fight Night: Gamrot vs. Salkilld,Billy Ray Goff,http://ufcstats.com/fight-details/f44ab9e9e4a89735,total_str_landed,25,35
2026-08-08,UFC Fight Night: Gamrot vs. Salkilld,Ty Miller,http://ufcstats.com/fight-details/f44ab9e9e4a89735,total_str_landed,43,163
2026-08-08,UFC Fight Night: Gamrot vs. Salkilld,Steven Asplund,http://ufcstats.com/fight-details/3050549d19395f6f,total_str_landed,65,134
2026-08-08,UFC Fight Night: Gamrot vs. Salkilld,Guilherme Pat,http://ufcstats.com/fight-details/3050549d19395f6f,total_str_landed,26,72
2026-08-08,UFC Fight Night: Gamrot vs. Salkilld,Manoel Sousa,http://ufcstats.com/fight-details/81ae2a465e0dfa4f,total_str_landed,14,89
2026-08-08,UFC Fight Night: Gamrot vs. Salkilld,Richie Miranda,http://ufcstats.com/fight-details/81ae2a465e0dfa4f,total_str_landed,65,126
2026-08-08,UFC Fight Night: Gamrot vs. Salkilld,Juliana Miller,http://ufcstats.com/fight-details/d463229133909215,total_str_landed,40,45
2026-08-08,UFC Fight Night: Gamrot vs. Salkilld,Gigi Canuto,http://ufcstats.com/fight-details/ded584e13276cbcb,total_str_landed,24,102
2026-08-08,UFC Fight Night: Gamrot vs. Salkilld,Carol Foro,http://ufcstats.com/fight-details/ded584e13276cbcb,total_str_landed,43,125
2026-01-24,UFC 324: Gaethje vs. Pimblett,Justin Gaethje,http://ufcstats.com/fight-details/fa4b3f5ce8055921,total_str_atmp,58,313
2026-01-24,UFC 324: Gaethje vs. Pimblett,Paddy Pimblett,http://ufcstats.com/fight-details/fa4b3f5ce8055921,total_str_atmp,66,326
2026-01-24,UFC 324: Gaethje vs. Pimblett,Sean O'Malley,http://ufcstats.com/fight-details/007e8e0d4a39d82c,total_str_atmp,32,111
2026-01-24,UFC 324: Gaethje vs. Pimblett,Song Yadong,http://ufcstats.com/fight-details/007e8e0d4a39d82c,total_str_atmp,37,130
2026-01-24,UFC 324: Gaethje vs. Pimblett,Waldo Cortes Acosta,http://ufcstats.com/fight-details/d93ee3860196c4ae,total_str_atmp,18,64
2026-01-24,UFC 324: Gaethje vs. Pimblett,Derrick Lewis,http://ufcstats.com/fight-details/d93ee3860196c4ae,total_str_atmp,22,43
2026-01-24,UFC 324: Gaethje vs. Pimblett,Natalia Silva,http://ufcstats.com/fight-details/d63c9aa4f4873001,total_str_atmp,44,147
2026-01-24,UFC 324: Gaethje vs. Pimblett,Rose Namajunas,http://ufcstats.com/fight-details/d63c9aa4f4873001,total_str_atmp,39,119
2026-01-24,UFC 324: Gaethje vs. Pimblett,Arnold Allen,http://ufcstats.com/fight-details/836a188a90e479a5,total_str_atmp,45,121
2026-01-24,UFC 324: Gaethje vs. Pimblett,Jean Silva,http://ufcstats.com/fight-details/836a188a90e479a5,total_str_atmp,31,141
2026-01-24,UFC 324: Gaethje vs. Pimblett,Umar Nurmagomedov,http://ufcstats.com/fight-details/6c9f4799990c3c33,total_str_atmp,46,167
2026-01-24,UFC 324: Gaethje vs. Pimblett,Deiveson Figueiredo,http://ufcstats.com/fight-details/6c9f4799990c3c33,total_str_atmp,10,58
2026-01-24,UFC 324: Gaethje vs. Pimblett,Ateba Gautier,http://ufcstats.com/fight-details/33be2456161c14c3,total_str_atmp,42,112
2026-01-24,UFC 324: Gaethje vs. Pimblett,Andrey Pulyaev,http://ufcstats.com/fight-details/33be2456161c14c3,total_str_atmp,37,123
2026-01-24,UFC 324: Gaethje vs. Pimblett,Nikita Krylov,http://ufcstats.com/fight-details/780cab0cd07589e4,total_str_atmp,48,164
2026-01-24,UFC 324: Gaethje vs. Pimblett,Modestas Bukauskas,http://ufcstats.com/fight-details/780cab0cd07589e4,total_str_atmp,23,111
2026-01-31,UFC 325: Volkanovski vs. Lopes 2,Alexander Volkanovski,http://ufcstats.com/fight-details/b06b43670238c2d8,total_str_atmp,32,178
2026-01-31,UFC 325: Volkanovski vs. Lopes 2,Diego Lopes,http://ufcstats.com/fight-details/b06b43670238c2d8,total_str_atmp,28,162
2026-01-31,UFC 325: Volkanovski vs. Lopes 2,Dan Hooker,http://ufcstats.com/fight-details/a7ae8f6eb5fc3a79,total_str_atmp,49,68
2026-01-31,UFC 325: Volkanovski vs. Lopes 2,Benoit Saint Denis,http://ufcstats.com/fight-details/a7ae8f6eb5fc3a79,total_str_atmp,73,205
2026-01-31,UFC 325: Volkanovski vs. Lopes 2,Rafael Fiziev,http://ufcstats.com/fight-details/57d7a683b85bb87b,total_str_atmp,34,67
2026-01-31,UFC 325: Volkanovski vs. Lopes 2,Mauricio Ruffy,http://ufcstats.com/fight-details/57d7a683b85bb87b,total_str_atmp,31,93
2026-01-31,UFC 325: Volkanovski vs. Lopes 2,Tai Tuivasa,http://ufcstats.com/fight-details/67765535bd0b6bdf,total_str_atmp,5,74
2026-01-31,UFC 325: Volkanovski vs. Lopes 2,Tallison Teixeira,http://ufcstats.com/fight-details/67765535bd0b6bdf,total_str_atmp,58,144
2026-01-31,UFC 325: Volkanovski vs. Lopes 2,Junior Tafa,http://ufcstats.com/fight-details/d94f1b32a81e3fa1,total_str_atmp,46,70
2026-01-31,UFC 325: Volkanovski vs. Lopes 2,Billy Elekana,http://ufcstats.com/fight-details/d94f1b32a81e3fa1,total_str_atmp,25,54
2026-01-31,UFC 325: Volkanovski vs. Lopes 2,Cam Rowston,http://ufcstats.com/fight-details/47362cae6ba0e077,total_str_atmp,54,139
2026-01-31,UFC 325: Volkanovski vs. Lopes 2,Cody Brundage,http://ufcstats.com/fight-details/47362cae6ba0e077,total_str_atmp,44,67
2026-01-31,UFC 325: Volkanovski vs. Lopes 2,Jacob Malkoun,http://ufcstats.com/fight-details/0047f8aadca1936f,total_str_atmp,111,219
2026-01-31,UFC 325: Volkanovski vs. Lopes 2,Torrez Finney,http://ufcstats.com/fight-details/0047f8aadca1936f,total_str_atmp,33,95
2026-01-31,UFC 325: Volkanovski vs. Lopes 2,Jonathan Micallef,http://ufcstats.com/fight-details/78912b78aa946375,total_str_atmp,45,70
2026-01-31,UFC 325: Volkanovski vs. Lopes 2,Oban Elliott,http://ufcstats.com/fight-details/78912b78aa946375,total_str_atmp,55,89
2026-01-31,UFC 325: Volkanovski vs. Lopes 2,Kaan Ofli,http://ufcstats.com/fight-details/4c1e7e1765a5438a,total_str_atmp,44,114
2026-01-31,UFC 325: Volkanovski vs. Lopes 2,Yizha,http://ufcstats.com/fight-details/4c1e7e1765a5438a,total_str_atmp,38,133
2026-01-31,UFC 325: Volkanovski vs. Lopes 2,Sangwook Kim,http://ufcstats.com/fight-details/ad14c502c9c5a7e9,total_str_atmp,21,160
2026-01-31,UFC 325: Volkanovski vs. Lopes 2,Dom Mar Fan,http://ufcstats.com/fight-details/ad14c502c9c5a7e9,total_str_atmp,35,211
2026-01-31,UFC 325: Volkanovski vs. Lopes 2,Keiichiro Nakamura,http://ufcstats.com/fight-details/780bae82bdfc7112,total_str_atmp,33,120
2026-01-31,UFC 325: Volkanovski vs. Lopes 2,Sebastian Szalay,http://ufcstats.com/fight-details/780bae82bdfc7112,total_str_atmp,63,205
2026-01-31,UFC 325: Volkanovski vs. Lopes 2,Sulangrangbo,http://ufcstats.com/fight-details/5c73e0013b859664,total_str_atmp,46,131
2026-01-31,UFC 325: Volkanovski vs. Lopes 2,Lawrence Lui,http://ufcstats.com/fight-details/5c73e0013b859664,total_str_atmp,48,181
2026-02-07,UFC Fight Night: Bautista vs. Oliveira,Mario Bautista,http://ufcstats.com/fight-details/fb4b1754d510b0d0,total_str_atmp,29,63
2026-02-07,UFC Fight Night: Bautista vs. Oliveira,Vinicius Oliveira,http://ufcstats.com/fight-details/fb4b1754d510b0d0,total_str_atmp,10,27
2026-02-07,UFC Fight Night: Bautista vs. Oliveira,Amir Albazi,http://ufcstats.com/fight-details/dbbf8334a2600895,total_str_atmp,19,75
2026-02-07,UFC Fight Night: Bautista vs. Oliveira,Kyoji Horiguchi,http://ufcstats.com/fight-details/dbbf8334a2600895,total_str_atmp,38,163
2026-02-07,UFC Fight Night: Bautista vs. Oliveira,Jailton Almeida,http://ufcstats.com/fight-details/a5c5f76cf0a7c784,total_str_atmp,22,92
2026-02-07,UFC Fight Night: Bautista vs. Oliveira,Rizvan Kuniev,http://ufcstats.com/fight-details/a5c5f76cf0a7c784,total_str_atmp,45,153
2026-02-07,UFC Fight Night: Bautista vs. Oliveira,Michal Oleksiejczuk,http://ufcstats.com/fight-details/8fea32ab0445859c,total_str_atmp,73,225
2026-02-07,UFC Fight Night: Bautista vs. Oliveira,Marc-Andre Barriault,http://ufcstats.com/fight-details/8fea32ab0445859c,total_str_atmp,54,204
2026-02-07,UFC Fight Night: Bautista vs. Oliveira,Jean Matsumoto,http://ufcstats.com/fight-details/2a26c0cfa06265b7,total_str_atmp,68,263
2026-02-07,UFC Fight Night: Bautista vs. Oliveira,Farid Basharat,http://ufcstats.com/fight-details/2a26c0cfa06265b7,total_str_atmp,41,172
2026-02-07,UFC Fight Night: Bautista vs. Oliveira,Dustin Jacoby,http://ufcstats.com/fight-details/6cca11f353a2b42d,total_str_atmp,26,79
2026-02-07,UFC Fight Night: Bautista vs. Oliveira,Julius Walker,http://ufcstats.com/fight-details/6cca11f353a2b42d,total_str_atmp,20,26
2026-02-07,UFC Fight Night: Bautista vs. Oliveira,Alex Morono,http://ufcstats.com/fight-details/f964d2dda87f25f0,total_str_atmp,44,154
2026-02-07,UFC Fight Night: Bautista vs. Oliveira,Daniil Donchenko,http://ufcstats.com/fight-details/f964d2dda87f25f0,total_str_atmp,108,214
2026-02-07,UFC Fight Night: Bautista vs. Oliveira,Bruna Brasil,http://ufcstats.com/fight-details/cc5c5a8cff4c1ae9,total_str_atmp,41,101
2026-02-07,UFC Fight Night: Bautista vs. Oliveira,Ketlen Souza,http://ufcstats.com/fight-details/cc5c5a8cff4c1ae9,total_str_atmp,30,109
2026-02-07,UFC Fight Night: Bautista vs. Oliveira,Javid Basharat,http://ufcstats.com/fight-details/86df0e75f41784d8,total_str_atmp,54,132
2026-02-07,UFC Fight Night: Bautista vs. Oliveira,Gianni Vazquez,http://ufcstats.com/fight-details/86df0e75f41784d8,total_str_atmp,33,132
2026-02-07,UFC Fight Night: Bautista vs. Oliveira,Wang Cong,http://ufcstats.com/fight-details/84e8ccc3c97c2b4c,total_str_atmp,74,195
2026-02-07,UFC Fight Night: Bautista vs. Oliveira,Eduarda Moura,http://ufcstats.com/fight-details/84e8ccc3c97c2b4c,total_str_atmp,33,70
2026-02-07,UFC Fight Night: Bautista vs. Oliveira,Muin Gafurov,http://ufcstats.com/fight-details/9d30c887e8bd8824,total_str_atmp,61,174
2026-02-07,UFC Fight Night: Bautista vs. Oliveira,Jakub Wiklacz,http://ufcstats.com/fight-details/9d30c887e8bd8824,total_str_atmp,71,193
2026-02-07,UFC Fight Night: Bautista vs. Oliveira,Klaudia Sygula,http://ufcstats.com/fight-details/2bbfbb234c255249,total_str_atmp,137,349
2026-02-07,UFC Fight Night: Bautista vs. Oliveira,Priscila Cachoeira,http://ufcstats.com/fight-details/2bbfbb234c255249,total_str_atmp,71,222
2026-02-21,UFC Fight Night: Strickland vs. Hernandez,Sean Strickland,http://ufcstats.com/fight-details/8d740c844353ae0e,total_str_atmp,91,242
2026-02-21,UFC Fight Night: Strickland vs. Hernandez,Anthony Hernandez,http://ufcstats.com/fight-details/8d740c844353ae0e,total_str_atmp,48,124
2026-02-21,UFC Fight Night: Strickland vs. Hernandez,Serghei Spivac,http://ufcstats.com/fight-details/04b7bcc0e8488604,total_str_atmp,46,185
2026-02-21,UFC Fight Night: Strickland vs. Hernandez,Ante Delija,http://ufcstats.com/fight-details/04b7bcc0e8488604,total_str_atmp,58,173
2026-02-21,UFC Fight Night: Strickland vs. Hernandez,Zach Reese,http://ufcstats.com/fight-details/372d1dee0db8dbee,total_str_atmp,56,160
2026-02-21,UFC Fight Night: Strickland vs. Hernandez,Michel Pereira,http://ufcstats.com/fight-details/372d1dee0db8dbee,total_str_atmp,47,139
2026-02-21,UFC Fight Night: Strickland vs. Hernandez,Chidi Njokuani,http://ufcstats.com/fight-details/202d3277e569ad03,total_str_atmp,70,210
2026-02-21,UFC Fight Night: Strickland vs. Hernandez,Carlos Leal,http://ufcstats.com/fight-details/202d3277e569ad03,total_str_atmp,131,287
2026-02-21,UFC Fight Night: Strickland vs. Hernandez,Ode Osbourne,http://ufcstats.com/fight-details/7ffdaa44fc8d111b,total_str_atmp,27,107
2026-02-21,UFC Fight Night: Strickland vs. Hernandez,Alibi Idiris,http://ufcstats.com/fight-details/7ffdaa44fc8d111b,total_str_atmp,37,117
2026-02-21,UFC Fight Night: Strickland vs. Hernandez,Alden Coria,http://ufcstats.com/fight-details/ac39c1f00ae31e58,total_str_atmp,53,193
2026-02-21,UFC Fight Night: Strickland vs. Hernandez,Luis Gurule,http://ufcstats.com/fight-details/ac39c1f00ae31e58,total_str_atmp,37,169
2026-02-21,UFC Fight Night: Strickland vs. Hernandez,Nora Cornolle,http://ufcstats.com/fight-details/fd56a469e4589ebc,total_str_atmp,46,58
2026-02-21,UFC Fight Night: Strickland vs. Hernandez,Joselyne Edwards,http://ufcstats.com/fight-details/fd56a469e4589ebc,total_str_atmp,39,63
2026-02-21,UFC Fight Night: Strickland vs. Hernandez,Ramiz Brahimaj,http://ufcstats.com/fight-details/8f9896e60047007f,total_str_atmp,56,73
2026-02-21,UFC Fight Night: Strickland vs. Hernandez,Punahele Soriano,http://ufcstats.com/fight-details/8f9896e60047007f,total_str_atmp,59,123
2026-02-21,UFC Fight Night: Strickland vs. Hernandez,Phil Rowe,http://ufcstats.com/fight-details/508e622130b0a84d,total_str_atmp,27,117
2026-02-21,UFC Fight Night: Strickland vs. Hernandez,Jean-Paul Lebosnoyani,http://ufcstats.com/fight-details/508e622130b0a84d,total_str_atmp,53,136
2026-02-21,UFC Fight Night: Strickland vs. Hernandez,Jordan Leavitt,http://ufcstats.com/fight-details/5b97f47cdd355cbe,total_str_atmp,33,86
2026-02-21,UFC Fight Night: Strickland vs. Hernandez,Yadier del Valle,http://ufcstats.com/fight-details/5b97f47cdd355cbe,total_str_atmp,38,112
2026-02-21,UFC Fight Night: Strickland vs. Hernandez,Juliana Miller,http://ufcstats.com/fight-details/6e78d874097a3d22,total_str_atmp,32,138
2026-02-21,UFC Fight Night: Strickland vs. Hernandez,Carli Judice,http://ufcstats.com/fight-details/6e78d874097a3d22,total_str_atmp,61,214
2026-02-28,UFC Fight Night: Moreno vs. Kavanagh,Brandon Moreno,http://ufcstats.com/fight-details/1330b5c21269fe92,total_str_atmp,40,229
2026-02-28,UFC Fight Night: Moreno vs. Kavanagh,Lone'er Kavanagh,http://ufcstats.com/fight-details/1330b5c21269fe92,total_str_atmp,45,245
2026-02-28,UFC Fight Night: Moreno vs. Kavanagh,Marlon Vera,http://ufcstats.com/fight-details/36d12b31957e94db,total_str_atmp,48,156
2026-02-28,UFC Fight Night: Moreno vs. Kavanagh,David Martinez,http://ufcstats.com/fight-details/36d12b31957e94db,total_str_atmp,51,173
2026-02-28,UFC Fight Night: Moreno vs. Kavanagh,Daniel Zellhuber,http://ufcstats.com/fight-details/81f3d28d30d17378,total_str_atmp,46,78
2026-02-28,UFC Fight Night: Moreno vs. Kavanagh,King Green,http://ufcstats.com/fight-details/81f3d28d30d17378,total_str_atmp,64,148
2026-02-28,UFC Fight Night: Moreno vs. Kavanagh,Edgar Chairez,http://ufcstats.com/fight-details/7df505d8260ba680,total_str_atmp,11,139
2026-02-28,UFC Fight Night: Moreno vs. Kavanagh,Felipe Bunes,http://ufcstats.com/fight-details/7df505d8260ba680,total_str_atmp,81,202
2026-02-28,UFC Fight Night: Moreno vs. Kavanagh,Imanol Rodriguez,http://ufcstats.com/fight-details/15068d7b095ca9bd,total_str_atmp,31,93
2026-02-28,UFC Fight Night: Moreno vs. Kavanagh,Kevin Borjas,http://ufcstats.com/fight-details/15068d7b095ca9bd,total_str_atmp,25,54
2026-02-28,UFC Fight Night: Moreno vs. Kavanagh,Santiago Luna,http://ufcstats.com/fight-details/3b76a00f5d0400eb,total_str_atmp,61,257
2026-02-28,UFC Fight Night: Moreno vs. Kavanagh,Angel Pacheco,http://ufcstats.com/fight-details/3b76a00f5d0400eb,total_str_atmp,75,238
2026-02-28,UFC Fight Night: Moreno vs. Kavanagh,Ailin Perez,http://ufcstats.com/fight-details/c40b934d2666e351,total_str_atmp,11,83
2026-02-28,UFC Fight Night: Moreno vs. Kavanagh,Macy Chiasson,http://ufcstats.com/fight-details/c40b934d2666e351,total_str_atmp,41,74
2026-02-28,UFC Fight Night: Moreno vs. Kavanagh,Cristian Quinonez,http://ufcstats.com/fight-details/25ab195cefbce1d0,total_str_atmp,40,80
2026-02-28,UFC Fight Night: Moreno vs. Kavanagh,Kris Moutinho,http://ufcstats.com/fight-details/25ab195cefbce1d0,total_str_atmp,39,75
2026-02-28,UFC Fight Night: Moreno vs. Kavanagh,Regina Tarin,http://ufcstats.com/fight-details/44d58943ac8e47e1,total_str_atmp,81,250
2026-02-28,UFC Fight Night: Moreno vs. Kavanagh,Ernesta Kareckaite,http://ufcstats.com/fight-details/44d58943ac8e47e1,total_str_atmp,90,279
2026-03-07,UFC 326: Holloway vs. Oliveira 2,Max Holloway,http://ufcstats.com/fight-details/f030febede41c661,total_str_atmp,16,92
2026-03-07,UFC 326: Holloway vs. Oliveira 2,Charles Oliveira,http://ufcstats.com/fight-details/f030febede41c661,total_str_atmp,25,137
2026-03-07,UFC 326: Holloway vs. Oliveira 2,Caio Borralho,http://ufcstats.com/fight-details/d564db29997e1371,total_str_atmp,42,112
2026-03-07,UFC 326: Holloway vs. Oliveira 2,Reinier de Ridder,http://ufcstats.com/fight-details/d564db29997e1371,total_str_atmp,62,199
2026-03-07,UFC 326: Holloway vs. Oliveira 2,Rob Font,http://ufcstats.com/fight-details/bed89a91da9d04c1,total_str_atmp,21,50
2026-03-07,UFC 326: Holloway vs. Oliveira 2,Raul Rosas Jr.,http://ufcstats.com/fight-details/bed89a91da9d04c1,total_str_atmp,29,75
2026-03-07,UFC 326: Holloway vs. Oliveira 2,Drew Dober,http://ufcstats.com/fight-details/f02c0adc4ae629c6,total_str_atmp,29,55
2026-03-07,UFC 326: Holloway vs. Oliveira 2,Michael Johnson,http://ufcstats.com/fight-details/f02c0adc4ae629c6,total_str_atmp,51,76
2026-03-07,UFC 326: Holloway vs. Oliveira 2,Cody Garbrandt,http://ufcstats.com/fight-details/ecd16d14a138d7fb,total_str_atmp,20,54
2026-03-07,UFC 326: Holloway vs. Oliveira 2,Xiao Long,http://ufcstats.com/fight-details/ecd16d14a138d7fb,total_str_atmp,31,119
2026-03-07,UFC 326: Holloway vs. Oliveira 2,Donte Johnson,http://ufcstats.com/fight-details/9c8d5dbd8905a715,total_str_atmp,44,146
2026-03-07,UFC 326: Holloway vs. Oliveira 2,Cody Brundage,http://ufcstats.com/fight-details/9c8d5dbd8905a715,total_str_atmp,23,88
2026-03-07,UFC 326: Holloway vs. Oliveira 2,Ricky Turcios,http://ufcstats.com/fight-details/6feb49a6b7e8433c,total_str_atmp,67,74
2026-03-07,UFC 326: Holloway vs. Oliveira 2,Alberto Montes,http://ufcstats.com/fight-details/6feb49a6b7e8433c,total_str_atmp,54,65
2026-03-07,UFC 326: Holloway vs. Oliveira 2,Cody Durden,http://ufcstats.com/fight-details/f661ef429055f8c1,total_str_atmp,25,69
2026-03-07,UFC 326: Holloway vs. Oliveira 2,Nyamjargal Tumendemberel,http://ufcstats.com/fight-details/f661ef429055f8c1,total_str_atmp,19,60
2026-03-07,UFC 326: Holloway vs. Oliveira 2,Sumudaerji,http://ufcstats.com/fight-details/a22fd3735819d858,total_str_atmp,47,156
2026-03-07,UFC 326: Holloway vs. Oliveira 2,Jesus Aguilar,http://ufcstats.com/fight-details/a22fd3735819d858,total_str_atmp,38,120
2026-03-07,UFC 326: Holloway vs. Oliveira 2,Rafael Tobias,http://ufcstats.com/fight-details/cc03e698c4b7da52,total_str_atmp,38,114
2026-03-07,UFC 326: Holloway vs. Oliveira 2,Diyar Nurgozhay,http://ufcstats.com/fight-details/cc03e698c4b7da52,total_str_atmp,58,150
2026-03-14,UFC Fight Night: Emmett vs. Vallejos,Amanda Lemos,http://ufcstats.com/fight-details/3b7b771b9578383d,total_str_atmp,39,84
2026-03-14,UFC Fight Night: Emmett vs. Vallejos,Gillian Robertson,http://ufcstats.com/fight-details/3b7b771b9578383d,total_str_atmp,20,81
2026-03-14,UFC Fight Night: Emmett vs. Vallejos,Andre Fili,http://ufcstats.com/fight-details/8bee5192baec71d8,total_str_atmp,39,154
2026-03-14,UFC Fight Night: Emmett vs. Vallejos,Jose Delgado,http://ufcstats.com/fight-details/8bee5192baec71d8,total_str_atmp,49,179
2026-03-14,UFC Fight Night: Emmett vs. Vallejos,Marwan Rahiki,http://ufcstats.com/fight-details/e0acd0cf4930671b,total_str_atmp,83,171
2026-03-14,UFC Fight Night: Emmett vs. Vallejos,Harry Hardwick,http://ufcstats.com/fight-details/e0acd0cf4930671b,total_str_atmp,102,164
2026-03-14,UFC Fight Night: Emmett vs. Vallejos,Charles Johnson,http://ufcstats.com/fight-details/fc9168fd102e2e66,total_str_atmp,36,189
2026-03-14,UFC Fight Night: Emmett vs. Vallejos,Bruno Silva,http://ufcstats.com/fight-details/fc9168fd102e2e66,total_str_atmp,22,171
2026-03-14,UFC Fight Night: Emmett vs. Vallejos,Chris Curtis,http://ufcstats.com/fight-details/f26c0bdf7689aea2,total_str_atmp,20,81
2026-03-14,UFC Fight Night: Emmett vs. Vallejos,Myktybek Orolbai,http://ufcstats.com/fight-details/f26c0bdf7689aea2,total_str_atmp,65,102
2026-03-14,UFC Fight Night: Emmett vs. Vallejos,Vitor Petrino,http://ufcstats.com/fight-details/2c330a6f7f1e55f0,total_str_atmp,38,162
2026-03-14,UFC Fight Night: Emmett vs. Vallejos,Steven Asplund,http://ufcstats.com/fight-details/2c330a6f7f1e55f0,total_str_atmp,59,172
2026-03-14,UFC Fight Night: Emmett vs. Vallejos,Elijah Smith,http://ufcstats.com/fight-details/f44b4e998b6829f6,total_str_atmp,8,29
2026-03-14,UFC Fight Night: Emmett vs. Vallejos,SuYoung You,http://ufcstats.com/fight-details/f44b4e998b6829f6,total_str_atmp,24,27
2026-03-14,UFC Fight Night: Emmett vs. Vallejos,Bolaji Oki,http://ufcstats.com/fight-details/c769dd861357af9f,total_str_atmp,50,196
2026-03-14,UFC Fight Night: Emmett vs. Vallejos,Manoel Sousa,http://ufcstats.com/fight-details/c769dd861357af9f,total_str_atmp,35,196
2026-03-14,UFC Fight Night: Emmett vs. Vallejos,Brad Tavares,http://ufcstats.com/fight-details/cff81d681a01ae18,total_str_atmp,35,95
2026-03-14,UFC Fight Night: Emmett vs. Vallejos,Eryk Anders,http://ufcstats.com/fight-details/cff81d681a01ae18,total_str_atmp,56,133
2026-03-14,UFC Fight Night: Emmett vs. Vallejos,Luan Lacerda,http://ufcstats.com/fight-details/32d371462c539bee,total_str_atmp,47,182
2026-03-14,UFC Fight Night: Emmett vs. Vallejos,Hecher Sosa,http://ufcstats.com/fight-details/32d371462c539bee,total_str_atmp,64,263
2026-03-14,UFC Fight Night: Emmett vs. Vallejos,Piera Rodriguez,http://ufcstats.com/fight-details/244285b7fd0ddece,total_str_atmp,87,237
2026-03-14,UFC Fight Night: Emmett vs. Vallejos,Sam Hughes,http://ufcstats.com/fight-details/244285b7fd0ddece,total_str_atmp,47,160
2026-03-21,UFC Fight Night: Evloev vs. Murphy,Movsar Evloev,http://ufcstats.com/fight-details/346e3897c2ead99a,total_str_atmp,31,234
2026-03-21,UFC Fight Night: Evloev vs. Murphy,Lerone Murphy,http://ufcstats.com/fight-details/346e3897c2ead99a,total_str_atmp,49,239
2026-03-21,UFC Fight Night: Evloev vs. Murphy,Luke Riley,http://ufcstats.com/fight-details/fa534aaa5b997a69,total_str_atmp,68,192
2026-03-21,UFC Fight Night: Evloev vs. Murphy,Michael Aswell Jr.,http://ufcstats.com/fight-details/fa534aaa5b997a69,total_str_atmp,95,233
2026-03-21,UFC Fight Night: Evloev vs. Murphy,Michael Page,http://ufcstats.com/fight-details/5ee11b727e89e8ad,total_str_atmp,12,61
2026-03-21,UFC Fight Night: Evloev vs. Murphy,Sam Patterson,http://ufcstats.com/fight-details/5ee11b727e89e8ad,total_str_atmp,11,78
2026-03-21,UFC Fight Night: Evloev vs. Murphy,Roman Dolidze,http://ufcstats.com/fight-details/562d916f55918901,total_str_atmp,7,94
2026-03-21,UFC Fight Night: Evloev vs. Murphy,Christian Leroy Duncan,http://ufcstats.com/fight-details/562d916f55918901,total_str_atmp,36,125
2026-03-21,UFC Fight Night: Evloev vs. Murphy,Kurtis Campbell,http://ufcstats.com/fight-details/4e58bcc0d27042fd,total_str_atmp,38,43
2026-03-21,UFC Fight Night: Evloev vs. Murphy,Danny Silva,http://ufcstats.com/fight-details/4e58bcc0d27042fd,total_str_atmp,23,36
2026-03-21,UFC Fight Night: Evloev vs. Murphy,Mason Jones,http://ufcstats.com/fight-details/3ee578ddd071ad4c,total_str_atmp,55,251
2026-03-21,UFC Fight Night: Evloev vs. Murphy,Axel Sola,http://ufcstats.com/fight-details/3ee578ddd071ad4c,total_str_atmp,38,141
2026-03-21,UFC Fight Night: Evloev vs. Murphy,Nathaniel Wood,http://ufcstats.com/fight-details/3b9f50f07d9a1601,total_str_atmp,56,178
2026-03-21,UFC Fight Night: Evloev vs. Murphy,Losene Keita,http://ufcstats.com/fight-details/3b9f50f07d9a1601,total_str_atmp,26,119
2026-03-21,UFC Fight Night: Evloev vs. Murphy,Mario Pinto,http://ufcstats.com/fight-details/90187edeeda7e6d6,total_str_atmp,49,166
2026-03-21,UFC Fight Night: Evloev vs. Murphy,Felipe Franco,http://ufcstats.com/fight-details/90187edeeda7e6d6,total_str_atmp,32,100
2026-03-21,UFC Fight Night: Evloev vs. Murphy,Mantas Kondratavicius,http://ufcstats.com/fight-details/8817bd21b6d0a989,total_str_atmp,56,177
2026-03-21,UFC Fight Night: Evloev vs. Murphy,Antonio Trocoli,http://ufcstats.com/fight-details/8817bd21b6d0a989,total_str_atmp,19,54
2026-03-21,UFC Fight Night: Evloev vs. Murphy,Shem Rock,http://ufcstats.com/fight-details/bbe0f3653de9f6a8,total_str_atmp,51,134
2026-03-21,UFC Fight Night: Evloev vs. Murphy,Abdul-Kareem Al-Selwady,http://ufcstats.com/fight-details/bbe0f3653de9f6a8,total_str_atmp,53,173
2026-03-21,UFC Fight Night: Evloev vs. Murphy,Shanelle Dyer,http://ufcstats.com/fight-details/216bc9b661485017,total_str_atmp,48,79
2026-03-21,UFC Fight Night: Evloev vs. Murphy,Ravena Oliveira,http://ufcstats.com/fight-details/216bc9b661485017,total_str_atmp,73,86
2026-03-28,UFC Fight Night: Adesanya vs. Pyfer,Israel Adesanya,http://ufcstats.com/fight-details/85e94a6c071fd9fa,total_str_atmp,56,92
2026-03-28,UFC Fight Night: Adesanya vs. Pyfer,Joe Pyfer,http://ufcstats.com/fight-details/85e94a6c071fd9fa,total_str_atmp,23,90
2026-03-28,UFC Fight Night: Adesanya vs. Pyfer,Mansur Abdul-Malik,http://ufcstats.com/fight-details/e32dc26b11d1f81d,total_str_atmp,24,61
2026-03-28,UFC Fight Night: Adesanya vs. Pyfer,Yousri Belgaroui,http://ufcstats.com/fight-details/e32dc26b11d1f81d,total_str_atmp,47,170
2026-03-28,UFC Fight Night: Adesanya vs. Pyfer,Ignacio Bahamondes,http://ufcstats.com/fight-details/fa96d6252579b51e,total_str_atmp,45,83
2026-03-28,UFC Fight Night: Adesanya vs. Pyfer,Tofiq Musayev,http://ufcstats.com/fight-details/fa96d6252579b51e,total_str_atmp,42,167
2026-03-28,UFC Fight Night: Adesanya vs. Pyfer,Marcin Tybura,http://ufcstats.com/fight-details/08d4e3864c44f8a5,total_str_atmp,28,153
2026-03-28,UFC Fight Night: Adesanya vs. Pyfer,Tyrell Fortune,http://ufcstats.com/fight-details/08d4e3864c44f8a5,total_str_atmp,26,81
2026-03-28,UFC Fight Night: Adesanya vs. Pyfer,Navajo Stirling,http://ufcstats.com/fight-details/dbf1ee1a1912c735,total_str_atmp,57,157
2026-03-28,UFC Fight Night: Adesanya vs. Pyfer,Bruno Lopes,http://ufcstats.com/fight-details/dbf1ee1a1912c735,total_str_atmp,43,71
2026-03-28,UFC Fight Night: Adesanya vs. Pyfer,Ricky Simon,http://ufcstats.com/fight-details/a997593977ba8cad,total_str_atmp,55,149
2026-03-28,UFC Fight Night: Adesanya vs. Pyfer,Adrian Yanez,http://ufcstats.com/fight-details/a997593977ba8cad,total_str_atmp,46,171
2026-03-28,UFC Fight Night: Adesanya vs. Pyfer,Alexia Thainara,http://ufcstats.com/fight-details/796e1151896195aa,total_str_atmp,75,227
2026-03-28,UFC Fight Night: Adesanya vs. Pyfer,Bruna Brasil,http://ufcstats.com/fight-details/796e1151896195aa,total_str_atmp,33,94
2026-04-04,UFC Fight Night: Moicano vs. Duncan,Renato Moicano,http://ufcstats.com/fight-details/d69bd8e53ec858dc,total_str_atmp,22,84
2026-04-04,UFC Fight Night: Moicano vs. Duncan,Chris Duncan,http://ufcstats.com/fight-details/d69bd8e53ec858dc,total_str_atmp,41,66
2026-04-04,UFC Fight Night: Moicano vs. Duncan,Virna Jandiroba,http://ufcstats.com/fight-details/721642e7de112e9e,total_str_atmp,34,174
2026-04-04,UFC Fight Night: Moicano vs. Duncan,Tabatha Ricci,http://ufcstats.com/fight-details/721642e7de112e9e,total_str_atmp,16,144
2026-04-04,UFC Fight Night: Moicano vs. Duncan,Ethyn Ewing,http://ufcstats.com/fight-details/fef80c98b2fba70c,total_str_atmp,49,200
2026-04-04,UFC Fight Night: Moicano vs. Duncan,Rafael Estevam,http://ufcstats.com/fight-details/fef80c98b2fba70c,total_str_atmp,63,186
2026-04-04,UFC Fight Night: Moicano vs. Duncan,Jose Delano,http://ufcstats.com/fight-details/7924f10aac3543de,total_str_atmp,47,193
2026-04-04,UFC Fight Night: Moicano vs. Duncan,Robert Ruchala,http://ufcstats.com/fight-details/7924f10aac3543de,total_str_atmp,62,200
2026-04-04,UFC Fight Night: Moicano vs. Duncan,Guilherme Pat,http://ufcstats.com/fight-details/0760bc02280574dd,total_str_atmp,11,42
2026-04-04,UFC Fight Night: Moicano vs. Duncan,Thomas Petersen,http://ufcstats.com/fight-details/0760bc02280574dd,total_str_atmp,35,199
2026-04-04,UFC Fight Night: Moicano vs. Duncan,Alessandro Costa,http://ufcstats.com/fight-details/af2a9d47ca8115e4,total_str_atmp,46,97
2026-04-04,UFC Fight Night: Moicano vs. Duncan,Stewart Nicoll,http://ufcstats.com/fight-details/af2a9d47ca8115e4,total_str_atmp,59,99
2026-04-04,UFC Fight Night: Moicano vs. Duncan,Lando Vannata,http://ufcstats.com/fight-details/9c9c26679701b84d,total_str_atmp,35,42
2026-04-04,UFC Fight Night: Moicano vs. Duncan,Darrius Flowers,http://ufcstats.com/fight-details/9c9c26679701b84d,total_str_atmp,53,69
2026-04-04,UFC Fight Night: Moicano vs. Duncan,Alice Pereira,http://ufcstats.com/fight-details/74bb036ef0493bf7,total_str_atmp,63,128
2026-04-04,UFC Fight Night: Moicano vs. Duncan,Hailey Cowan,http://ufcstats.com/fight-details/74bb036ef0493bf7,total_str_atmp,59,97
2026-04-04,UFC Fight Night: Moicano vs. Duncan,Azamat Bekoev,http://ufcstats.com/fight-details/e284a194fb4648a9,total_str_atmp,73,175
2026-04-04,UFC Fight Night: Moicano vs. Duncan,Tresean Gore,http://ufcstats.com/fight-details/e284a194fb4648a9,total_str_atmp,48,136
2026-04-04,UFC Fight Night: Moicano vs. Duncan,Dione Barbosa,http://ufcstats.com/fight-details/caf13346cbcfdb03,total_str_atmp,58,154
2026-04-04,UFC Fight Night: Moicano vs. Duncan,Melissa Gatto,http://ufcstats.com/fight-details/caf13346cbcfdb03,total_str_atmp,59,109
2026-04-04,UFC Fight Night: Moicano vs. Duncan,Kai Kamaka III,http://ufcstats.com/fight-details/a5a749aa0061fdb4,total_str_atmp,46,199
2026-04-04,UFC Fight Night: Moicano vs. Duncan,Dakota Hope,http://ufcstats.com/fight-details/a5a749aa0061fdb4,total_str_atmp,117,312
2026-04-11,UFC 327: Prochazka vs. Ulberg,Azamat Murzakanov,http://ufcstats.com/fight-details/aade9d76ac6c6aef,total_str_atmp,26,70
2026-04-11,UFC 327: Prochazka vs. Ulberg,Paulo Costa,http://ufcstats.com/fight-details/aade9d76ac6c6aef,total_str_atmp,33,86
2026-04-11,UFC 327: Prochazka vs. Ulberg,Curtis Blaydes,http://ufcstats.com/fight-details/903552edaba48f4a,total_str_atmp,128,345
2026-04-11,UFC 327: Prochazka vs. Ulberg,Josh Hokit,http://ufcstats.com/fight-details/903552edaba48f4a,total_str_atmp,80,298
2026-04-11,UFC 327: Prochazka vs. Ulberg,Dominick Reyes,http://ufcstats.com/fight-details/c4d060cff018979a,total_str_atmp,19,73
2026-04-11,UFC 327: Prochazka vs. Ulberg,Johnny Walker,http://ufcstats.com/fight-details/c4d060cff018979a,total_str_atmp,28,80
2026-04-11,UFC 327: Prochazka vs. Ulberg,Patricio Pitbull,http://ufcstats.com/fight-details/10ab34056720b6b4,total_str_atmp,28,88
2026-04-11,UFC 327: Prochazka vs. Ulberg,Aaron Pico,http://ufcstats.com/fight-details/10ab34056720b6b4,total_str_atmp,59,185
2026-04-11,UFC 327: Prochazka vs. Ulberg,Kevin Holland,http://ufcstats.com/fight-details/b4e16fb13153efdc,total_str_atmp,62,176
2026-04-11,UFC 327: Prochazka vs. Ulberg,Randy Brown,http://ufcstats.com/fight-details/b4e16fb13153efdc,total_str_atmp,46,121
2026-04-11,UFC 327: Prochazka vs. Ulberg,Mateusz Gamrot,http://ufcstats.com/fight-details/62b5ce408c150fa8,total_str_atmp,33,56
2026-04-11,UFC 327: Prochazka vs. Ulberg,Esteban Ribovics,http://ufcstats.com/fight-details/62b5ce408c150fa8,total_str_atmp,15,34
2026-04-11,UFC 327: Prochazka vs. Ulberg,Tatiana Suarez,http://ufcstats.com/fight-details/f506977877074aa6,total_str_atmp,63,77
2026-04-11,UFC 327: Prochazka vs. Ulberg,Loopy Godinez,http://ufcstats.com/fight-details/f506977877074aa6,total_str_atmp,29,33
2026-04-11,UFC 327: Prochazka vs. Ulberg,Chris Padilla,http://ufcstats.com/fight-details/81d20c833e9a76eb,total_str_atmp,71,291
2026-04-11,UFC 327: Prochazka vs. Ulberg,MarQuel Mederos,http://ufcstats.com/fight-details/81d20c833e9a76eb,total_str_atmp,43,186
2026-04-11,UFC 327: Prochazka vs. Ulberg,Charles Radtke,http://ufcstats.com/fight-details/5b49c3d36907c6df,total_str_atmp,49,164
2026-04-11,UFC 327: Prochazka vs. Ulberg,Francisco Prado,http://ufcstats.com/fight-details/5b49c3d36907c6df,total_str_atmp,11,79
2026-04-18,UFC Fight Night: Burns vs. Malott,Gilbert Burns,http://ufcstats.com/fight-details/32054bf2b36b0e47,total_str_atmp,39,94
2026-04-18,UFC Fight Night: Burns vs. Malott,Mike Malott,http://ufcstats.com/fight-details/32054bf2b36b0e47,total_str_atmp,34,121
2026-04-18,UFC Fight Night: Burns vs. Malott,Kyler Phillips,http://ufcstats.com/fight-details/b5299e5b946015e5,total_str_atmp,21,92
2026-04-18,UFC Fight Night: Burns vs. Malott,Charles Jourdain,http://ufcstats.com/fight-details/b5299e5b946015e5,total_str_atmp,22,142
2026-04-18,UFC Fight Night: Burns vs. Malott,Jasmine Jasudavicius,http://ufcstats.com/fight-details/5a209522211d7530,total_str_atmp,22,138
2026-04-18,UFC Fight Night: Burns vs. Malott,Karine Silva,http://ufcstats.com/fight-details/5a209522211d7530,total_str_atmp,45,127
2026-04-18,UFC Fight Night: Burns vs. Malott,Thiago Moises,http://ufcstats.com/fight-details/a661c0bee7c8d5af,total_str_atmp,15,103
2026-04-18,UFC Fight Night: Burns vs. Malott,Gauge Young,http://ufcstats.com/fight-details/a661c0bee7c8d5af,total_str_atmp,29,237
2026-04-18,UFC Fight Night: Burns vs. Malott,Tanner Boser,http://ufcstats.com/fight-details/85c7a0f44aa3e10a,total_str_atmp,54,117
2026-04-18,UFC Fight Night: Burns vs. Malott,Gokhan Saricam,http://ufcstats.com/fight-details/85c7a0f44aa3e10a,total_str_atmp,76,145
2026-04-18,UFC Fight Night: Burns vs. Malott,Melissa Croden,http://ufcstats.com/fight-details/bae4de7ef8c0769e,total_str_atmp,46,185
2026-04-18,UFC Fight Night: Burns vs. Malott,Daria Zhelezniakova,http://ufcstats.com/fight-details/bae4de7ef8c0769e,total_str_atmp,48,163
2026-04-18,UFC Fight Night: Burns vs. Malott,JJ Aldrich,http://ufcstats.com/fight-details/0b6c13ab8ad7f82b,total_str_atmp,48,154
2026-04-18,UFC Fight Night: Burns vs. Malott,Jamey-Lyn Horth,http://ufcstats.com/fight-details/0b6c13ab8ad7f82b,total_str_atmp,56,233
2026-04-18,UFC Fight Night: Burns vs. Malott,John Castaneda,http://ufcstats.com/fight-details/552f7cdaf93e1055,total_str_atmp,47,279
2026-04-18,UFC Fight Night: Burns vs. Malott,Mark Vologdin,http://ufcstats.com/fight-details/552f7cdaf93e1055,total_str_atmp,57,222
2026-04-25,UFC Fight Night: Sterling vs. Zalal,Aljamain Sterling,http://ufcstats.com/fight-details/f524e42c36028de0,total_str_atmp,31,293
2026-04-25,UFC Fight Night: Sterling vs. Zalal,Youssef Zalal,http://ufcstats.com/fight-details/f524e42c36028de0,total_str_atmp,33,97
2026-04-25,UFC Fight Night: Sterling vs. Zalal,Norma Dumont,http://ufcstats.com/fight-details/cb745968bd16bf56,total_str_atmp,23,117
2026-04-25,UFC Fight Night: Sterling vs. Zalal,Joselyne Edwards,http://ufcstats.com/fight-details/cb745968bd16bf56,total_str_atmp,48,207
2026-04-25,UFC Fight Night: Sterling vs. Zalal,Rafa Garcia,http://ufcstats.com/fight-details/84951374e4cdc679,total_str_atmp,45,194
2026-04-25,UFC Fight Night: Sterling vs. Zalal,Alexander Hernandez,http://ufcstats.com/fight-details/84951374e4cdc679,total_str_atmp,27,149
2026-04-25,UFC Fight Night: Sterling vs. Zalal,Davey Grant,http://ufcstats.com/fight-details/f5aff2f858311fbc,total_str_atmp,91,309
2026-04-25,UFC Fight Night: Sterling vs. Zalal,Adrian Luna Martinetti,http://ufcstats.com/fight-details/f5aff2f858311fbc,total_str_atmp,41,199
2026-04-25,UFC Fight Night: Sterling vs. Zalal,Montel Jackson,http://ufcstats.com/fight-details/348de8e364ecf041,total_str_atmp,57,104
2026-04-25,UFC Fight Night: Sterling vs. Zalal,Raoni Barcelos,http://ufcstats.com/fight-details/348de8e364ecf041,total_str_atmp,8,51
2026-04-25,UFC Fight Night: Sterling vs. Zalal,Marcus Buchecha,http://ufcstats.com/fight-details/7e551ddb1494a45f,total_str_atmp,6,13
2026-04-25,UFC Fight Night: Sterling vs. Zalal,Ryan Spann,http://ufcstats.com/fight-details/7e551ddb1494a45f,total_str_atmp,26,35
2026-04-25,UFC Fight Night: Sterling vs. Zalal,Rodolfo Vieira,http://ufcstats.com/fight-details/67f24cf244134661,total_str_atmp,19,93
2026-04-25,UFC Fight Night: Sterling vs. Zalal,Eric McConico,http://ufcstats.com/fight-details/67f24cf244134661,total_str_atmp,22,123
2026-04-25,UFC Fight Night: Sterling vs. Zalal,Mayra Bueno Silva,http://ufcstats.com/fight-details/dcfd594b68ff5ae1,total_str_atmp,0,53
2026-04-25,UFC Fight Night: Sterling vs. Zalal,Michelle Montague,http://ufcstats.com/fight-details/dcfd594b68ff5ae1,total_str_atmp,51,161
2026-04-25,UFC Fight Night: Sterling vs. Zalal,Jafel Filho,http://ufcstats.com/fight-details/d421f3cd158fd055,total_str_atmp,18,93
2026-04-25,UFC Fight Night: Sterling vs. Zalal,Cody Durden,http://ufcstats.com/fight-details/d421f3cd158fd055,total_str_atmp,50,136
2026-04-25,UFC Fight Night: Sterling vs. Zalal,Francis Marshall,http://ufcstats.com/fight-details/c7fb90f1355291e4,total_str_atmp,24,99
2026-04-25,UFC Fight Night: Sterling vs. Zalal,Lucas Brennan,http://ufcstats.com/fight-details/c7fb90f1355291e4,total_str_atmp,16,48
2026-04-25,UFC Fight Night: Sterling vs. Zalal,Max Griffin,http://ufcstats.com/fight-details/2e7f8d0ad385876d,total_str_atmp,25,94
2026-04-25,UFC Fight Night: Sterling vs. Zalal,Victor Valenzuela,http://ufcstats.com/fight-details/2e7f8d0ad385876d,total_str_atmp,29,117
2026-04-25,UFC Fight Night: Sterling vs. Zalal,Talita Alencar,http://ufcstats.com/fight-details/0df4f4ac27cf2d26,total_str_atmp,53,216
2026-04-25,UFC Fight Night: Sterling vs. Zalal,Julia Polastri,http://ufcstats.com/fight-details/0df4f4ac27cf2d26,total_str_atmp,34,125
2026-05-02,UFC Fight Night: Della Maddalena vs. Prates,Jack Della Maddalena,http://ufcstats.com/fight-details/eb6d9fef6c374830,total_str_atmp,40,90
2026-05-02,UFC Fight Night: Della Maddalena vs. Prates,Carlos Prates,http://ufcstats.com/fight-details/eb6d9fef6c374830,total_str_atmp,45,193
2026-05-02,UFC Fight Night: Della Maddalena vs. Prates,Tim Elliott,http://ufcstats.com/fight-details/afec383a96893ec5,total_str_atmp,93,265
2026-05-02,UFC Fight Night: Della Maddalena vs. Prates,Steve Erceg,http://ufcstats.com/fight-details/afec383a96893ec5,total_str_atmp,55,254
2026-05-02,UFC Fight Night: Della Maddalena vs. Prates,Shamil Gaziev,http://ufcstats.com/fight-details/a564219e7a964aa6,total_str_atmp,56,110
2026-05-02,UFC Fight Night: Della Maddalena vs. Prates,Brando Pericic,http://ufcstats.com/fight-details/a564219e7a964aa6,total_str_atmp,100,177
2026-05-02,UFC Fight Night: Della Maddalena vs. Prates,Tai Tuivasa,http://ufcstats.com/fight-details/2afaa97901d5587c,total_str_atmp,11,37
2026-05-02,UFC Fight Night: Della Maddalena vs. Prates,Louie Sutherland,http://ufcstats.com/fight-details/2afaa97901d5587c,total_str_atmp,38,130
2026-05-02,UFC Fight Night: Della Maddalena vs. Prates,Cam Rowston,http://ufcstats.com/fight-details/46181797eb543a0b,total_str_atmp,67,217
2026-05-02,UFC Fight Night: Della Maddalena vs. Prates,Robert Bryczek,http://ufcstats.com/fight-details/46181797eb543a0b,total_str_atmp,28,65
2026-05-02,UFC Fight Night: Della Maddalena vs. Prates,Jacob Malkoun,http://ufcstats.com/fight-details/edff38661bf2866b,total_str_atmp,17,103
2026-05-02,UFC Fight Night: Della Maddalena vs. Prates,Gerald Meerschaert,http://ufcstats.com/fight-details/edff38661bf2866b,total_str_atmp,18,100
2026-05-02,UFC Fight Night: Della Maddalena vs. Prates,Colby Thicknesse,http://ufcstats.com/fight-details/00bde62cac38e5e9,total_str_atmp,23,132
2026-05-02,UFC Fight Night: Della Maddalena vs. Prates,Vince Morales,http://ufcstats.com/fight-details/00bde62cac38e5e9,total_str_atmp,18,134
2026-05-02,UFC Fight Night: Della Maddalena vs. Prates,Ben Johnston,http://ufcstats.com/fight-details/827c64369b374989,total_str_atmp,18,44
2026-05-02,UFC Fight Night: Della Maddalena vs. Prates,Wes Schultz,http://ufcstats.com/fight-details/827c64369b374989,total_str_atmp,10,32
2026-05-02,UFC Fight Night: Della Maddalena vs. Prates,Jonathan Micallef,http://ufcstats.com/fight-details/7ac4ae301ed699ab,total_str_atmp,26,147
2026-05-02,UFC Fight Night: Della Maddalena vs. Prates,Themba Gorimbo,http://ufcstats.com/fight-details/7ac4ae301ed699ab,total_str_atmp,35,132
2026-05-09,UFC 328: Chimaev vs. Strickland,Khamzat Chimaev,http://ufcstats.com/fight-details/70f1621080b3435c,total_str_atmp,23,283
2026-05-09,UFC 328: Chimaev vs. Strickland,Sean Strickland,http://ufcstats.com/fight-details/70f1621080b3435c,total_str_atmp,13,355
2026-05-09,UFC 328: Chimaev vs. Strickland,Joshua Van,http://ufcstats.com/fight-details/c85b530861145935,total_str_atmp,28,269
2026-05-09,UFC 328: Chimaev vs. Strickland,Tatsuro Taira,http://ufcstats.com/fight-details/c85b530861145935,total_str_atmp,31,199
2026-05-09,UFC 328: Chimaev vs. Strickland,Alexander Volkov,http://ufcstats.com/fight-details/22ba4f1b0aafbf82,total_str_atmp,44,143
2026-05-09,UFC 328: Chimaev vs. Strickland,Waldo Cortes Acosta,http://ufcstats.com/fight-details/22ba4f1b0aafbf82,total_str_atmp,33,130
2026-05-09,UFC 328: Chimaev vs. Strickland,Sean Brady,http://ufcstats.com/fight-details/845b8653f9cf839c,total_str_atmp,89,416
2026-05-09,UFC 328: Chimaev vs. Strickland,Joaquin Buckley,http://ufcstats.com/fight-details/845b8653f9cf839c,total_str_atmp,8,53
2026-05-09,UFC 328: Chimaev vs. Strickland,Ateba Gautier,http://ufcstats.com/fight-details/770c5302e32916ea,total_str_atmp,59,86
2026-05-09,UFC 328: Chimaev vs. Strickland,Ozzy Diaz,http://ufcstats.com/fight-details/770c5302e32916ea,total_str_atmp,14,22
2026-05-09,UFC 328: Chimaev vs. Strickland,Joel Alvarez,http://ufcstats.com/fight-details/f88dc6e0c29cff1d,total_str_atmp,7,23
2026-05-09,UFC 328: Chimaev vs. Strickland,Yaroslav Amosov,http://ufcstats.com/fight-details/f88dc6e0c29cff1d,total_str_atmp,23,34
2026-05-09,UFC 328: Chimaev vs. Strickland,Grant Dawson,http://ufcstats.com/fight-details/ffcb47e17eebe6a6,total_str_atmp,35,136
2026-05-09,UFC 328: Chimaev vs. Strickland,Mateusz Rebecki,http://ufcstats.com/fight-details/ffcb47e17eebe6a6,total_str_atmp,12,81
2026-05-09,UFC 328: Chimaev vs. Strickland,Roman Kopylov,http://ufcstats.com/fight-details/9d35723a53749931,total_str_atmp,39,132
2026-05-09,UFC 328: Chimaev vs. Strickland,Marco Tulio,http://ufcstats.com/fight-details/9d35723a53749931,total_str_atmp,61,178
2026-05-09,UFC 328: Chimaev vs. Strickland,Pat Sabatini,http://ufcstats.com/fight-details/303018d7459323b4,total_str_atmp,24,125
2026-05-09,UFC 328: Chimaev vs. Strickland,William Gomis,http://ufcstats.com/fight-details/303018d7459323b4,total_str_atmp,11,98
2026-05-09,UFC 328: Chimaev vs. Strickland,Baisangur Susurkaev,http://ufcstats.com/fight-details/1f5d0b106385b2ac,total_str_atmp,58,242
2026-05-09,UFC 328: Chimaev vs. Strickland,Djorden Santos,http://ufcstats.com/fight-details/1f5d0b106385b2ac,total_str_atmp,58,222
2026-05-09,UFC 328: Chimaev vs. Strickland,Clayton Carpenter,http://ufcstats.com/fight-details/e92d89cb2d69235e,total_str_atmp,51,155
2026-05-09,UFC 328: Chimaev vs. Strickland,Jose Ochoa,http://ufcstats.com/fight-details/e92d89cb2d69235e,total_str_atmp,104,296
2026-05-16,UFC Fight Night: Allen vs. Costa,Arnold Allen,http://ufcstats.com/fight-details/e4aa608124896794,total_str_atmp,20,222
2026-05-16,UFC Fight Night: Allen vs. Costa,Melquizael Costa,http://ufcstats.com/fight-details/e4aa608124896794,total_str_atmp,25,280
2026-05-16,UFC Fight Night: Allen vs. Costa,Dooho Choi,http://ufcstats.com/fight-details/fc1266e2892ed111,total_str_atmp,60,145
2026-05-16,UFC Fight Night: Allen vs. Costa,Daniel Santos,http://ufcstats.com/fight-details/fc1266e2892ed111,total_str_atmp,109,186
2026-05-16,UFC Fight Night: Allen vs. Costa,Malcolm Wellmaker,http://ufcstats.com/fight-details/ecb7ff543dd41bf8,total_str_atmp,24,34
2026-05-16,UFC Fight Night: Allen vs. Costa,Juan Diaz,http://ufcstats.com/fight-details/ecb7ff543dd41bf8,total_str_atmp,19,32
2026-05-16,UFC Fight Night: Allen vs. Costa,Modestas Bukauskas,http://ufcstats.com/fight-details/57bd683efc797fc1,total_str_atmp,38,99
2026-05-16,UFC Fight Night: Allen vs. Costa,Christian Edwards,http://ufcstats.com/fight-details/57bd683efc797fc1,total_str_atmp,40,89
2026-05-16,UFC Fight Night: Allen vs. Costa,Timmy Cuamba,http://ufcstats.com/fight-details/a6ec8573a9d38c51,total_str_atmp,60,80
2026-05-16,UFC Fight Night: Allen vs. Costa,Benardo Sopaj,http://ufcstats.com/fight-details/a6ec8573a9d38c51,total_str_atmp,28,92
2026-05-16,UFC Fight Night: Allen vs. Costa,Tuco Tokkos,http://ufcstats.com/fight-details/6242cda790f2085d,total_str_atmp,86,126
2026-05-16,UFC Fight Night: Allen vs. Costa,Ivan Erslan,http://ufcstats.com/fight-details/6242cda790f2085d,total_str_atmp,59,166
2026-05-16,UFC Fight Night: Allen vs. Costa,Tommy Gantt,http://ufcstats.com/fight-details/c9e0aa88afb81dab,total_str_atmp,38,84
2026-05-16,UFC Fight Night: Allen vs. Costa,Artur Minev,http://ufcstats.com/fight-details/c9e0aa88afb81dab,total_str_atmp,27,33
2026-05-16,UFC Fight Night: Allen vs. Costa,Ketlen Vieira,http://ufcstats.com/fight-details/5f7111b982bcf6e3,total_str_atmp,47,158
2026-05-16,UFC Fight Night: Allen vs. Costa,Jacqueline Cavalcanti,http://ufcstats.com/fight-details/5f7111b982bcf6e3,total_str_atmp,46,130
2026-05-16,UFC Fight Night: Allen vs. Costa,Cody Brundage,http://ufcstats.com/fight-details/48cb604345f11766,total_str_atmp,10,62
2026-05-16,UFC Fight Night: Allen vs. Costa,Andre Petroski,http://ufcstats.com/fight-details/48cb604345f11766,total_str_atmp,29,30
2026-05-16,UFC Fight Night: Allen vs. Costa,Alice Ardelean,http://ufcstats.com/fight-details/b98ead4eff6bf872,total_str_atmp,89,139
2026-05-16,UFC Fight Night: Allen vs. Costa,Polyana Viana,http://ufcstats.com/fight-details/b98ead4eff6bf872,total_str_atmp,73,137
2026-05-16,UFC Fight Night: Allen vs. Costa,Daniel Barez,http://ufcstats.com/fight-details/b482d4452e4d0eee,total_str_atmp,44,252
2026-05-16,UFC Fight Night: Allen vs. Costa,Luis Gurule,http://ufcstats.com/fight-details/b482d4452e4d0eee,total_str_atmp,62,335
2026-05-16,UFC Fight Night: Allen vs. Costa,Shauna Bannon,http://ufcstats.com/fight-details/39417b7d07c2fd83,total_str_atmp,88,183
2026-05-16,UFC Fight Night: Allen vs. Costa,Nicolle Caliari,http://ufcstats.com/fight-details/39417b7d07c2fd83,total_str_atmp,28,68
2026-05-30,UFC Fight Night: Song vs. Figueiredo,Song Yadong,http://ufcstats.com/fight-details/423f32dd018ac218,total_str_atmp,27,58
2026-05-30,UFC Fight Night: Song vs. Figueiredo,Deiveson Figueiredo,http://ufcstats.com/fight-details/423f32dd018ac218,total_str_atmp,15,26
2026-05-30,UFC Fight Night: Song vs. Figueiredo,Jake Matthews,http://ufcstats.com/fight-details/c1c9dfd0c0952f18,total_str_atmp,83,173
2026-05-30,UFC Fight Night: Song vs. Figueiredo,Carlston Harris,http://ufcstats.com/fight-details/c1c9dfd0c0952f18,total_str_atmp,69,88
2026-05-30,UFC Fight Night: Song vs. Figueiredo,Alex Perez,http://ufcstats.com/fight-details/7e8749cbf32ef1f8,total_str_atmp,48,58
2026-05-30,UFC Fight Night: Song vs. Figueiredo,Sumudaerji,http://ufcstats.com/fight-details/7e8749cbf32ef1f8,total_str_atmp,40,58
2026-05-30,UFC Fight Night: Song vs. Figueiredo,Ding Meng,http://ufcstats.com/fight-details/bc0b3c16246e0d1d,total_str_atmp,40,146
2026-05-30,UFC Fight Night: Song vs. Figueiredo,Jose Souza,http://ufcstats.com/fight-details/bc0b3c16246e0d1d,total_str_atmp,43,153
2026-05-30,UFC Fight Night: Song vs. Figueiredo,Aoriqileng,http://ufcstats.com/fight-details/3bc0190fb17ba42f,total_str_atmp,7,17
2026-05-30,UFC Fight Night: Song vs. Figueiredo,Cody Haddon,http://ufcstats.com/fight-details/3bc0190fb17ba42f,total_str_atmp,80,105
2026-05-30,UFC Fight Night: Song vs. Figueiredo,Angela Hill,http://ufcstats.com/fight-details/3f719885c9916e06,total_str_atmp,64,212
2026-05-30,UFC Fight Night: Song vs. Figueiredo,Xiong Jingnan,http://ufcstats.com/fight-details/3f719885c9916e06,total_str_atmp,82,224
2026-06-06,UFC Fight Night: Muhammad vs. Bonfim,Belal Muhammad,http://ufcstats.com/fight-details/5c69b019e6deee41,total_str_atmp,36,275
2026-06-06,UFC Fight Night: Muhammad vs. Bonfim,Gabriel Bonfim,http://ufcstats.com/fight-details/5c69b019e6deee41,total_str_atmp,37,261
2026-06-06,UFC Fight Night: Muhammad vs. Bonfim,Brendan Allen,http://ufcstats.com/fight-details/419fff06f338f5c6,total_str_atmp,51,196
2026-06-06,UFC Fight Night: Muhammad vs. Bonfim,Edmen Shahbazyan,http://ufcstats.com/fight-details/419fff06f338f5c6,total_str_atmp,38,180
2026-06-06,UFC Fight Night: Muhammad vs. Bonfim,Fares Ziam,http://ufcstats.com/fight-details/58ffa2dac4f2e7d0,total_str_atmp,23,70
2026-06-06,UFC Fight Night: Muhammad vs. Bonfim,Tom Nolan,http://ufcstats.com/fight-details/58ffa2dac4f2e7d0,total_str_atmp,42,116
2026-06-06,UFC Fight Night: Muhammad vs. Bonfim,Bryce Mitchell,http://ufcstats.com/fight-details/c47796e11a801e12,total_str_atmp,20,77
2026-06-06,UFC Fight Night: Muhammad vs. Bonfim,Santiago Luna,http://ufcstats.com/fight-details/c47796e11a801e12,total_str_atmp,59,130
2026-06-06,UFC Fight Night: Muhammad vs. Bonfim,Marcus McGhee,http://ufcstats.com/fight-details/90940d93d6e0998f,total_str_atmp,51,202
2026-06-06,UFC Fight Night: Muhammad vs. Bonfim,John Yannis,http://ufcstats.com/fight-details/90940d93d6e0998f,total_str_atmp,40,115
2026-06-06,UFC Fight Night: Muhammad vs. Bonfim,Jeisla Chaves,http://ufcstats.com/fight-details/a6b211d8dab5edec,total_str_atmp,56,136
2026-06-06,UFC Fight Night: Muhammad vs. Bonfim,Yuneisy Duben,http://ufcstats.com/fight-details/a6b211d8dab5edec,total_str_atmp,69,165
2026-06-14,UFC Freedom 250,Ilia Topuria,http://ufcstats.com/fight-details/7208e40818401e88,total_str_atmp,58,177
2026-06-14,UFC Freedom 250,Justin Gaethje,http://ufcstats.com/fight-details/7208e40818401e88,total_str_atmp,71,228
2026-06-14,UFC Freedom 250,Alex Pereira,http://ufcstats.com/fight-details/5727d5be8c373346,total_str_atmp,26,33
2026-06-14,UFC Freedom 250,Ciryl Gane,http://ufcstats.com/fight-details/5727d5be8c373346,total_str_atmp,45,86
2026-06-14,UFC Freedom 250,Sean O'Malley,http://ufcstats.com/fight-details/60de0423ae6ed097,total_str_atmp,35,81
2026-06-14,UFC Freedom 250,Aiemann Zahabi,http://ufcstats.com/fight-details/60de0423ae6ed097,total_str_atmp,16,56
2026-06-14,UFC Freedom 250,Josh Hokit,http://ufcstats.com/fight-details/30cdb851f6c63444,total_str_atmp,69,138
2026-06-14,UFC Freedom 250,Derrick Lewis,http://ufcstats.com/fight-details/30cdb851f6c63444,total_str_atmp,5,41
2026-06-14,UFC Freedom 250,Diego Lopes,http://ufcstats.com/fight-details/127ba4a1ccb3d4a6,total_str_atmp,32,66
2026-06-14,UFC Freedom 250,Steve Garcia,http://ufcstats.com/fight-details/127ba4a1ccb3d4a6,total_str_atmp,57,104
2026-06-20,UFC Fight Night: Kape vs. Horiguchi,Manel Kape,http://ufcstats.com/fight-details/33afdd7ad43a2756,total_str_atmp,22,88
2026-06-20,UFC Fight Night: Kape vs. Horiguchi,Kyoji Horiguchi,http://ufcstats.com/fight-details/33afdd7ad43a2756,total_str_atmp,17,89
2026-06-20,UFC Fight Night: Kape vs. Horiguchi,Ion Cutelaba,http://ufcstats.com/fight-details/afc021700481ac4e,total_str_atmp,55,88
2026-06-20,UFC Fight Night: Kape vs. Horiguchi,Navajo Stirling,http://ufcstats.com/fight-details/afc021700481ac4e,total_str_atmp,31,77
2026-06-20,UFC Fight Night: Kape vs. Horiguchi,Vinicius Oliveira,http://ufcstats.com/fight-details/571a3eabff5c7ba7,total_str_atmp,43,152
2026-06-20,UFC Fight Night: Kape vs. Horiguchi,Andre Fili,http://ufcstats.com/fight-details/571a3eabff5c7ba7,total_str_atmp,53,113
2026-06-20,UFC Fight Night: Kape vs. Horiguchi,Andre Lima,http://ufcstats.com/fight-details/17d31249c9ab18af,total_str_atmp,42,121
2026-06-20,UFC Fight Night: Kape vs. Horiguchi,Kevin Borjas,http://ufcstats.com/fight-details/17d31249c9ab18af,total_str_atmp,51,137
2026-06-20,UFC Fight Night: Kape vs. Horiguchi,Allan Nascimento,http://ufcstats.com/fight-details/3b4803afa824fea3,total_str_atmp,56,195
2026-06-20,UFC Fight Night: Kape vs. Horiguchi,Mitch Raposo,http://ufcstats.com/fight-details/3b4803afa824fea3,total_str_atmp,34,108
2026-06-20,UFC Fight Night: Kape vs. Horiguchi,Gaston Bolanos,http://ufcstats.com/fight-details/8b809ba1880aded0,total_str_atmp,74,202
2026-06-20,UFC Fight Night: Kape vs. Horiguchi,Michael Aswell Jr.,http://ufcstats.com/fight-details/8b809ba1880aded0,total_str_atmp,100,267
2026-06-20,UFC Fight Night: Kape vs. Horiguchi,Karol Rosa,http://ufcstats.com/fight-details/b23a1a5d35eb438a,total_str_atmp,67,147
2026-06-20,UFC Fight Night: Kape vs. Horiguchi,Luana Santos,http://ufcstats.com/fight-details/b23a1a5d35eb438a,total_str_atmp,38,120
2026-06-20,UFC Fight Night: Kape vs. Horiguchi,Shane Collins,http://ufcstats.com/fight-details/9efa4de316b8bf43,total_str_atmp,58,175
2026-06-20,UFC Fight Night: Kape vs. Horiguchi,Otari Tanzilovi,http://ufcstats.com/fight-details/9efa4de316b8bf43,total_str_atmp,31,105
2026-06-27,UFC Fight Night: Fiziev vs. Torres,Rafael Fiziev,http://ufcstats.com/fight-details/c13dc0cccef263f7,total_str_atmp,29,43
2026-06-27,UFC Fight Night: Fiziev vs. Torres,Manuel Torres,http://ufcstats.com/fight-details/c13dc0cccef263f7,total_str_atmp,55,56
2026-06-27,UFC Fight Night: Fiziev vs. Torres,Shara Magomedov,http://ufcstats.com/fight-details/012c307c9d446c4d,total_str_atmp,71,165
2026-06-27,UFC Fight Night: Fiziev vs. Torres,Michel Pereira,http://ufcstats.com/fight-details/012c307c9d446c4d,total_str_atmp,56,113
2026-06-27,UFC Fight Night: Fiziev vs. Torres,Asu Almabayev,http://ufcstats.com/fight-details/81cde317c156723b,total_str_atmp,36,102
2026-06-27,UFC Fight Night: Fiziev vs. Torres,Charles Johnson,http://ufcstats.com/fight-details/81cde317c156723b,total_str_atmp,16,57
2026-06-27,UFC Fight Night: Fiziev vs. Torres,Ikram Aliskerov,http://ufcstats.com/fight-details/d83294b031502177,total_str_atmp,57,179
2026-06-27,UFC Fight Night: Fiziev vs. Torres,Brunno Ferreira,http://ufcstats.com/fight-details/d83294b031502177,total_str_atmp,12,61
2026-06-27,UFC Fight Night: Fiziev vs. Torres,Farman Hasanov,http://ufcstats.com/fight-details/6a35ff33b8597904,total_str_atmp,23,87
2026-06-27,UFC Fight Night: Fiziev vs. Torres,Eric Nolan,http://ufcstats.com/fight-details/6a35ff33b8597904,total_str_atmp,10,67
2026-06-27,UFC Fight Night: Fiziev vs. Torres,Daniil Donchenko,http://ufcstats.com/fight-details/0e60ab32f3d03929,total_str_atmp,83,109
2026-06-27,UFC Fight Night: Fiziev vs. Torres,Theodor Berggren,http://ufcstats.com/fight-details/0e60ab32f3d03929,total_str_atmp,54,71
2026-06-27,UFC Fight Night: Fiziev vs. Torres,Bekzat Almakhan,http://ufcstats.com/fight-details/ae0a91c8f92f4758,total_str_atmp,37,160
2026-06-27,UFC Fight Night: Fiziev vs. Torres,Jean Matsumoto,http://ufcstats.com/fight-details/ae0a91c8f92f4758,total_str_atmp,57,241
2026-06-27,UFC Fight Night: Fiziev vs. Torres,Tahir Abdullayev,http://ufcstats.com/fight-details/f1cb2e7ef096ec7c,total_str_atmp,20,111
2026-06-27,UFC Fight Night: Fiziev vs. Torres,Jefferson Nascimento,http://ufcstats.com/fight-details/f1cb2e7ef096ec7c,total_str_atmp,15,100
2026-07-11,UFC 329: McGregor vs. Holloway 2,Cory Sandhagen,http://ufcstats.com/fight-details/c572daedf2012a49,total_str_atmp,78,196
2026-07-11,UFC 329: McGregor vs. Holloway 2,Mario Bautista,http://ufcstats.com/fight-details/c572daedf2012a49,total_str_atmp,59,215
2026-07-11,UFC 329: McGregor vs. Holloway 2,Brandon Royval,http://ufcstats.com/fight-details/a3ab1979192b647c,total_str_atmp,76,218
2026-07-11,UFC 329: McGregor vs. Holloway 2,Lone'er Kavanagh,http://ufcstats.com/fight-details/a3ab1979192b647c,total_str_atmp,34,101
2026-07-11,UFC 329: McGregor vs. Holloway 2,Nikita Krylov,http://ufcstats.com/fight-details/7765e5e779dd7dc9,total_str_atmp,47,106
2026-07-11,UFC 329: McGregor vs. Holloway 2,Robert Whittaker,http://ufcstats.com/fight-details/7765e5e779dd7dc9,total_str_atmp,39,112
2026-07-11,UFC 329: McGregor vs. Holloway 2,Tracy Cortez,http://ufcstats.com/fight-details/e84c3f1f9a33fa90,total_str_atmp,44,158
2026-07-11,UFC 329: McGregor vs. Holloway 2,Wang Cong,http://ufcstats.com/fight-details/e84c3f1f9a33fa90,total_str_atmp,71,231
2026-07-11,UFC 329: McGregor vs. Holloway 2,Farid Basharat,http://ufcstats.com/fight-details/9e00ee7644774e18,total_str_atmp,36,145
2026-07-11,UFC 329: McGregor vs. Holloway 2,John Garza,http://ufcstats.com/fight-details/9e00ee7644774e18,total_str_atmp,52,197
2026-07-11,UFC 329: McGregor vs. Holloway 2,Alessandro Costa,http://ufcstats.com/fight-details/1b6a3b0d27654d3e,total_str_atmp,37,53
2026-07-11,UFC 329: McGregor vs. Holloway 2,Cody Durden,http://ufcstats.com/fight-details/1b6a3b0d27654d3e,total_str_atmp,55,75
2026-07-18,UFC Fight Night: Du Plessis vs. Usman,Dricus Du Plessis,http://ufcstats.com/fight-details/701c97405da76603,total_str_atmp,63,278
2026-07-18,UFC Fight Night: Du Plessis vs. Usman,Kamaru Usman,http://ufcstats.com/fight-details/701c97405da76603,total_str_atmp,42,244
2026-07-18,UFC Fight Night: Du Plessis vs. Usman,Jared Cannonier,http://ufcstats.com/fight-details/4eff5a845db17572,total_str_atmp,12,69
2026-07-18,UFC Fight Night: Du Plessis vs. Usman,Christian Leroy Duncan,http://ufcstats.com/fight-details/4eff5a845db17572,total_str_atmp,56,148
2026-07-18,UFC Fight Night: Du Plessis vs. Usman,Tabatha Ricci,http://ufcstats.com/fight-details/52ddf20a10890b41,total_str_atmp,33,108
2026-07-18,UFC Fight Night: Du Plessis vs. Usman,Fatima Kline,http://ufcstats.com/fight-details/52ddf20a10890b41,total_str_atmp,60,195
2026-07-18,UFC Fight Night: Du Plessis vs. Usman,Tommy McMillen,http://ufcstats.com/fight-details/c64c6ba6eb1e1d06,total_str_atmp,170,517
2026-07-18,UFC Fight Night: Du Plessis vs. Usman,Alberto Montes,http://ufcstats.com/fight-details/c64c6ba6eb1e1d06,total_str_atmp,56,147
2026-07-18,UFC Fight Night: Du Plessis vs. Usman,Austin Bashi,http://ufcstats.com/fight-details/3bd159c1bed14700,total_str_atmp,29,111
2026-07-18,UFC Fight Night: Du Plessis vs. Usman,Jose Delgado,http://ufcstats.com/fight-details/3bd159c1bed14700,total_str_atmp,60,126
2026-07-18,UFC Fight Night: Du Plessis vs. Usman,Jean-Paul Lebosnoyani,http://ufcstats.com/fight-details/f2eb569176e46edf,total_str_atmp,54,168
2026-07-18,UFC Fight Night: Du Plessis vs. Usman,Seokhyeon Ko,http://ufcstats.com/fight-details/f2eb569176e46edf,total_str_atmp,63,186
2026-07-18,UFC Fight Night: Du Plessis vs. Usman,Levi Rodrigues Jr.,http://ufcstats.com/fight-details/46d800ce45fdd3e6,total_str_atmp,48,52
2026-07-18,UFC Fight Night: Du Plessis vs. Usman,Felipe Franco,http://ufcstats.com/fight-details/46d800ce45fdd3e6,total_str_atmp,37,72
2026-07-18,UFC Fight Night: Du Plessis vs. Usman,Ezra Elliott,http://ufcstats.com/fight-details/9e525f939fba3e73,total_str_atmp,9,29
2026-07-18,UFC Fight Night: Du Plessis vs. Usman,Damien Anderson,http://ufcstats.com/fight-details/9e525f939fba3e73,total_str_atmp,20,37
2026-07-18,UFC Fight Night: Du Plessis vs. Usman,Alden Coria,http://ufcstats.com/fight-details/410e6b9e01660b35,total_str_atmp,40,144
2026-07-18,UFC Fight Night: Du Plessis vs. Usman,Stewart Nicoll,http://ufcstats.com/fight-details/410e6b9e01660b35,total_str_atmp,40,94
2026-07-25,UFC Fight Night: Ankalaev vs. Guskov,Magomed Ankalaev,http://ufcstats.com/fight-details/9009ec7b91f2be14,total_str_atmp,39,235
2026-07-25,UFC Fight Night: Ankalaev vs. Guskov,Bogdan Guskov,http://ufcstats.com/fight-details/9009ec7b91f2be14,total_str_atmp,22,70
2026-07-25,UFC Fight Night: Ankalaev vs. Guskov,Magomed Zaynukov,http://ufcstats.com/fight-details/4ace64aa144389c5,total_str_atmp,57,167
2026-07-25,UFC Fight Night: Ankalaev vs. Guskov,Damian Rzepecki,http://ufcstats.com/fight-details/4ace64aa144389c5,total_str_atmp,25,80
2026-07-25,UFC Fight Night: Ankalaev vs. Guskov,Rizvan Kuniev,http://ufcstats.com/fight-details/5ffb251c6ea48b65,total_str_atmp,50,122
2026-07-25,UFC Fight Night: Ankalaev vs. Guskov,Tyrell Fortune,http://ufcstats.com/fight-details/5ffb251c6ea48b65,total_str_atmp,26,52
2026-07-25,UFC Fight Night: Ankalaev vs. Guskov,Abubakar Vagaev,http://ufcstats.com/fight-details/61280e5644189c61,total_str_atmp,35,138
2026-07-25,UFC Fight Night: Ankalaev vs. Guskov,Saygid Izagakhmaev,http://ufcstats.com/fight-details/61280e5644189c61,total_str_atmp,31,124
2026-07-25,UFC Fight Night: Ankalaev vs. Guskov,Dustin Jacoby,http://ufcstats.com/fight-details/05bc7a042156b6f6,total_str_atmp,44,93
2026-07-25,UFC Fight Night: Ankalaev vs. Guskov,Muhammad Saidov,http://ufcstats.com/fight-details/05bc7a042156b6f6,total_str_atmp,50,133
2026-07-25,UFC Fight Night: Ankalaev vs. Guskov,Santiago Ponzinibbio,http://ufcstats.com/fight-details/f6e6b004f07363e9,total_str_atmp,52,86
2026-07-25,UFC Fight Night: Ankalaev vs. Guskov,Sam Patterson,http://ufcstats.com/fight-details/f6e6b004f07363e9,total_str_atmp,75,133
2026-07-25,UFC Fight Night: Ankalaev vs. Guskov,Magomed Tuchalov,http://ufcstats.com/fight-details/3ac870d6e7d323b7,total_str_atmp,23,110
2026-07-25,UFC Fight Night: Ankalaev vs. Guskov,Brendson Ribeiro,http://ufcstats.com/fight-details/3ac870d6e7d323b7,total_str_atmp,51,130
2026-07-25,UFC Fight Night: Ankalaev vs. Guskov,Nurullo Aliev,http://ufcstats.com/fight-details/3859314324918eeb,total_str_atmp,21,106
2026-07-25,UFC Fight Night: Ankalaev vs. Guskov,Mike Davis,http://ufcstats.com/fight-details/3859314324918eeb,total_str_atmp,17,71
2026-07-25,UFC Fight Night: Ankalaev vs. Guskov,Cody Gibson,http://ufcstats.com/fight-details/532340708f0500bd,total_str_atmp,57,94
2026-07-25,UFC Fight Night: Ankalaev vs. Guskov,Abdul Hussein,http://ufcstats.com/fight-details/532340708f0500bd,total_str_atmp,49,133
2026-08-01,UFC Fight Night: Medic vs. Rodriguez,Aleksandar Rakic,http://ufcstats.com/fight-details/eb8753ed0476b3d1,total_str_atmp,60,149
2026-08-01,UFC Fight Night: Medic vs. Rodriguez,Marcin Tybura,http://ufcstats.com/fight-details/eb8753ed0476b3d1,total_str_atmp,56,133
2026-08-01,UFC Fight Night: Medic vs. Rodriguez,Ludovit Klein,http://ufcstats.com/fight-details/fbd99ae7e1ff993a,total_str_atmp,42,88
2026-08-01,UFC Fight Night: Medic vs. Rodriguez,Tofiq Musayev,http://ufcstats.com/fight-details/fbd99ae7e1ff993a,total_str_atmp,48,128
2026-08-01,UFC Fight Night: Medic vs. Rodriguez,Borislav Nikolic,http://ufcstats.com/fight-details/4350abb4f1933f88,total_str_atmp,35,189
2026-08-01,UFC Fight Night: Medic vs. Rodriguez,Mark Vologdin,http://ufcstats.com/fight-details/4350abb4f1933f88,total_str_atmp,39,103
2026-08-01,UFC Fight Night: Medic vs. Rodriguez,Dennis Buzukja,http://ufcstats.com/fight-details/13aa6688d0538095,total_str_atmp,44,111
2026-08-01,UFC Fight Night: Medic vs. Rodriguez,Bogdan Grad,http://ufcstats.com/fight-details/13aa6688d0538095,total_str_atmp,60,100
2026-08-08,UFC Fight Night: Gamrot vs. Salkilld,Diego Ferreira,http://ufcstats.com/fight-details/d5245f5b96b8afdf,total_str_atmp,75,246
2026-08-08,UFC Fight Night: Gamrot vs. Salkilld,Billy Quarantillo,http://ufcstats.com/fight-details/d5245f5b96b8afdf,total_str_atmp,52,249
2026-08-08,UFC Fight Night: Gamrot vs. Salkilld,Amanda Lemos,http://ufcstats.com/fight-details/13f31f7a784013a3,total_str_atmp,42,115
2026-08-08,UFC Fight Night: Gamrot vs. Salkilld,Alexia Thainara,http://ufcstats.com/fight-details/13f31f7a784013a3,total_str_atmp,80,246
2026-08-08,UFC Fight Night: Gamrot vs. Salkilld,Billy Ray Goff,http://ufcstats.com/fight-details/f44ab9e9e4a89735,total_str_atmp,40,67
2026-08-08,UFC Fight Night: Gamrot vs. Salkilld,Ty Miller,http://ufcstats.com/fight-details/f44ab9e9e4a89735,total_str_atmp,69,251
2026-08-08,UFC Fight Night: Gamrot vs. Salkilld,Steven Asplund,http://ufcstats.com/fight-details/3050549d19395f6f,total_str_atmp,79,180
2026-08-08,UFC Fight Night: Gamrot vs. Salkilld,Guilherme Pat,http://ufcstats.com/fight-details/3050549d19395f6f,total_str_atmp,30,103
2026-08-08,UFC Fight Night: Gamrot vs. Salkilld,Manoel Sousa,http://ufcstats.com/fight-details/81ae2a465e0dfa4f,total_str_atmp,23,141
2026-08-08,UFC Fight Night: Gamrot vs. Salkilld,Richie Miranda,http://ufcstats.com/fight-details/81ae2a465e0dfa4f,total_str_atmp,91,213
2026-08-08,UFC Fight Night: Gamrot vs. Salkilld,Juliana Miller,http://ufcstats.com/fight-details/d463229133909215,total_str_atmp,62,70
2026-08-08,UFC Fight Night: Gamrot vs. Salkilld,Ravena Oliveira,http://ufcstats.com/fight-details/d463229133909215,total_str_atmp,25,30
2026-08-08,UFC Fight Night: Gamrot vs. Salkilld,Gigi Canuto,http://ufcstats.com/fight-details/ded584e13276cbcb,total_str_atmp,50,159
2026-08-08,UFC Fight Night: Gamrot vs. Salkilld,Carol Foro,http://ufcstats.com/fight-details/ded584e13276cbcb,total_str_atmp,73,192
2026-01-24,UFC 324: Gaethje vs. Pimblett,Justin Gaethje,http://ufcstats.com/fight-details/fa4b3f5ce8055921,td_success,0,3
2026-01-24,UFC 324: Gaethje vs. Pimblett,Song Yadong,http://ufcstats.com/fight-details/007e8e0d4a39d82c,td_success,1,3
2026-01-24,UFC 324: Gaethje vs. Pimblett,Natalia Silva,http://ufcstats.com/fight-details/d63c9aa4f4873001,td_success,0,1
2026-01-24,UFC 324: Gaethje vs. Pimblett,Rose Namajunas,http://ufcstats.com/fight-details/d63c9aa4f4873001,td_success,0,1
2026-01-24,UFC 324: Gaethje vs. Pimblett,Jean Silva,http://ufcstats.com/fight-details/836a188a90e479a5,td_success,0,4
2026-01-24,UFC 324: Gaethje vs. Pimblett,Umar Nurmagomedov,http://ufcstats.com/fight-details/6c9f4799990c3c33,td_success,1,2
2026-01-31,UFC 325: Volkanovski vs. Lopes 2,Alexander Volkanovski,http://ufcstats.com/fight-details/b06b43670238c2d8,td_success,0,2
2026-01-31,UFC 325: Volkanovski vs. Lopes 2,Diego Lopes,http://ufcstats.com/fight-details/b06b43670238c2d8,td_success,0,2
2026-01-31,UFC 325: Volkanovski vs. Lopes 2,Tallison Teixeira,http://ufcstats.com/fight-details/67765535bd0b6bdf,td_success,2,3
2026-01-31,UFC 325: Volkanovski vs. Lopes 2,Billy Elekana,http://ufcstats.com/fight-details/d94f1b32a81e3fa1,td_success,0,1
2026-01-31,UFC 325: Volkanovski vs. Lopes 2,Jacob Malkoun,http://ufcstats.com/fight-details/0047f8aadca1936f,td_success,0,2
2026-01-31,UFC 325: Volkanovski vs. Lopes 2,Jonathan Micallef,http://ufcstats.com/fight-details/78912b78aa946375,td_success,0,1
2026-01-31,UFC 325: Volkanovski vs. Lopes 2,Yizha,http://ufcstats.com/fight-details/4c1e7e1765a5438a,td_success,0,3
2026-01-31,UFC 325: Volkanovski vs. Lopes 2,Dom Mar Fan,http://ufcstats.com/fight-details/ad14c502c9c5a7e9,td_success,0,1
2026-01-31,UFC 325: Volkanovski vs. Lopes 2,Sebastian Szalay,http://ufcstats.com/fight-details/780bae82bdfc7112,td_success,0,1
2026-01-31,UFC 325: Volkanovski vs. Lopes 2,Lawrence Lui,http://ufcstats.com/fight-details/5c73e0013b859664,td_success,4,7
2026-02-07,UFC Fight Night: Bautista vs. Oliveira,Mario Bautista,http://ufcstats.com/fight-details/fb4b1754d510b0d0,td_success,1,5
2026-02-07,UFC Fight Night: Bautista vs. Oliveira,Jean Matsumoto,http://ufcstats.com/fight-details/2a26c0cfa06265b7,td_success,1,7
2026-02-07,UFC Fight Night: Bautista vs. Oliveira,Farid Basharat,http://ufcstats.com/fight-details/2a26c0cfa06265b7,td_success,0,2
2026-02-07,UFC Fight Night: Bautista vs. Oliveira,Ketlen Souza,http://ufcstats.com/fight-details/cc5c5a8cff4c1ae9,td_success,0,1
2026-02-07,UFC Fight Night: Bautista vs. Oliveira,Javid Basharat,http://ufcstats.com/fight-details/86df0e75f41784d8,td_success,0,3
2026-02-07,UFC Fight Night: Bautista vs. Oliveira,Eduarda Moura,http://ufcstats.com/fight-details/84e8ccc3c97c2b4c,td_success,2,3
2026-02-07,UFC Fight Night: Bautista vs. Oliveira,Muin Gafurov,http://ufcstats.com/fight-details/9d30c887e8bd8824,td_success,0,2
2026-02-07,UFC Fight Night: Bautista vs. Oliveira,Priscila Cachoeira,http://ufcstats.com/fight-details/2bbfbb234c255249,td_success,0,1
2026-02-21,UFC Fight Night: Strickland vs. Hernandez,Serghei Spivac,http://ufcstats.com/fight-details/04b7bcc0e8488604,td_success,0,1
2026-02-21,UFC Fight Night: Strickland vs. Hernandez,Zach Reese,http://ufcstats.com/fight-details/372d1dee0db8dbee,td_success,0,1
2026-02-21,UFC Fight Night: Strickland vs. Hernandez,Michel Pereira,http://ufcstats.com/fight-details/372d1dee0db8dbee,td_success,1,2
2026-02-21,UFC Fight Night: Strickland vs. Hernandez,Alibi Idiris,http://ufcstats.com/fight-details/7ffdaa44fc8d111b,td_success,1,5
2026-02-21,UFC Fight Night: Strickland vs. Hernandez,Alden Coria,http://ufcstats.com/fight-details/ac39c1f00ae31e58,td_success,0,1
2026-02-21,UFC Fight Night: Strickland vs. Hernandez,Luis Gurule,http://ufcstats.com/fight-details/ac39c1f00ae31e58,td_success,0,1
2026-02-21,UFC Fight Night: Strickland vs. Hernandez,Joselyne Edwards,http://ufcstats.com/fight-details/fd56a469e4589ebc,td_success,0,2
2026-02-21,UFC Fight Night: Strickland vs. Hernandez,Ramiz Brahimaj,http://ufcstats.com/fight-details/8f9896e60047007f,td_success,0,3
2026-02-21,UFC Fight Night: Strickland vs. Hernandez,Punahele Soriano,http://ufcstats.com/fight-details/8f9896e60047007f,td_success,0,3
2026-02-21,UFC Fight Night: Strickland vs. Hernandez,Jean-Paul Lebosnoyani,http://ufcstats.com/fight-details/508e622130b0a84d,td_success,1,3
2026-02-21,UFC Fight Night: Strickland vs. Hernandez,Jordan Leavitt,http://ufcstats.com/fight-details/5b97f47cdd355cbe,td_success,3,4
2026-02-21,UFC Fight Night: Strickland vs. Hernandez,Juliana Miller,http://ufcstats.com/fight-details/6e78d874097a3d22,td_success,1,2
2026-02-28,UFC Fight Night: Moreno vs. Kavanagh,David Martinez,http://ufcstats.com/fight-details/36d12b31957e94db,td_success,1,2
2026-02-28,UFC Fight Night: Moreno vs. Kavanagh,King Green,http://ufcstats.com/fight-details/81f3d28d30d17378,td_success,2,3
2026-02-28,UFC Fight Night: Moreno vs. Kavanagh,Felipe Bunes,http://ufcstats.com/fight-details/7df505d8260ba680,td_success,0,1
2026-02-28,UFC Fight Night: Moreno vs. Kavanagh,Santiago Luna,http://ufcstats.com/fight-details/3b76a00f5d0400eb,td_success,2,5
2026-02-28,UFC Fight Night: Moreno vs. Kavanagh,Angel Pacheco,http://ufcstats.com/fight-details/3b76a00f5d0400eb,td_success,0,1
2026-02-28,UFC Fight Night: Moreno vs. Kavanagh,Ailin Perez,http://ufcstats.com/fight-details/c40b934d2666e351,td_success,2,6
2026-02-28,UFC Fight Night: Moreno vs. Kavanagh,Cristian Quinonez,http://ufcstats.com/fight-details/25ab195cefbce1d0,td_success,2,7
2026-02-28,UFC Fight Night: Moreno vs. Kavanagh,Regina Tarin,http://ufcstats.com/fight-details/44d58943ac8e47e1,td_success,0,1
2026-02-28,UFC Fight Night: Moreno vs. Kavanagh,Ernesta Kareckaite,http://ufcstats.com/fight-details/44d58943ac8e47e1,td_success,0,1
2026-03-07,UFC 326: Holloway vs. Oliveira 2,Charles Oliveira,http://ufcstats.com/fight-details/f030febede41c661,td_success,1,5
2026-03-07,UFC 326: Holloway vs. Oliveira 2,Caio Borralho,http://ufcstats.com/fight-details/d564db29997e1371,td_success,0,1
2026-03-07,UFC 326: Holloway vs. Oliveira 2,Raul Rosas Jr.,http://ufcstats.com/fight-details/bed89a91da9d04c1,td_success,5,16
2026-03-07,UFC 326: Holloway vs. Oliveira 2,Xiao Long,http://ufcstats.com/fight-details/ecd16d14a138d7fb,td_success,0,1
2026-03-07,UFC 326: Holloway vs. Oliveira 2,Cody Brundage,http://ufcstats.com/fight-details/9c8d5dbd8905a715,td_success,1,2
2026-03-07,UFC 326: Holloway vs. Oliveira 2,Nyamjargal Tumendemberel,http://ufcstats.com/fight-details/f661ef429055f8c1,td_success,1,4
2026-03-07,UFC 326: Holloway vs. Oliveira 2,Sumudaerji,http://ufcstats.com/fight-details/a22fd3735819d858,td_success,1,4
2026-03-07,UFC 326: Holloway vs. Oliveira 2,Jesus Aguilar,http://ufcstats.com/fight-details/a22fd3735819d858,td_success,0,1
2026-03-07,UFC 326: Holloway vs. Oliveira 2,Rafael Tobias,http://ufcstats.com/fight-details/cc03e698c4b7da52,td_success,0,2
2026-03-14,UFC Fight Night: Emmett vs. Vallejos,Amanda Lemos,http://ufcstats.com/fight-details/3b7b771b9578383d,td_success,0,1
2026-03-14,UFC Fight Night: Emmett vs. Vallejos,Gillian Robertson,http://ufcstats.com/fight-details/3b7b771b9578383d,td_success,1,3
2026-03-14,UFC Fight Night: Emmett vs. Vallejos,Andre Fili,http://ufcstats.com/fight-details/8bee5192baec71d8,td_success,1,4
2026-03-14,UFC Fight Night: Emmett vs. Vallejos,Jose Delgado,http://ufcstats.com/fight-details/8bee5192baec71d8,td_success,0,1
2026-03-14,UFC Fight Night: Emmett vs. Vallejos,Myktybek Orolbai,http://ufcstats.com/fight-details/f26c0bdf7689aea2,td_success,7,19
2026-03-14,UFC Fight Night: Emmett vs. Vallejos,Eryk Anders,http://ufcstats.com/fight-details/cff81d681a01ae18,td_success,0,3
2026-03-14,UFC Fight Night: Emmett vs. Vallejos,Luan Lacerda,http://ufcstats.com/fight-details/32d371462c539bee,td_success,2,4
2026-03-14,UFC Fight Night: Emmett vs. Vallejos,Piera Rodriguez,http://ufcstats.com/fight-details/244285b7fd0ddece,td_success,0,1
2026-03-21,UFC Fight Night: Evloev vs. Murphy,Movsar Evloev,http://ufcstats.com/fight-details/346e3897c2ead99a,td_success,0,9
2026-03-21,UFC Fight Night: Evloev vs. Murphy,Michael Aswell Jr.,http://ufcstats.com/fight-details/fa534aaa5b997a69,td_success,0,1
2026-03-21,UFC Fight Night: Evloev vs. Murphy,Roman Dolidze,http://ufcstats.com/fight-details/562d916f55918901,td_success,2,3
2026-03-21,UFC Fight Night: Evloev vs. Murphy,Axel Sola,http://ufcstats.com/fight-details/3ee578ddd071ad4c,td_success,2,3
2026-03-21,UFC Fight Night: Evloev vs. Murphy,Mario Pinto,http://ufcstats.com/fight-details/90187edeeda7e6d6,td_success,0,2
2026-03-21,UFC Fight Night: Evloev vs. Murphy,Mantas Kondratavicius,http://ufcstats.com/fight-details/8817bd21b6d0a989,td_success,0,2
2026-03-21,UFC Fight Night: Evloev vs. Murphy,Antonio Trocoli,http://ufcstats.com/fight-details/8817bd21b6d0a989,td_success,0,1
2026-03-21,UFC Fight Night: Evloev vs. Murphy,Shem Rock,http://ufcstats.com/fight-details/bbe0f3653de9f6a8,td_success,0,1
2026-03-21,UFC Fight Night: Evloev vs. Murphy,Shanelle Dyer,http://ufcstats.com/fight-details/216bc9b661485017,td_success,0,1
2026-03-28,UFC Fight Night: Adesanya vs. Pyfer,Joe Pyfer,http://ufcstats.com/fight-details/85e94a6c071fd9fa,td_success,1,2
2026-03-28,UFC Fight Night: Adesanya vs. Pyfer,Mansur Abdul-Malik,http://ufcstats.com/fight-details/e32dc26b11d1f81d,td_success,0,3
2026-03-28,UFC Fight Night: Adesanya vs. Pyfer,Tofiq Musayev,http://ufcstats.com/fight-details/fa96d6252579b51e,td_success,1,3
2026-03-28,UFC Fight Night: Adesanya vs. Pyfer,Tyrell Fortune,http://ufcstats.com/fight-details/08d4e3864c44f8a5,td_success,1,3
2026-03-28,UFC Fight Night: Adesanya vs. Pyfer,Ricky Simon,http://ufcstats.com/fight-details/a997593977ba8cad,td_success,0,2
2026-03-28,UFC Fight Night: Adesanya vs. Pyfer,Alexia Thainara,http://ufcstats.com/fight-details/796e1151896195aa,td_success,3,6
2026-04-04,UFC Fight Night: Moicano vs. Duncan,Renato Moicano,http://ufcstats.com/fight-details/d69bd8e53ec858dc,td_success,0,1
2026-04-04,UFC Fight Night: Moicano vs. Duncan,Virna Jandiroba,http://ufcstats.com/fight-details/721642e7de112e9e,td_success,3,6
2026-04-04,UFC Fight Night: Moicano vs. Duncan,Tabatha Ricci,http://ufcstats.com/fight-details/721642e7de112e9e,td_success,0,1
2026-04-04,UFC Fight Night: Moicano vs. Duncan,Alessandro Costa,http://ufcstats.com/fight-details/af2a9d47ca8115e4,td_success,0,2
2026-04-04,UFC Fight Night: Moicano vs. Duncan,Darrius Flowers,http://ufcstats.com/fight-details/9c9c26679701b84d,td_success,1,2
2026-04-04,UFC Fight Night: Moicano vs. Duncan,Hailey Cowan,http://ufcstats.com/fight-details/74bb036ef0493bf7,td_success,1,2
2026-04-04,UFC Fight Night: Moicano vs. Duncan,Azamat Bekoev,http://ufcstats.com/fight-details/e284a194fb4648a9,td_success,0,2
2026-04-04,UFC Fight Night: Moicano vs. Duncan,Tresean Gore,http://ufcstats.com/fight-details/e284a194fb4648a9,td_success,0,2
2026-04-04,UFC Fight Night: Moicano vs. Duncan,Dione Barbosa,http://ufcstats.com/fight-details/caf13346cbcfdb03,td_success,0,3
2026-04-04,UFC Fight Night: Moicano vs. Duncan,Melissa Gatto,http://ufcstats.com/fight-details/caf13346cbcfdb03,td_success,1,3
2026-04-04,UFC Fight Night: Moicano vs. Duncan,Dakota Hope,http://ufcstats.com/fight-details/a5a749aa0061fdb4,td_success,0,1
2026-04-11,UFC 327: Prochazka vs. Ulberg,Azamat Murzakanov,http://ufcstats.com/fight-details/aade9d76ac6c6aef,td_success,0,1
2026-04-11,UFC 327: Prochazka vs. Ulberg,Aaron Pico,http://ufcstats.com/fight-details/10ab34056720b6b4,td_success,1,6
2026-04-11,UFC 327: Prochazka vs. Ulberg,Mateusz Gamrot,http://ufcstats.com/fight-details/62b5ce408c150fa8,td_success,2,4
2026-04-11,UFC 327: Prochazka vs. Ulberg,Tatiana Suarez,http://ufcstats.com/fight-details/f506977877074aa6,td_success,1,3
2026-04-11,UFC 327: Prochazka vs. Ulberg,Chris Padilla,http://ufcstats.com/fight-details/81d20c833e9a76eb,td_success,0,1
2026-04-11,UFC 327: Prochazka vs. Ulberg,MarQuel Mederos,http://ufcstats.com/fight-details/81d20c833e9a76eb,td_success,0,1
2026-04-11,UFC 327: Prochazka vs. Ulberg,Charles Radtke,http://ufcstats.com/fight-details/5b49c3d36907c6df,td_success,2,4
2026-04-18,UFC Fight Night: Burns vs. Malott,Kyler Phillips,http://ufcstats.com/fight-details/b5299e5b946015e5,td_success,3,7
2026-04-18,UFC Fight Night: Burns vs. Malott,Charles Jourdain,http://ufcstats.com/fight-details/b5299e5b946015e5,td_success,0,1
2026-04-18,UFC Fight Night: Burns vs. Malott,Jasmine Jasudavicius,http://ufcstats.com/fight-details/5a209522211d7530,td_success,1,3
2026-04-18,UFC Fight Night: Burns vs. Malott,Melissa Croden,http://ufcstats.com/fight-details/bae4de7ef8c0769e,td_success,0,4
2026-04-18,UFC Fight Night: Burns vs. Malott,Mark Vologdin,http://ufcstats.com/fight-details/552f7cdaf93e1055,td_success,0,1
2026-04-25,UFC Fight Night: Sterling vs. Zalal,Aljamain Sterling,http://ufcstats.com/fight-details/f524e42c36028de0,td_success,1,6
2026-04-25,UFC Fight Night: Sterling vs. Zalal,Rafa Garcia,http://ufcstats.com/fight-details/84951374e4cdc679,td_success,2,4
2026-04-25,UFC Fight Night: Sterling vs. Zalal,Adrian Luna Martinetti,http://ufcstats.com/fight-details/f5aff2f858311fbc,td_success,0,1
2026-04-25,UFC Fight Night: Sterling vs. Zalal,Raoni Barcelos,http://ufcstats.com/fight-details/348de8e364ecf041,td_success,2,6
2026-04-25,UFC Fight Night: Sterling vs. Zalal,Michelle Montague,http://ufcstats.com/fight-details/dcfd594b68ff5ae1,td_success,1,2
2026-04-25,UFC Fight Night: Sterling vs. Zalal,Jafel Filho,http://ufcstats.com/fight-details/d421f3cd158fd055,td_success,1,2
2026-04-25,UFC Fight Night: Sterling vs. Zalal,Cody Durden,http://ufcstats.com/fight-details/d421f3cd158fd055,td_success,2,5
2026-04-25,UFC Fight Night: Sterling vs. Zalal,Francis Marshall,http://ufcstats.com/fight-details/c7fb90f1355291e4,td_success,1,2
2026-04-25,UFC Fight Night: Sterling vs. Zalal,Max Griffin,http://ufcstats.com/fight-details/2e7f8d0ad385876d,td_success,1,4
2026-04-25,UFC Fight Night: Sterling vs. Zalal,Victor Valenzuela,http://ufcstats.com/fight-details/2e7f8d0ad385876d,td_success,0,1
2026-04-25,UFC Fight Night: Sterling vs. Zalal,Talita Alencar,http://ufcstats.com/fight-details/0df4f4ac27cf2d26,td_success,2,3
2026-05-02,UFC Fight Night: Della Maddalena vs. Prates,Jack Della Maddalena,http://ufcstats.com/fight-details/eb6d9fef6c374830,td_success,1,2
2026-05-02,UFC Fight Night: Della Maddalena vs. Prates,Steve Erceg,http://ufcstats.com/fight-details/afec383a96893ec5,td_success,0,1
2026-05-02,UFC Fight Night: Della Maddalena vs. Prates,Louie Sutherland,http://ufcstats.com/fight-details/2afaa97901d5587c,td_success,1,5
2026-05-02,UFC Fight Night: Della Maddalena vs. Prates,Cam Rowston,http://ufcstats.com/fight-details/46181797eb543a0b,td_success,1,3
2026-05-02,UFC Fight Night: Della Maddalena vs. Prates,Jacob Malkoun,http://ufcstats.com/fight-details/edff38661bf2866b,td_success,1,3
2026-05-02,UFC Fight Night: Della Maddalena vs. Prates,Vince Morales,http://ufcstats.com/fight-details/00bde62cac38e5e9,td_success,1,2
2026-05-02,UFC Fight Night: Della Maddalena vs. Prates,Ben Johnston,http://ufcstats.com/fight-details/827c64369b374989,td_success,0,2
2026-05-02,UFC Fight Night: Della Maddalena vs. Prates,Themba Gorimbo,http://ufcstats.com/fight-details/7ac4ae301ed699ab,td_success,0,2
2026-05-09,UFC 328: Chimaev vs. Strickland,Khamzat Chimaev,http://ufcstats.com/fight-details/70f1621080b3435c,td_success,2,9
2026-05-09,UFC 328: Chimaev vs. Strickland,Joshua Van,http://ufcstats.com/fight-details/c85b530861145935,td_success,0,1
2026-05-09,UFC 328: Chimaev vs. Strickland,Tatsuro Taira,http://ufcstats.com/fight-details/c85b530861145935,td_success,4,8
2026-05-09,UFC 328: Chimaev vs. Strickland,Sean Brady,http://ufcstats.com/fight-details/845b8653f9cf839c,td_success,1,4
2026-05-09,UFC 328: Chimaev vs. Strickland,Yaroslav Amosov,http://ufcstats.com/fight-details/f88dc6e0c29cff1d,td_success,5,6
2026-05-09,UFC 328: Chimaev vs. Strickland,Grant Dawson,http://ufcstats.com/fight-details/ffcb47e17eebe6a6,td_success,0,1
2026-05-09,UFC 328: Chimaev vs. Strickland,Mateusz Rebecki,http://ufcstats.com/fight-details/ffcb47e17eebe6a6,td_success,0,1
2026-05-09,UFC 328: Chimaev vs. Strickland,Roman Kopylov,http://ufcstats.com/fight-details/9d35723a53749931,td_success,0,1
2026-05-09,UFC 328: Chimaev vs. Strickland,Pat Sabatini,http://ufcstats.com/fight-details/303018d7459323b4,td_success,1,3
2026-05-09,UFC 328: Chimaev vs. Strickland,Baisangur Susurkaev,http://ufcstats.com/fight-details/1f5d0b106385b2ac,td_success,0,1
2026-05-09,UFC 328: Chimaev vs. Strickland,Clayton Carpenter,http://ufcstats.com/fight-details/e92d89cb2d69235e,td_success,0,1
2026-05-16,UFC Fight Night: Allen vs. Costa,Arnold Allen,http://ufcstats.com/fight-details/e4aa608124896794,td_success,2,7
2026-05-16,UFC Fight Night: Allen vs. Costa,Juan Diaz,http://ufcstats.com/fight-details/ecb7ff543dd41bf8,td_success,2,5
2026-05-16,UFC Fight Night: Allen vs. Costa,Ivan Erslan,http://ufcstats.com/fight-details/6242cda790f2085d,td_success,0,2
2026-05-16,UFC Fight Night: Allen vs. Costa,Tommy Gantt,http://ufcstats.com/fight-details/c9e0aa88afb81dab,td_success,3,6
2026-05-16,UFC Fight Night: Allen vs. Costa,Ketlen Vieira,http://ufcstats.com/fight-details/5f7111b982bcf6e3,td_success,0,1
2026-05-16,UFC Fight Night: Allen vs. Costa,Alice Ardelean,http://ufcstats.com/fight-details/b98ead4eff6bf872,td_success,0,1
2026-05-16,UFC Fight Night: Allen vs. Costa,Luis Gurule,http://ufcstats.com/fight-details/b482d4452e4d0eee,td_success,0,1
2026-05-16,UFC Fight Night: Allen vs. Costa,Nicolle Caliari,http://ufcstats.com/fight-details/39417b7d07c2fd83,td_success,2,4
2026-05-30,UFC Fight Night: Song vs. Figueiredo,Song Yadong,http://ufcstats.com/fight-details/423f32dd018ac218,td_success,0,1
2026-05-30,UFC Fight Night: Song vs. Figueiredo,Deiveson Figueiredo,http://ufcstats.com/fight-details/423f32dd018ac218,td_success,0,1
2026-05-30,UFC Fight Night: Song vs. Figueiredo,Angela Hill,http://ufcstats.com/fight-details/3f719885c9916e06,td_success,0,1
2026-06-06,UFC Fight Night: Muhammad vs. Bonfim,Brendan Allen,http://ufcstats.com/fight-details/419fff06f338f5c6,td_success,0,1
2026-06-06,UFC Fight Night: Muhammad vs. Bonfim,Fares Ziam,http://ufcstats.com/fight-details/58ffa2dac4f2e7d0,td_success,1,3
2026-06-06,UFC Fight Night: Muhammad vs. Bonfim,Bryce Mitchell,http://ufcstats.com/fight-details/c47796e11a801e12,td_success,0,2
2026-06-06,UFC Fight Night: Muhammad vs. Bonfim,Jeisla Chaves,http://ufcstats.com/fight-details/a6b211d8dab5edec,td_success,0,3
2026-06-06,UFC Fight Night: Muhammad vs. Bonfim,Yuneisy Duben,http://ufcstats.com/fight-details/a6b211d8dab5edec,td_success,1,2
2026-06-14,UFC Freedom 250,Ilia Topuria,http://ufcstats.com/fight-details/7208e40818401e88,td_success,0,1
2026-06-20,UFC Fight Night: Kape vs. Horiguchi,Kyoji Horiguchi,http://ufcstats.com/fight-details/33afdd7ad43a2756,td_success,1,2
2026-06-20,UFC Fight Night: Kape vs. Horiguchi,Ion Cutelaba,http://ufcstats.com/fight-details/afc021700481ac4e,td_success,2,5
2026-06-20,UFC Fight Night: Kape vs. Horiguchi,Gaston Bolanos,http://ufcstats.com/fight-details/8b809ba1880aded0,td_success,0,1
2026-06-20,UFC Fight Night: Kape vs. Horiguchi,Luana Santos,http://ufcstats.com/fight-details/b23a1a5d35eb438a,td_success,1,2
2026-06-20,UFC Fight Night: Kape vs. Horiguchi,Otari Tanzilovi,http://ufcstats.com/fight-details/9efa4de316b8bf43,td_success,1,5
2026-06-27,UFC Fight Night: Fiziev vs. Torres,Asu Almabayev,http://ufcstats.com/fight-details/81cde317c156723b,td_success,3,6
2026-06-27,UFC Fight Night: Fiziev vs. Torres,Ikram Aliskerov,http://ufcstats.com/fight-details/d83294b031502177,td_success,2,5
2026-06-27,UFC Fight Night: Fiziev vs. Torres,Farman Hasanov,http://ufcstats.com/fight-details/6a35ff33b8597904,td_success,9,17
2026-06-27,UFC Fight Night: Fiziev vs. Torres,Jean Matsumoto,http://ufcstats.com/fight-details/ae0a91c8f92f4758,td_success,1,2
2026-06-27,UFC Fight Night: Fiziev vs. Torres,Tahir Abdullayev,http://ufcstats.com/fight-details/f1cb2e7ef096ec7c,td_success,0,2
2026-07-11,UFC 329: McGregor vs. Holloway 2,Cory Sandhagen,http://ufcstats.com/fight-details/c572daedf2012a49,td_success,0,1
2026-07-11,UFC 329: McGregor vs. Holloway 2,Mario Bautista,http://ufcstats.com/fight-details/c572daedf2012a49,td_success,1,8
2026-07-11,UFC 329: McGregor vs. Holloway 2,Brandon Royval,http://ufcstats.com/fight-details/a3ab1979192b647c,td_success,1,3
2026-07-11,UFC 329: McGregor vs. Holloway 2,Farid Basharat,http://ufcstats.com/fight-details/9e00ee7644774e18,td_success,2,5
2026-07-18,UFC Fight Night: Du Plessis vs. Usman,Jared Cannonier,http://ufcstats.com/fight-details/4eff5a845db17572,td_success,1,5
2026-07-18,UFC Fight Night: Du Plessis vs. Usman,Tabatha Ricci,http://ufcstats.com/fight-details/52ddf20a10890b41,td_success,0,1
2026-07-18,UFC Fight Night: Du Plessis vs. Usman,Fatima Kline,http://ufcstats.com/fight-details/52ddf20a10890b41,td_success,3,7
2026-07-18,UFC Fight Night: Du Plessis vs. Usman,Austin Bashi,http://ufcstats.com/fight-details/3bd159c1bed14700,td_success,1,3
2026-07-18,UFC Fight Night: Du Plessis vs. Usman,Jose Delgado,http://ufcstats.com/fight-details/3bd159c1bed14700,td_success,0,1
2026-07-18,UFC Fight Night: Du Plessis vs. Usman,Jean-Paul Lebosnoyani,http://ufcstats.com/fight-details/f2eb569176e46edf,td_success,1,3
2026-07-18,UFC Fight Night: Du Plessis vs. Usman,Felipe Franco,http://ufcstats.com/fight-details/46d800ce45fdd3e6,td_success,2,3
2026-07-18,UFC Fight Night: Du Plessis vs. Usman,Ezra Elliott,http://ufcstats.com/fight-details/9e525f939fba3e73,td_success,4,12
2026-07-18,UFC Fight Night: Du Plessis vs. Usman,Alden Coria,http://ufcstats.com/fight-details/410e6b9e01660b35,td_success,0,3
2026-07-18,UFC Fight Night: Du Plessis vs. Usman,Stewart Nicoll,http://ufcstats.com/fight-details/410e6b9e01660b35,td_success,3,5
2026-07-25,UFC Fight Night: Ankalaev vs. Guskov,Magomed Ankalaev,http://ufcstats.com/fight-details/9009ec7b91f2be14,td_success,0,2
2026-07-25,UFC Fight Night: Ankalaev vs. Guskov,Magomed Zaynukov,http://ufcstats.com/fight-details/4ace64aa144389c5,td_success,0,2
2026-07-25,UFC Fight Night: Ankalaev vs. Guskov,Abubakar Vagaev,http://ufcstats.com/fight-details/61280e5644189c61,td_success,2,4
2026-07-25,UFC Fight Night: Ankalaev vs. Guskov,Saygid Izagakhmaev,http://ufcstats.com/fight-details/61280e5644189c61,td_success,0,2
2026-07-25,UFC Fight Night: Ankalaev vs. Guskov,Magomed Tuchalov,http://ufcstats.com/fight-details/3ac870d6e7d323b7,td_success,0,8
2026-07-25,UFC Fight Night: Ankalaev vs. Guskov,Nurullo Aliev,http://ufcstats.com/fight-details/3859314324918eeb,td_success,4,8
2026-07-25,UFC Fight Night: Ankalaev vs. Guskov,Abdul Hussein,http://ufcstats.com/fight-details/532340708f0500bd,td_success,0,1
2026-08-01,UFC Fight Night: Medic vs. Rodriguez,Mark Vologdin,http://ufcstats.com/fight-details/4350abb4f1933f88,td_success,2,3
2026-08-01,UFC Fight Night: Medic vs. Rodriguez,Bogdan Grad,http://ufcstats.com/fight-details/13aa6688d0538095,td_success,3,4
2026-08-08,UFC Fight Night: Gamrot vs. Salkilld,Diego Ferreira,http://ufcstats.com/fight-details/d5245f5b96b8afdf,td_success,1,4
2026-08-08,UFC Fight Night: Gamrot vs. Salkilld,Billy Quarantillo,http://ufcstats.com/fight-details/d5245f5b96b8afdf,td_success,0,1
2026-08-08,UFC Fight Night: Gamrot vs. Salkilld,Alexia Thainara,http://ufcstats.com/fight-details/13f31f7a784013a3,td_success,0,2
2026-08-08,UFC Fight Night: Gamrot vs. Salkilld,Manoel Sousa,http://ufcstats.com/fight-details/81ae2a465e0dfa4f,td_success,0,1
2026-08-08,UFC Fight Night: Gamrot vs. Salkilld,Juliana Miller,http://ufcstats.com/fight-details/d463229133909215,td_success,1,2
2026-08-08,UFC Fight Night: Gamrot vs. Salkilld,Gigi Canuto,http://ufcstats.com/fight-details/ded584e13276cbcb,td_success,0,4
2026-01-24,UFC 324: Gaethje vs. Pimblett,Justin Gaethje,http://ufcstats.com/fight-details/fa4b3f5ce8055921,td_atmp,0,3
2026-01-24,UFC 324: Gaethje vs. Pimblett,Paddy Pimblett,http://ufcstats.com/fight-details/fa4b3f5ce8055921,td_atmp,1,5
2026-01-24,UFC 324: Gaethje vs. Pimblett,Song Yadong,http://ufcstats.com/fight-details/007e8e0d4a39d82c,td_atmp,1,7
2026-01-24,UFC 324: Gaethje vs. Pimblett,Natalia Silva,http://ufcstats.com/fight-details/d63c9aa4f4873001,td_atmp,0,2
2026-01-24,UFC 324: Gaethje vs. Pimblett,Rose Namajunas,http://ufcstats.com/fight-details/d63c9aa4f4873001,td_atmp,1,5
2026-01-24,UFC 324: Gaethje vs. Pimblett,Jean Silva,http://ufcstats.com/fight-details/836a188a90e479a5,td_atmp,0,6
2026-01-24,UFC 324: Gaethje vs. Pimblett,Umar Nurmagomedov,http://ufcstats.com/fight-details/6c9f4799990c3c33,td_atmp,2,6
2026-01-31,UFC 325: Volkanovski vs. Lopes 2,Alexander Volkanovski,http://ufcstats.com/fight-details/b06b43670238c2d8,td_atmp,2,7
2026-01-31,UFC 325: Volkanovski vs. Lopes 2,Diego Lopes,http://ufcstats.com/fight-details/b06b43670238c2d8,td_atmp,0,5
2026-01-31,UFC 325: Volkanovski vs. Lopes 2,Dan Hooker,http://ufcstats.com/fight-details/a7ae8f6eb5fc3a79,td_atmp,0,1
2026-01-31,UFC 325: Volkanovski vs. Lopes 2,Benoit Saint Denis,http://ufcstats.com/fight-details/a7ae8f6eb5fc3a79,td_atmp,6,9
2026-01-31,UFC 325: Volkanovski vs. Lopes 2,Rafael Fiziev,http://ufcstats.com/fight-details/57d7a683b85bb87b,td_atmp,0,1
2026-01-31,UFC 325: Volkanovski vs. Lopes 2,Tallison Teixeira,http://ufcstats.com/fight-details/67765535bd0b6bdf,td_atmp,4,9
2026-01-31,UFC 325: Volkanovski vs. Lopes 2,Billy Elekana,http://ufcstats.com/fight-details/d94f1b32a81e3fa1,td_atmp,3,5
2026-01-31,UFC 325: Volkanovski vs. Lopes 2,Cody Brundage,http://ufcstats.com/fight-details/47362cae6ba0e077,td_atmp,0,1
2026-01-31,UFC 325: Volkanovski vs. Lopes 2,Jacob Malkoun,http://ufcstats.com/fight-details/0047f8aadca1936f,td_atmp,2,8
2026-01-31,UFC 325: Volkanovski vs. Lopes 2,Jonathan Micallef,http://ufcstats.com/fight-details/78912b78aa946375,td_atmp,0,1
2026-01-31,UFC 325: Volkanovski vs. Lopes 2,Kaan Ofli,http://ufcstats.com/fight-details/4c1e7e1765a5438a,td_atmp,2,7
2026-01-31,UFC 325: Volkanovski vs. Lopes 2,Yizha,http://ufcstats.com/fight-details/4c1e7e1765a5438a,td_atmp,0,3
2026-01-31,UFC 325: Volkanovski vs. Lopes 2,Sangwook Kim,http://ufcstats.com/fight-details/ad14c502c9c5a7e9,td_atmp,5,10
2026-01-31,UFC 325: Volkanovski vs. Lopes 2,Dom Mar Fan,http://ufcstats.com/fight-details/ad14c502c9c5a7e9,td_atmp,1,4
2026-01-31,UFC 325: Volkanovski vs. Lopes 2,Sebastian Szalay,http://ufcstats.com/fight-details/780bae82bdfc7112,td_atmp,0,1
2026-01-31,UFC 325: Volkanovski vs. Lopes 2,Lawrence Lui,http://ufcstats.com/fight-details/5c73e0013b859664,td_atmp,8,15
2026-02-07,UFC Fight Night: Bautista vs. Oliveira,Mario Bautista,http://ufcstats.com/fight-details/fb4b1754d510b0d0,td_atmp,2,7
2026-02-07,UFC Fight Night: Bautista vs. Oliveira,Vinicius Oliveira,http://ufcstats.com/fight-details/fb4b1754d510b0d0,td_atmp,0,1
2026-02-07,UFC Fight Night: Bautista vs. Oliveira,Amir Albazi,http://ufcstats.com/fight-details/dbbf8334a2600895,td_atmp,2,7
2026-02-07,UFC Fight Night: Bautista vs. Oliveira,Kyoji Horiguchi,http://ufcstats.com/fight-details/dbbf8334a2600895,td_atmp,1,2
2026-02-07,UFC Fight Night: Bautista vs. Oliveira,Jailton Almeida,http://ufcstats.com/fight-details/a5c5f76cf0a7c784,td_atmp,3,8
2026-02-07,UFC Fight Night: Bautista vs. Oliveira,Michal Oleksiejczuk,http://ufcstats.com/fight-details/8fea32ab0445859c,td_atmp,1,3
2026-02-07,UFC Fight Night: Bautista vs. Oliveira,Jean Matsumoto,http://ufcstats.com/fight-details/2a26c0cfa06265b7,td_atmp,2,11
2026-02-07,UFC Fight Night: Bautista vs. Oliveira,Farid Basharat,http://ufcstats.com/fight-details/2a26c0cfa06265b7,td_atmp,3,7
2026-02-07,UFC Fight Night: Bautista vs. Oliveira,Julius Walker,http://ufcstats.com/fight-details/6cca11f353a2b42d,td_atmp,6,7
2026-02-07,UFC Fight Night: Bautista vs. Oliveira,Bruna Brasil,http://ufcstats.com/fight-details/cc5c5a8cff4c1ae9,td_atmp,1,4
2026-02-07,UFC Fight Night: Bautista vs. Oliveira,Ketlen Souza,http://ufcstats.com/fight-details/cc5c5a8cff4c1ae9,td_atmp,3,8
2026-02-07,UFC Fight Night: Bautista vs. Oliveira,Javid Basharat,http://ufcstats.com/fight-details/86df0e75f41784d8,td_atmp,1,8
2026-02-07,UFC Fight Night: Bautista vs. Oliveira,Eduarda Moura,http://ufcstats.com/fight-details/84e8ccc3c97c2b4c,td_atmp,4,12
2026-02-07,UFC Fight Night: Bautista vs. Oliveira,Muin Gafurov,http://ufcstats.com/fight-details/9d30c887e8bd8824,td_atmp,2,5
2026-02-07,UFC Fight Night: Bautista vs. Oliveira,Klaudia Sygula,http://ufcstats.com/fight-details/2bbfbb234c255249,td_atmp,1,3
2026-02-07,UFC Fight Night: Bautista vs. Oliveira,Priscila Cachoeira,http://ufcstats.com/fight-details/2bbfbb234c255249,td_atmp,1,2
2026-02-21,UFC Fight Night: Strickland vs. Hernandez,Serghei Spivac,http://ufcstats.com/fight-details/04b7bcc0e8488604,td_atmp,0,4
2026-02-21,UFC Fight Night: Strickland vs. Hernandez,Zach Reese,http://ufcstats.com/fight-details/372d1dee0db8dbee,td_atmp,0,3
2026-02-21,UFC Fight Night: Strickland vs. Hernandez,Michel Pereira,http://ufcstats.com/fight-details/372d1dee0db8dbee,td_atmp,1,2
2026-02-21,UFC Fight Night: Strickland vs. Hernandez,Chidi Njokuani,http://ufcstats.com/fight-details/202d3277e569ad03,td_atmp,0,2
2026-02-21,UFC Fight Night: Strickland vs. Hernandez,Carlos Leal,http://ufcstats.com/fight-details/202d3277e569ad03,td_atmp,0,5
2026-02-21,UFC Fight Night: Strickland vs. Hernandez,Ode Osbourne,http://ufcstats.com/fight-details/7ffdaa44fc8d111b,td_atmp,0,1
2026-02-21,UFC Fight Night: Strickland vs. Hernandez,Alibi Idiris,http://ufcstats.com/fight-details/7ffdaa44fc8d111b,td_atmp,6,15
2026-02-21,UFC Fight Night: Strickland vs. Hernandez,Alden Coria,http://ufcstats.com/fight-details/ac39c1f00ae31e58,td_atmp,1,4
2026-02-21,UFC Fight Night: Strickland vs. Hernandez,Luis Gurule,http://ufcstats.com/fight-details/ac39c1f00ae31e58,td_atmp,0,3
2026-02-21,UFC Fight Night: Strickland vs. Hernandez,Joselyne Edwards,http://ufcstats.com/fight-details/fd56a469e4589ebc,td_atmp,2,4
2026-02-21,UFC Fight Night: Strickland vs. Hernandez,Ramiz Brahimaj,http://ufcstats.com/fight-details/8f9896e60047007f,td_atmp,1,11
2026-02-21,UFC Fight Night: Strickland vs. Hernandez,Punahele Soriano,http://ufcstats.com/fight-details/8f9896e60047007f,td_atmp,0,4
2026-02-21,UFC Fight Night: Strickland vs. Hernandez,Jean-Paul Lebosnoyani,http://ufcstats.com/fight-details/508e622130b0a84d,td_atmp,4,9
2026-02-21,UFC Fight Night: Strickland vs. Hernandez,Jordan Leavitt,http://ufcstats.com/fight-details/5b97f47cdd355cbe,td_atmp,4,8
2026-02-21,UFC Fight Night: Strickland vs. Hernandez,Juliana Miller,http://ufcstats.com/fight-details/6e78d874097a3d22,td_atmp,4,13
2026-02-28,UFC Fight Night: Moreno vs. Kavanagh,Brandon Moreno,http://ufcstats.com/fight-details/1330b5c21269fe92,td_atmp,0,8
2026-02-28,UFC Fight Night: Moreno vs. Kavanagh,Lone'er Kavanagh,http://ufcstats.com/fight-details/1330b5c21269fe92,td_atmp,0,1
2026-02-28,UFC Fight Night: Moreno vs. Kavanagh,David Martinez,http://ufcstats.com/fight-details/36d12b31957e94db,td_atmp,1,4
2026-02-28,UFC Fight Night: Moreno vs. Kavanagh,King Green,http://ufcstats.com/fight-details/81f3d28d30d17378,td_atmp,2,3
2026-02-28,UFC Fight Night: Moreno vs. Kavanagh,Felipe Bunes,http://ufcstats.com/fight-details/7df505d8260ba680,td_atmp,1,3
2026-02-28,UFC Fight Night: Moreno vs. Kavanagh,Imanol Rodriguez,http://ufcstats.com/fight-details/15068d7b095ca9bd,td_atmp,1,3
2026-02-28,UFC Fight Night: Moreno vs. Kavanagh,Santiago Luna,http://ufcstats.com/fight-details/3b76a00f5d0400eb,td_atmp,2,5
2026-02-28,UFC Fight Night: Moreno vs. Kavanagh,Angel Pacheco,http://ufcstats.com/fight-details/3b76a00f5d0400eb,td_atmp,0,1
2026-02-28,UFC Fight Night: Moreno vs. Kavanagh,Ailin Perez,http://ufcstats.com/fight-details/c40b934d2666e351,td_atmp,2,10
2026-02-28,UFC Fight Night: Moreno vs. Kavanagh,Macy Chiasson,http://ufcstats.com/fight-details/c40b934d2666e351,td_atmp,0,2
2026-02-28,UFC Fight Night: Moreno vs. Kavanagh,Cristian Quinonez,http://ufcstats.com/fight-details/25ab195cefbce1d0,td_atmp,3,10
2026-02-28,UFC Fight Night: Moreno vs. Kavanagh,Kris Moutinho,http://ufcstats.com/fight-details/25ab195cefbce1d0,td_atmp,0,2
2026-02-28,UFC Fight Night: Moreno vs. Kavanagh,Regina Tarin,http://ufcstats.com/fight-details/44d58943ac8e47e1,td_atmp,0,3
2026-02-28,UFC Fight Night: Moreno vs. Kavanagh,Ernesta Kareckaite,http://ufcstats.com/fight-details/44d58943ac8e47e1,td_atmp,0,2
2026-03-07,UFC 326: Holloway vs. Oliveira 2,Charles Oliveira,http://ufcstats.com/fight-details/f030febede41c661,td_atmp,1,13
2026-03-07,UFC 326: Holloway vs. Oliveira 2,Caio Borralho,http://ufcstats.com/fight-details/d564db29997e1371,td_atmp,0,1
2026-03-07,UFC 326: Holloway vs. Oliveira 2,Reinier de Ridder,http://ufcstats.com/fight-details/d564db29997e1371,td_atmp,5,8
2026-03-07,UFC 326: Holloway vs. Oliveira 2,Raul Rosas Jr.,http://ufcstats.com/fight-details/bed89a91da9d04c1,td_atmp,6,18
2026-03-07,UFC 326: Holloway vs. Oliveira 2,Cody Garbrandt,http://ufcstats.com/fight-details/ecd16d14a138d7fb,td_atmp,2,8
2026-03-07,UFC 326: Holloway vs. Oliveira 2,Xiao Long,http://ufcstats.com/fight-details/ecd16d14a138d7fb,td_atmp,0,2
2026-03-07,UFC 326: Holloway vs. Oliveira 2,Cody Brundage,http://ufcstats.com/fight-details/9c8d5dbd8905a715,td_atmp,2,7
2026-03-07,UFC 326: Holloway vs. Oliveira 2,Ricky Turcios,http://ufcstats.com/fight-details/6feb49a6b7e8433c,td_atmp,2,3
2026-03-07,UFC 326: Holloway vs. Oliveira 2,Cody Durden,http://ufcstats.com/fight-details/f661ef429055f8c1,td_atmp,6,8
2026-03-07,UFC 326: Holloway vs. Oliveira 2,Nyamjargal Tumendemberel,http://ufcstats.com/fight-details/f661ef429055f8c1,td_atmp,1,4
2026-03-07,UFC 326: Holloway vs. Oliveira 2,Sumudaerji,http://ufcstats.com/fight-details/a22fd3735819d858,td_atmp,1,5
2026-03-07,UFC 326: Holloway vs. Oliveira 2,Jesus Aguilar,http://ufcstats.com/fight-details/a22fd3735819d858,td_atmp,1,5
2026-03-07,UFC 326: Holloway vs. Oliveira 2,Rafael Tobias,http://ufcstats.com/fight-details/cc03e698c4b7da52,td_atmp,0,8
2026-03-07,UFC 326: Holloway vs. Oliveira 2,Diyar Nurgozhay,http://ufcstats.com/fight-details/cc03e698c4b7da52,td_atmp,0,1
2026-03-14,UFC Fight Night: Emmett vs. Vallejos,Amanda Lemos,http://ufcstats.com/fight-details/3b7b771b9578383d,td_atmp,0,1
2026-03-14,UFC Fight Night: Emmett vs. Vallejos,Gillian Robertson,http://ufcstats.com/fight-details/3b7b771b9578383d,td_atmp,2,7
2026-03-14,UFC Fight Night: Emmett vs. Vallejos,Andre Fili,http://ufcstats.com/fight-details/8bee5192baec71d8,td_atmp,1,6
2026-03-14,UFC Fight Night: Emmett vs. Vallejos,Jose Delgado,http://ufcstats.com/fight-details/8bee5192baec71d8,td_atmp,1,3
2026-03-14,UFC Fight Night: Emmett vs. Vallejos,Harry Hardwick,http://ufcstats.com/fight-details/e0acd0cf4930671b,td_atmp,0,1
2026-03-14,UFC Fight Night: Emmett vs. Vallejos,Charles Johnson,http://ufcstats.com/fight-details/fc9168fd102e2e66,td_atmp,2,6
2026-03-14,UFC Fight Night: Emmett vs. Vallejos,Bruno Silva,http://ufcstats.com/fight-details/fc9168fd102e2e66,td_atmp,2,8
2026-03-14,UFC Fight Night: Emmett vs. Vallejos,Myktybek Orolbai,http://ufcstats.com/fight-details/f26c0bdf7689aea2,td_atmp,8,24
2026-03-14,UFC Fight Night: Emmett vs. Vallejos,Vitor Petrino,http://ufcstats.com/fight-details/2c330a6f7f1e55f0,td_atmp,3,4
2026-03-14,UFC Fight Night: Emmett vs. Vallejos,SuYoung You,http://ufcstats.com/fight-details/f44b4e998b6829f6,td_atmp,7,8
2026-03-14,UFC Fight Night: Emmett vs. Vallejos,Bolaji Oki,http://ufcstats.com/fight-details/c769dd861357af9f,td_atmp,1,2
2026-03-14,UFC Fight Night: Emmett vs. Vallejos,Manoel Sousa,http://ufcstats.com/fight-details/c769dd861357af9f,td_atmp,0,3
2026-03-14,UFC Fight Night: Emmett vs. Vallejos,Brad Tavares,http://ufcstats.com/fight-details/cff81d681a01ae18,td_atmp,0,1
2026-03-14,UFC Fight Night: Emmett vs. Vallejos,Eryk Anders,http://ufcstats.com/fight-details/cff81d681a01ae18,td_atmp,4,9
2026-03-14,UFC Fight Night: Emmett vs. Vallejos,Luan Lacerda,http://ufcstats.com/fight-details/32d371462c539bee,td_atmp,3,11
2026-03-14,UFC Fight Night: Emmett vs. Vallejos,Piera Rodriguez,http://ufcstats.com/fight-details/244285b7fd0ddece,td_atmp,3,6
2026-03-14,UFC Fight Night: Emmett vs. Vallejos,Sam Hughes,http://ufcstats.com/fight-details/244285b7fd0ddece,td_atmp,4,7
2026-03-21,UFC Fight Night: Evloev vs. Murphy,Movsar Evloev,http://ufcstats.com/fight-details/346e3897c2ead99a,td_atmp,0,10
2026-03-21,UFC Fight Night: Evloev vs. Murphy,Michael Aswell Jr.,http://ufcstats.com/fight-details/fa534aaa5b997a69,td_atmp,0,1
2026-03-21,UFC Fight Night: Evloev vs. Murphy,Sam Patterson,http://ufcstats.com/fight-details/5ee11b727e89e8ad,td_atmp,0,2
2026-03-21,UFC Fight Night: Evloev vs. Murphy,Roman Dolidze,http://ufcstats.com/fight-details/562d916f55918901,td_atmp,2,4
2026-03-21,UFC Fight Night: Evloev vs. Murphy,Christian Leroy Duncan,http://ufcstats.com/fight-details/562d916f55918901,td_atmp,1,2
2026-03-21,UFC Fight Night: Evloev vs. Murphy,Axel Sola,http://ufcstats.com/fight-details/3ee578ddd071ad4c,td_atmp,4,7
2026-03-21,UFC Fight Night: Evloev vs. Murphy,Mario Pinto,http://ufcstats.com/fight-details/90187edeeda7e6d6,td_atmp,2,14
2026-03-21,UFC Fight Night: Evloev vs. Murphy,Felipe Franco,http://ufcstats.com/fight-details/90187edeeda7e6d6,td_atmp,0,1
2026-03-21,UFC Fight Night: Evloev vs. Murphy,Mantas Kondratavicius,http://ufcstats.com/fight-details/8817bd21b6d0a989,td_atmp,0,4
2026-03-21,UFC Fight Night: Evloev vs. Murphy,Antonio Trocoli,http://ufcstats.com/fight-details/8817bd21b6d0a989,td_atmp,1,12
2026-03-21,UFC Fight Night: Evloev vs. Murphy,Shem Rock,http://ufcstats.com/fight-details/bbe0f3653de9f6a8,td_atmp,1,6
2026-03-21,UFC Fight Night: Evloev vs. Murphy,Abdul-Kareem Al-Selwady,http://ufcstats.com/fight-details/bbe0f3653de9f6a8,td_atmp,1,4
2026-03-21,UFC Fight Night: Evloev vs. Murphy,Shanelle Dyer,http://ufcstats.com/fight-details/216bc9b661485017,td_atmp,0,1
2026-03-28,UFC Fight Night: Adesanya vs. Pyfer,Israel Adesanya,http://ufcstats.com/fight-details/85e94a6c071fd9fa,td_atmp,0,2
2026-03-28,UFC Fight Night: Adesanya vs. Pyfer,Joe Pyfer,http://ufcstats.com/fight-details/85e94a6c071fd9fa,td_atmp,4,8
2026-03-28,UFC Fight Night: Adesanya vs. Pyfer,Mansur Abdul-Malik,http://ufcstats.com/fight-details/e32dc26b11d1f81d,td_atmp,0,8
2026-03-28,UFC Fight Night: Adesanya vs. Pyfer,Ignacio Bahamondes,http://ufcstats.com/fight-details/fa96d6252579b51e,td_atmp,0,1
2026-03-28,UFC Fight Night: Adesanya vs. Pyfer,Tofiq Musayev,http://ufcstats.com/fight-details/fa96d6252579b51e,td_atmp,3,5
2026-03-28,UFC Fight Night: Adesanya vs. Pyfer,Marcin Tybura,http://ufcstats.com/fight-details/08d4e3864c44f8a5,td_atmp,0,1
2026-03-28,UFC Fight Night: Adesanya vs. Pyfer,Tyrell Fortune,http://ufcstats.com/fight-details/08d4e3864c44f8a5,td_atmp,2,5
2026-03-28,UFC Fight Night: Adesanya vs. Pyfer,Bruno Lopes,http://ufcstats.com/fight-details/dbf1ee1a1912c735,td_atmp,4,8
2026-03-28,UFC Fight Night: Adesanya vs. Pyfer,Ricky Simon,http://ufcstats.com/fight-details/a997593977ba8cad,td_atmp,1,5
2026-03-28,UFC Fight Night: Adesanya vs. Pyfer,Alexia Thainara,http://ufcstats.com/fight-details/796e1151896195aa,td_atmp,5,11
2026-03-28,UFC Fight Night: Adesanya vs. Pyfer,Bruna Brasil,http://ufcstats.com/fight-details/796e1151896195aa,td_atmp,0,1
2026-04-04,UFC Fight Night: Moicano vs. Duncan,Renato Moicano,http://ufcstats.com/fight-details/d69bd8e53ec858dc,td_atmp,2,4
2026-04-04,UFC Fight Night: Moicano vs. Duncan,Chris Duncan,http://ufcstats.com/fight-details/d69bd8e53ec858dc,td_atmp,1,2
2026-04-04,UFC Fight Night: Moicano vs. Duncan,Virna Jandiroba,http://ufcstats.com/fight-details/721642e7de112e9e,td_atmp,6,12
2026-04-04,UFC Fight Night: Moicano vs. Duncan,Tabatha Ricci,http://ufcstats.com/fight-details/721642e7de112e9e,td_atmp,1,2
2026-04-04,UFC Fight Night: Moicano vs. Duncan,Rafael Estevam,http://ufcstats.com/fight-details/fef80c98b2fba70c,td_atmp,4,8
2026-04-04,UFC Fight Night: Moicano vs. Duncan,Jose Delano,http://ufcstats.com/fight-details/7924f10aac3543de,td_atmp,1,5
2026-04-04,UFC Fight Night: Moicano vs. Duncan,Robert Ruchala,http://ufcstats.com/fight-details/7924f10aac3543de,td_atmp,1,3
2026-04-04,UFC Fight Night: Moicano vs. Duncan,Thomas Petersen,http://ufcstats.com/fight-details/0760bc02280574dd,td_atmp,3,5
2026-04-04,UFC Fight Night: Moicano vs. Duncan,Alessandro Costa,http://ufcstats.com/fight-details/af2a9d47ca8115e4,td_atmp,0,3
2026-04-04,UFC Fight Night: Moicano vs. Duncan,Stewart Nicoll,http://ufcstats.com/fight-details/af2a9d47ca8115e4,td_atmp,1,5
2026-04-04,UFC Fight Night: Moicano vs. Duncan,Lando Vannata,http://ufcstats.com/fight-details/9c9c26679701b84d,td_atmp,6,7
2026-04-04,UFC Fight Night: Moicano vs. Duncan,Darrius Flowers,http://ufcstats.com/fight-details/9c9c26679701b84d,td_atmp,1,2
2026-04-04,UFC Fight Night: Moicano vs. Duncan,Hailey Cowan,http://ufcstats.com/fight-details/74bb036ef0493bf7,td_atmp,2,3
2026-04-04,UFC Fight Night: Moicano vs. Duncan,Azamat Bekoev,http://ufcstats.com/fight-details/e284a194fb4648a9,td_atmp,1,5
2026-04-04,UFC Fight Night: Moicano vs. Duncan,Tresean Gore,http://ufcstats.com/fight-details/e284a194fb4648a9,td_atmp,1,3
2026-04-04,UFC Fight Night: Moicano vs. Duncan,Dione Barbosa,http://ufcstats.com/fight-details/caf13346cbcfdb03,td_atmp,3,6
2026-04-04,UFC Fight Night: Moicano vs. Duncan,Melissa Gatto,http://ufcstats.com/fight-details/caf13346cbcfdb03,td_atmp,5,12
2026-04-04,UFC Fight Night: Moicano vs. Duncan,Kai Kamaka III,http://ufcstats.com/fight-details/a5a749aa0061fdb4,td_atmp,0,1
2026-04-04,UFC Fight Night: Moicano vs. Duncan,Dakota Hope,http://ufcstats.com/fight-details/a5a749aa0061fdb4,td_atmp,0,3
2026-04-11,UFC 327: Prochazka vs. Ulberg,Azamat Murzakanov,http://ufcstats.com/fight-details/aade9d76ac6c6aef,td_atmp,0,2
2026-04-11,UFC 327: Prochazka vs. Ulberg,Paulo Costa,http://ufcstats.com/fight-details/aade9d76ac6c6aef,td_atmp,0,1
2026-04-11,UFC 327: Prochazka vs. Ulberg,Curtis Blaydes,http://ufcstats.com/fight-details/903552edaba48f4a,td_atmp,4,7
2026-04-11,UFC 327: Prochazka vs. Ulberg,Johnny Walker,http://ufcstats.com/fight-details/c4d060cff018979a,td_atmp,0,1
2026-04-11,UFC 327: Prochazka vs. Ulberg,Aaron Pico,http://ufcstats.com/fight-details/10ab34056720b6b4,td_atmp,4,13
2026-04-11,UFC 327: Prochazka vs. Ulberg,Kevin Holland,http://ufcstats.com/fight-details/b4e16fb13153efdc,td_atmp,0,3
2026-04-11,UFC 327: Prochazka vs. Ulberg,Randy Brown,http://ufcstats.com/fight-details/b4e16fb13153efdc,td_atmp,0,4
2026-04-11,UFC 327: Prochazka vs. Ulberg,Mateusz Gamrot,http://ufcstats.com/fight-details/62b5ce408c150fa8,td_atmp,3,6
2026-04-11,UFC 327: Prochazka vs. Ulberg,Tatiana Suarez,http://ufcstats.com/fight-details/f506977877074aa6,td_atmp,1,3
2026-04-11,UFC 327: Prochazka vs. Ulberg,Chris Padilla,http://ufcstats.com/fight-details/81d20c833e9a76eb,td_atmp,1,4
2026-04-11,UFC 327: Prochazka vs. Ulberg,MarQuel Mederos,http://ufcstats.com/fight-details/81d20c833e9a76eb,td_atmp,3,6
2026-04-11,UFC 327: Prochazka vs. Ulberg,Charles Radtke,http://ufcstats.com/fight-details/5b49c3d36907c6df,td_atmp,2,5
2026-04-18,UFC Fight Night: Burns vs. Malott,Gilbert Burns,http://ufcstats.com/fight-details/32054bf2b36b0e47,td_atmp,4,7
2026-04-18,UFC Fight Night: Burns vs. Malott,Kyler Phillips,http://ufcstats.com/fight-details/b5299e5b946015e5,td_atmp,4,13
2026-04-18,UFC Fight Night: Burns vs. Malott,Charles Jourdain,http://ufcstats.com/fight-details/b5299e5b946015e5,td_atmp,0,4
2026-04-18,UFC Fight Night: Burns vs. Malott,Jasmine Jasudavicius,http://ufcstats.com/fight-details/5a209522211d7530,td_atmp,2,5
2026-04-18,UFC Fight Night: Burns vs. Malott,Thiago Moises,http://ufcstats.com/fight-details/a661c0bee7c8d5af,td_atmp,6,15
2026-04-18,UFC Fight Night: Burns vs. Malott,Tanner Boser,http://ufcstats.com/fight-details/85c7a0f44aa3e10a,td_atmp,0,1
2026-04-18,UFC Fight Night: Burns vs. Malott,Melissa Croden,http://ufcstats.com/fight-details/bae4de7ef8c0769e,td_atmp,2,8
2026-04-18,UFC Fight Night: Burns vs. Malott,JJ Aldrich,http://ufcstats.com/fight-details/0b6c13ab8ad7f82b,td_atmp,1,2
2026-04-18,UFC Fight Night: Burns vs. Malott,Mark Vologdin,http://ufcstats.com/fight-details/552f7cdaf93e1055,td_atmp,0,6
2026-04-25,UFC Fight Night: Sterling vs. Zalal,Aljamain Sterling,http://ufcstats.com/fight-details/f524e42c36028de0,td_atmp,2,11
2026-04-25,UFC Fight Night: Sterling vs. Zalal,Joselyne Edwards,http://ufcstats.com/fight-details/cb745968bd16bf56,td_atmp,2,3
2026-04-25,UFC Fight Night: Sterling vs. Zalal,Rafa Garcia,http://ufcstats.com/fight-details/84951374e4cdc679,td_atmp,2,7
2026-04-25,UFC Fight Night: Sterling vs. Zalal,Adrian Luna Martinetti,http://ufcstats.com/fight-details/f5aff2f858311fbc,td_atmp,1,5
2026-04-25,UFC Fight Night: Sterling vs. Zalal,Raoni Barcelos,http://ufcstats.com/fight-details/348de8e364ecf041,td_atmp,4,18
2026-04-25,UFC Fight Night: Sterling vs. Zalal,Marcus Buchecha,http://ufcstats.com/fight-details/7e551ddb1494a45f,td_atmp,6,7
2026-04-25,UFC Fight Night: Sterling vs. Zalal,Rodolfo Vieira,http://ufcstats.com/fight-details/67f24cf244134661,td_atmp,9,15
2026-04-25,UFC Fight Night: Sterling vs. Zalal,Michelle Montague,http://ufcstats.com/fight-details/dcfd594b68ff5ae1,td_atmp,1,6
2026-04-25,UFC Fight Night: Sterling vs. Zalal,Jafel Filho,http://ufcstats.com/fight-details/d421f3cd158fd055,td_atmp,1,3
2026-04-25,UFC Fight Night: Sterling vs. Zalal,Cody Durden,http://ufcstats.com/fight-details/d421f3cd158fd055,td_atmp,2,5
2026-04-25,UFC Fight Night: Sterling vs. Zalal,Francis Marshall,http://ufcstats.com/fight-details/c7fb90f1355291e4,td_atmp,1,3
2026-04-25,UFC Fight Night: Sterling vs. Zalal,Lucas Brennan,http://ufcstats.com/fight-details/c7fb90f1355291e4,td_atmp,2,6
2026-04-25,UFC Fight Night: Sterling vs. Zalal,Max Griffin,http://ufcstats.com/fight-details/2e7f8d0ad385876d,td_atmp,1,9
2026-04-25,UFC Fight Night: Sterling vs. Zalal,Victor Valenzuela,http://ufcstats.com/fight-details/2e7f8d0ad385876d,td_atmp,1,2
2026-04-25,UFC Fight Night: Sterling vs. Zalal,Talita Alencar,http://ufcstats.com/fight-details/0df4f4ac27cf2d26,td_atmp,2,5
2026-05-02,UFC Fight Night: Della Maddalena vs. Prates,Jack Della Maddalena,http://ufcstats.com/fight-details/eb6d9fef6c374830,td_atmp,1,5
2026-05-02,UFC Fight Night: Della Maddalena vs. Prates,Tim Elliott,http://ufcstats.com/fight-details/afec383a96893ec5,td_atmp,3,11
2026-05-02,UFC Fight Night: Della Maddalena vs. Prates,Steve Erceg,http://ufcstats.com/fight-details/afec383a96893ec5,td_atmp,0,3
2026-05-02,UFC Fight Night: Della Maddalena vs. Prates,Louie Sutherland,http://ufcstats.com/fight-details/2afaa97901d5587c,td_atmp,4,11
2026-05-02,UFC Fight Night: Della Maddalena vs. Prates,Cam Rowston,http://ufcstats.com/fight-details/46181797eb543a0b,td_atmp,3,7
2026-05-02,UFC Fight Night: Della Maddalena vs. Prates,Jacob Malkoun,http://ufcstats.com/fight-details/edff38661bf2866b,td_atmp,1,3
2026-05-02,UFC Fight Night: Della Maddalena vs. Prates,Gerald Meerschaert,http://ufcstats.com/fight-details/edff38661bf2866b,td_atmp,0,3
2026-05-02,UFC Fight Night: Della Maddalena vs. Prates,Colby Thicknesse,http://ufcstats.com/fight-details/00bde62cac38e5e9,td_atmp,2,6
2026-05-02,UFC Fight Night: Della Maddalena vs. Prates,Vince Morales,http://ufcstats.com/fight-details/00bde62cac38e5e9,td_atmp,1,2
2026-05-02,UFC Fight Night: Della Maddalena vs. Prates,Ben Johnston,http://ufcstats.com/fight-details/827c64369b374989,td_atmp,0,2
2026-05-02,UFC Fight Night: Della Maddalena vs. Prates,Jonathan Micallef,http://ufcstats.com/fight-details/7ac4ae301ed699ab,td_atmp,1,4
2026-05-02,UFC Fight Night: Della Maddalena vs. Prates,Themba Gorimbo,http://ufcstats.com/fight-details/7ac4ae301ed699ab,td_atmp,0,5
2026-05-09,UFC 328: Chimaev vs. Strickland,Khamzat Chimaev,http://ufcstats.com/fight-details/70f1621080b3435c,td_atmp,2,13
2026-05-09,UFC 328: Chimaev vs. Strickland,Sean Strickland,http://ufcstats.com/fight-details/70f1621080b3435c,td_atmp,0,1
2026-05-09,UFC 328: Chimaev vs. Strickland,Joshua Van,http://ufcstats.com/fight-details/c85b530861145935,td_atmp,0,2
2026-05-09,UFC 328: Chimaev vs. Strickland,Tatsuro Taira,http://ufcstats.com/fight-details/c85b530861145935,td_atmp,5,21
2026-05-09,UFC 328: Chimaev vs. Strickland,Alexander Volkov,http://ufcstats.com/fight-details/22ba4f1b0aafbf82,td_atmp,0,1
2026-05-09,UFC 328: Chimaev vs. Strickland,Waldo Cortes Acosta,http://ufcstats.com/fight-details/22ba4f1b0aafbf82,td_atmp,0,1
2026-05-09,UFC 328: Chimaev vs. Strickland,Sean Brady,http://ufcstats.com/fight-details/845b8653f9cf839c,td_atmp,3,10
2026-05-09,UFC 328: Chimaev vs. Strickland,Yaroslav Amosov,http://ufcstats.com/fight-details/f88dc6e0c29cff1d,td_atmp,9,11
2026-05-09,UFC 328: Chimaev vs. Strickland,Grant Dawson,http://ufcstats.com/fight-details/ffcb47e17eebe6a6,td_atmp,0,3
2026-05-09,UFC 328: Chimaev vs. Strickland,Mateusz Rebecki,http://ufcstats.com/fight-details/ffcb47e17eebe6a6,td_atmp,2,5
2026-05-09,UFC 328: Chimaev vs. Strickland,Roman Kopylov,http://ufcstats.com/fight-details/9d35723a53749931,td_atmp,0,1
2026-05-09,UFC 328: Chimaev vs. Strickland,Pat Sabatini,http://ufcstats.com/fight-details/303018d7459323b4,td_atmp,6,20
2026-05-09,UFC 328: Chimaev vs. Strickland,Baisangur Susurkaev,http://ufcstats.com/fight-details/1f5d0b106385b2ac,td_atmp,1,5
2026-05-09,UFC 328: Chimaev vs. Strickland,Djorden Santos,http://ufcstats.com/fight-details/1f5d0b106385b2ac,td_atmp,0,1
2026-05-09,UFC 328: Chimaev vs. Strickland,Clayton Carpenter,http://ufcstats.com/fight-details/e92d89cb2d69235e,td_atmp,3,7
2026-05-16,UFC Fight Night: Allen vs. Costa,Arnold Allen,http://ufcstats.com/fight-details/e4aa608124896794,td_atmp,2,7
2026-05-16,UFC Fight Night: Allen vs. Costa,Melquizael Costa,http://ufcstats.com/fight-details/e4aa608124896794,td_atmp,2,4
2026-05-16,UFC Fight Night: Allen vs. Costa,Daniel Santos,http://ufcstats.com/fight-details/fc1266e2892ed111,td_atmp,4,6
2026-05-16,UFC Fight Night: Allen vs. Costa,Juan Diaz,http://ufcstats.com/fight-details/ecb7ff543dd41bf8,td_atmp,4,8
2026-05-16,UFC Fight Night: Allen vs. Costa,Christian Edwards,http://ufcstats.com/fight-details/57bd683efc797fc1,td_atmp,2,4
2026-05-16,UFC Fight Night: Allen vs. Costa,Benardo Sopaj,http://ufcstats.com/fight-details/a6ec8573a9d38c51,td_atmp,2,3
2026-05-16,UFC Fight Night: Allen vs. Costa,Tuco Tokkos,http://ufcstats.com/fight-details/6242cda790f2085d,td_atmp,3,6
2026-05-16,UFC Fight Night: Allen vs. Costa,Ivan Erslan,http://ufcstats.com/fight-details/6242cda790f2085d,td_atmp,0,3
2026-05-16,UFC Fight Night: Allen vs. Costa,Tommy Gantt,http://ufcstats.com/fight-details/c9e0aa88afb81dab,td_atmp,11,17
2026-05-16,UFC Fight Night: Allen vs. Costa,Artur Minev,http://ufcstats.com/fight-details/c9e0aa88afb81dab,td_atmp,0,1
2026-05-16,UFC Fight Night: Allen vs. Costa,Ketlen Vieira,http://ufcstats.com/fight-details/5f7111b982bcf6e3,td_atmp,0,4
2026-05-16,UFC Fight Night: Allen vs. Costa,Alice Ardelean,http://ufcstats.com/fight-details/b98ead4eff6bf872,td_atmp,0,1
2026-05-16,UFC Fight Night: Allen vs. Costa,Daniel Barez,http://ufcstats.com/fight-details/b482d4452e4d0eee,td_atmp,2,3
2026-05-16,UFC Fight Night: Allen vs. Costa,Luis Gurule,http://ufcstats.com/fight-details/b482d4452e4d0eee,td_atmp,1,5
2026-05-16,UFC Fight Night: Allen vs. Costa,Shauna Bannon,http://ufcstats.com/fight-details/39417b7d07c2fd83,td_atmp,0,1
2026-05-16,UFC Fight Night: Allen vs. Costa,Nicolle Caliari,http://ufcstats.com/fight-details/39417b7d07c2fd83,td_atmp,2,9
2026-05-30,UFC Fight Night: Song vs. Figueiredo,Song Yadong,http://ufcstats.com/fight-details/423f32dd018ac218,td_atmp,0,1
2026-05-30,UFC Fight Night: Song vs. Figueiredo,Deiveson Figueiredo,http://ufcstats.com/fight-details/423f32dd018ac218,td_atmp,2,4
2026-05-30,UFC Fight Night: Song vs. Figueiredo,Carlston Harris,http://ufcstats.com/fight-details/c1c9dfd0c0952f18,td_atmp,2,3
2026-05-30,UFC Fight Night: Song vs. Figueiredo,Alex Perez,http://ufcstats.com/fight-details/7e8749cbf32ef1f8,td_atmp,1,2
2026-05-30,UFC Fight Night: Song vs. Figueiredo,Cody Haddon,http://ufcstats.com/fight-details/3bc0190fb17ba42f,td_atmp,3,6
2026-05-30,UFC Fight Night: Song vs. Figueiredo,Angela Hill,http://ufcstats.com/fight-details/3f719885c9916e06,td_atmp,1,4
2026-06-06,UFC Fight Night: Muhammad vs. Bonfim,Belal Muhammad,http://ufcstats.com/fight-details/5c69b019e6deee41,td_atmp,0,2
2026-06-06,UFC Fight Night: Muhammad vs. Bonfim,Gabriel Bonfim,http://ufcstats.com/fight-details/5c69b019e6deee41,td_atmp,0,1
2026-06-06,UFC Fight Night: Muhammad vs. Bonfim,Brendan Allen,http://ufcstats.com/fight-details/419fff06f338f5c6,td_atmp,2,4
2026-06-06,UFC Fight Night: Muhammad vs. Bonfim,Edmen Shahbazyan,http://ufcstats.com/fight-details/419fff06f338f5c6,td_atmp,0,1
2026-06-06,UFC Fight Night: Muhammad vs. Bonfim,Fares Ziam,http://ufcstats.com/fight-details/58ffa2dac4f2e7d0,td_atmp,2,5
2026-06-06,UFC Fight Night: Muhammad vs. Bonfim,Tom Nolan,http://ufcstats.com/fight-details/58ffa2dac4f2e7d0,td_atmp,2,6
2026-06-06,UFC Fight Night: Muhammad vs. Bonfim,Bryce Mitchell,http://ufcstats.com/fight-details/c47796e11a801e12,td_atmp,1,5
2026-06-06,UFC Fight Night: Muhammad vs. Bonfim,Marcus McGhee,http://ufcstats.com/fight-details/90940d93d6e0998f,td_atmp,0,2
2026-06-06,UFC Fight Night: Muhammad vs. Bonfim,Jeisla Chaves,http://ufcstats.com/fight-details/a6b211d8dab5edec,td_atmp,0,6
2026-06-06,UFC Fight Night: Muhammad vs. Bonfim,Yuneisy Duben,http://ufcstats.com/fight-details/a6b211d8dab5edec,td_atmp,2,4
2026-06-14,UFC Freedom 250,Ilia Topuria,http://ufcstats.com/fight-details/7208e40818401e88,td_atmp,0,3
2026-06-14,UFC Freedom 250,Justin Gaethje,http://ufcstats.com/fight-details/7208e40818401e88,td_atmp,3,5
2026-06-14,UFC Freedom 250,Ciryl Gane,http://ufcstats.com/fight-details/5727d5be8c373346,td_atmp,1,2
2026-06-14,UFC Freedom 250,Josh Hokit,http://ufcstats.com/fight-details/30cdb851f6c63444,td_atmp,2,3
2026-06-14,UFC Freedom 250,Derrick Lewis,http://ufcstats.com/fight-details/30cdb851f6c63444,td_atmp,0,1
2026-06-20,UFC Fight Night: Kape vs. Horiguchi,Kyoji Horiguchi,http://ufcstats.com/fight-details/33afdd7ad43a2756,td_atmp,3,5
2026-06-20,UFC Fight Night: Kape vs. Horiguchi,Ion Cutelaba,http://ufcstats.com/fight-details/afc021700481ac4e,td_atmp,2,7
2026-06-20,UFC Fight Night: Kape vs. Horiguchi,Navajo Stirling,http://ufcstats.com/fight-details/afc021700481ac4e,td_atmp,0,1
2026-06-20,UFC Fight Night: Kape vs. Horiguchi,Andre Fili,http://ufcstats.com/fight-details/571a3eabff5c7ba7,td_atmp,0,1
2026-06-20,UFC Fight Night: Kape vs. Horiguchi,Andre Lima,http://ufcstats.com/fight-details/17d31249c9ab18af,td_atmp,0,2
2026-06-20,UFC Fight Night: Kape vs. Horiguchi,Kevin Borjas,http://ufcstats.com/fight-details/17d31249c9ab18af,td_atmp,0,1
2026-06-20,UFC Fight Night: Kape vs. Horiguchi,Allan Nascimento,http://ufcstats.com/fight-details/3b4803afa824fea3,td_atmp,3,4
2026-06-20,UFC Fight Night: Kape vs. Horiguchi,Mitch Raposo,http://ufcstats.com/fight-details/3b4803afa824fea3,td_atmp,0,1
2026-06-20,UFC Fight Night: Kape vs. Horiguchi,Gaston Bolanos,http://ufcstats.com/fight-details/8b809ba1880aded0,td_atmp,0,2
2026-06-20,UFC Fight Night: Kape vs. Horiguchi,Michael Aswell Jr.,http://ufcstats.com/fight-details/8b809ba1880aded0,td_atmp,1,3
2026-06-20,UFC Fight Night: Kape vs. Horiguchi,Luana Santos,http://ufcstats.com/fight-details/b23a1a5d35eb438a,td_atmp,5,10
2026-06-20,UFC Fight Night: Kape vs. Horiguchi,Shane Collins,http://ufcstats.com/fight-details/9efa4de316b8bf43,td_atmp,2,6
2026-06-20,UFC Fight Night: Kape vs. Horiguchi,Otari Tanzilovi,http://ufcstats.com/fight-details/9efa4de316b8bf43,td_atmp,1,9
2026-06-27,UFC Fight Night: Fiziev vs. Torres,Michel Pereira,http://ufcstats.com/fight-details/012c307c9d446c4d,td_atmp,0,2
2026-06-27,UFC Fight Night: Fiziev vs. Torres,Asu Almabayev,http://ufcstats.com/fight-details/81cde317c156723b,td_atmp,4,9
2026-06-27,UFC Fight Night: Fiziev vs. Torres,Ikram Aliskerov,http://ufcstats.com/fight-details/d83294b031502177,td_atmp,3,6
2026-06-27,UFC Fight Night: Fiziev vs. Torres,Brunno Ferreira,http://ufcstats.com/fight-details/d83294b031502177,td_atmp,0,1
2026-06-27,UFC Fight Night: Fiziev vs. Torres,Farman Hasanov,http://ufcstats.com/fight-details/6a35ff33b8597904,td_atmp,12,27
2026-06-27,UFC Fight Night: Fiziev vs. Torres,Jean Matsumoto,http://ufcstats.com/fight-details/ae0a91c8f92f4758,td_atmp,4,10
2026-06-27,UFC Fight Night: Fiziev vs. Torres,Tahir Abdullayev,http://ufcstats.com/fight-details/f1cb2e7ef096ec7c,td_atmp,1,6
2026-07-11,UFC 329: McGregor vs. Holloway 2,Cory Sandhagen,http://ufcstats.com/fight-details/c572daedf2012a49,td_atmp,2,4
2026-07-11,UFC 329: McGregor vs. Holloway 2,Mario Bautista,http://ufcstats.com/fight-details/c572daedf2012a49,td_atmp,4,20
2026-07-11,UFC 329: McGregor vs. Holloway 2,Brandon Royval,http://ufcstats.com/fight-details/a3ab1979192b647c,td_atmp,2,6
2026-07-11,UFC 329: McGregor vs. Holloway 2,Lone'er Kavanagh,http://ufcstats.com/fight-details/a3ab1979192b647c,td_atmp,1,2
2026-07-11,UFC 329: McGregor vs. Holloway 2,Nikita Krylov,http://ufcstats.com/fight-details/7765e5e779dd7dc9,td_atmp,5,6
2026-07-11,UFC 329: McGregor vs. Holloway 2,Tracy Cortez,http://ufcstats.com/fight-details/e84c3f1f9a33fa90,td_atmp,4,9
2026-07-11,UFC 329: McGregor vs. Holloway 2,Farid Basharat,http://ufcstats.com/fight-details/9e00ee7644774e18,td_atmp,4,22
2026-07-18,UFC Fight Night: Du Plessis vs. Usman,Dricus Du Plessis,http://ufcstats.com/fight-details/701c97405da76603,td_atmp,0,2
2026-07-18,UFC Fight Night: Du Plessis vs. Usman,Kamaru Usman,http://ufcstats.com/fight-details/701c97405da76603,td_atmp,1,7
2026-07-18,UFC Fight Night: Du Plessis vs. Usman,Jared Cannonier,http://ufcstats.com/fight-details/4eff5a845db17572,td_atmp,3,8
2026-07-18,UFC Fight Night: Du Plessis vs. Usman,Christian Leroy Duncan,http://ufcstats.com/fight-details/4eff5a845db17572,td_atmp,1,3
2026-07-18,UFC Fight Night: Du Plessis vs. Usman,Tabatha Ricci,http://ufcstats.com/fight-details/52ddf20a10890b41,td_atmp,3,8
2026-07-18,UFC Fight Night: Du Plessis vs. Usman,Fatima Kline,http://ufcstats.com/fight-details/52ddf20a10890b41,td_atmp,3,9
2026-07-18,UFC Fight Night: Du Plessis vs. Usman,Austin Bashi,http://ufcstats.com/fight-details/3bd159c1bed14700,td_atmp,6,14
2026-07-18,UFC Fight Night: Du Plessis vs. Usman,Jose Delgado,http://ufcstats.com/fight-details/3bd159c1bed14700,td_atmp,0,3
2026-07-18,UFC Fight Night: Du Plessis vs. Usman,Jean-Paul Lebosnoyani,http://ufcstats.com/fight-details/f2eb569176e46edf,td_atmp,1,4
2026-07-18,UFC Fight Night: Du Plessis vs. Usman,Seokhyeon Ko,http://ufcstats.com/fight-details/f2eb569176e46edf,td_atmp,2,4
2026-07-18,UFC Fight Night: Du Plessis vs. Usman,Felipe Franco,http://ufcstats.com/fight-details/46d800ce45fdd3e6,td_atmp,4,6
2026-07-18,UFC Fight Night: Du Plessis vs. Usman,Ezra Elliott,http://ufcstats.com/fight-details/9e525f939fba3e73,td_atmp,7,18
2026-07-18,UFC Fight Night: Du Plessis vs. Usman,Damien Anderson,http://ufcstats.com/fight-details/9e525f939fba3e73,td_atmp,1,2
2026-07-18,UFC Fight Night: Du Plessis vs. Usman,Alden Coria,http://ufcstats.com/fight-details/410e6b9e01660b35,td_atmp,1,5
2026-07-18,UFC Fight Night: Du Plessis vs. Usman,Stewart Nicoll,http://ufcstats.com/fight-details/410e6b9e01660b35,td_atmp,4,9
2026-07-25,UFC Fight Night: Ankalaev vs. Guskov,Magomed Ankalaev,http://ufcstats.com/fight-details/9009ec7b91f2be14,td_atmp,1,4
2026-07-25,UFC Fight Night: Ankalaev vs. Guskov,Magomed Zaynukov,http://ufcstats.com/fight-details/4ace64aa144389c5,td_atmp,1,6
2026-07-25,UFC Fight Night: Ankalaev vs. Guskov,Damian Rzepecki,http://ufcstats.com/fight-details/4ace64aa144389c5,td_atmp,1,7
2026-07-25,UFC Fight Night: Ankalaev vs. Guskov,Tyrell Fortune,http://ufcstats.com/fight-details/5ffb251c6ea48b65,td_atmp,0,2
2026-07-25,UFC Fight Night: Ankalaev vs. Guskov,Abubakar Vagaev,http://ufcstats.com/fight-details/61280e5644189c61,td_atmp,4,10
2026-07-25,UFC Fight Night: Ankalaev vs. Guskov,Saygid Izagakhmaev,http://ufcstats.com/fight-details/61280e5644189c61,td_atmp,1,7
2026-07-25,UFC Fight Night: Ankalaev vs. Guskov,Magomed Tuchalov,http://ufcstats.com/fight-details/3ac870d6e7d323b7,td_atmp,1,14
2026-07-25,UFC Fight Night: Ankalaev vs. Guskov,Brendson Ribeiro,http://ufcstats.com/fight-details/3ac870d6e7d323b7,td_atmp,0,1
2026-07-25,UFC Fight Night: Ankalaev vs. Guskov,Nurullo Aliev,http://ufcstats.com/fight-details/3859314324918eeb,td_atmp,5,13
2026-07-25,UFC Fight Night: Ankalaev vs. Guskov,Abdul Hussein,http://ufcstats.com/fight-details/532340708f0500bd,td_atmp,1,2
2026-08-01,UFC Fight Night: Medic vs. Rodriguez,Marcin Tybura,http://ufcstats.com/fight-details/eb8753ed0476b3d1,td_atmp,1,2
2026-08-01,UFC Fight Night: Medic vs. Rodriguez,Ludovit Klein,http://ufcstats.com/fight-details/fbd99ae7e1ff993a,td_atmp,0,1
2026-08-01,UFC Fight Night: Medic vs. Rodriguez,Mark Vologdin,http://ufcstats.com/fight-details/4350abb4f1933f88,td_atmp,2,8
2026-08-01,UFC Fight Night: Medic vs. Rodriguez,Bogdan Grad,http://ufcstats.com/fight-details/13aa6688d0538095,td_atmp,6,12
2026-08-08,UFC Fight Night: Gamrot vs. Salkilld,Diego Ferreira,http://ufcstats.com/fight-details/d5245f5b96b8afdf,td_atmp,1,9
2026-08-08,UFC Fight Night: Gamrot vs. Salkilld,Billy Quarantillo,http://ufcstats.com/fight-details/d5245f5b96b8afdf,td_atmp,1,3
2026-08-08,UFC Fight Night: Gamrot vs. Salkilld,Amanda Lemos,http://ufcstats.com/fight-details/13f31f7a784013a3,td_atmp,1,2
2026-08-08,UFC Fight Night: Gamrot vs. Salkilld,Alexia Thainara,http://ufcstats.com/fight-details/13f31f7a784013a3,td_atmp,3,6
2026-08-08,UFC Fight Night: Gamrot vs. Salkilld,Steven Asplund,http://ufcstats.com/fight-details/3050549d19395f6f,td_atmp,0,1
2026-08-08,UFC Fight Night: Gamrot vs. Salkilld,Manoel Sousa,http://ufcstats.com/fight-details/81ae2a465e0dfa4f,td_atmp,0,1
2026-08-08,UFC Fight Night: Gamrot vs. Salkilld,Richie Miranda,http://ufcstats.com/fight-details/81ae2a465e0dfa4f,td_atmp,1,9
2026-08-08,UFC Fight Night: Gamrot vs. Salkilld,Juliana Miller,http://ufcstats.com/fight-details/d463229133909215,td_atmp,2,4
2026-08-08,UFC Fight Night: Gamrot vs. Salkilld,Gigi Canuto,http://ufcstats.com/fight-details/ded584e13276cbcb,td_atmp,1,7
2026-01-31,UFC 325: Volkanovski vs. Lopes 2,Alexander Volkanovski,http://ufcstats.com/fight-details/b06b43670238c2d8,sub_att,0,1
2026-01-31,UFC 325: Volkanovski vs. Lopes 2,Dan Hooker,http://ufcstats.com/fight-details/a7ae8f6eb5fc3a79,sub_att,1,2
2026-01-31,UFC 325: Volkanovski vs. Lopes 2,Benoit Saint Denis,http://ufcstats.com/fight-details/a7ae8f6eb5fc3a79,sub_att,0,2
2026-01-31,UFC 325: Volkanovski vs. Lopes 2,Billy Elekana,http://ufcstats.com/fight-details/d94f1b32a81e3fa1,sub_att,0,1
2026-01-31,UFC 325: Volkanovski vs. Lopes 2,Jacob Malkoun,http://ufcstats.com/fight-details/0047f8aadca1936f,sub_att,1,3
2026-01-31,UFC 325: Volkanovski vs. Lopes 2,Jonathan Micallef,http://ufcstats.com/fight-details/78912b78aa946375,sub_att,0,1
2026-02-07,UFC Fight Night: Bautista vs. Oliveira,Mario Bautista,http://ufcstats.com/fight-details/fb4b1754d510b0d0,sub_att,0,1
2026-02-07,UFC Fight Night: Bautista vs. Oliveira,Gianni Vazquez,http://ufcstats.com/fight-details/86df0e75f41784d8,sub_att,0,2
2026-02-07,UFC Fight Night: Bautista vs. Oliveira,Wang Cong,http://ufcstats.com/fight-details/84e8ccc3c97c2b4c,sub_att,0,1
2026-02-07,UFC Fight Night: Bautista vs. Oliveira,Eduarda Moura,http://ufcstats.com/fight-details/84e8ccc3c97c2b4c,sub_att,0,1
2026-02-07,UFC Fight Night: Bautista vs. Oliveira,Jakub Wiklacz,http://ufcstats.com/fight-details/9d30c887e8bd8824,sub_att,0,2
2026-02-21,UFC Fight Night: Strickland vs. Hernandez,Zach Reese,http://ufcstats.com/fight-details/372d1dee0db8dbee,sub_att,0,1
2026-02-21,UFC Fight Night: Strickland vs. Hernandez,Joselyne Edwards,http://ufcstats.com/fight-details/fd56a469e4589ebc,sub_att,0,1
2026-02-21,UFC Fight Night: Strickland vs. Hernandez,Jean-Paul Lebosnoyani,http://ufcstats.com/fight-details/508e622130b0a84d,sub_att,0,2
2026-02-21,UFC Fight Night: Strickland vs. Hernandez,Juliana Miller,http://ufcstats.com/fight-details/6e78d874097a3d22,sub_att,0,1
2026-02-28,UFC Fight Night: Moreno vs. Kavanagh,Daniel Zellhuber,http://ufcstats.com/fight-details/81f3d28d30d17378,sub_att,0,1
2026-02-28,UFC Fight Night: Moreno vs. Kavanagh,Santiago Luna,http://ufcstats.com/fight-details/3b76a00f5d0400eb,sub_att,0,1
2026-02-28,UFC Fight Night: Moreno vs. Kavanagh,Cristian Quinonez,http://ufcstats.com/fight-details/25ab195cefbce1d0,sub_att,0,2
2026-03-07,UFC 326: Holloway vs. Oliveira 2,Charles Oliveira,http://ufcstats.com/fight-details/f030febede41c661,sub_att,2,4
2026-03-07,UFC 326: Holloway vs. Oliveira 2,Alberto Montes,http://ufcstats.com/fight-details/6feb49a6b7e8433c,sub_att,0,1
2026-03-07,UFC 326: Holloway vs. Oliveira 2,Rafael Tobias,http://ufcstats.com/fight-details/cc03e698c4b7da52,sub_att,0,1
2026-03-14,UFC Fight Night: Emmett vs. Vallejos,Amanda Lemos,http://ufcstats.com/fight-details/3b7b771b9578383d,sub_att,0,1
2026-03-14,UFC Fight Night: Emmett vs. Vallejos,Elijah Smith,http://ufcstats.com/fight-details/f44b4e998b6829f6,sub_att,0,1
2026-03-21,UFC Fight Night: Evloev vs. Murphy,Mantas Kondratavicius,http://ufcstats.com/fight-details/8817bd21b6d0a989,sub_att,0,1
2026-03-28,UFC Fight Night: Adesanya vs. Pyfer,Ignacio Bahamondes,http://ufcstats.com/fight-details/fa96d6252579b51e,sub_att,0,2
2026-03-28,UFC Fight Night: Adesanya vs. Pyfer,Alexia Thainara,http://ufcstats.com/fight-details/796e1151896195aa,sub_att,1,2
2026-04-04,UFC Fight Night: Moicano vs. Duncan,Renato Moicano,http://ufcstats.com/fight-details/d69bd8e53ec858dc,sub_att,0,1
2026-04-04,UFC Fight Night: Moicano vs. Duncan,Tresean Gore,http://ufcstats.com/fight-details/e284a194fb4648a9,sub_att,0,1
2026-04-04,UFC Fight Night: Moicano vs. Duncan,Dione Barbosa,http://ufcstats.com/fight-details/caf13346cbcfdb03,sub_att,0,1
2026-04-11,UFC 327: Prochazka vs. Ulberg,Azamat Murzakanov,http://ufcstats.com/fight-details/aade9d76ac6c6aef,sub_att,0,1
2026-04-11,UFC 327: Prochazka vs. Ulberg,Kevin Holland,http://ufcstats.com/fight-details/b4e16fb13153efdc,sub_att,0,2
2026-04-11,UFC 327: Prochazka vs. Ulberg,Mateusz Gamrot,http://ufcstats.com/fight-details/62b5ce408c150fa8,sub_att,0,1
2026-04-11,UFC 327: Prochazka vs. Ulberg,Tatiana Suarez,http://ufcstats.com/fight-details/f506977877074aa6,sub_att,0,1
2026-04-11,UFC 327: Prochazka vs. Ulberg,Francisco Prado,http://ufcstats.com/fight-details/5b49c3d36907c6df,sub_att,1,2
2026-04-18,UFC Fight Night: Burns vs. Malott,Karine Silva,http://ufcstats.com/fight-details/5a209522211d7530,sub_att,0,2
2026-04-18,UFC Fight Night: Burns vs. Malott,Melissa Croden,http://ufcstats.com/fight-details/bae4de7ef8c0769e,sub_att,0,1
2026-04-25,UFC Fight Night: Sterling vs. Zalal,Aljamain Sterling,http://ufcstats.com/fight-details/f524e42c36028de0,sub_att,0,1
2026-04-25,UFC Fight Night: Sterling vs. Zalal,Youssef Zalal,http://ufcstats.com/fight-details/f524e42c36028de0,sub_att,0,1
2026-04-25,UFC Fight Night: Sterling vs. Zalal,Raoni Barcelos,http://ufcstats.com/fight-details/348de8e364ecf041,sub_att,1,2
2026-04-25,UFC Fight Night: Sterling vs. Zalal,Mayra Bueno Silva,http://ufcstats.com/fight-details/dcfd594b68ff5ae1,sub_att,0,1
2026-04-25,UFC Fight Night: Sterling vs. Zalal,Cody Durden,http://ufcstats.com/fight-details/d421f3cd158fd055,sub_att,0,1
2026-05-02,UFC Fight Night: Della Maddalena vs. Prates,Robert Bryczek,http://ufcstats.com/fight-details/46181797eb543a0b,sub_att,0,1
2026-05-02,UFC Fight Night: Della Maddalena vs. Prates,Gerald Meerschaert,http://ufcstats.com/fight-details/edff38661bf2866b,sub_att,1,3
2026-05-02,UFC Fight Night: Della Maddalena vs. Prates,Wes Schultz,http://ufcstats.com/fight-details/827c64369b374989,sub_att,0,5
2026-05-09,UFC 328: Chimaev vs. Strickland,Joshua Van,http://ufcstats.com/fight-details/c85b530861145935,sub_att,0,2
2026-05-09,UFC 328: Chimaev vs. Strickland,Yaroslav Amosov,http://ufcstats.com/fight-details/f88dc6e0c29cff1d,sub_att,0,1
2026-05-09,UFC 328: Chimaev vs. Strickland,Grant Dawson,http://ufcstats.com/fight-details/ffcb47e17eebe6a6,sub_att,1,4
2026-05-09,UFC 328: Chimaev vs. Strickland,Baisangur Susurkaev,http://ufcstats.com/fight-details/1f5d0b106385b2ac,sub_att,0,1
2026-05-16,UFC Fight Night: Allen vs. Costa,Juan Diaz,http://ufcstats.com/fight-details/ecb7ff543dd41bf8,sub_att,0,1
2026-05-16,UFC Fight Night: Allen vs. Costa,Benardo Sopaj,http://ufcstats.com/fight-details/a6ec8573a9d38c51,sub_att,1,2
2026-05-16,UFC Fight Night: Allen vs. Costa,Alice Ardelean,http://ufcstats.com/fight-details/b98ead4eff6bf872,sub_att,0,1
2026-05-16,UFC Fight Night: Allen vs. Costa,Nicolle Caliari,http://ufcstats.com/fight-details/39417b7d07c2fd83,sub_att,0,1
2026-05-30,UFC Fight Night: Song vs. Figueiredo,Song Yadong,http://ufcstats.com/fight-details/423f32dd018ac218,sub_att,0,1
2026-05-30,UFC Fight Night: Song vs. Figueiredo,Aoriqileng,http://ufcstats.com/fight-details/3bc0190fb17ba42f,sub_att,0,1
2026-05-30,UFC Fight Night: Song vs. Figueiredo,Angela Hill,http://ufcstats.com/fight-details/3f719885c9916e06,sub_att,0,1
2026-06-06,UFC Fight Night: Muhammad vs. Bonfim,Fares Ziam,http://ufcstats.com/fight-details/58ffa2dac4f2e7d0,sub_att,0,1
2026-06-06,UFC Fight Night: Muhammad vs. Bonfim,Bryce Mitchell,http://ufcstats.com/fight-details/c47796e11a801e12,sub_att,0,2
2026-06-06,UFC Fight Night: Muhammad vs. Bonfim,Santiago Luna,http://ufcstats.com/fight-details/c47796e11a801e12,sub_att,0,1
2026-06-06,UFC Fight Night: Muhammad vs. Bonfim,Jeisla Chaves,http://ufcstats.com/fight-details/a6b211d8dab5edec,sub_att,0,1
2026-06-20,UFC Fight Night: Kape vs. Horiguchi,Shane Collins,http://ufcstats.com/fight-details/9efa4de316b8bf43,sub_att,1,3
2026-06-27,UFC Fight Night: Fiziev vs. Torres,Asu Almabayev,http://ufcstats.com/fight-details/81cde317c156723b,sub_att,0,1
2026-06-27,UFC Fight Night: Fiziev vs. Torres,Charles Johnson,http://ufcstats.com/fight-details/81cde317c156723b,sub_att,0,1
2026-06-27,UFC Fight Night: Fiziev vs. Torres,Ikram Aliskerov,http://ufcstats.com/fight-details/d83294b031502177,sub_att,0,1
2026-07-11,UFC 329: McGregor vs. Holloway 2,Mario Bautista,http://ufcstats.com/fight-details/c572daedf2012a49,sub_att,2,3
2026-07-11,UFC 329: McGregor vs. Holloway 2,Brandon Royval,http://ufcstats.com/fight-details/a3ab1979192b647c,sub_att,0,2
2026-07-11,UFC 329: McGregor vs. Holloway 2,Lone'er Kavanagh,http://ufcstats.com/fight-details/a3ab1979192b647c,sub_att,0,1
2026-07-11,UFC 329: McGregor vs. Holloway 2,Alessandro Costa,http://ufcstats.com/fight-details/1b6a3b0d27654d3e,sub_att,0,2
2026-07-18,UFC Fight Night: Du Plessis vs. Usman,Fatima Kline,http://ufcstats.com/fight-details/52ddf20a10890b41,sub_att,0,1
2026-07-18,UFC Fight Night: Du Plessis vs. Usman,Austin Bashi,http://ufcstats.com/fight-details/3bd159c1bed14700,sub_att,0,1
2026-07-18,UFC Fight Night: Du Plessis vs. Usman,Jean-Paul Lebosnoyani,http://ufcstats.com/fight-details/f2eb569176e46edf,sub_att,1,2
2026-07-18,UFC Fight Night: Du Plessis vs. Usman,Ezra Elliott,http://ufcstats.com/fight-details/9e525f939fba3e73,sub_att,0,3
2026-07-18,UFC Fight Night: Du Plessis vs. Usman,Alden Coria,http://ufcstats.com/fight-details/410e6b9e01660b35,sub_att,0,4
2026-07-25,UFC Fight Night: Ankalaev vs. Guskov,Magomed Ankalaev,http://ufcstats.com/fight-details/9009ec7b91f2be14,sub_att,0,3
2026-07-25,UFC Fight Night: Ankalaev vs. Guskov,Bogdan Guskov,http://ufcstats.com/fight-details/9009ec7b91f2be14,sub_att,0,1
2026-07-25,UFC Fight Night: Ankalaev vs. Guskov,Saygid Izagakhmaev,http://ufcstats.com/fight-details/61280e5644189c61,sub_att,0,3
2026-07-25,UFC Fight Night: Ankalaev vs. Guskov,Magomed Tuchalov,http://ufcstats.com/fight-details/3ac870d6e7d323b7,sub_att,0,1
2026-07-25,UFC Fight Night: Ankalaev vs. Guskov,Nurullo Aliev,http://ufcstats.com/fight-details/3859314324918eeb,sub_att,0,1
2026-07-25,UFC Fight Night: Ankalaev vs. Guskov,Mike Davis,http://ufcstats.com/fight-details/3859314324918eeb,sub_att,1,2
2026-07-25,UFC Fight Night: Ankalaev vs. Guskov,Abdul Hussein,http://ufcstats.com/fight-details/532340708f0500bd,sub_att,0,3
2026-08-01,UFC Fight Night: Medic vs. Rodriguez,Borislav Nikolic,http://ufcstats.com/fight-details/4350abb4f1933f88,sub_att,0,2
2026-08-01,UFC Fight Night: Medic vs. Rodriguez,Bogdan Grad,http://ufcstats.com/fight-details/13aa6688d0538095,sub_att,1,2
2026-08-08,UFC Fight Night: Gamrot vs. Salkilld,Steven Asplund,http://ufcstats.com/fight-details/3050549d19395f6f,sub_att,0,1
2026-08-08,UFC Fight Night: Gamrot vs. Salkilld,Juliana Miller,http://ufcstats.com/fight-details/d463229133909215,sub_att,0,1
2026-08-08,UFC Fight Night: Gamrot vs. Salkilld,Gigi Canuto,http://ufcstats.com/fight-details/ded584e13276cbcb,sub_att,0,1
2026-02-07,UFC Fight Night: Bautista vs. Oliveira,Farid Basharat,http://ufcstats.com/fight-details/2a26c0cfa06265b7,rev,0,1
2026-02-07,UFC Fight Night: Bautista vs. Oliveira,Gianni Vazquez,http://ufcstats.com/fight-details/86df0e75f41784d8,rev,0,1
2026-02-07,UFC Fight Night: Bautista vs. Oliveira,Jakub Wiklacz,http://ufcstats.com/fight-details/9d30c887e8bd8824,rev,0,2
2026-02-21,UFC Fight Night: Strickland vs. Hernandez,Ode Osbourne,http://ufcstats.com/fight-details/7ffdaa44fc8d111b,rev,0,1
2026-02-21,UFC Fight Night: Strickland vs. Hernandez,Alden Coria,http://ufcstats.com/fight-details/ac39c1f00ae31e58,rev,0,1
2026-03-07,UFC 326: Holloway vs. Oliveira 2,Rob Font,http://ufcstats.com/fight-details/bed89a91da9d04c1,rev,0,1
2026-03-07,UFC 326: Holloway vs. Oliveira 2,Raul Rosas Jr.,http://ufcstats.com/fight-details/bed89a91da9d04c1,rev,0,1
2026-03-07,UFC 326: Holloway vs. Oliveira 2,Donte Johnson,http://ufcstats.com/fight-details/9c8d5dbd8905a715,rev,0,1
2026-03-07,UFC 326: Holloway vs. Oliveira 2,Cody Durden,http://ufcstats.com/fight-details/f661ef429055f8c1,rev,0,3
2026-03-07,UFC 326: Holloway vs. Oliveira 2,Nyamjargal Tumendemberel,http://ufcstats.com/fight-details/f661ef429055f8c1,rev,0,2
2026-03-07,UFC 326: Holloway vs. Oliveira 2,Diyar Nurgozhay,http://ufcstats.com/fight-details/cc03e698c4b7da52,rev,0,1
2026-03-14,UFC Fight Night: Emmett vs. Vallejos,Gillian Robertson,http://ufcstats.com/fight-details/3b7b771b9578383d,rev,1,2
2026-03-14,UFC Fight Night: Emmett vs. Vallejos,Andre Fili,http://ufcstats.com/fight-details/8bee5192baec71d8,rev,0,1
2026-03-14,UFC Fight Night: Emmett vs. Vallejos,Eryk Anders,http://ufcstats.com/fight-details/cff81d681a01ae18,rev,0,1
2026-03-28,UFC Fight Night: Adesanya vs. Pyfer,Ignacio Bahamondes,http://ufcstats.com/fight-details/fa96d6252579b51e,rev,0,1
2026-03-28,UFC Fight Night: Adesanya vs. Pyfer,Tofiq Musayev,http://ufcstats.com/fight-details/fa96d6252579b51e,rev,0,1
2026-04-04,UFC Fight Night: Moicano vs. Duncan,Tabatha Ricci,http://ufcstats.com/fight-details/721642e7de112e9e,rev,0,1
2026-04-04,UFC Fight Night: Moicano vs. Duncan,Dione Barbosa,http://ufcstats.com/fight-details/caf13346cbcfdb03,rev,0,1
2026-04-04,UFC Fight Night: Moicano vs. Duncan,Melissa Gatto,http://ufcstats.com/fight-details/caf13346cbcfdb03,rev,0,1
2026-04-11,UFC 327: Prochazka vs. Ulberg,Paulo Costa,http://ufcstats.com/fight-details/aade9d76ac6c6aef,rev,0,1
2026-04-11,UFC 327: Prochazka vs. Ulberg,Francisco Prado,http://ufcstats.com/fight-details/5b49c3d36907c6df,rev,0,2
2026-04-18,UFC Fight Night: Burns vs. Malott,Charles Jourdain,http://ufcstats.com/fight-details/b5299e5b946015e5,rev,0,1
2026-04-25,UFC Fight Night: Sterling vs. Zalal,Mayra Bueno Silva,http://ufcstats.com/fight-details/dcfd594b68ff5ae1,rev,0,1
2026-04-25,UFC Fight Night: Sterling vs. Zalal,Michelle Montague,http://ufcstats.com/fight-details/dcfd594b68ff5ae1,rev,0,2
2026-05-02,UFC Fight Night: Della Maddalena vs. Prates,Louie Sutherland,http://ufcstats.com/fight-details/2afaa97901d5587c,rev,1,2
2026-05-02,UFC Fight Night: Della Maddalena vs. Prates,Gerald Meerschaert,http://ufcstats.com/fight-details/edff38661bf2866b,rev,1,2
2026-05-02,UFC Fight Night: Della Maddalena vs. Prates,Ben Johnston,http://ufcstats.com/fight-details/827c64369b374989,rev,0,1
2026-05-02,UFC Fight Night: Della Maddalena vs. Prates,Wes Schultz,http://ufcstats.com/fight-details/827c64369b374989,rev,0,1
2026-05-02,UFC Fight Night: Della Maddalena vs. Prates,Jonathan Micallef,http://ufcstats.com/fight-details/7ac4ae301ed699ab,rev,0,1
2026-05-30,UFC Fight Night: Song vs. Figueiredo,Carlston Harris,http://ufcstats.com/fight-details/c1c9dfd0c0952f18,rev,0,1
2026-06-06,UFC Fight Night: Muhammad vs. Bonfim,Tom Nolan,http://ufcstats.com/fight-details/58ffa2dac4f2e7d0,rev,0,1
2026-06-06,UFC Fight Night: Muhammad vs. Bonfim,Bryce Mitchell,http://ufcstats.com/fight-details/c47796e11a801e12,rev,0,1
2026-06-06,UFC Fight Night: Muhammad vs. Bonfim,Santiago Luna,http://ufcstats.com/fight-details/c47796e11a801e12,rev,0,1
2026-06-06,UFC Fight Night: Muhammad vs. Bonfim,Yuneisy Duben,http://ufcstats.com/fight-details/a6b211d8dab5edec,rev,0,1
2026-06-20,UFC Fight Night: Kape vs. Horiguchi,Ion Cutelaba,http://ufcstats.com/fight-details/afc021700481ac4e,rev,1,2
2026-06-20,UFC Fight Night: Kape vs. Horiguchi,Navajo Stirling,http://ufcstats.com/fight-details/afc021700481ac4e,rev,0,2
2026-07-18,UFC Fight Night: Du Plessis vs. Usman,Christian Leroy Duncan,http://ufcstats.com/fight-details/4eff5a845db17572,rev,0,1
2026-07-18,UFC Fight Night: Du Plessis vs. Usman,Fatima Kline,http://ufcstats.com/fight-details/52ddf20a10890b41,rev,0,1
2026-07-18,UFC Fight Night: Du Plessis vs. Usman,Austin Bashi,http://ufcstats.com/fight-details/3bd159c1bed14700,rev,0,1
2026-07-18,UFC Fight Night: Du Plessis vs. Usman,Seokhyeon Ko,http://ufcstats.com/fight-details/f2eb569176e46edf,rev,0,1
2026-07-25,UFC Fight Night: Ankalaev vs. Guskov,Abdul Hussein,http://ufcstats.com/fight-details/532340708f0500bd,rev,1,2
2026-08-01,UFC Fight Night: Medic vs. Rodriguez,Borislav Nikolic,http://ufcstats.com/fight-details/4350abb4f1933f88,rev,0,1
2026-08-08,UFC Fight Night: Gamrot vs. Salkilld,Carol Foro,http://ufcstats.com/fight-details/ded584e13276cbcb,rev,0,1
2026-01-24,UFC 324: Gaethje vs. Pimblett,Justin Gaethje,http://ufcstats.com/fight-details/fa4b3f5ce8055921,ctrl_seconds,61,355
2026-01-24,UFC 324: Gaethje vs. Pimblett,Paddy Pimblett,http://ufcstats.com/fight-details/fa4b3f5ce8055921,ctrl_seconds,0,48
2026-01-24,UFC 324: Gaethje vs. Pimblett,Song Yadong,http://ufcstats.com/fight-details/007e8e0d4a39d82c,ctrl_seconds,38,126
2026-01-24,UFC 324: Gaethje vs. Pimblett,Waldo Cortes Acosta,http://ufcstats.com/fight-details/d93ee3860196c4ae,ctrl_seconds,16,28
2026-01-24,UFC 324: Gaethje vs. Pimblett,Natalia Silva,http://ufcstats.com/fight-details/d63c9aa4f4873001,ctrl_seconds,0,84
2026-01-24,UFC 324: Gaethje vs. Pimblett,Rose Namajunas,http://ufcstats.com/fight-details/d63c9aa4f4873001,ctrl_seconds,0,129
2026-01-24,UFC 324: Gaethje vs. Pimblett,Arnold Allen,http://ufcstats.com/fight-details/836a188a90e479a5,ctrl_seconds,0,54
2026-01-24,UFC 324: Gaethje vs. Pimblett,Jean Silva,http://ufcstats.com/fight-details/836a188a90e479a5,ctrl_seconds,0,32
2026-01-24,UFC 324: Gaethje vs. Pimblett,Umar Nurmagomedov,http://ufcstats.com/fight-details/6c9f4799990c3c33,ctrl_seconds,94,290
2026-01-24,UFC 324: Gaethje vs. Pimblett,Deiveson Figueiredo,http://ufcstats.com/fight-details/6c9f4799990c3c33,ctrl_seconds,0,9
2026-01-24,UFC 324: Gaethje vs. Pimblett,Nikita Krylov,http://ufcstats.com/fight-details/780cab0cd07589e4,ctrl_seconds,118,157
2026-01-24,UFC 324: Gaethje vs. Pimblett,Modestas Bukauskas,http://ufcstats.com/fight-details/780cab0cd07589e4,ctrl_seconds,0,56
2026-01-31,UFC 325: Volkanovski vs. Lopes 2,Alexander Volkanovski,http://ufcstats.com/fight-details/b06b43670238c2d8,ctrl_seconds,27,169
2026-01-31,UFC 325: Volkanovski vs. Lopes 2,Diego Lopes,http://ufcstats.com/fight-details/b06b43670238c2d8,ctrl_seconds,0,110
2026-01-31,UFC 325: Volkanovski vs. Lopes 2,Dan Hooker,http://ufcstats.com/fight-details/a7ae8f6eb5fc3a79,ctrl_seconds,22,28
2026-01-31,UFC 325: Volkanovski vs. Lopes 2,Benoit Saint Denis,http://ufcstats.com/fight-details/a7ae8f6eb5fc3a79,ctrl_seconds,115,374
2026-01-31,UFC 325: Volkanovski vs. Lopes 2,Mauricio Ruffy,http://ufcstats.com/fight-details/57d7a683b85bb87b,ctrl_seconds,25,45
2026-01-31,UFC 325: Volkanovski vs. Lopes 2,Tai Tuivasa,http://ufcstats.com/fight-details/67765535bd0b6bdf,ctrl_seconds,42,238
2026-01-31,UFC 325: Volkanovski vs. Lopes 2,Tallison Teixeira,http://ufcstats.com/fight-details/67765535bd0b6bdf,ctrl_seconds,237,420
2026-01-31,UFC 325: Volkanovski vs. Lopes 2,Billy Elekana,http://ufcstats.com/fight-details/d94f1b32a81e3fa1,ctrl_seconds,37,100
2026-01-31,UFC 325: Volkanovski vs. Lopes 2,Cam Rowston,http://ufcstats.com/fight-details/47362cae6ba0e077,ctrl_seconds,11,124
2026-01-31,UFC 325: Volkanovski vs. Lopes 2,Jacob Malkoun,http://ufcstats.com/fight-details/0047f8aadca1936f,ctrl_seconds,20,316
2026-01-31,UFC 325: Volkanovski vs. Lopes 2,Jonathan Micallef,http://ufcstats.com/fight-details/78912b78aa946375,ctrl_seconds,35,95
2026-01-31,UFC 325: Volkanovski vs. Lopes 2,Oban Elliott,http://ufcstats.com/fight-details/78912b78aa946375,ctrl_seconds,65,71
2026-01-31,UFC 325: Volkanovski vs. Lopes 2,Kaan Ofli,http://ufcstats.com/fight-details/4c1e7e1765a5438a,ctrl_seconds,140,177
2026-01-31,UFC 325: Volkanovski vs. Lopes 2,Yizha,http://ufcstats.com/fight-details/4c1e7e1765a5438a,ctrl_seconds,6,75
2026-01-31,UFC 325: Volkanovski vs. Lopes 2,Sangwook Kim,http://ufcstats.com/fight-details/ad14c502c9c5a7e9,ctrl_seconds,194,330
2026-01-31,UFC 325: Volkanovski vs. Lopes 2,Dom Mar Fan,http://ufcstats.com/fight-details/ad14c502c9c5a7e9,ctrl_seconds,85,187
2026-01-31,UFC 325: Volkanovski vs. Lopes 2,Keiichiro Nakamura,http://ufcstats.com/fight-details/780bae82bdfc7112,ctrl_seconds,0,4
2026-01-31,UFC 325: Volkanovski vs. Lopes 2,Sulangrangbo,http://ufcstats.com/fight-details/5c73e0013b859664,ctrl_seconds,9,14
2026-01-31,UFC 325: Volkanovski vs. Lopes 2,Lawrence Lui,http://ufcstats.com/fight-details/5c73e0013b859664,ctrl_seconds,101,299
2026-02-07,UFC Fight Night: Bautista vs. Oliveira,Mario Bautista,http://ufcstats.com/fight-details/fb4b1754d510b0d0,ctrl_seconds,138,347
2026-02-07,UFC Fight Night: Bautista vs. Oliveira,Amir Albazi,http://ufcstats.com/fight-details/dbbf8334a2600895,ctrl_seconds,27,230
2026-02-07,UFC Fight Night: Bautista vs. Oliveira,Kyoji Horiguchi,http://ufcstats.com/fight-details/dbbf8334a2600895,ctrl_seconds,48,62
2026-02-07,UFC Fight Night: Bautista vs. Oliveira,Jailton Almeida,http://ufcstats.com/fight-details/a5c5f76cf0a7c784,ctrl_seconds,71,84
2026-02-07,UFC Fight Night: Bautista vs. Oliveira,Rizvan Kuniev,http://ufcstats.com/fight-details/a5c5f76cf0a7c784,ctrl_seconds,131,395
2026-02-07,UFC Fight Night: Bautista vs. Oliveira,Michal Oleksiejczuk,http://ufcstats.com/fight-details/8fea32ab0445859c,ctrl_seconds,8,30
2026-02-07,UFC Fight Night: Bautista vs. Oliveira,Marc-Andre Barriault,http://ufcstats.com/fight-details/8fea32ab0445859c,ctrl_seconds,0,2
2026-02-07,UFC Fight Night: Bautista vs. Oliveira,Jean Matsumoto,http://ufcstats.com/fight-details/2a26c0cfa06265b7,ctrl_seconds,79,280
2026-02-07,UFC Fight Night: Bautista vs. Oliveira,Farid Basharat,http://ufcstats.com/fight-details/2a26c0cfa06265b7,ctrl_seconds,70,143
2026-02-07,UFC Fight Night: Bautista vs. Oliveira,Dustin Jacoby,http://ufcstats.com/fight-details/6cca11f353a2b42d,ctrl_seconds,27,59
2026-02-07,UFC Fight Night: Bautista vs. Oliveira,Julius Walker,http://ufcstats.com/fight-details/6cca11f353a2b42d,ctrl_seconds,149,167
2026-02-07,UFC Fight Night: Bautista vs. Oliveira,Daniil Donchenko,http://ufcstats.com/fight-details/f964d2dda87f25f0,ctrl_seconds,104,140
2026-02-07,UFC Fight Night: Bautista vs. Oliveira,Bruna Brasil,http://ufcstats.com/fight-details/cc5c5a8cff4c1ae9,ctrl_seconds,10,41
2026-02-07,UFC Fight Night: Bautista vs. Oliveira,Ketlen Souza,http://ufcstats.com/fight-details/cc5c5a8cff4c1ae9,ctrl_seconds,206,483
2026-02-07,UFC Fight Night: Bautista vs. Oliveira,Javid Basharat,http://ufcstats.com/fight-details/86df0e75f41784d8,ctrl_seconds,58,338
2026-02-07,UFC Fight Night: Bautista vs. Oliveira,Gianni Vazquez,http://ufcstats.com/fight-details/86df0e75f41784d8,ctrl_seconds,0,25
2026-02-07,UFC Fight Night: Bautista vs. Oliveira,Wang Cong,http://ufcstats.com/fight-details/84e8ccc3c97c2b4c,ctrl_seconds,57,191
2026-02-07,UFC Fight Night: Bautista vs. Oliveira,Eduarda Moura,http://ufcstats.com/fight-details/84e8ccc3c97c2b4c,ctrl_seconds,117,486
2026-02-07,UFC Fight Night: Bautista vs. Oliveira,Muin Gafurov,http://ufcstats.com/fight-details/9d30c887e8bd8824,ctrl_seconds,38,104
2026-02-07,UFC Fight Night: Bautista vs. Oliveira,Jakub Wiklacz,http://ufcstats.com/fight-details/9d30c887e8bd8824,ctrl_seconds,0,273
2026-02-07,UFC Fight Night: Bautista vs. Oliveira,Priscila Cachoeira,http://ufcstats.com/fight-details/2bbfbb234c255249,ctrl_seconds,0,16
2026-02-21,UFC Fight Night: Strickland vs. Hernandez,Sean Strickland,http://ufcstats.com/fight-details/8d740c844353ae0e,ctrl_seconds,0,18
2026-02-21,UFC Fight Night: Strickland vs. Hernandez,Anthony Hernandez,http://ufcstats.com/fight-details/8d740c844353ae0e,ctrl_seconds,20,32
2026-02-21,UFC Fight Night: Strickland vs. Hernandez,Serghei Spivac,http://ufcstats.com/fight-details/04b7bcc0e8488604,ctrl_seconds,0,180
2026-02-21,UFC Fight Night: Strickland vs. Hernandez,Ante Delija,http://ufcstats.com/fight-details/04b7bcc0e8488604,ctrl_seconds,0,12
2026-02-21,UFC Fight Night: Strickland vs. Hernandez,Zach Reese,http://ufcstats.com/fight-details/372d1dee0db8dbee,ctrl_seconds,0,47
2026-02-21,UFC Fight Night: Strickland vs. Hernandez,Michel Pereira,http://ufcstats.com/fight-details/372d1dee0db8dbee,ctrl_seconds,42,48
2026-02-21,UFC Fight Night: Strickland vs. Hernandez,Chidi Njokuani,http://ufcstats.com/fight-details/202d3277e569ad03,ctrl_seconds,0,6
2026-02-21,UFC Fight Night: Strickland vs. Hernandez,Carlos Leal,http://ufcstats.com/fight-details/202d3277e569ad03,ctrl_seconds,0,140
2026-02-21,UFC Fight Night: Strickland vs. Hernandez,Ode Osbourne,http://ufcstats.com/fight-details/7ffdaa44fc8d111b,ctrl_seconds,0,58
2026-02-21,UFC Fight Night: Strickland vs. Hernandez,Alibi Idiris,http://ufcstats.com/fight-details/7ffdaa44fc8d111b,ctrl_seconds,120,370
2026-02-21,UFC Fight Night: Strickland vs. Hernandez,Alden Coria,http://ufcstats.com/fight-details/ac39c1f00ae31e58,ctrl_seconds,9,102
2026-02-21,UFC Fight Night: Strickland vs. Hernandez,Luis Gurule,http://ufcstats.com/fight-details/ac39c1f00ae31e58,ctrl_seconds,26,81
2026-02-21,UFC Fight Night: Strickland vs. Hernandez,Joselyne Edwards,http://ufcstats.com/fight-details/fd56a469e4589ebc,ctrl_seconds,155,273
2026-02-21,UFC Fight Night: Strickland vs. Hernandez,Ramiz Brahimaj,http://ufcstats.com/fight-details/8f9896e60047007f,ctrl_seconds,2,228
2026-02-21,UFC Fight Night: Strickland vs. Hernandez,Punahele Soriano,http://ufcstats.com/fight-details/8f9896e60047007f,ctrl_seconds,20,300
2026-02-21,UFC Fight Night: Strickland vs. Hernandez,Phil Rowe,http://ufcstats.com/fight-details/508e622130b0a84d,ctrl_seconds,7,15
2026-02-21,UFC Fight Night: Strickland vs. Hernandez,Jean-Paul Lebosnoyani,http://ufcstats.com/fight-details/508e622130b0a84d,ctrl_seconds,106,317
2026-02-21,UFC Fight Night: Strickland vs. Hernandez,Jordan Leavitt,http://ufcstats.com/fight-details/5b97f47cdd355cbe,ctrl_seconds,244,477
2026-02-21,UFC Fight Night: Strickland vs. Hernandez,Yadier del Valle,http://ufcstats.com/fight-details/5b97f47cdd355cbe,ctrl_seconds,0,137
2026-02-21,UFC Fight Night: Strickland vs. Hernandez,Juliana Miller,http://ufcstats.com/fight-details/6e78d874097a3d22,ctrl_seconds,118,218
2026-02-21,UFC Fight Night: Strickland vs. Hernandez,Carli Judice,http://ufcstats.com/fight-details/6e78d874097a3d22,ctrl_seconds,52,67
2026-02-28,UFC Fight Night: Moreno vs. Kavanagh,Brandon Moreno,http://ufcstats.com/fight-details/1330b5c21269fe92,ctrl_seconds,0,440
2026-02-28,UFC Fight Night: Moreno vs. Kavanagh,Marlon Vera,http://ufcstats.com/fight-details/36d12b31957e94db,ctrl_seconds,0,4
2026-02-28,UFC Fight Night: Moreno vs. Kavanagh,David Martinez,http://ufcstats.com/fight-details/36d12b31957e94db,ctrl_seconds,45,103
2026-02-28,UFC Fight Night: Moreno vs. Kavanagh,King Green,http://ufcstats.com/fight-details/81f3d28d30d17378,ctrl_seconds,4,125
2026-02-28,UFC Fight Night: Moreno vs. Kavanagh,Felipe Bunes,http://ufcstats.com/fight-details/7df505d8260ba680,ctrl_seconds,206,230
2026-02-28,UFC Fight Night: Moreno vs. Kavanagh,Imanol Rodriguez,http://ufcstats.com/fight-details/15068d7b095ca9bd,ctrl_seconds,208,213
2026-02-28,UFC Fight Night: Moreno vs. Kavanagh,Santiago Luna,http://ufcstats.com/fight-details/3b76a00f5d0400eb,ctrl_seconds,50,203
2026-02-28,UFC Fight Night: Moreno vs. Kavanagh,Angel Pacheco,http://ufcstats.com/fight-details/3b76a00f5d0400eb,ctrl_seconds,0,43
2026-02-28,UFC Fight Night: Moreno vs. Kavanagh,Ailin Perez,http://ufcstats.com/fight-details/c40b934d2666e351,ctrl_seconds,79,456
2026-02-28,UFC Fight Night: Moreno vs. Kavanagh,Macy Chiasson,http://ufcstats.com/fight-details/c40b934d2666e351,ctrl_seconds,168,231
2026-02-28,UFC Fight Night: Moreno vs. Kavanagh,Cristian Quinonez,http://ufcstats.com/fight-details/25ab195cefbce1d0,ctrl_seconds,61,426
2026-02-28,UFC Fight Night: Moreno vs. Kavanagh,Kris Moutinho,http://ufcstats.com/fight-details/25ab195cefbce1d0,ctrl_seconds,0,31
2026-02-28,UFC Fight Night: Moreno vs. Kavanagh,Regina Tarin,http://ufcstats.com/fight-details/44d58943ac8e47e1,ctrl_seconds,0,62
2026-02-28,UFC Fight Night: Moreno vs. Kavanagh,Ernesta Kareckaite,http://ufcstats.com/fight-details/44d58943ac8e47e1,ctrl_seconds,21,77
2026-03-07,UFC 326: Holloway vs. Oliveira 2,Max Holloway,http://ufcstats.com/fight-details/f030febede41c661,ctrl_seconds,0,96
2026-03-07,UFC 326: Holloway vs. Oliveira 2,Charles Oliveira,http://ufcstats.com/fight-details/f030febede41c661,ctrl_seconds,270,1249
2026-03-07,UFC 326: Holloway vs. Oliveira 2,Caio Borralho,http://ufcstats.com/fight-details/d564db29997e1371,ctrl_seconds,0,172
2026-03-07,UFC 326: Holloway vs. Oliveira 2,Reinier de Ridder,http://ufcstats.com/fight-details/d564db29997e1371,ctrl_seconds,86,166
2026-03-07,UFC 326: Holloway vs. Oliveira 2,Rob Font,http://ufcstats.com/fight-details/bed89a91da9d04c1,ctrl_seconds,0,13
2026-03-07,UFC 326: Holloway vs. Oliveira 2,Raul Rosas Jr.,http://ufcstats.com/fight-details/bed89a91da9d04c1,ctrl_seconds,131,605
2026-03-07,UFC 326: Holloway vs. Oliveira 2,Cody Garbrandt,http://ufcstats.com/fight-details/ecd16d14a138d7fb,ctrl_seconds,27,53
2026-03-07,UFC 326: Holloway vs. Oliveira 2,Xiao Long,http://ufcstats.com/fight-details/ecd16d14a138d7fb,ctrl_seconds,0,47
2026-03-07,UFC 326: Holloway vs. Oliveira 2,Donte Johnson,http://ufcstats.com/fight-details/9c8d5dbd8905a715,ctrl_seconds,0,212
2026-03-07,UFC 326: Holloway vs. Oliveira 2,Cody Brundage,http://ufcstats.com/fight-details/9c8d5dbd8905a715,ctrl_seconds,201,262
2026-03-07,UFC 326: Holloway vs. Oliveira 2,Alberto Montes,http://ufcstats.com/fight-details/6feb49a6b7e8433c,ctrl_seconds,9,21
2026-03-07,UFC 326: Holloway vs. Oliveira 2,Cody Durden,http://ufcstats.com/fight-details/f661ef429055f8c1,ctrl_seconds,111,290
2026-03-07,UFC 326: Holloway vs. Oliveira 2,Nyamjargal Tumendemberel,http://ufcstats.com/fight-details/f661ef429055f8c1,ctrl_seconds,97,412
2026-03-07,UFC 326: Holloway vs. Oliveira 2,Sumudaerji,http://ufcstats.com/fight-details/a22fd3735819d858,ctrl_seconds,13,156
2026-03-07,UFC 326: Holloway vs. Oliveira 2,Jesus Aguilar,http://ufcstats.com/fight-details/a22fd3735819d858,ctrl_seconds,59,125
2026-03-07,UFC 326: Holloway vs. Oliveira 2,Rafael Tobias,http://ufcstats.com/fight-details/cc03e698c4b7da52,ctrl_seconds,0,151
2026-03-07,UFC 326: Holloway vs. Oliveira 2,Diyar Nurgozhay,http://ufcstats.com/fight-details/cc03e698c4b7da52,ctrl_seconds,18,88
2026-03-14,UFC Fight Night: Emmett vs. Vallejos,Amanda Lemos,http://ufcstats.com/fight-details/3b7b771b9578383d,ctrl_seconds,100,124
2026-03-14,UFC Fight Night: Emmett vs. Vallejos,Gillian Robertson,http://ufcstats.com/fight-details/3b7b771b9578383d,ctrl_seconds,98,557
2026-03-14,UFC Fight Night: Emmett vs. Vallejos,Andre Fili,http://ufcstats.com/fight-details/8bee5192baec71d8,ctrl_seconds,23,59
2026-03-14,UFC Fight Night: Emmett vs. Vallejos,Jose Delgado,http://ufcstats.com/fight-details/8bee5192baec71d8,ctrl_seconds,0,36
2026-03-14,UFC Fight Night: Emmett vs. Vallejos,Marwan Rahiki,http://ufcstats.com/fight-details/e0acd0cf4930671b,ctrl_seconds,0,95
2026-03-14,UFC Fight Night: Emmett vs. Vallejos,Harry Hardwick,http://ufcstats.com/fight-details/e0acd0cf4930671b,ctrl_seconds,36,44
2026-03-14,UFC Fight Night: Emmett vs. Vallejos,Charles Johnson,http://ufcstats.com/fight-details/fc9168fd102e2e66,ctrl_seconds,0,6
2026-03-14,UFC Fight Night: Emmett vs. Vallejos,Bruno Silva,http://ufcstats.com/fight-details/fc9168fd102e2e66,ctrl_seconds,53,223
2026-03-14,UFC Fight Night: Emmett vs. Vallejos,Chris Curtis,http://ufcstats.com/fight-details/f26c0bdf7689aea2,ctrl_seconds,0,6
2026-03-14,UFC Fight Night: Emmett vs. Vallejos,Myktybek Orolbai,http://ufcstats.com/fight-details/f26c0bdf7689aea2,ctrl_seconds,242,753
2026-03-14,UFC Fight Night: Emmett vs. Vallejos,Vitor Petrino,http://ufcstats.com/fight-details/2c330a6f7f1e55f0,ctrl_seconds,23,77
2026-03-14,UFC Fight Night: Emmett vs. Vallejos,Elijah Smith,http://ufcstats.com/fight-details/f44b4e998b6829f6,ctrl_seconds,79,95
2026-03-14,UFC Fight Night: Emmett vs. Vallejos,Bolaji Oki,http://ufcstats.com/fight-details/c769dd861357af9f,ctrl_seconds,171,203
2026-03-14,UFC Fight Night: Emmett vs. Vallejos,Manoel Sousa,http://ufcstats.com/fight-details/c769dd861357af9f,ctrl_seconds,59,69
2026-03-14,UFC Fight Night: Emmett vs. Vallejos,Brad Tavares,http://ufcstats.com/fight-details/cff81d681a01ae18,ctrl_seconds,0,29
2026-03-14,UFC Fight Night: Emmett vs. Vallejos,Eryk Anders,http://ufcstats.com/fight-details/cff81d681a01ae18,ctrl_seconds,190,560
2026-03-14,UFC Fight Night: Emmett vs. Vallejos,Luan Lacerda,http://ufcstats.com/fight-details/32d371462c539bee,ctrl_seconds,104,186
2026-03-14,UFC Fight Night: Emmett vs. Vallejos,Hecher Sosa,http://ufcstats.com/fight-details/32d371462c539bee,ctrl_seconds,6,34
2026-03-14,UFC Fight Night: Emmett vs. Vallejos,Piera Rodriguez,http://ufcstats.com/fight-details/244285b7fd0ddece,ctrl_seconds,64,155
2026-03-21,UFC Fight Night: Evloev vs. Murphy,Movsar Evloev,http://ufcstats.com/fight-details/346e3897c2ead99a,ctrl_seconds,0,234
2026-03-21,UFC Fight Night: Evloev vs. Murphy,Michael Aswell Jr.,http://ufcstats.com/fight-details/fa534aaa5b997a69,ctrl_seconds,65,169
2026-03-21,UFC Fight Night: Evloev vs. Murphy,Michael Page,http://ufcstats.com/fight-details/5ee11b727e89e8ad,ctrl_seconds,0,26
2026-03-21,UFC Fight Night: Evloev vs. Murphy,Sam Patterson,http://ufcstats.com/fight-details/5ee11b727e89e8ad,ctrl_seconds,0,167
2026-03-21,UFC Fight Night: Evloev vs. Murphy,Roman Dolidze,http://ufcstats.com/fight-details/562d916f55918901,ctrl_seconds,153,427
2026-03-21,UFC Fight Night: Evloev vs. Murphy,Christian Leroy Duncan,http://ufcstats.com/fight-details/562d916f55918901,ctrl_seconds,37,68
2026-03-21,UFC Fight Night: Evloev vs. Murphy,Danny Silva,http://ufcstats.com/fight-details/4e58bcc0d27042fd,ctrl_seconds,56,65
2026-03-21,UFC Fight Night: Evloev vs. Murphy,Mason Jones,http://ufcstats.com/fight-details/3ee578ddd071ad4c,ctrl_seconds,0,5
2026-03-21,UFC Fight Night: Evloev vs. Murphy,Axel Sola,http://ufcstats.com/fight-details/3ee578ddd071ad4c,ctrl_seconds,105,139
2026-03-21,UFC Fight Night: Evloev vs. Murphy,Mario Pinto,http://ufcstats.com/fight-details/90187edeeda7e6d6,ctrl_seconds,28,375
2026-03-21,UFC Fight Night: Evloev vs. Murphy,Mantas Kondratavicius,http://ufcstats.com/fight-details/8817bd21b6d0a989,ctrl_seconds,112,366
2026-03-21,UFC Fight Night: Evloev vs. Murphy,Antonio Trocoli,http://ufcstats.com/fight-details/8817bd21b6d0a989,ctrl_seconds,93,303
2026-03-21,UFC Fight Night: Evloev vs. Murphy,Shem Rock,http://ufcstats.com/fight-details/bbe0f3653de9f6a8,ctrl_seconds,30,55
2026-03-21,UFC Fight Night: Evloev vs. Murphy,Abdul-Kareem Al-Selwady,http://ufcstats.com/fight-details/bbe0f3653de9f6a8,ctrl_seconds,2,19
2026-03-21,UFC Fight Night: Evloev vs. Murphy,Shanelle Dyer,http://ufcstats.com/fight-details/216bc9b661485017,ctrl_seconds,28,34
2026-03-21,UFC Fight Night: Evloev vs. Murphy,Ravena Oliveira,http://ufcstats.com/fight-details/216bc9b661485017,ctrl_seconds,5,12
2026-03-28,UFC Fight Night: Adesanya vs. Pyfer,Joe Pyfer,http://ufcstats.com/fight-details/85e94a6c071fd9fa,ctrl_seconds,61,164
2026-03-28,UFC Fight Night: Adesanya vs. Pyfer,Mansur Abdul-Malik,http://ufcstats.com/fight-details/e32dc26b11d1f81d,ctrl_seconds,0,127
2026-03-28,UFC Fight Night: Adesanya vs. Pyfer,Yousri Belgaroui,http://ufcstats.com/fight-details/e32dc26b11d1f81d,ctrl_seconds,0,59
2026-03-28,UFC Fight Night: Adesanya vs. Pyfer,Ignacio Bahamondes,http://ufcstats.com/fight-details/fa96d6252579b51e,ctrl_seconds,0,77
2026-03-28,UFC Fight Night: Adesanya vs. Pyfer,Tofiq Musayev,http://ufcstats.com/fight-details/fa96d6252579b51e,ctrl_seconds,38,471
2026-03-28,UFC Fight Night: Adesanya vs. Pyfer,Marcin Tybura,http://ufcstats.com/fight-details/08d4e3864c44f8a5,ctrl_seconds,0,41
2026-03-28,UFC Fight Night: Adesanya vs. Pyfer,Tyrell Fortune,http://ufcstats.com/fight-details/08d4e3864c44f8a5,ctrl_seconds,183,307
2026-03-28,UFC Fight Night: Adesanya vs. Pyfer,Navajo Stirling,http://ufcstats.com/fight-details/dbf1ee1a1912c735,ctrl_seconds,8,91
2026-03-28,UFC Fight Night: Adesanya vs. Pyfer,Bruno Lopes,http://ufcstats.com/fight-details/dbf1ee1a1912c735,ctrl_seconds,50,60
2026-03-28,UFC Fight Night: Adesanya vs. Pyfer,Ricky Simon,http://ufcstats.com/fight-details/a997593977ba8cad,ctrl_seconds,0,126
2026-03-28,UFC Fight Night: Adesanya vs. Pyfer,Adrian Yanez,http://ufcstats.com/fight-details/a997593977ba8cad,ctrl_seconds,0,6
2026-03-28,UFC Fight Night: Adesanya vs. Pyfer,Alexia Thainara,http://ufcstats.com/fight-details/796e1151896195aa,ctrl_seconds,136,574
2026-04-04,UFC Fight Night: Moicano vs. Duncan,Renato Moicano,http://ufcstats.com/fight-details/d69bd8e53ec858dc,ctrl_seconds,73,196
2026-04-04,UFC Fight Night: Moicano vs. Duncan,Virna Jandiroba,http://ufcstats.com/fight-details/721642e7de112e9e,ctrl_seconds,180,480
2026-04-04,UFC Fight Night: Moicano vs. Duncan,Tabatha Ricci,http://ufcstats.com/fight-details/721642e7de112e9e,ctrl_seconds,0,63
2026-04-04,UFC Fight Night: Moicano vs. Duncan,Ethyn Ewing,http://ufcstats.com/fight-details/fef80c98b2fba70c,ctrl_seconds,15,22
2026-04-04,UFC Fight Night: Moicano vs. Duncan,Jose Delano,http://ufcstats.com/fight-details/7924f10aac3543de,ctrl_seconds,0,38
2026-04-04,UFC Fight Night: Moicano vs. Duncan,Robert Ruchala,http://ufcstats.com/fight-details/7924f10aac3543de,ctrl_seconds,35,68
2026-04-04,UFC Fight Night: Moicano vs. Duncan,Thomas Petersen,http://ufcstats.com/fight-details/0760bc02280574dd,ctrl_seconds,123,516
2026-04-04,UFC Fight Night: Moicano vs. Duncan,Alessandro Costa,http://ufcstats.com/fight-details/af2a9d47ca8115e4,ctrl_seconds,0,78
2026-04-04,UFC Fight Night: Moicano vs. Duncan,Stewart Nicoll,http://ufcstats.com/fight-details/af2a9d47ca8115e4,ctrl_seconds,2,6
2026-04-04,UFC Fight Night: Moicano vs. Duncan,Darrius Flowers,http://ufcstats.com/fight-details/9c9c26679701b84d,ctrl_seconds,18,23
2026-04-04,UFC Fight Night: Moicano vs. Duncan,Alice Pereira,http://ufcstats.com/fight-details/74bb036ef0493bf7,ctrl_seconds,0,3
2026-04-04,UFC Fight Night: Moicano vs. Duncan,Hailey Cowan,http://ufcstats.com/fight-details/74bb036ef0493bf7,ctrl_seconds,67,256
2026-04-04,UFC Fight Night: Moicano vs. Duncan,Azamat Bekoev,http://ufcstats.com/fight-details/e284a194fb4648a9,ctrl_seconds,19,117
2026-04-04,UFC Fight Night: Moicano vs. Duncan,Tresean Gore,http://ufcstats.com/fight-details/e284a194fb4648a9,ctrl_seconds,36,249
2026-04-04,UFC Fight Night: Moicano vs. Duncan,Dione Barbosa,http://ufcstats.com/fight-details/caf13346cbcfdb03,ctrl_seconds,75,366
2026-04-04,UFC Fight Night: Moicano vs. Duncan,Melissa Gatto,http://ufcstats.com/fight-details/caf13346cbcfdb03,ctrl_seconds,71,288
2026-04-04,UFC Fight Night: Moicano vs. Duncan,Kai Kamaka III,http://ufcstats.com/fight-details/a5a749aa0061fdb4,ctrl_seconds,5,23
2026-04-04,UFC Fight Night: Moicano vs. Duncan,Dakota Hope,http://ufcstats.com/fight-details/a5a749aa0061fdb4,ctrl_seconds,35,78
2026-04-11,UFC 327: Prochazka vs. Ulberg,Azamat Murzakanov,http://ufcstats.com/fight-details/aade9d76ac6c6aef,ctrl_seconds,0,20
2026-04-11,UFC 327: Prochazka vs. Ulberg,Paulo Costa,http://ufcstats.com/fight-details/aade9d76ac6c6aef,ctrl_seconds,31,80
2026-04-11,UFC 327: Prochazka vs. Ulberg,Josh Hokit,http://ufcstats.com/fight-details/903552edaba48f4a,ctrl_seconds,0,31
2026-04-11,UFC 327: Prochazka vs. Ulberg,Johnny Walker,http://ufcstats.com/fight-details/c4d060cff018979a,ctrl_seconds,0,10
2026-04-11,UFC 327: Prochazka vs. Ulberg,Aaron Pico,http://ufcstats.com/fight-details/10ab34056720b6b4,ctrl_seconds,47,205
2026-04-11,UFC 327: Prochazka vs. Ulberg,Kevin Holland,http://ufcstats.com/fight-details/b4e16fb13153efdc,ctrl_seconds,101,245
2026-04-11,UFC 327: Prochazka vs. Ulberg,Randy Brown,http://ufcstats.com/fight-details/b4e16fb13153efdc,ctrl_seconds,0,163
2026-04-11,UFC 327: Prochazka vs. Ulberg,Mateusz Gamrot,http://ufcstats.com/fight-details/62b5ce408c150fa8,ctrl_seconds,235,410
2026-04-11,UFC 327: Prochazka vs. Ulberg,Tatiana Suarez,http://ufcstats.com/fight-details/f506977877074aa6,ctrl_seconds,219,312
2026-04-11,UFC 327: Prochazka vs. Ulberg,Chris Padilla,http://ufcstats.com/fight-details/81d20c833e9a76eb,ctrl_seconds,58,129
2026-04-11,UFC 327: Prochazka vs. Ulberg,MarQuel Mederos,http://ufcstats.com/fight-details/81d20c833e9a76eb,ctrl_seconds,15,16
2026-04-11,UFC 327: Prochazka vs. Ulberg,Charles Radtke,http://ufcstats.com/fight-details/5b49c3d36907c6df,ctrl_seconds,230,547
2026-04-11,UFC 327: Prochazka vs. Ulberg,Francisco Prado,http://ufcstats.com/fight-details/5b49c3d36907c6df,ctrl_seconds,0,110
2026-04-18,UFC Fight Night: Burns vs. Malott,Gilbert Burns,http://ufcstats.com/fight-details/32054bf2b36b0e47,ctrl_seconds,0,1
2026-04-18,UFC Fight Night: Burns vs. Malott,Mike Malott,http://ufcstats.com/fight-details/32054bf2b36b0e47,ctrl_seconds,0,14
2026-04-18,UFC Fight Night: Burns vs. Malott,Kyler Phillips,http://ufcstats.com/fight-details/b5299e5b946015e5,ctrl_seconds,231,433
2026-04-18,UFC Fight Night: Burns vs. Malott,Charles Jourdain,http://ufcstats.com/fight-details/b5299e5b946015e5,ctrl_seconds,0,21
2026-04-18,UFC Fight Night: Burns vs. Malott,Jasmine Jasudavicius,http://ufcstats.com/fight-details/5a209522211d7530,ctrl_seconds,109,489
2026-04-18,UFC Fight Night: Burns vs. Malott,Thiago Moises,http://ufcstats.com/fight-details/a661c0bee7c8d5af,ctrl_seconds,142,153
2026-04-18,UFC Fight Night: Burns vs. Malott,Gauge Young,http://ufcstats.com/fight-details/a661c0bee7c8d5af,ctrl_seconds,17,67
2026-04-18,UFC Fight Night: Burns vs. Malott,Tanner Boser,http://ufcstats.com/fight-details/85c7a0f44aa3e10a,ctrl_seconds,32,90
2026-04-18,UFC Fight Night: Burns vs. Malott,Gokhan Saricam,http://ufcstats.com/fight-details/85c7a0f44aa3e10a,ctrl_seconds,70,80
2026-04-18,UFC Fight Night: Burns vs. Malott,Melissa Croden,http://ufcstats.com/fight-details/bae4de7ef8c0769e,ctrl_seconds,16,312
2026-04-18,UFC Fight Night: Burns vs. Malott,John Castaneda,http://ufcstats.com/fight-details/552f7cdaf93e1055,ctrl_seconds,32,75
2026-04-18,UFC Fight Night: Burns vs. Malott,Mark Vologdin,http://ufcstats.com/fight-details/552f7cdaf93e1055,ctrl_seconds,5,31
2026-04-25,UFC Fight Night: Sterling vs. Zalal,Aljamain Sterling,http://ufcstats.com/fight-details/f524e42c36028de0,ctrl_seconds,139,829
2026-04-25,UFC Fight Night: Sterling vs. Zalal,Youssef Zalal,http://ufcstats.com/fight-details/f524e42c36028de0,ctrl_seconds,0,239
2026-04-25,UFC Fight Night: Sterling vs. Zalal,Joselyne Edwards,http://ufcstats.com/fight-details/cb745968bd16bf56,ctrl_seconds,91,141
2026-04-25,UFC Fight Night: Sterling vs. Zalal,Rafa Garcia,http://ufcstats.com/fight-details/84951374e4cdc679,ctrl_seconds,28,110
2026-04-25,UFC Fight Night: Sterling vs. Zalal,Adrian Luna Martinetti,http://ufcstats.com/fight-details/f5aff2f858311fbc,ctrl_seconds,0,43
2026-04-25,UFC Fight Night: Sterling vs. Zalal,Raoni Barcelos,http://ufcstats.com/fight-details/348de8e364ecf041,ctrl_seconds,169,465
2026-04-25,UFC Fight Night: Sterling vs. Zalal,Marcus Buchecha,http://ufcstats.com/fight-details/7e551ddb1494a45f,ctrl_seconds,65,69
2026-04-25,UFC Fight Night: Sterling vs. Zalal,Ryan Spann,http://ufcstats.com/fight-details/7e551ddb1494a45f,ctrl_seconds,149,176
2026-04-25,UFC Fight Night: Sterling vs. Zalal,Rodolfo Vieira,http://ufcstats.com/fight-details/67f24cf244134661,ctrl_seconds,195,384
2026-04-25,UFC Fight Night: Sterling vs. Zalal,Eric McConico,http://ufcstats.com/fight-details/67f24cf244134661,ctrl_seconds,21,51
2026-04-25,UFC Fight Night: Sterling vs. Zalal,Mayra Bueno Silva,http://ufcstats.com/fight-details/dcfd594b68ff5ae1,ctrl_seconds,0,99
2026-04-25,UFC Fight Night: Sterling vs. Zalal,Michelle Montague,http://ufcstats.com/fight-details/dcfd594b68ff5ae1,ctrl_seconds,296,614
2026-04-25,UFC Fight Night: Sterling vs. Zalal,Jafel Filho,http://ufcstats.com/fight-details/d421f3cd158fd055,ctrl_seconds,120,188
2026-04-25,UFC Fight Night: Sterling vs. Zalal,Cody Durden,http://ufcstats.com/fight-details/d421f3cd158fd055,ctrl_seconds,80,314
2026-04-25,UFC Fight Night: Sterling vs. Zalal,Francis Marshall,http://ufcstats.com/fight-details/c7fb90f1355291e4,ctrl_seconds,208,396
2026-04-25,UFC Fight Night: Sterling vs. Zalal,Lucas Brennan,http://ufcstats.com/fight-details/c7fb90f1355291e4,ctrl_seconds,13,47
2026-04-25,UFC Fight Night: Sterling vs. Zalal,Max Griffin,http://ufcstats.com/fight-details/2e7f8d0ad385876d,ctrl_seconds,21,63
2026-04-25,UFC Fight Night: Sterling vs. Zalal,Victor Valenzuela,http://ufcstats.com/fight-details/2e7f8d0ad385876d,ctrl_seconds,0,36
2026-04-25,UFC Fight Night: Sterling vs. Zalal,Talita Alencar,http://ufcstats.com/fight-details/0df4f4ac27cf2d26,ctrl_seconds,60,147
2026-05-02,UFC Fight Night: Della Maddalena vs. Prates,Jack Della Maddalena,http://ufcstats.com/fight-details/eb6d9fef6c374830,ctrl_seconds,33,73
2026-05-02,UFC Fight Night: Della Maddalena vs. Prates,Carlos Prates,http://ufcstats.com/fight-details/eb6d9fef6c374830,ctrl_seconds,0,42
2026-05-02,UFC Fight Night: Della Maddalena vs. Prates,Tim Elliott,http://ufcstats.com/fight-details/afec383a96893ec5,ctrl_seconds,18,34
2026-05-02,UFC Fight Night: Della Maddalena vs. Prates,Steve Erceg,http://ufcstats.com/fight-details/afec383a96893ec5,ctrl_seconds,0,29
2026-05-02,UFC Fight Night: Della Maddalena vs. Prates,Shamil Gaziev,http://ufcstats.com/fight-details/a564219e7a964aa6,ctrl_seconds,166,216
2026-05-02,UFC Fight Night: Della Maddalena vs. Prates,Tai Tuivasa,http://ufcstats.com/fight-details/2afaa97901d5587c,ctrl_seconds,10,42
2026-05-02,UFC Fight Night: Della Maddalena vs. Prates,Louie Sutherland,http://ufcstats.com/fight-details/2afaa97901d5587c,ctrl_seconds,220,705
2026-05-02,UFC Fight Night: Della Maddalena vs. Prates,Cam Rowston,http://ufcstats.com/fight-details/46181797eb543a0b,ctrl_seconds,123,610
2026-05-02,UFC Fight Night: Della Maddalena vs. Prates,Jacob Malkoun,http://ufcstats.com/fight-details/edff38661bf2866b,ctrl_seconds,13,137
2026-05-02,UFC Fight Night: Della Maddalena vs. Prates,Gerald Meerschaert,http://ufcstats.com/fight-details/edff38661bf2866b,ctrl_seconds,236,263
2026-05-02,UFC Fight Night: Della Maddalena vs. Prates,Colby Thicknesse,http://ufcstats.com/fight-details/00bde62cac38e5e9,ctrl_seconds,140,181
2026-05-02,UFC Fight Night: Della Maddalena vs. Prates,Vince Morales,http://ufcstats.com/fight-details/00bde62cac38e5e9,ctrl_seconds,104,214
2026-05-02,UFC Fight Night: Della Maddalena vs. Prates,Ben Johnston,http://ufcstats.com/fight-details/827c64369b374989,ctrl_seconds,266,556
2026-05-02,UFC Fight Night: Della Maddalena vs. Prates,Wes Schultz,http://ufcstats.com/fight-details/827c64369b374989,ctrl_seconds,23,97
2026-05-02,UFC Fight Night: Della Maddalena vs. Prates,Jonathan Micallef,http://ufcstats.com/fight-details/7ac4ae301ed699ab,ctrl_seconds,131,206
2026-05-02,UFC Fight Night: Della Maddalena vs. Prates,Themba Gorimbo,http://ufcstats.com/fight-details/7ac4ae301ed699ab,ctrl_seconds,49,325
2026-05-09,UFC 328: Chimaev vs. Strickland,Khamzat Chimaev,http://ufcstats.com/fight-details/70f1621080b3435c,ctrl_seconds,287,436
2026-05-09,UFC 328: Chimaev vs. Strickland,Sean Strickland,http://ufcstats.com/fight-details/70f1621080b3435c,ctrl_seconds,0,181
2026-05-09,UFC 328: Chimaev vs. Strickland,Joshua Van,http://ufcstats.com/fight-details/c85b530861145935,ctrl_seconds,0,81
2026-05-09,UFC 328: Chimaev vs. Strickland,Tatsuro Taira,http://ufcstats.com/fight-details/c85b530861145935,ctrl_seconds,220,638
2026-05-09,UFC 328: Chimaev vs. Strickland,Alexander Volkov,http://ufcstats.com/fight-details/22ba4f1b0aafbf82,ctrl_seconds,0,3
2026-05-09,UFC 328: Chimaev vs. Strickland,Waldo Cortes Acosta,http://ufcstats.com/fight-details/22ba4f1b0aafbf82,ctrl_seconds,0,1
2026-05-09,UFC 328: Chimaev vs. Strickland,Sean Brady,http://ufcstats.com/fight-details/845b8653f9cf839c,ctrl_seconds,192,729
2026-05-09,UFC 328: Chimaev vs. Strickland,Yaroslav Amosov,http://ufcstats.com/fight-details/f88dc6e0c29cff1d,ctrl_seconds,223,232
2026-05-09,UFC 328: Chimaev vs. Strickland,Grant Dawson,http://ufcstats.com/fight-details/ffcb47e17eebe6a6,ctrl_seconds,157,428
2026-05-09,UFC 328: Chimaev vs. Strickland,Mateusz Rebecki,http://ufcstats.com/fight-details/ffcb47e17eebe6a6,ctrl_seconds,50,142
2026-05-09,UFC 328: Chimaev vs. Strickland,Roman Kopylov,http://ufcstats.com/fight-details/9d35723a53749931,ctrl_seconds,0,154
2026-05-09,UFC 328: Chimaev vs. Strickland,Pat Sabatini,http://ufcstats.com/fight-details/303018d7459323b4,ctrl_seconds,276,672
2026-05-09,UFC 328: Chimaev vs. Strickland,Baisangur Susurkaev,http://ufcstats.com/fight-details/1f5d0b106385b2ac,ctrl_seconds,0,136
2026-05-09,UFC 328: Chimaev vs. Strickland,Djorden Santos,http://ufcstats.com/fight-details/1f5d0b106385b2ac,ctrl_seconds,0,21
2026-05-09,UFC 328: Chimaev vs. Strickland,Clayton Carpenter,http://ufcstats.com/fight-details/e92d89cb2d69235e,ctrl_seconds,7,67
2026-05-09,UFC 328: Chimaev vs. Strickland,Jose Ochoa,http://ufcstats.com/fight-details/e92d89cb2d69235e,ctrl_seconds,44,69
2026-05-16,UFC Fight Night: Allen vs. Costa,Arnold Allen,http://ufcstats.com/fight-details/e4aa608124896794,ctrl_seconds,104,568
2026-05-16,UFC Fight Night: Allen vs. Costa,Dooho Choi,http://ufcstats.com/fight-details/fc1266e2892ed111,ctrl_seconds,1,11
2026-05-16,UFC Fight Night: Allen vs. Costa,Daniel Santos,http://ufcstats.com/fight-details/fc1266e2892ed111,ctrl_seconds,12,54
2026-05-16,UFC Fight Night: Allen vs. Costa,Juan Diaz,http://ufcstats.com/fight-details/ecb7ff543dd41bf8,ctrl_seconds,88,228
2026-05-16,UFC Fight Night: Allen vs. Costa,Modestas Bukauskas,http://ufcstats.com/fight-details/57bd683efc797fc1,ctrl_seconds,0,135
2026-05-16,UFC Fight Night: Allen vs. Costa,Christian Edwards,http://ufcstats.com/fight-details/57bd683efc797fc1,ctrl_seconds,107,262
2026-05-16,UFC Fight Night: Allen vs. Costa,Timmy Cuamba,http://ufcstats.com/fight-details/a6ec8573a9d38c51,ctrl_seconds,8,11
2026-05-16,UFC Fight Night: Allen vs. Costa,Benardo Sopaj,http://ufcstats.com/fight-details/a6ec8573a9d38c51,ctrl_seconds,52,114
2026-05-16,UFC Fight Night: Allen vs. Costa,Ivan Erslan,http://ufcstats.com/fight-details/6242cda790f2085d,ctrl_seconds,65,511
2026-05-16,UFC Fight Night: Allen vs. Costa,Tommy Gantt,http://ufcstats.com/fight-details/c9e0aa88afb81dab,ctrl_seconds,204,315
2026-05-16,UFC Fight Night: Allen vs. Costa,Artur Minev,http://ufcstats.com/fight-details/c9e0aa88afb81dab,ctrl_seconds,23,53
2026-05-16,UFC Fight Night: Allen vs. Costa,Ketlen Vieira,http://ufcstats.com/fight-details/5f7111b982bcf6e3,ctrl_seconds,0,282
2026-05-16,UFC Fight Night: Allen vs. Costa,Cody Brundage,http://ufcstats.com/fight-details/48cb604345f11766,ctrl_seconds,2,34
2026-05-16,UFC Fight Night: Allen vs. Costa,Alice Ardelean,http://ufcstats.com/fight-details/b98ead4eff6bf872,ctrl_seconds,0,245
2026-05-16,UFC Fight Night: Allen vs. Costa,Luis Gurule,http://ufcstats.com/fight-details/b482d4452e4d0eee,ctrl_seconds,81,146
2026-05-16,UFC Fight Night: Allen vs. Costa,Shauna Bannon,http://ufcstats.com/fight-details/39417b7d07c2fd83,ctrl_seconds,9,110
2026-05-16,UFC Fight Night: Allen vs. Costa,Nicolle Caliari,http://ufcstats.com/fight-details/39417b7d07c2fd83,ctrl_seconds,273,558
2026-05-30,UFC Fight Night: Song vs. Figueiredo,Song Yadong,http://ufcstats.com/fight-details/423f32dd018ac218,ctrl_seconds,0,3
2026-05-30,UFC Fight Night: Song vs. Figueiredo,Deiveson Figueiredo,http://ufcstats.com/fight-details/423f32dd018ac218,ctrl_seconds,28,35
2026-05-30,UFC Fight Night: Song vs. Figueiredo,Jake Matthews,http://ufcstats.com/fight-details/c1c9dfd0c0952f18,ctrl_seconds,20,570
2026-05-30,UFC Fight Night: Song vs. Figueiredo,Carlston Harris,http://ufcstats.com/fight-details/c1c9dfd0c0952f18,ctrl_seconds,0,27
2026-05-30,UFC Fight Night: Song vs. Figueiredo,Sumudaerji,http://ufcstats.com/fight-details/7e8749cbf32ef1f8,ctrl_seconds,21,71
2026-05-30,UFC Fight Night: Song vs. Figueiredo,Cody Haddon,http://ufcstats.com/fight-details/3bc0190fb17ba42f,ctrl_seconds,253,330
2026-05-30,UFC Fight Night: Song vs. Figueiredo,Angela Hill,http://ufcstats.com/fight-details/3f719885c9916e06,ctrl_seconds,57,126
2026-06-06,UFC Fight Night: Muhammad vs. Bonfim,Belal Muhammad,http://ufcstats.com/fight-details/5c69b019e6deee41,ctrl_seconds,0,8
2026-06-06,UFC Fight Night: Muhammad vs. Bonfim,Brendan Allen,http://ufcstats.com/fight-details/419fff06f338f5c6,ctrl_seconds,16,28
2026-06-06,UFC Fight Night: Muhammad vs. Bonfim,Edmen Shahbazyan,http://ufcstats.com/fight-details/419fff06f338f5c6,ctrl_seconds,0,8
2026-06-06,UFC Fight Night: Muhammad vs. Bonfim,Fares Ziam,http://ufcstats.com/fight-details/58ffa2dac4f2e7d0,ctrl_seconds,98,307
2026-06-06,UFC Fight Night: Muhammad vs. Bonfim,Tom Nolan,http://ufcstats.com/fight-details/58ffa2dac4f2e7d0,ctrl_seconds,125,407
2026-06-06,UFC Fight Night: Muhammad vs. Bonfim,Bryce Mitchell,http://ufcstats.com/fight-details/c47796e11a801e12,ctrl_seconds,248,700
2026-06-06,UFC Fight Night: Muhammad vs. Bonfim,Santiago Luna,http://ufcstats.com/fight-details/c47796e11a801e12,ctrl_seconds,4,74
2026-06-06,UFC Fight Night: Muhammad vs. Bonfim,Jeisla Chaves,http://ufcstats.com/fight-details/a6b211d8dab5edec,ctrl_seconds,0,269
2026-06-06,UFC Fight Night: Muhammad vs. Bonfim,Yuneisy Duben,http://ufcstats.com/fight-details/a6b211d8dab5edec,ctrl_seconds,37,198
2026-06-14,UFC Freedom 250,Ilia Topuria,http://ufcstats.com/fight-details/7208e40818401e88,ctrl_seconds,0,152
2026-06-14,UFC Freedom 250,Justin Gaethje,http://ufcstats.com/fight-details/7208e40818401e88,ctrl_seconds,0,92
2026-06-14,UFC Freedom 250,Ciryl Gane,http://ufcstats.com/fight-details/5727d5be8c373346,ctrl_seconds,0,12
2026-06-14,UFC Freedom 250,Sean O'Malley,http://ufcstats.com/fight-details/60de0423ae6ed097,ctrl_seconds,0,2
2026-06-14,UFC Freedom 250,Josh Hokit,http://ufcstats.com/fight-details/30cdb851f6c63444,ctrl_seconds,181,244
2026-06-14,UFC Freedom 250,Diego Lopes,http://ufcstats.com/fight-details/127ba4a1ccb3d4a6,ctrl_seconds,0,5
2026-06-20,UFC Fight Night: Kape vs. Horiguchi,Manel Kape,http://ufcstats.com/fight-details/33afdd7ad43a2756,ctrl_seconds,0,10
2026-06-20,UFC Fight Night: Kape vs. Horiguchi,Kyoji Horiguchi,http://ufcstats.com/fight-details/33afdd7ad43a2756,ctrl_seconds,15,240
2026-06-20,UFC Fight Night: Kape vs. Horiguchi,Ion Cutelaba,http://ufcstats.com/fight-details/afc021700481ac4e,ctrl_seconds,113,181
2026-06-20,UFC Fight Night: Kape vs. Horiguchi,Navajo Stirling,http://ufcstats.com/fight-details/afc021700481ac4e,ctrl_seconds,70,113
2026-06-20,UFC Fight Night: Kape vs. Horiguchi,Vinicius Oliveira,http://ufcstats.com/fight-details/571a3eabff5c7ba7,ctrl_seconds,15,17
2026-06-20,UFC Fight Night: Kape vs. Horiguchi,Andre Lima,http://ufcstats.com/fight-details/17d31249c9ab18af,ctrl_seconds,0,101
2026-06-20,UFC Fight Night: Kape vs. Horiguchi,Kevin Borjas,http://ufcstats.com/fight-details/17d31249c9ab18af,ctrl_seconds,0,8
2026-06-20,UFC Fight Night: Kape vs. Horiguchi,Allan Nascimento,http://ufcstats.com/fight-details/3b4803afa824fea3,ctrl_seconds,24,261
2026-06-20,UFC Fight Night: Kape vs. Horiguchi,Mitch Raposo,http://ufcstats.com/fight-details/3b4803afa824fea3,ctrl_seconds,14,47
2026-06-20,UFC Fight Night: Kape vs. Horiguchi,Gaston Bolanos,http://ufcstats.com/fight-details/8b809ba1880aded0,ctrl_seconds,0,22
2026-06-20,UFC Fight Night: Kape vs. Horiguchi,Michael Aswell Jr.,http://ufcstats.com/fight-details/8b809ba1880aded0,ctrl_seconds,0,66
2026-06-20,UFC Fight Night: Kape vs. Horiguchi,Luana Santos,http://ufcstats.com/fight-details/b23a1a5d35eb438a,ctrl_seconds,196,741
2026-06-20,UFC Fight Night: Kape vs. Horiguchi,Shane Collins,http://ufcstats.com/fight-details/9efa4de316b8bf43,ctrl_seconds,42,154
2026-06-20,UFC Fight Night: Kape vs. Horiguchi,Otari Tanzilovi,http://ufcstats.com/fight-details/9efa4de316b8bf43,ctrl_seconds,74,254
2026-06-27,UFC Fight Night: Fiziev vs. Torres,Rafael Fiziev,http://ufcstats.com/fight-details/c13dc0cccef263f7,ctrl_seconds,36,42
2026-06-27,UFC Fight Night: Fiziev vs. Torres,Shara Magomedov,http://ufcstats.com/fight-details/012c307c9d446c4d,ctrl_seconds,42,53
2026-06-27,UFC Fight Night: Fiziev vs. Torres,Michel Pereira,http://ufcstats.com/fight-details/012c307c9d446c4d,ctrl_seconds,204,244
2026-06-27,UFC Fight Night: Fiziev vs. Torres,Asu Almabayev,http://ufcstats.com/fight-details/81cde317c156723b,ctrl_seconds,199,528
2026-06-27,UFC Fight Night: Fiziev vs. Torres,Ikram Aliskerov,http://ufcstats.com/fight-details/d83294b031502177,ctrl_seconds,164,533
2026-06-27,UFC Fight Night: Fiziev vs. Torres,Brunno Ferreira,http://ufcstats.com/fight-details/d83294b031502177,ctrl_seconds,0,7
2026-06-27,UFC Fight Night: Fiziev vs. Torres,Farman Hasanov,http://ufcstats.com/fight-details/6a35ff33b8597904,ctrl_seconds,267,672
2026-06-27,UFC Fight Night: Fiziev vs. Torres,Eric Nolan,http://ufcstats.com/fight-details/6a35ff33b8597904,ctrl_seconds,0,3
2026-06-27,UFC Fight Night: Fiziev vs. Torres,Daniil Donchenko,http://ufcstats.com/fight-details/0e60ab32f3d03929,ctrl_seconds,20,27
2026-06-27,UFC Fight Night: Fiziev vs. Torres,Jean Matsumoto,http://ufcstats.com/fight-details/ae0a91c8f92f4758,ctrl_seconds,37,98
2026-06-27,UFC Fight Night: Fiziev vs. Torres,Tahir Abdullayev,http://ufcstats.com/fight-details/f1cb2e7ef096ec7c,ctrl_seconds,0,192
2026-06-27,UFC Fight Night: Fiziev vs. Torres,Jefferson Nascimento,http://ufcstats.com/fight-details/f1cb2e7ef096ec7c,ctrl_seconds,25,33
2026-07-11,UFC 329: McGregor vs. Holloway 2,Cory Sandhagen,http://ufcstats.com/fight-details/c572daedf2012a49,ctrl_seconds,23,73
2026-07-11,UFC 329: McGregor vs. Holloway 2,Mario Bautista,http://ufcstats.com/fight-details/c572daedf2012a49,ctrl_seconds,37,201
2026-07-11,UFC 329: McGregor vs. Holloway 2,Brandon Royval,http://ufcstats.com/fight-details/a3ab1979192b647c,ctrl_seconds,75,293
2026-07-11,UFC 329: McGregor vs. Holloway 2,Lone'er Kavanagh,http://ufcstats.com/fight-details/a3ab1979192b647c,ctrl_seconds,16,129
2026-07-11,UFC 329: McGregor vs. Holloway 2,Tracy Cortez,http://ufcstats.com/fight-details/e84c3f1f9a33fa90,ctrl_seconds,13,31
2026-07-11,UFC 329: McGregor vs. Holloway 2,Wang Cong,http://ufcstats.com/fight-details/e84c3f1f9a33fa90,ctrl_seconds,37,82
2026-07-11,UFC 329: McGregor vs. Holloway 2,Farid Basharat,http://ufcstats.com/fight-details/9e00ee7644774e18,ctrl_seconds,96,242
2026-07-11,UFC 329: McGregor vs. Holloway 2,John Garza,http://ufcstats.com/fight-details/9e00ee7644774e18,ctrl_seconds,7,13
2026-07-11,UFC 329: McGregor vs. Holloway 2,Alessandro Costa,http://ufcstats.com/fight-details/1b6a3b0d27654d3e,ctrl_seconds,0,61
2026-07-18,UFC Fight Night: Du Plessis vs. Usman,Dricus Du Plessis,http://ufcstats.com/fight-details/701c97405da76603,ctrl_seconds,0,6
2026-07-18,UFC Fight Night: Du Plessis vs. Usman,Kamaru Usman,http://ufcstats.com/fight-details/701c97405da76603,ctrl_seconds,0,24
2026-07-18,UFC Fight Night: Du Plessis vs. Usman,Jared Cannonier,http://ufcstats.com/fight-details/4eff5a845db17572,ctrl_seconds,122,372
2026-07-18,UFC Fight Night: Du Plessis vs. Usman,Christian Leroy Duncan,http://ufcstats.com/fight-details/4eff5a845db17572,ctrl_seconds,69,136
2026-07-18,UFC Fight Night: Du Plessis vs. Usman,Tabatha Ricci,http://ufcstats.com/fight-details/52ddf20a10890b41,ctrl_seconds,1,30
2026-07-18,UFC Fight Night: Du Plessis vs. Usman,Fatima Kline,http://ufcstats.com/fight-details/52ddf20a10890b41,ctrl_seconds,99,300
2026-07-18,UFC Fight Night: Du Plessis vs. Usman,Tommy McMillen,http://ufcstats.com/fight-details/c64c6ba6eb1e1d06,ctrl_seconds,31,57
2026-07-18,UFC Fight Night: Du Plessis vs. Usman,Austin Bashi,http://ufcstats.com/fight-details/3bd159c1bed14700,ctrl_seconds,40,190
2026-07-18,UFC Fight Night: Du Plessis vs. Usman,Jose Delgado,http://ufcstats.com/fight-details/3bd159c1bed14700,ctrl_seconds,84,114
2026-07-18,UFC Fight Night: Du Plessis vs. Usman,Jean-Paul Lebosnoyani,http://ufcstats.com/fight-details/f2eb569176e46edf,ctrl_seconds,30,129
2026-07-18,UFC Fight Night: Du Plessis vs. Usman,Seokhyeon Ko,http://ufcstats.com/fight-details/f2eb569176e46edf,ctrl_seconds,14,107
2026-07-18,UFC Fight Night: Du Plessis vs. Usman,Felipe Franco,http://ufcstats.com/fight-details/46d800ce45fdd3e6,ctrl_seconds,147,231
2026-07-18,UFC Fight Night: Du Plessis vs. Usman,Ezra Elliott,http://ufcstats.com/fight-details/9e525f939fba3e73,ctrl_seconds,221,661
2026-07-18,UFC Fight Night: Du Plessis vs. Usman,Damien Anderson,http://ufcstats.com/fight-details/9e525f939fba3e73,ctrl_seconds,0,47
2026-07-18,UFC Fight Night: Du Plessis vs. Usman,Alden Coria,http://ufcstats.com/fight-details/410e6b9e01660b35,ctrl_seconds,9,137
2026-07-18,UFC Fight Night: Du Plessis vs. Usman,Stewart Nicoll,http://ufcstats.com/fight-details/410e6b9e01660b35,ctrl_seconds,63,257
2026-07-25,UFC Fight Night: Ankalaev vs. Guskov,Magomed Ankalaev,http://ufcstats.com/fight-details/9009ec7b91f2be14,ctrl_seconds,0,506
2026-07-25,UFC Fight Night: Ankalaev vs. Guskov,Magomed Zaynukov,http://ufcstats.com/fight-details/4ace64aa144389c5,ctrl_seconds,19,54
2026-07-25,UFC Fight Night: Ankalaev vs. Guskov,Damian Rzepecki,http://ufcstats.com/fight-details/4ace64aa144389c5,ctrl_seconds,124,302
2026-07-25,UFC Fight Night: Ankalaev vs. Guskov,Rizvan Kuniev,http://ufcstats.com/fight-details/5ffb251c6ea48b65,ctrl_seconds,28,141
2026-07-25,UFC Fight Night: Ankalaev vs. Guskov,Abubakar Vagaev,http://ufcstats.com/fight-details/61280e5644189c61,ctrl_seconds,247,466
2026-07-25,UFC Fight Night: Ankalaev vs. Guskov,Saygid Izagakhmaev,http://ufcstats.com/fight-details/61280e5644189c61,ctrl_seconds,16,166
2026-07-25,UFC Fight Night: Ankalaev vs. Guskov,Muhammad Saidov,http://ufcstats.com/fight-details/05bc7a042156b6f6,ctrl_seconds,0,2
2026-07-25,UFC Fight Night: Ankalaev vs. Guskov,Sam Patterson,http://ufcstats.com/fight-details/f6e6b004f07363e9,ctrl_seconds,0,8
2026-07-25,UFC Fight Night: Ankalaev vs. Guskov,Magomed Tuchalov,http://ufcstats.com/fight-details/3ac870d6e7d323b7,ctrl_seconds,0,260
2026-07-25,UFC Fight Night: Ankalaev vs. Guskov,Brendson Ribeiro,http://ufcstats.com/fight-details/3ac870d6e7d323b7,ctrl_seconds,0,8
2026-07-25,UFC Fight Night: Ankalaev vs. Guskov,Nurullo Aliev,http://ufcstats.com/fight-details/3859314324918eeb,ctrl_seconds,269,745
2026-07-25,UFC Fight Night: Ankalaev vs. Guskov,Mike Davis,http://ufcstats.com/fight-details/3859314324918eeb,ctrl_seconds,18,36
2026-07-25,UFC Fight Night: Ankalaev vs. Guskov,Cody Gibson,http://ufcstats.com/fight-details/532340708f0500bd,ctrl_seconds,66,76
2026-07-25,UFC Fight Night: Ankalaev vs. Guskov,Abdul Hussein,http://ufcstats.com/fight-details/532340708f0500bd,ctrl_seconds,62,467
2026-08-01,UFC Fight Night: Medic vs. Rodriguez,Aleksandar Rakic,http://ufcstats.com/fight-details/eb8753ed0476b3d1,ctrl_seconds,0,191
2026-08-01,UFC Fight Night: Medic vs. Rodriguez,Tofiq Musayev,http://ufcstats.com/fight-details/fbd99ae7e1ff993a,ctrl_seconds,20,62
2026-08-01,UFC Fight Night: Medic vs. Rodriguez,Borislav Nikolic,http://ufcstats.com/fight-details/4350abb4f1933f88,ctrl_seconds,28,245
2026-08-01,UFC Fight Night: Medic vs. Rodriguez,Mark Vologdin,http://ufcstats.com/fight-details/4350abb4f1933f88,ctrl_seconds,62,71
2026-08-01,UFC Fight Night: Medic vs. Rodriguez,Bogdan Grad,http://ufcstats.com/fight-details/13aa6688d0538095,ctrl_seconds,164,264
2026-08-08,UFC Fight Night: Gamrot vs. Salkilld,Diego Ferreira,http://ufcstats.com/fight-details/d5245f5b96b8afdf,ctrl_seconds,109,167
2026-08-08,UFC Fight Night: Gamrot vs. Salkilld,Billy Quarantillo,http://ufcstats.com/fight-details/d5245f5b96b8afdf,ctrl_seconds,6,108
2026-08-08,UFC Fight Night: Gamrot vs. Salkilld,Amanda Lemos,http://ufcstats.com/fight-details/13f31f7a784013a3,ctrl_seconds,11,22
2026-08-08,UFC Fight Night: Gamrot vs. Salkilld,Alexia Thainara,http://ufcstats.com/fight-details/13f31f7a784013a3,ctrl_seconds,157,463
2026-08-08,UFC Fight Night: Gamrot vs. Salkilld,Ty Miller,http://ufcstats.com/fight-details/f44ab9e9e4a89735,ctrl_seconds,0,60
2026-08-08,UFC Fight Night: Gamrot vs. Salkilld,Steven Asplund,http://ufcstats.com/fight-details/3050549d19395f6f,ctrl_seconds,140,284
2026-08-08,UFC Fight Night: Gamrot vs. Salkilld,Guilherme Pat,http://ufcstats.com/fight-details/3050549d19395f6f,ctrl_seconds,59,170
2026-08-08,UFC Fight Night: Gamrot vs. Salkilld,Manoel Sousa,http://ufcstats.com/fight-details/81ae2a465e0dfa4f,ctrl_seconds,64,169
2026-08-08,UFC Fight Night: Gamrot vs. Salkilld,Richie Miranda,http://ufcstats.com/fight-details/81ae2a465e0dfa4f,ctrl_seconds,147,231
2026-08-08,UFC Fight Night: Gamrot vs. Salkilld,Juliana Miller,http://ufcstats.com/fight-details/d463229133909215,ctrl_seconds,217,282
2026-08-08,UFC Fight Night: Gamrot vs. Salkilld,Gigi Canuto,http://ufcstats.com/fight-details/ded584e13276cbcb,ctrl_seconds,0,370
2026-08-08,UFC Fight Night: Gamrot vs. Salkilld,Carol Foro,http://ufcstats.com/fight-details/ded584e13276cbcb,ctrl_seconds,0,50
2026-01-24,UFC 324: Gaethje vs. Pimblett,Jean Silva,http://ufcstats.com/fight-details/836a188a90e479a5,dob,1996-12-13,1996-12-27
