event,event_date,fighter_1,fighter_1_url,fighter_2,fighter_2_url,weight_class,gender,method,round,time,fight_url,fighter,kd,sig_str,sig_str_pct,total_str,td,td_pct,sub_att,rev,ctrl,dob,age_at_fight
UFC 324: Gaethje vs. Pimblett,2026-01-24,Justin Gaethje,http://ufcstats.com/fighter-details/9e8f6c728eb01124,Paddy Pimblett,http://ufcstats.com/fighter-details/7826923b47f8d72a,Lightweight,Men,U-DEC,5,5:00,http://ufcstats.com/fight-details/fa4b3f5ce8055921,Justin Gaethje,1,27 of 45,60%,40 of 58,0 of 0,---,0,0,1:01,1988-11-14,37.19
UFC 324: Gaethje vs. Pimblett,2026-01-24,Justin Gaethje,http://ufcstats.com/fighter-details/9e8f6c728eb01124,Paddy Pimblett,http://ufcstats.com/fighter-details/7826923b47f8d72a,Lightweight,Men,U-DEC,5,5:00,http://ufcstats.com/fight-details/fa4b3f5ce8055921,Paddy Pimblett,0,37 of 65,56%,38 of 66,0 of 1,0%,0,0,0:00,1995-01-03,31.06
UFC 324: Gaethje vs. Pimblett,2026-01-24,Sean O'Malley,http://ufcstats.com/fighter-details/b50a426a33da0012,Song Yadong,http://ufcstats.com/fighter-details/efb96bf3e9ada36f,Bantamweight,Men,U-DEC,3,5:00,http://ufcstats.com/fight-details/007e8e0d4a39d82c,Sean O'Malley,0,16 of 26,61%,22 of 32,0 of 0,---,0,0,0:00,1994-10-24,31.25
UFC 324: Gaethje vs. Pimblett,2026-01-24,Sean O'Malley,http://ufcstats.com/fighter-details/b50a426a33da0012,Song Yadong,http://ufcstats.com/fighter-details/efb96bf3e9ada36f,Bantamweight,Men,U-DEC,3,5:00,http://ufcstats.com/fight-details/007e8e0d4a39d82c,Song Yadong,0,10 of 23,43%,23 of 37,1 of 1,100%,0,0,0:38,1997-12-02,28.15
UFC 324: Gaethje vs. Pimblett,2026-01-24,Waldo Cortes Acosta,http://ufcstats.com/fighter-details/fc08099550072fe4,Derrick Lewis,http://ufcstats.com/fighter-details/d3df1add9d9a7efb,Heavyweight,Men,KO/TKO Punches,2,3:14,http://ufcstats.com/fight-details/d93ee3860196c4ae,Waldo Cortes Acosta,0,12 of 16,75%,14 of 18,1 of 1,100%,0,0,0:16,1991-10-03,34.31
UFC 324: Gaethje vs. Pimblett,2026-01-24,Waldo Cortes Acosta,http://ufcstats.com/fighter-details/fc08099550072fe4,Derrick Lewis,http://ufcstats.com/fighter-details/d3df1add9d9a7efb,Heavyweight,Men,KO/TKO Punches,2,3:14,http://ufcstats.com/fight-details/d93ee3860196c4ae,Derrick Lewis,0,4 of 22,18%,4 of 22,0 of 0,---,0,0,0:00,1985-02-07,40.96
UFC 324: Gaethje vs. Pimblett,2026-01-24,Natalia Silva,http://ufcstats.com/fighter-details/262d32ebda89efc4,Rose Namajunas,http://ufcstats.com/fighter-details/47b63240018d5d86,Women's Flyweight,Women,U-DEC,3,5:00,http://ufcstats.com/fight-details/d63c9aa4f4873001,Natalia Silva,0,15 of 44,34%,15 of 44,0 of 0,---,0,0,0:00,1997-02-03,28.97
UFC 324: Gaethje vs. Pimblett,2026-01-24,Natalia Silva,http://ufcstats.com/fighter-details/262d32ebda89efc4,Rose Namajunas,http://ufcstats.com/fighter-details/47b63240018d5d86,Women's Flyweight,Women,U-DEC,3,5:00,http://ufcstats.com/fight-details/d63c9aa4f4873001,Rose Namajunas,0,13 of 39,33%,13 of 39,0 of 1,0%,0,0,0:00,1992-06-29,33.57
UFC 324: Gaethje vs. Pimblett,2026-01-24,Jean Silva,http://ufcstats.com/fighter-details/52ef95b5860fb28c,Arnold Allen,http://ufcstats.com/fighter-details/040a74bb0a465c54,Featherweight,Men,U-DEC,3,5:00,http://ufcstats.com/fight-details/836a188a90e479a5,Arnold Allen,0,22 of 45,48%,22 of 45,0 of 0,---,0,0,0:00,1994-01-22,32.01
UFC 324: Gaethje vs. Pimblett,2026-01-24,Jean Silva,http://ufcstats.com/fighter-details/52ef95b5860fb28c,Arnold Allen,http://ufcstats.com/fighter-details/040a74bb0a465c54,Featherweight,Men,U-DEC,3,5:00,http://ufcstats.com/fight-details/836a188a90e479a5,Jean Silva,0,16 of 31,51%,16 of 31,0 of 0,---,0,0,0:00,1996-12-13,29.11
UFC 324: Gaethje vs. Pimblett,2026-01-24,Umar Nurmagomedov,http://ufcstats.com/fighter-details/2b6fc1c02736833d,Deiveson Figueiredo,http://ufcstats.com/fighter-details/aa72b0f831d0bfe5,Bantamweight,Men,U-DEC,3,5:00,http://ufcstats.com/fight-details/6c9f4799990c3c33,Umar Nurmagomedov,0,9 of 19,47%,28 of 46,1 of 2,50%,0,0,1:34,1996-01-03,30.06
UFC 324: Gaethje vs. Pimblett,2026-01-24,Umar Nurmagomedov,http://ufcstats.com/fighter-details/2b6fc1c02736833d,Deiveson Figueiredo,http://ufcstats.com/fighter-details/aa72b0f831d0bfe5,Bantamweight,Men,U-DEC,3,5:00,http://ufcstats.com/fight-details/6c9f4799990c3c33,Deiveson Figueiredo,0,0 of 6,0%,1 of 10,0 of 0,---,0,0,0:00,1987-12-18,38.1
UFC 324: Gaethje vs. Pimblett,2026-01-24,Ateba Gautier,http://ufcstats.com/fighter-details/2f815ed5f8278ba6,Andrey Pulyaev,http://ufcstats.com/fighter-details/22e07d3da1aa3475,Middleweight,Men,U-DEC,3,5:00,http://ufcstats.com/fight-details/33be2456161c14c3,Ateba Gautier,1,8 of 42,19%,8 of 42,0 of 0,---,0,0,0:00,2002-04-10,23.79
UFC 324: Gaethje vs. Pimblett,2026-01-24,Ateba Gautier,http://ufcstats.com/fighter-details/2f815ed5f8278ba6,Andrey Pulyaev,http://ufcstats.com/fighter-details/22e07d3da1aa3475,Middleweight,Men,U-DEC,3,5:00,http://ufcstats.com/fight-details/33be2456161c14c3,Andrey Pulyaev,0,19 of 37,51%,19 of 37,0 of 0,---,0,0,0:00,1997-09-10,28.37
UFC 324: Gaethje vs. Pimblett,2026-01-24,Nikita Krylov,http://ufcstats.com/fighter-details/1091d4d957141094,Modestas Bukauskas,http://ufcstats.com/fighter-details/476fe566d2df676e,Light Heavyweight,Men,KO/TKO Punch,3,4:57,http://ufcstats.com/fight-details/780cab0cd07589e4,Nikita Krylov,0,10 of 28,35%,25 of 48,1 of 4,25%,0,0,1:58,1992-03-07,33.88
UFC 324: Gaethje vs. Pimblett,2026-01-24,Nikita Krylov,http://ufcstats.com/fighter-details/1091d4d957141094,Modestas Bukauskas,http://ufcstats.com/fighter-details/476fe566d2df676e,Light Heavyweight,Men,KO/TKO Punch,3,4:57,http://ufcstats.com/fight-details/780cab0cd07589e4,Modestas Bukauskas,0,11 of 21,52%,13 of 23,0 of 0,---,0,0,0:00,1994-02-10,31.95
UFC 324: Gaethje vs. Pimblett,2026-01-24,Alex Perez,http://ufcstats.com/fighter-details/ab2b4ff41d6ebe0f,Charles Johnson,http://ufcstats.com/fighter-details/814e5233e2acf2ee,Flyweight,Men,KO/TKO Punch,1,3:16,http://ufcstats.com/fight-details/b5aafe149bec4306,Alex Perez,2,39 of 75,52%,55 of 94,0 of 0,---,0,0,0:14,1992-03-21,33.85
UFC 324: Gaethje vs. Pimblett,2026-01-24,Alex Perez,http://ufcstats.com/fighter-details/ab2b4ff41d6ebe0f,Charles Johnson,http://ufcstats.com/fighter-details/814e5233e2acf2ee,Flyweight,Men,KO/TKO Punch,1,3:16,http://ufcstats.com/fight-details/b5aafe149bec4306,Charles Johnson,0,8 of 25,32%,8 of 25,0 of 1,0%,0,0,0:00,1991-01-10,35.04
UFC 324: Gaethje vs. Pimblett,2026-01-24,Josh Hokit,http://ufcstats.com/fighter-details/955da1675ad58a50,Denzel Freeman,http://ufcstats.com/fighter-details/b5c19c34f12c917e,Heavyweight,Men,KO/TKO Punches,1,4:59,http://ufcstats.com/fight-details/abfb3ed6dcb0e1f0,Josh Hokit,0,37 of 57,64%,71 of 97,1 of 2,50%,0,0,3:47,1997-11-12,28.2
UFC 324: Gaethje vs. Pimblett,2026-01-24,Josh Hokit,http://ufcstats.com/fighter-details/955da1675ad58a50,Denzel Freeman,http://ufcstats.com/fighter-details/b5c19c34f12c917e,Heavyweight,Men,KO/TKO Punches,1,4:59,http://ufcstats.com/fight-details/abfb3ed6dcb0e1f0,Denzel Freeman,0,0 of 7,0%,0 of 8,0 of 1,0%,0,0,0:00,1991-11-10,34.21
UFC 324: Gaethje vs. Pimblett,2026-01-24,Ty Miller,http://ufcstats.com/fighter-details/0859524157a19045,Adam Fugitt,http://ufcstats.com/fighter-details/a01a62132460a98d,Welterweight,Men,KO/TKO Punches,1,4:59,http://ufcstats.com/fight-details/210fc45074fba464,Adam Fugitt,0,36 of 73,49%,39 of 76,0 of 2,0%,0,0,0:00,1989-01-12,37.03
UFC 324: Gaethje vs. Pimblett,2026-01-24,Ty Miller,http://ufcstats.com/fighter-details/0859524157a19045,Adam Fugitt,http://ufcstats.com/fighter-details/a01a62132460a98d,Welterweight,Men,KO/TKO Punches,1,4:59,http://ufcstats.com/fight-details/210fc45074fba464,Ty Miller,1,59 of 121,48%,65 of 129,0 of 0,---,0,0,0:03,2000-06-04,25.64
UFC 325: Volkanovski vs. Lopes 2,2026-01-31,Alexander Volkanovski,http://ufcstats.com/fighter-details/e1248941344b3288,Diego Lopes,http://ufcstats.com/fighter-details/f166e93d04a8c274,Featherweight,Men,U-DEC,5,5:00,http://ufcstats.com/fight-details/b06b43670238c2d8,Alexander Volkanovski,0,12 of 27,44%,17 of 32,0 of 2,0%,0,0,0:27,1988-09-29,37.34
UFC 325: Volkanovski vs. Lopes 2,2026-01-31,Alexander Volkanovski,http://ufcstats.com/fighter-details/e1248941344b3288,Diego Lopes,http://ufcstats.com/fighter-details/f166e93d04a8c274,Featherweight,Men,U-DEC,5,5:00,http://ufcstats.com/fight-details/b06b43670238c2d8,Diego Lopes,0,12 of 28,42%,12 of 28,0 of 0,---,0,0,0:00,1994-12-30,31.09
UFC 325: Volkanovski vs. Lopes 2,2026-01-31,Benoit Saint Denis,http://ufcstats.com/fighter-details/c2299ec916bc7c56,Dan Hooker,http://ufcstats.com/fighter-details/193b9d1858bc4df3,Lightweight,Men,KO/TKO Punches,2,4:45,http://ufcstats.com/fight-details/a7ae8f6eb5fc3a79,Dan Hooker,0,26 of 41,63%,34 of 49,0 of 0,---,1,0,0:22,1990-02-13,35.96
UFC 325: Volkanovski vs. Lopes 2,2026-01-31,Benoit Saint Denis,http://ufcstats.com/fighter-details/c2299ec916bc7c56,Dan Hooker,http://ufcstats.com/fighter-details/193b9d1858bc4df3,Lightweight,Men,KO/TKO Punches,2,4:45,http://ufcstats.com/fight-details/a7ae8f6eb5fc3a79,Benoit Saint Denis,0,35 of 46,76%,62 of 73,2 of 6,33%,0,0,1:55,1995-12-18,30.12
UFC 325: Volkanovski vs. Lopes 2,2026-01-31,Mauricio Ruffy,http://ufcstats.com/fighter-details/9c393e836a852f30,Rafael Fiziev,http://ufcstats.com/fighter-details/c814b4c899793af6,Lightweight,Men,KO/TKO Punches,2,4:30,http://ufcstats.com/fight-details/57d7a683b85bb87b,Rafael Fiziev,0,16 of 33,48%,17 of 34,0 of 0,---,0,0,0:00,1993-03-05,32.91
UFC 325: Volkanovski vs. Lopes 2,2026-01-31,Mauricio Ruffy,http://ufcstats.com/fighter-details/9c393e836a852f30,Rafael Fiziev,http://ufcstats.com/fighter-details/c814b4c899793af6,Lightweight,Men,KO/TKO Punches,2,4:30,http://ufcstats.com/fight-details/57d7a683b85bb87b,Mauricio Ruffy,0,18 of 28,64%,21 of 31,0 of 0,---,0,0,0:25,1996-06-17,29.62
UFC 325: Volkanovski vs. Lopes 2,2026-01-31,Tallison Teixeira,http://ufcstats.com/fighter-details/17923f676f100e16,Tai Tuivasa,http://ufcstats.com/fighter-details/c62fbc117d57b943,Heavyweight,Men,U-DEC,3,5:00,http://ufcstats.com/fight-details/67765535bd0b6bdf,Tai Tuivasa,0,2 of 4,50%,3 of 5,0 of 0,---,0,0,0:42,1993-03-16,32.88
UFC 325: Volkanovski vs. Lopes 2,2026-01-31,Tallison Teixeira,http://ufcstats.com/fighter-details/17923f676f100e16,Tai Tuivasa,http://ufcstats.com/fighter-details/c62fbc117d57b943,Heavyweight,Men,U-DEC,3,5:00,http://ufcstats.com/fight-details/67765535bd0b6bdf,Tallison Teixeira,0,19 of 23,82%,51 of 58,2 of 4,50%,0,0,3:57,1999-12-07,26.15
UFC 325: Volkanovski vs. Lopes 2,2026-01-31,Quillan Salkilld,http://ufcstats.com/fighter-details/17734443a833cdf7,Jamie Mullarkey,http://ufcstats.com/fighter-details/af9f42e6894047fc,Lightweight,Men,SUB Neck Crank,1,3:02,http://ufcstats.com/fight-details/32e9bc4d0a19a923,Quillan Salkilld,0,5 of 8,62%,18 of 21,2 of 3,66%,1,0,0:39,1999-12-28,26.09
UFC 325: Volkanovski vs. Lopes 2,2026-01-31,Quillan Salkilld,http://ufcstats.com/fighter-details/17734443a833cdf7,Jamie Mullarkey,http://ufcstats.com/fighter-details/af9f42e6894047fc,Lightweight,Men,SUB Neck Crank,1,3:02,http://ufcstats.com/fight-details/32e9bc4d0a19a923,Jamie Mullarkey,0,1 of 4,25%,6 of 9,1 of 1,100%,0,0,1:14,1994-08-17,31.46
UFC 325: Volkanovski vs. Lopes 2,2026-01-31,Billy Elekana,http://ufcstats.com/fighter-details/07a74004d964c7f4,Junior Tafa,http://ufcstats.com/fighter-details/c15fa95b9a12fde4,Light Heavyweight,Men,SUB Rear Naked Choke,2,3:18,http://ufcstats.com/fight-details/d94f1b32a81e3fa1,Junior Tafa,1,26 of 46,56%,26 of 46,0 of 0,---,0,0,0:07,1996-09-21,29.36
UFC 325: Volkanovski vs. Lopes 2,2026-01-31,Billy Elekana,http://ufcstats.com/fighter-details/07a74004d964c7f4,Junior Tafa,http://ufcstats.com/fighter-details/c15fa95b9a12fde4,Light Heavyweight,Men,SUB Rear Naked Choke,2,3:18,http://ufcstats.com/fight-details/d94f1b32a81e3fa1,Billy Elekana,0,9 of 24,37%,10 of 25,0 of 3,0%,0,0,0:37,1995-05-28,30.68
UFC 325: Volkanovski vs. Lopes 2,2026-01-31,Cam Rowston,http://ufcstats.com/fighter-details/8ebc3a8da015d70c,Cody Brundage,http://ufcstats.com/fighter-details/f14f644d41ade29f,Middleweight,Men,KO/TKO Punches,2,4:08,http://ufcstats.com/fight-details/47362cae6ba0e077,Cam Rowston,0,23 of 54,42%,23 of 54,0 of 0,---,0,0,0:11,1995-01-19,31.03
UFC 325: Volkanovski vs. Lopes 2,2026-01-31,Cam Rowston,http://ufcstats.com/fighter-details/8ebc3a8da015d70c,Cody Brundage,http://ufcstats.com/fighter-details/f14f644d41ade29f,Middleweight,Men,KO/TKO Punches,2,4:08,http://ufcstats.com/fight-details/47362cae6ba0e077,Cody Brundage,0,20 of 43,46%,21 of 44,0 of 0,---,0,0,0:19,1994-05-16,31.71
UFC 325: Volkanovski vs. Lopes 2,2026-01-31,Jacob Malkoun,http://ufcstats.com/fighter-details/d4270315cbcf2569,Torrez Finney,http://ufcstats.com/fighter-details/fbb60f24af5d5a02,Middleweight,Men,U-DEC,3,5:00,http://ufcstats.com/fight-details/0047f8aadca1936f,Jacob Malkoun,0,61 of 98,62%,72 of 111,0 of 2,0%,1,0,0:20,1995-08-26,30.43
UFC 325: Volkanovski vs. Lopes 2,2026-01-31,Jacob Malkoun,http://ufcstats.com/fighter-details/d4270315cbcf2569,Torrez Finney,http://ufcstats.com/fighter-details/fbb60f24af5d5a02,Middleweight,Men,U-DEC,3,5:00,http://ufcstats.com/fight-details/0047f8aadca1936f,Torrez Finney,0,7 of 26,26%,12 of 33,0 of 1,0%,0,0,0:20,1998-10-24,27.27
UFC 325: Volkanovski vs. Lopes 2,2026-01-31,Jonathan Micallef,http://ufcstats.com/fighter-details/f782f953bfe7b5f2,Oban Elliott,http://ufcstats.com/fighter-details/6b56e94a59b7b134,Welterweight,Men,SUB Rear Naked Choke,2,3:31,http://ufcstats.com/fight-details/78912b78aa946375,Jonathan Micallef,0,11 of 36,30%,20 of 45,0 of 0,---,0,0,0:35,1999-03-05,26.91
UFC 325: Volkanovski vs. Lopes 2,2026-01-31,Jonathan Micallef,http://ufcstats.com/fighter-details/f782f953bfe7b5f2,Oban Elliott,http://ufcstats.com/fighter-details/6b56e94a59b7b134,Welterweight,Men,SUB Rear Naked Choke,2,3:31,http://ufcstats.com/fight-details/78912b78aa946375,Oban Elliott,0,21 of 49,42%,27 of 55,0 of 2,0%,0,0,1:05,1997-12-19,28.12
UFC 325: Volkanovski vs. Lopes 2,2026-01-31,Kaan Ofli,http://ufcstats.com/fighter-details/7facc9c45d792985,Yizha,http://ufcstats.com/fighter-details/3f11fd1751fa83b1,Featherweight,Men,M-DEC,3,5:00,http://ufcstats.com/fight-details/4c1e7e1765a5438a,Kaan Ofli,0,23 of 38,60%,28 of 44,0 of 2,0%,0,1,2:20,1993-06-19,32.62
UFC 325: Volkanovski vs. Lopes 2,2026-01-31,Kaan Ofli,http://ufcstats.com/fighter-details/7facc9c45d792985,Yizha,http://ufcstats.com/fighter-details/3f11fd1751fa83b1,Featherweight,Men,M-DEC,3,5:00,http://ufcstats.com/fight-details/4c1e7e1765a5438a,Yizha,0,19 of 34,55%,22 of 38,0 of 0,---,0,0,0:06,1997-01-08,29.06
UFC 325: Volkanovski vs. Lopes 2,2026-01-31,Dom Mar Fan,http://ufcstats.com/fighter-details/530af2900b5a1693,Sangwook Kim,http://ufcstats.com/fighter-details/a264d4e9a4d6bfe4,Lightweight,Men,U-DEC,3,5:00,http://ufcstats.com/fight-details/ad14c502c9c5a7e9,Sangwook Kim,0,10 of 12,83%,18 of 21,1 of 5,20%,0,0,3:14,1993-10-17,32.29
UFC 325: Volkanovski vs. Lopes 2,2026-01-31,Dom Mar Fan,http://ufcstats.com/fighter-details/530af2900b5a1693,Sangwook Kim,http://ufcstats.com/fighter-details/a264d4e9a4d6bfe4,Lightweight,Men,U-DEC,3,5:00,http://ufcstats.com/fight-details/ad14c502c9c5a7e9,Dom Mar Fan,0,16 of 19,84%,31 of 35,0 of 1,0%,0,1,1:25,2000-03-19,25.87
UFC 325: Volkanovski vs. Lopes 2,2026-01-31,Keiichiro Nakamura,http://ufcstats.com/fighter-details/3618e0632ecdba9c,Sebastian Szalay,http://ufcstats.com/fighter-details/f201f21cf2c79eb2,Featherweight,Men,KO/TKO Knee,3,3:48,http://ufcstats.com/fight-details/780bae82bdfc7112,Keiichiro Nakamura,0,13 of 33,39%,13 of 33,0 of 0,---,0,0,0:00,1998-12-02,27.16
UFC 325: Volkanovski vs. Lopes 2,2026-01-31,Keiichiro Nakamura,http://ufcstats.com/fighter-details/3618e0632ecdba9c,Sebastian Szalay,http://ufcstats.com/fighter-details/f201f21cf2c79eb2,Featherweight,Men,KO/TKO Knee,3,3:48,http://ufcstats.com/fight-details/780bae82bdfc7112,Sebastian Szalay,0,23 of 63,36%,23 of 63,0 of 0,---,0,0,0:00,1994-02-03,31.99
UFC 325: Volkanovski vs. Lopes 2,2026-01-31,Lawrence Lui,http://ufcstats.com/fighter-details/a1ad35b98a9136e5,Sulangrangbo,http://ufcstats.com/fighter-details/1dd1a3aacde66f72,Bantamweight,Men,S-DEC,3,5:00,http://ufcstats.com/fight-details/5c73e0013b859664,Sulangrangbo,0,25 of 44,56%,27 of 46,0 of 0,---,0,0,0:09,2005-07-17,20.54
UFC 325: Volkanovski vs. Lopes 2,2026-01-31,Lawrence Lui,http://ufcstats.com/fighter-details/a1ad35b98a9136e5,Sulangrangbo,http://ufcstats.com/fighter-details/1dd1a3aacde66f72,Bantamweight,Men,S-DEC,3,5:00,http://ufcstats.com/fight-details/5c73e0013b859664,Lawrence Lui,0,12 of 40,30%,20 of 48,4 of 8,50%,0,0,1:41,1996-08-04,29.49
UFC Fight Night: Bautista vs. Oliveira,2026-02-07,Mario Bautista,http://ufcstats.com/fighter-details/bc711b6dd95c1af6,Vinicius Oliveira,http://ufcstats.com/fighter-details/18d01f7f8338ae72,Bantamweight,Men,SUB Rear Naked Choke,2,4:46,http://ufcstats.com/fight-details/fb4b1754d510b0d0,Mario Bautista,0,3 of 9,33%,22 of 29,1 of 2,50%,0,0,2:18,1993-07-01,32.61
UFC Fight Night: Bautista vs. Oliveira,2026-02-07,Mario Bautista,http://ufcstats.com/fighter-details/bc711b6dd95c1af6,Vinicius Oliveira,http://ufcstats.com/fighter-details/18d01f7f8338ae72,Bantamweight,Men,SUB Rear Naked Choke,2,4:46,http://ufcstats.com/fight-details/fb4b1754d510b0d0,Vinicius Oliveira,0,6 of 8,75%,8 of 10,0 of 0,---,0,0,1:39,1995-11-30,30.19
UFC Fight Night: Bautista vs. Oliveira,2026-02-07,Kyoji Horiguchi,http://ufcstats.com/fighter-details/98aa60cf58071fd6,Amir Albazi,http://ufcstats.com/fighter-details/6d35bf94f7d30241,Flyweight,Men,U-DEC,3,5:00,http://ufcstats.com/fight-details/dbbf8334a2600895,Amir Albazi,0,3 of 17,17%,4 of 19,0 of 2,0%,0,0,0:27,1993-10-27,32.28
UFC Fight Night: Bautista vs. Oliveira,2026-02-07,Kyoji Horiguchi,http://ufcstats.com/fighter-details/98aa60cf58071fd6,Amir Albazi,http://ufcstats.com/fighter-details/6d35bf94f7d30241,Flyweight,Men,U-DEC,3,5:00,http://ufcstats.com/fight-details/dbbf8334a2600895,Kyoji Horiguchi,0,14 of 26,53%,26 of 38,0 of 1,0%,0,0,0:48,1990-10-12,35.32
UFC Fight Night: Bautista vs. Oliveira,2026-02-07,Rizvan Kuniev,http://ufcstats.com/fighter-details/739fd4fbb5d862f4,Jailton Almeida,http://ufcstats.com/fighter-details/41e83a89929d1327,Heavyweight,Men,U-DEC,3,5:00,http://ufcstats.com/fight-details/a5c5f76cf0a7c784,Jailton Almeida,0,5 of 12,41%,14 of 22,0 of 3,0%,0,0,1:11,1991-06-26,34.62
UFC Fight Night: Bautista vs. Oliveira,2026-02-07,Rizvan Kuniev,http://ufcstats.com/fighter-details/739fd4fbb5d862f4,Jailton Almeida,http://ufcstats.com/fighter-details/41e83a89929d1327,Heavyweight,Men,U-DEC,3,5:00,http://ufcstats.com/fight-details/a5c5f76cf0a7c784,Rizvan Kuniev,0,12 of 24,50%,33 of 45,0 of 0,---,0,0,2:11,1992-03-10,33.91
UFC Fight Night: Bautista vs. Oliveira,2026-02-07,Michal Oleksiejczuk,http://ufcstats.com/fighter-details/0d65c432720accb9,Marc-Andre Barriault,http://ufcstats.com/fighter-details/8e9eb3fc86db0f7d,Middleweight,Men,U-DEC,3,5:00,http://ufcstats.com/fight-details/8fea32ab0445859c,Michal Oleksiejczuk,0,47 of 73,64%,47 of 73,1 of 1,100%,0,0,0:08,1995-02-22,30.96
UFC Fight Night: Bautista vs. Oliveira,2026-02-07,Michal Oleksiejczuk,http://ufcstats.com/fighter-details/0d65c432720accb9,Marc-Andre Barriault,http://ufcstats.com/fighter-details/8e9eb3fc86db0f7d,Middleweight,Men,U-DEC,3,5:00,http://ufcstats.com/fight-details/8fea32ab0445859c,Marc-Andre Barriault,0,19 of 54,35%,19 of 54,0 of 0,---,0,0,0:00,1990-02-18,35.97
UFC Fight Night: Bautista vs. Oliveira,2026-02-07,Farid Basharat,http://ufcstats.com/fighter-details/a09ed60aa67a3f67,Jean Matsumoto,http://ufcstats.com/fighter-details/ffd3224638c01b57,Bantamweight,Men,S-DEC,3,5:00,http://ufcstats.com/fight-details/2a26c0cfa06265b7,Jean Matsumoto,0,19 of 52,36%,29 of 68,1 of 2,50%,0,0,1:19,1999-09-09,26.41
UFC Fight Night: Bautista vs. Oliveira,2026-02-07,Farid Basharat,http://ufcstats.com/fighter-details/a09ed60aa67a3f67,Jean Matsumoto,http://ufcstats.com/fighter-details/ffd3224638c01b57,Bantamweight,Men,S-DEC,3,5:00,http://ufcstats.com/fight-details/2a26c0cfa06265b7,Farid Basharat,0,20 of 36,55%,24 of 41,0 of 3,0%,0,0,1:10,1997-08-02,28.52
UFC Fight Night: Bautista vs. Oliveira,2026-02-07,Dustin Jacoby,http://ufcstats.com/fighter-details/e4277e87a789d687,Julius Walker,http://ufcstats.com/fighter-details/6add18754930182b,Light Heavyweight,Men,KO/TKO Punches,2,1:42,http://ufcstats.com/fight-details/6cca11f353a2b42d,Dustin Jacoby,0,13 of 20,65%,16 of 26,0 of 0,---,0,0,0:27,1988-04-04,37.85
UFC Fight Night: Bautista vs. Oliveira,2026-02-07,Dustin Jacoby,http://ufcstats.com/fighter-details/e4277e87a789d687,Julius Walker,http://ufcstats.com/fighter-details/6add18754930182b,Light Heavyweight,Men,KO/TKO Punches,2,1:42,http://ufcstats.com/fight-details/6cca11f353a2b42d,Julius Walker,0,5 of 15,33%,10 of 20,3 of 6,50%,0,0,2:29,1999-07-16,26.57
UFC Fight Night: Bautista vs. Oliveira,2026-02-07,Daniil Donchenko,http://ufcstats.com/fighter-details/70dd69b6a703257e,Alex Morono,http://ufcstats.com/fighter-details/cdb96af67d096b1e,Welterweight,Men,U-DEC,3,5:00,http://ufcstats.com/fight-details/f964d2dda87f25f0,Alex Morono,0,16 of 38,42%,22 of 44,0 of 0,---,0,0,0:00,1990-08-16,35.48
UFC Fight Night: Bautista vs. Oliveira,2026-02-07,Daniil Donchenko,http://ufcstats.com/fighter-details/70dd69b6a703257e,Alex Morono,http://ufcstats.com/fighter-details/cdb96af67d096b1e,Welterweight,Men,U-DEC,3,5:00,http://ufcstats.com/fight-details/f964d2dda87f25f0,Daniil Donchenko,1,39 of 59,66%,70 of 108,0 of 0,---,0,0,1:44,2001-08-04,24.51
UFC Fight Night: Bautista vs. Oliveira,2026-02-07,Nikolay Veretennikov,http://ufcstats.com/fighter-details/0f1efce7d2571d10,Niko Price,http://ufcstats.com/fighter-details/d8da10db80131bec,Welterweight,Men,KO/TKO Punches,1,1:42,http://ufcstats.com/fight-details/abefaf1807941ee4,Nikolay Veretennikov,0,19 of 30,63%,20 of 31,0 of 0,---,0,0,0:17,1989-12-22,36.13
UFC Fight Night: Bautista vs. Oliveira,2026-02-07,Nikolay Veretennikov,http://ufcstats.com/fighter-details/0f1efce7d2571d10,Niko Price,http://ufcstats.com/fighter-details/d8da10db80131bec,Welterweight,Men,KO/TKO Punches,1,1:42,http://ufcstats.com/fight-details/abefaf1807941ee4,Niko Price,0,9 of 23,39%,12 of 27,0 of 0,---,0,0,0:00,1989-09-29,36.36
UFC Fight Night: Bautista vs. Oliveira,2026-02-07,Ketlen Souza,http://ufcstats.com/fighter-details/8bd4200561c77a62,Bruna Brasil,http://ufcstats.com/fighter-details/7138a15258dabf20,Women's Strawweight,Women,U-DEC,3,5:00,http://ufcstats.com/fight-details/cc5c5a8cff4c1ae9,Bruna Brasil,0,12 of 19,63%,32 of 41,1 of 1,100%,0,0,0:10,1993-09-07,32.42
UFC Fight Night: Bautista vs. Oliveira,2026-02-07,Ketlen Souza,http://ufcstats.com/fighter-details/8bd4200561c77a62,Bruna Brasil,http://ufcstats.com/fighter-details/7138a15258dabf20,Women's Strawweight,Women,U-DEC,3,5:00,http://ufcstats.com/fight-details/cc5c5a8cff4c1ae9,Ketlen Souza,0,5 of 13,38%,19 of 30,0 of 3,0%,0,0,3:26,1994-08-18,31.47
UFC Fight Night: Bautista vs. Oliveira,2026-02-07,Javid Basharat,http://ufcstats.com/fighter-details/bbab3baf66128ae2,Gianni Vazquez,http://ufcstats.com/fighter-details/51ec9dc3b4964f19,Bantamweight,Men,U-DEC,3,5:00,http://ufcstats.com/fight-details/86df0e75f41784d8,Javid Basharat,1,31 of 50,62%,35 of 54,0 of 1,0%,0,0,0:58,1995-09-07,30.42
UFC Fight Night: Bautista vs. Oliveira,2026-02-07,Javid Basharat,http://ufcstats.com/fighter-details/bbab3baf66128ae2,Gianni Vazquez,http://ufcstats.com/fighter-details/51ec9dc3b4964f19,Bantamweight,Men,U-DEC,3,5:00,http://ufcstats.com/fight-details/86df0e75f41784d8,Gianni Vazquez,0,7 of 32,21%,8 of 33,0 of 0,---,0,0,0:00,1994-07-17,31.56
UFC Fight Night: Bautista vs. Oliveira,2026-02-07,Wang Cong,http://ufcstats.com/fighter-details/2997e7fe3c9d3d4a,Eduarda Moura,http://ufcstats.com/fighter-details/de594b35c45c2e9a,Catch Weight,Men,U-DEC,3,5:00,http://ufcstats.com/fight-details/84e8ccc3c97c2b4c,Wang Cong,1,26 of 46,56%,48 of 74,0 of 0,---,0,0,0:57,1992-05-15,33.73
UFC Fight Night: Bautista vs. Oliveira,2026-02-07,Wang Cong,http://ufcstats.com/fighter-details/2997e7fe3c9d3d4a,Eduarda Moura,http://ufcstats.com/fighter-details/de594b35c45c2e9a,Catch Weight,Men,U-DEC,3,5:00,http://ufcstats.com/fight-details/84e8ccc3c97c2b4c,Eduarda Moura,0,8 of 24,33%,15 of 33,2 of 4,50%,0,0,1:57,1994-02-28,31.94
UFC Fight Night: Bautista vs. Oliveira,2026-02-07,Jakub Wiklacz,http://ufcstats.com/fighter-details/6902fcf0610dd303,Muin Gafurov,http://ufcstats.com/fighter-details/a54660deb6a8489c,Bantamweight,Men,SUB Guillotine Choke,3,4:59,http://ufcstats.com/fight-details/9d30c887e8bd8824,Muin Gafurov,0,27 of 61,44%,27 of 61,0 of 2,0%,0,0,0:38,1996-05-17,29.73
UFC Fight Night: Bautista vs. Oliveira,2026-02-07,Jakub Wiklacz,http://ufcstats.com/fighter-details/6902fcf0610dd303,Muin Gafurov,http://ufcstats.com/fighter-details/a54660deb6a8489c,Bantamweight,Men,SUB Guillotine Choke,3,4:59,http://ufcstats.com/fight-details/9d30c887e8bd8824,Jakub Wiklacz,0,27 of 67,40%,30 of 71,0 of 0,---,0,0,0:00,1996-09-10,29.41
UFC Fight Night: Bautista vs. Oliveira,2026-02-07,Klaudia Sygula,http://ufcstats.com/fighter-details/9f5e3c20ce40b344,Priscila Cachoeira,http://ufcstats.com/fighter-details/b1e5bcaad32a3cac,Women's Bantamweight,Women,U-DEC,3,5:00,http://ufcstats.com/fight-details/2bbfbb234c255249,Klaudia Sygula,0,61 of 136,44%,62 of 137,0 of 1,0%,0,0,0:00,1998-12-30,27.11
UFC Fight Night: Bautista vs. Oliveira,2026-02-07,Klaudia Sygula,http://ufcstats.com/fighter-details/9f5e3c20ce40b344,Priscila Cachoeira,http://ufcstats.com/fighter-details/b1e5bcaad32a3cac,Women's Bantamweight,Women,U-DEC,3,5:00,http://ufcstats.com/fight-details/2bbfbb234c255249,Priscila Cachoeira,0,34 of 71,47%,34 of 71,0 of 1,0%,0,0,0:00,1988-08-19,37.47
UFC Fight Night: Strickland vs. Hernandez,2026-02-21,Sean Strickland,http://ufcstats.com/fighter-details/0d8011111be000b2,Anthony Hernandez,http://ufcstats.com/fighter-details/093e1f5bb73850be,Middleweight,Men,KO/TKO Punches,3,2:23,http://ufcstats.com/fight-details/8d740c844353ae0e,Sean Strickland,0,32 of 90,35%,33 of 91,0 of 0,---,0,0,0:00,1991-02-27,34.98
UFC Fight Night: Strickland vs. Hernandez,2026-02-21,Sean Strickland,http://ufcstats.com/fighter-details/0d8011111be000b2,Anthony Hernandez,http://ufcstats.com/fighter-details/093e1f5bb73850be,Middleweight,Men,KO/TKO Punches,3,2:23,http://ufcstats.com/fight-details/8d740c844353ae0e,Anthony Hernandez,0,23 of 48,47%,23 of 48,0 of 1,0%,0,0,0:20,1993-10-18,32.34
UFC Fight Night: Strickland vs. Hernandez,2026-02-21,Uros Medic,http://ufcstats.com/fighter-details/681399317dbf4701,Geoff Neal,http://ufcstats.com/fighter-details/b997be68943010fc,Welterweight,Men,KO/TKO Punch,1,1:19,http://ufcstats.com/fight-details/dd12bf51c5ed7f1e,Geoff Neal,0,3 of 10,30%,3 of 10,0 of 0,---,0,0,0:00,1990-08-28,35.49
UFC Fight Night: Strickland vs. Hernandez,2026-02-21,Uros Medic,http://ufcstats.com/fighter-details/681399317dbf4701,Geoff Neal,http://ufcstats.com/fighter-details/b997be68943010fc,Welterweight,Men,KO/TKO Punch,1,1:19,http://ufcstats.com/fight-details/dd12bf51c5ed7f1e,Uros Medic,1,10 of 19,52%,10 of 19,0 of 0,---,0,0,0:00,1993-04-25,32.83
UFC Fight Night: Strickland vs. Hernandez,2026-02-21,Melquizael Costa,http://ufcstats.com/fighter-details/20bccc9bb4ceb23e,Dan Ige,http://ufcstats.com/fighter-details/82a5152216251682,Featherweight,Men,KO/TKO Spinning Back Kick,1,4:56,http://ufcstats.com/fight-details/dc6f6c8228390ebb,Dan Ige,0,7 of 11,63%,12 of 16,1 of 3,33%,0,0,1:31,1991-08-06,34.55
UFC Fight Night: Strickland vs. Hernandez,2026-02-21,Melquizael Costa,http://ufcstats.com/fighter-details/20bccc9bb4ceb23e,Dan Ige,http://ufcstats.com/fighter-details/82a5152216251682,Featherweight,Men,KO/TKO Spinning Back Kick,1,4:56,http://ufcstats.com/fight-details/dc6f6c8228390ebb,Melquizael Costa,1,19 of 40,47%,26 of 48,1 of 1,100%,0,0,0:32,1996-09-14,29.44
UFC Fight Night: Strickland vs. Hernandez,2026-02-21,Serghei Spivac,http://ufcstats.com/fighter-details/e2f6b2769aaedd6c,Ante Delija,http://ufcstats.com/fighter-details/7d8435c56043b0ae,Heavyweight,Men,U-DEC,3,5:00,http://ufcstats.com/fight-details/04b7bcc0e8488604,Serghei Spivac,0,20 of 46,43%,20 of 46,0 of 0,---,0,0,0:00,1995-01-24,31.08
UFC Fight Night: Strickland vs. Hernandez,2026-02-21,Serghei Spivac,http://ufcstats.com/fighter-details/e2f6b2769aaedd6c,Ante Delija,http://ufcstats.com/fighter-details/7d8435c56043b0ae,Heavyweight,Men,U-DEC,3,5:00,http://ufcstats.com/fight-details/04b7bcc0e8488604,Ante Delija,0,19 of 58,32%,19 of 58,0 of 0,---,0,0,0:00,1990-08-07,35.54
UFC Fight Night: Strickland vs. Hernandez,2026-02-21,Jacobe Smith,http://ufcstats.com/fighter-details/85497ffd934ecf7e,Josiah Harrell,http://ufcstats.com/fighter-details/e5864a42c80294f6,Welterweight,Men,KO/TKO Punches,1,3:01,http://ufcstats.com/fight-details/54437b8dba3a6110,Jacobe Smith,0,33 of 47,70%,37 of 51,2 of 2,100%,0,0,0:21,1996-01-17,30.1
UFC Fight Night: Strickland vs. Hernandez,2026-02-21,Jacobe Smith,http://ufcstats.com/fighter-details/85497ffd934ecf7e,Josiah Harrell,http://ufcstats.com/fighter-details/e5864a42c80294f6,Welterweight,Men,KO/TKO Punches,1,3:01,http://ufcstats.com/fight-details/54437b8dba3a6110,Josiah Harrell,0,7 of 14,50%,7 of 14,0 of 2,0%,0,0,0:01,1998-11-13,27.27
UFC Fight Night: Strickland vs. Hernandez,2026-02-21,Michel Pereira,http://ufcstats.com/fighter-details/595db60957de51d3,Zach Reese,http://ufcstats.com/fighter-details/23dec7c47cb418f8,Middleweight,Men,S-DEC,3,5:00,http://ufcstats.com/fight-details/372d1dee0db8dbee,Zach Reese,0,23 of 51,45%,26 of 56,0 of 0,---,0,0,0:00,1994-03-24,31.92
UFC Fight Night: Strickland vs. Hernandez,2026-02-21,Michel Pereira,http://ufcstats.com/fighter-details/595db60957de51d3,Zach Reese,http://ufcstats.com/fighter-details/23dec7c47cb418f8,Middleweight,Men,S-DEC,3,5:00,http://ufcstats.com/fight-details/372d1dee0db8dbee,Michel Pereira,0,18 of 40,45%,25 of 47,1 of 1,100%,0,0,0:42,1993-10-06,32.38
UFC Fight Night: Strickland vs. Hernandez,2026-02-21,Carlos Leal,http://ufcstats.com/fighter-details/28d421729451c8ca,Chidi Njokuani,http://ufcstats.com/fighter-details/c68c68efaa5ca6ef,Welterweight,Men,U-DEC,3,5:00,http://ufcstats.com/fight-details/202d3277e569ad03,Chidi Njokuani,0,46 of 70,65%,46 of 70,0 of 0,---,0,0,0:00,1988-12-31,37.14
UFC Fight Night: Strickland vs. Hernandez,2026-02-21,Carlos Leal,http://ufcstats.com/fighter-details/28d421729451c8ca,Chidi Njokuani,http://ufcstats.com/fighter-details/c68c68efaa5ca6ef,Welterweight,Men,U-DEC,3,5:00,http://ufcstats.com/fight-details/202d3277e569ad03,Carlos Leal,0,60 of 131,45%,60 of 131,0 of 0,---,0,0,0:00,1994-05-04,31.8
UFC Fight Night: Strickland vs. Hernandez,2026-02-21,Ode Osbourne,http://ufcstats.com/fighter-details/6d68c1afe954f121,Alibi Idiris,http://ufcstats.com/fighter-details/30cad5a751adcb48,Flyweight,Men,Overturned,3,5:00,http://ufcstats.com/fight-details/7ffdaa44fc8d111b,Ode Osbourne,0,8 of 26,30%,8 of 27,0 of 0,---,0,0,0:00,1992-01-09,34.12
UFC Fight Night: Strickland vs. Hernandez,2026-02-21,Ode Osbourne,http://ufcstats.com/fighter-details/6d68c1afe954f121,Alibi Idiris,http://ufcstats.com/fighter-details/30cad5a751adcb48,Flyweight,Men,Overturned,3,5:00,http://ufcstats.com/fight-details/7ffdaa44fc8d111b,Alibi Idiris,0,12 of 30,40%,19 of 37,1 of 6,16%,0,0,2:00,1994-10-22,31.33
UFC Fight Night: Strickland vs. Hernandez,2026-02-21,Alden Coria,http://ufcstats.com/fighter-details/5e9ca8dd7d783a75,Luis Gurule,http://ufcstats.com/fighter-details/29162be25ebef5f0,Flyweight,Men,U-DEC,3,5:00,http://ufcstats.com/fight-details/ac39c1f00ae31e58,Alden Coria,0,24 of 51,47%,26 of 53,0 of 1,0%,0,0,0:09,1998-04-24,27.83
UFC Fight Night: Strickland vs. Hernandez,2026-02-21,Alden Coria,http://ufcstats.com/fighter-details/5e9ca8dd7d783a75,Luis Gurule,http://ufcstats.com/fighter-details/29162be25ebef5f0,Flyweight,Men,U-DEC,3,5:00,http://ufcstats.com/fight-details/ac39c1f00ae31e58,Luis Gurule,0,11 of 33,33%,15 of 37,0 of 0,---,0,0,0:26,1993-11-16,32.27
UFC Fight Night: Strickland vs. Hernandez,2026-02-21,Joselyne Edwards,http://ufcstats.com/fighter-details/f9ab66e67240db7b,Nora Cornolle,http://ufcstats.com/fighter-details/f2b3f4ef3f780168,Women's Bantamweight,Women,SUB Rear Naked Choke,2,2:44,http://ufcstats.com/fight-details/fd56a469e4589ebc,Nora Cornolle,0,16 of 29,55%,28 of 46,0 of 0,---,0,0,0:23,1989-12-06,36.21
UFC Fight Night: Strickland vs. Hernandez,2026-02-21,Joselyne Edwards,http://ufcstats.com/fighter-details/f9ab66e67240db7b,Nora Cornolle,http://ufcstats.com/fighter-details/f2b3f4ef3f780168,Women's Bantamweight,Women,SUB Rear Naked Choke,2,2:44,http://ufcstats.com/fight-details/fd56a469e4589ebc,Joselyne Edwards,0,5 of 13,38%,26 of 39,0 of 2,0%,0,0,2:35,1995-09-29,30.4
UFC Fight Night: Strickland vs. Hernandez,2026-02-21,Punahele Soriano,http://ufcstats.com/fighter-details/64facb6cc564262d,Ramiz Brahimaj,http://ufcstats.com/fighter-details/3d074044a33825e7,Welterweight,Men,U-DEC,3,5:00,http://ufcstats.com/fight-details/8f9896e60047007f,Ramiz Brahimaj,0,31 of 56,55%,31 of 56,0 of 1,0%,0,0,0:02,1992-11-17,33.26
UFC Fight Night: Strickland vs. Hernandez,2026-02-21,Punahele Soriano,http://ufcstats.com/fighter-details/64facb6cc564262d,Ramiz Brahimaj,http://ufcstats.com/fighter-details/3d074044a33825e7,Welterweight,Men,U-DEC,3,5:00,http://ufcstats.com/fight-details/8f9896e60047007f,Punahele Soriano,0,17 of 52,32%,21 of 59,0 of 0,---,0,0,0:20,1992-11-22,33.25
UFC Fight Night: Strickland vs. Hernandez,2026-02-21,Jean-Paul Lebosnoyani,http://ufcstats.com/fighter-details/a3dda21be645be93,Phil Rowe,http://ufcstats.com/fighter-details/8e382b585a92affe,Welterweight,Men,S-DEC,3,5:00,http://ufcstats.com/fight-details/508e622130b0a84d,Phil Rowe,0,14 of 26,53%,15 of 27,0 of 0,---,0,0,0:07,1990-07-18,35.6
UFC Fight Night: Strickland vs. Hernandez,2026-02-21,Jean-Paul Lebosnoyani,http://ufcstats.com/fighter-details/a3dda21be645be93,Phil Rowe,http://ufcstats.com/fighter-details/8e382b585a92affe,Welterweight,Men,S-DEC,3,5:00,http://ufcstats.com/fight-details/508e622130b0a84d,Jean-Paul Lebosnoyani,0,32 of 38,84%,43 of 53,1 of 4,25%,0,0,1:46,1999-01-27,27.07
UFC Fight Night: Strickland vs. Hernandez,2026-02-21,Jordan Leavitt,http://ufcstats.com/fighter-details/ac026518a9b4dc0f,Yadier del Valle,http://ufcstats.com/fighter-details/70380ccdc81915b8,Featherweight,Men,U-DEC,3,5:00,http://ufcstats.com/fight-details/5b97f47cdd355cbe,Jordan Leavitt,0,7 of 14,50%,20 of 33,3 of 4,75%,0,0,4:04,1995-06-02,30.72
UFC Fight Night: Strickland vs. Hernandez,2026-02-21,Jordan Leavitt,http://ufcstats.com/fighter-details/ac026518a9b4dc0f,Yadier del Valle,http://ufcstats.com/fighter-details/70380ccdc81915b8,Featherweight,Men,U-DEC,3,5:00,http://ufcstats.com/fight-details/5b97f47cdd355cbe,Yadier del Valle,0,3 of 7,42%,32 of 38,0 of 0,---,0,0,0:00,1996-07-29,29.57
UFC Fight Night: Strickland vs. Hernandez,2026-02-21,Carli Judice,http://ufcstats.com/fighter-details/f1ab6f37492c630a,Juliana Miller,http://ufcstats.com/fighter-details/aa0c573da7119292,Women's Flyweight,Women,U-DEC,3,5:00,http://ufcstats.com/fight-details/6e78d874097a3d22,Juliana Miller,0,10 of 25,40%,15 of 32,1 of 4,25%,0,0,1:58,1996-05-07,29.79
UFC Fight Night: Strickland vs. Hernandez,2026-02-21,Carli Judice,http://ufcstats.com/fighter-details/f1ab6f37492c630a,Juliana Miller,http://ufcstats.com/fighter-details/aa0c573da7119292,Women's Flyweight,Women,U-DEC,3,5:00,http://ufcstats.com/fight-details/6e78d874097a3d22,Carli Judice,0,18 of 40,45%,37 of 61,0 of 0,---,0,0,0:52,1999-03-02,26.98
UFC Fight Night: Moreno vs. Kavanagh,2026-02-28,Lone'er Kavanagh,http://ufcstats.com/fighter-details/bb2c3c3a466224af,Brandon Moreno,http://ufcstats.com/fighter-details/792be9a24df82ed6,Flyweight,Men,U-DEC,5,5:00,http://ufcstats.com/fight-details/1330b5c21269fe92,Brandon Moreno,0,19 of 40,47%,19 of 40,0 of 0,---,0,0,0:00,1993-12-07,32.23
UFC Fight Night: Moreno vs. Kavanagh,2026-02-28,Lone'er Kavanagh,http://ufcstats.com/fighter-details/bb2c3c3a466224af,Brandon Moreno,http://ufcstats.com/fighter-details/792be9a24df82ed6,Flyweight,Men,U-DEC,5,5:00,http://ufcstats.com/fight-details/1330b5c21269fe92,Lone'er Kavanagh,0,18 of 45,40%,18 of 45,0 of 0,---,0,0,0:00,1999-06-09,26.72
UFC Fight Night: Moreno vs. Kavanagh,2026-02-28,David Martinez,http://ufcstats.com/fighter-details/9a97acbfd5a08bfa,Marlon Vera,http://ufcstats.com/fighter-details/7c7332319c14094c,Bantamweight,Men,U-DEC,3,5:00,http://ufcstats.com/fight-details/36d12b31957e94db,Marlon Vera,0,5 of 39,12%,13 of 48,0 of 0,---,0,0,0:00,1992-12-02,33.24
UFC Fight Night: Moreno vs. Kavanagh,2026-02-28,David Martinez,http://ufcstats.com/fighter-details/9a97acbfd5a08bfa,Marlon Vera,http://ufcstats.com/fighter-details/7c7332319c14094c,Bantamweight,Men,U-DEC,3,5:00,http://ufcstats.com/fight-details/36d12b31957e94db,David Martinez,0,19 of 41,46%,26 of 51,1 of 1,100%,0,0,0:45,1998-08-03,27.57
UFC Fight Night: Moreno vs. Kavanagh,2026-02-28,King Green,http://ufcstats.com/fighter-details/887961364be5ceb3,Daniel Zellhuber,http://ufcstats.com/fighter-details/4148802ae4a50768,Lightweight,Men,KO/TKO Punches,2,4:55,http://ufcstats.com/fight-details/81f3d28d30d17378,Daniel Zellhuber,0,11 of 46,23%,11 of 46,0 of 0,---,0,0,0:00,1999-07-07,26.65
UFC Fight Night: Moreno vs. Kavanagh,2026-02-28,King Green,http://ufcstats.com/fighter-details/887961364be5ceb3,Daniel Zellhuber,http://ufcstats.com/fighter-details/4148802ae4a50768,Lightweight,Men,KO/TKO Punches,2,4:55,http://ufcstats.com/fight-details/81f3d28d30d17378,King Green,0,41 of 64,64%,41 of 64,2 of 2,100%,0,0,0:04,1986-09-09,39.47
UFC Fight Night: Moreno vs. Kavanagh,2026-02-28,Edgar Chairez,http://ufcstats.com/fighter-details/5ef94841c4bc3f86,Felipe Bunes,http://ufcstats.com/fighter-details/53c10176e3bc7416,Flyweight,Men,S-DEC,3,5:00,http://ufcstats.com/fight-details/7df505d8260ba680,Edgar Chairez,0,4 of 9,44%,6 of 11,0 of 0,---,0,0,0:00,1996-01-27,30.09
UFC Fight Night: Moreno vs. Kavanagh,2026-02-28,Edgar Chairez,http://ufcstats.com/fighter-details/5ef94841c4bc3f86,Felipe Bunes,http://ufcstats.com/fighter-details/53c10176e3bc7416,Flyweight,Men,S-DEC,3,5:00,http://ufcstats.com/fight-details/7df505d8260ba680,Felipe Bunes,0,5 of 13,38%,64 of 81,0 of 1,0%,0,0,3:26,1989-10-29,36.33
UFC Fight Night: Moreno vs. Kavanagh,2026-02-28,Imanol Rodriguez,http://ufcstats.com/fighter-details/6e8349a0a0476d60,Kevin Borjas,http://ufcstats.com/fighter-details/34b96d52db1d26e6,Flyweight,Men,KO/TKO Punch,2,4:21,http://ufcstats.com/fight-details/15068d7b095ca9bd,Imanol Rodriguez,0,12 of 22,54%,21 of 31,1 of 1,100%,0,0,3:28,1999-11-15,26.29
UFC Fight Night: Moreno vs. Kavanagh,2026-02-28,Imanol Rodriguez,http://ufcstats.com/fighter-details/6e8349a0a0476d60,Kevin Borjas,http://ufcstats.com/fighter-details/34b96d52db1d26e6,Flyweight,Men,KO/TKO Punch,2,4:21,http://ufcstats.com/fight-details/15068d7b095ca9bd,Kevin Borjas,2,12 of 23,52%,14 of 25,0 of 0,---,0,0,0:00,1997-12-06,28.23
UFC Fight Night: Moreno vs. Kavanagh,2026-02-28,Santiago Luna,http://ufcstats.com/fighter-details/faf317c665546a36,Angel Pacheco,http://ufcstats.com/fighter-details/07797f10b9569cfc,Bantamweight,Men,U-DEC,3,5:00,http://ufcstats.com/fight-details/3b76a00f5d0400eb,Santiago Luna,0,26 of 56,46%,31 of 61,2 of 2,100%,0,0,0:50,2004-08-06,21.56
UFC Fight Night: Moreno vs. Kavanagh,2026-02-28,Santiago Luna,http://ufcstats.com/fighter-details/faf317c665546a36,Angel Pacheco,http://ufcstats.com/fighter-details/07797f10b9569cfc,Bantamweight,Men,U-DEC,3,5:00,http://ufcstats.com/fight-details/3b76a00f5d0400eb,Angel Pacheco,0,25 of 74,33%,26 of 75,0 of 0,---,0,0,0:00,1992-01-13,34.13
UFC Fight Night: Moreno vs. Kavanagh,2026-02-28,Ryan Gandra,http://ufcstats.com/fighter-details/e463ce0a2ca474f4,Jose Daniel Medina,http://ufcstats.com/fighter-details/baa9be02c3e3e038,Middleweight,Men,KO/TKO Punches,1,0:41,http://ufcstats.com/fight-details/45ec0c5f19c9adbe,Ryan Gandra,1,14 of 29,48%,14 of 29,0 of 0,---,0,0,0:00,1995-05-08,30.81
UFC Fight Night: Moreno vs. Kavanagh,2026-02-28,Ryan Gandra,http://ufcstats.com/fighter-details/e463ce0a2ca474f4,Jose Daniel Medina,http://ufcstats.com/fighter-details/baa9be02c3e3e038,Middleweight,Men,KO/TKO Punches,1,0:41,http://ufcstats.com/fight-details/45ec0c5f19c9adbe,Jose Daniel Medina,0,0 of 3,0%,0 of 3,0 of 0,---,0,0,0:00,1991-05-17,34.79
UFC Fight Night: Moreno vs. Kavanagh,2026-02-28,Ailin Perez,http://ufcstats.com/fighter-details/06e4245d16fc5315,Macy Chiasson,http://ufcstats.com/fighter-details/9cdd2da1a9104a0b,Women's Bantamweight,Women,U-DEC,3,5:00,http://ufcstats.com/fight-details/c40b934d2666e351,Ailin Perez,0,6 of 7,85%,10 of 11,2 of 2,100%,0,0,1:19,1994-10-05,31.4
UFC Fight Night: Moreno vs. Kavanagh,2026-02-28,Ailin Perez,http://ufcstats.com/fighter-details/06e4245d16fc5315,Macy Chiasson,http://ufcstats.com/fighter-details/9cdd2da1a9104a0b,Women's Bantamweight,Women,U-DEC,3,5:00,http://ufcstats.com/fight-details/c40b934d2666e351,Macy Chiasson,0,4 of 5,80%,24 of 41,0 of 0,---,0,2,2:48,1991-07-27,34.59
UFC Fight Night: Moreno vs. Kavanagh,2026-02-28,Cristian Quinonez,http://ufcstats.com/fighter-details/7debc13b36343605,Kris Moutinho,http://ufcstats.com/fighter-details/9c27f3217891f3f0,Bantamweight,Men,U-DEC,3,5:00,http://ufcstats.com/fight-details/25ab195cefbce1d0,Cristian Quinonez,0,23 of 37,62%,24 of 40,2 of 3,66%,0,0,1:01,1996-04-26,29.84
UFC Fight Night: Moreno vs. Kavanagh,2026-02-28,Cristian Quinonez,http://ufcstats.com/fighter-details/7debc13b36343605,Kris Moutinho,http://ufcstats.com/fighter-details/9c27f3217891f3f0,Bantamweight,Men,U-DEC,3,5:00,http://ufcstats.com/fight-details/25ab195cefbce1d0,Kris Moutinho,0,16 of 39,41%,16 of 39,0 of 0,---,0,0,0:00,1992-08-09,33.56
UFC Fight Night: Moreno vs. Kavanagh,2026-02-28,Javier Reyes,http://ufcstats.com/fighter-details/4a574b8512fc1b30,Douglas Silva de Andrade,http://ufcstats.com/fighter-details/3a314d9fa7c6825d,Featherweight,Men,KO/TKO Punches,1,4:59,http://ufcstats.com/fight-details/6154ee95d3f4fc32,Douglas Silva de Andrade,0,17 of 27,62%,19 of 29,0 of 0,---,0,0,0:04,1985-06-22,40.69
UFC Fight Night: Moreno vs. Kavanagh,2026-02-28,Javier Reyes,http://ufcstats.com/fighter-details/4a574b8512fc1b30,Douglas Silva de Andrade,http://ufcstats.com/fighter-details/3a314d9fa7c6825d,Featherweight,Men,KO/TKO Punches,1,4:59,http://ufcstats.com/fight-details/6154ee95d3f4fc32,Javier Reyes,1,46 of 75,61%,87 of 125,1 of 2,50%,0,0,1:57,1993-10-13,32.38
UFC Fight Night: Moreno vs. Kavanagh,2026-02-28,Regina Tarin,http://ufcstats.com/fighter-details/9f5609dba6584ab2,Ernesta Kareckaite,http://ufcstats.com/fighter-details/e4faa79383c9f214,Catch Weight,Men,U-DEC,3,5:00,http://ufcstats.com/fight-details/44d58943ac8e47e1,Regina Tarin,0,37 of 79,46%,39 of 81,0 of 0,---,0,0,0:00,2004-10-19,21.36
UFC Fight Night: Moreno vs. Kavanagh,2026-02-28,Regina Tarin,http://ufcstats.com/fighter-details/9f5609dba6584ab2,Ernesta Kareckaite,http://ufcstats.com/fighter-details/e4faa79383c9f214,Catch Weight,Men,U-DEC,3,5:00,http://ufcstats.com/fight-details/44d58943ac8e47e1,Ernesta Kareckaite,0,33 of 82,40%,39 of 90,0 of 0,---,0,0,0:21,1998-07-05,27.65
UFC Fight Night: Moreno vs. Kavanagh,2026-02-28,Francis Marshall,http://ufcstats.com/fighter-details/5d495dec23d7c68e,Erik Silva,http://ufcstats.com/fighter-details/21b813b919776d90,Featherweight,Men,SUB Rear Naked Choke,1,2:29,http://ufcstats.com/fight-details/581292ffe5b09344,Erik Silva,0,5 of 9,55%,5 of 9,0 of 0,---,0,0,0:00,1987-03-16,38.96
UFC Fight Night: Moreno vs. Kavanagh,2026-02-28,Francis Marshall,http://ufcstats.com/fighter-details/5d495dec23d7c68e,Erik Silva,http://ufcstats.com/fighter-details/21b813b919776d90,Featherweight,Men,SUB Rear Naked Choke,1,2:29,http://ufcstats.com/fight-details/581292ffe5b09344,Francis Marshall,0,3 of 5,60%,10 of 13,1 of 2,50%,1,0,1:42,1999-03-03,26.99
UFC Fight Night: Moreno vs. Kavanagh,2026-02-28,Damian Pinas,http://ufcstats.com/fighter-details/fdd22e895a70e4a8,Wes Schultz,http://ufcstats.com/fighter-details/b4443fae47e7eb9d,Middleweight,Men,KO/TKO Punch,1,2:30,http://ufcstats.com/fight-details/c6a85b67fdd2ef3d,Damian Pinas,2,15 of 23,65%,22 of 30,0 of 0,---,0,0,0:49,2002-03-12,23.97
UFC Fight Night: Moreno vs. Kavanagh,2026-02-28,Damian Pinas,http://ufcstats.com/fighter-details/fdd22e895a70e4a8,Wes Schultz,http://ufcstats.com/fighter-details/b4443fae47e7eb9d,Middleweight,Men,KO/TKO Punch,1,2:30,http://ufcstats.com/fight-details/c6a85b67fdd2ef3d,Wes Schultz,0,3 of 13,23%,5 of 16,0 of 6,0%,0,0,0:28,1996-08-09,29.56
UFC 326: Holloway vs. Oliveira 2,2026-03-07,Charles Oliveira,http://ufcstats.com/fighter-details/07225ba28ae309b6,Max Holloway,http://ufcstats.com/fighter-details/150ff4cc642270b9,Lightweight,Men,U-DEC,5,5:00,http://ufcstats.com/fight-details/f030febede41c661,Max Holloway,0,8 of 13,61%,11 of 16,0 of 0,---,0,0,0:00,1991-12-04,34.26
UFC 326: Holloway vs. Oliveira 2,2026-03-07,Charles Oliveira,http://ufcstats.com/fighter-details/07225ba28ae309b6,Max Holloway,http://ufcstats.com/fighter-details/150ff4cc642270b9,Lightweight,Men,U-DEC,5,5:00,http://ufcstats.com/fight-details/f030febede41c661,Charles Oliveira,0,10 of 14,71%,19 of 25,1 of 1,100%,2,0,4:30,1989-10-17,36.39
UFC 326: Holloway vs. Oliveira 2,2026-03-07,Caio Borralho,http://ufcstats.com/fighter-details/4126a78111c0855a,Reinier de Ridder,http://ufcstats.com/fighter-details/d549cefc7c54ab78,Middleweight,Men,U-DEC,3,5:00,http://ufcstats.com/fight-details/d564db29997e1371,Caio Borralho,0,24 of 42,57%,24 of 42,0 of 0,---,0,0,0:00,1993-01-16,33.14
UFC 326: Holloway vs. Oliveira 2,2026-03-07,Caio Borralho,http://ufcstats.com/fighter-details/4126a78111c0855a,Reinier de Ridder,http://ufcstats.com/fighter-details/d549cefc7c54ab78,Middleweight,Men,U-DEC,3,5:00,http://ufcstats.com/fight-details/d564db29997e1371,Reinier de Ridder,0,19 of 51,37%,30 of 62,2 of 5,40%,0,0,1:26,1990-09-07,35.5
UFC 326: Holloway vs. Oliveira 2,2026-03-07,Raul Rosas Jr.,http://ufcstats.com/fighter-details/fe2babf95de24fb1,Rob Font,http://ufcstats.com/fighter-details/05339613bf8e9808,Bantamweight,Men,U-DEC,3,5:00,http://ufcstats.com/fight-details/bed89a91da9d04c1,Rob Font,0,7 of 20,35%,8 of 21,0 of 1,0%,0,0,0:00,1987-06-25,38.7
UFC 326: Holloway vs. Oliveira 2,2026-03-07,Raul Rosas Jr.,http://ufcstats.com/fighter-details/fe2babf95de24fb1,Rob Font,http://ufcstats.com/fighter-details/05339613bf8e9808,Bantamweight,Men,U-DEC,3,5:00,http://ufcstats.com/fight-details/bed89a91da9d04c1,Raul Rosas Jr.,0,5 of 22,22%,12 of 29,5 of 6,83%,0,0,2:11,2004-10-08,21.41
UFC 326: Holloway vs. Oliveira 2,2026-03-07,Drew Dober,http://ufcstats.com/fighter-details/519e4fe37ce9ff75,Michael Johnson,http://ufcstats.com/fighter-details/511e82663651438d,Lightweight,Men,KO/TKO Punch,2,1:53,http://ufcstats.com/fight-details/f02c0adc4ae629c6,Drew Dober,0,11 of 29,37%,11 of 29,0 of 0,---,0,0,0:00,1988-10-19,37.38
UFC 326: Holloway vs. Oliveira 2,2026-03-07,Drew Dober,http://ufcstats.com/fighter-details/519e4fe37ce9ff75,Michael Johnson,http://ufcstats.com/fighter-details/511e82663651438d,Lightweight,Men,KO/TKO Punch,2,1:53,http://ufcstats.com/fight-details/f02c0adc4ae629c6,Michael Johnson,0,18 of 51,35%,18 of 51,0 of 0,---,0,0,0:00,1986-06-04,39.76
UFC 326: Holloway vs. Oliveira 2,2026-03-07,Gregory Rodrigues,http://ufcstats.com/fighter-details/d1c65d2cf2925ddd,Brunno Ferreira,http://ufcstats.com/fighter-details/1e719d4b676dc19a,Middleweight,Men,KO/TKO Punch,1,1:47,http://ufcstats.com/fight-details/6a4738656c493ee9,Gregory Rodrigues,1,2 of 6,33%,2 of 6,0 of 0,---,0,0,0:00,1992-02-17,34.05
UFC 326: Holloway vs. Oliveira 2,2026-03-07,Gregory Rodrigues,http://ufcstats.com/fighter-details/d1c65d2cf2925ddd,Brunno Ferreira,http://ufcstats.com/fighter-details/1e719d4b676dc19a,Middleweight,Men,KO/TKO Punch,1,1:47,http://ufcstats.com/fight-details/6a4738656c493ee9,Brunno Ferreira,0,2 of 5,40%,2 of 5,0 of 0,---,0,0,0:00,1992-11-04,33.34
UFC 326: Holloway vs. Oliveira 2,2026-03-07,Cody Garbrandt,http://ufcstats.com/fighter-details/d8c7c61b176e3994,Xiao Long,http://ufcstats.com/fighter-details/86bace9e4ad85542,Bantamweight,Men,U-DEC,3,5:00,http://ufcstats.com/fight-details/ecd16d14a138d7fb,Cody Garbrandt,0,10 of 20,50%,10 of 20,0 of 2,0%,0,0,0:27,1991-07-07,34.67
UFC 326: Holloway vs. Oliveira 2,2026-03-07,Cody Garbrandt,http://ufcstats.com/fighter-details/d8c7c61b176e3994,Xiao Long,http://ufcstats.com/fighter-details/86bace9e4ad85542,Bantamweight,Men,U-DEC,3,5:00,http://ufcstats.com/fight-details/ecd16d14a138d7fb,Xiao Long,0,20 of 31,64%,20 of 31,0 of 0,---,0,0,0:00,1998-04-13,27.9
UFC 326: Holloway vs. Oliveira 2,2026-03-07,Donte Johnson,http://ufcstats.com/fighter-details/ad5cb64af10fc946,Cody Brundage,http://ufcstats.com/fighter-details/f14f644d41ade29f,Middleweight,Men,S-DEC,3,5:00,http://ufcstats.com/fight-details/9c8d5dbd8905a715,Donte Johnson,0,10 of 25,40%,29 of 44,0 of 0,---,0,0,0:00,1999-01-25,27.11
UFC 326: Holloway vs. Oliveira 2,2026-03-07,Donte Johnson,http://ufcstats.com/fighter-details/ad5cb64af10fc946,Cody Brundage,http://ufcstats.com/fighter-details/f14f644d41ade29f,Middleweight,Men,S-DEC,3,5:00,http://ufcstats.com/fight-details/9c8d5dbd8905a715,Cody Brundage,0,5 of 20,25%,6 of 23,1 of 2,50%,0,0,3:21,1994-05-16,31.81
UFC 326: Holloway vs. Oliveira 2,2026-03-07,Alberto Montes,http://ufcstats.com/fighter-details/a112097ad877a48f,Ricky Turcios,http://ufcstats.com/fighter-details/cd3d7e37ff2d679c,Featherweight,Men,SUB Anaconda Choke,2,0:40,http://ufcstats.com/fight-details/6feb49a6b7e8433c,Ricky Turcios,0,19 of 53,35%,33 of 67,0 of 2,0%,0,0,1:54,1993-06-05,32.75
UFC 326: Holloway vs. Oliveira 2,2026-03-07,Alberto Montes,http://ufcstats.com/fighter-details/a112097ad877a48f,Ricky Turcios,http://ufcstats.com/fighter-details/cd3d7e37ff2d679c,Featherweight,Men,SUB Anaconda Choke,2,0:40,http://ufcstats.com/fight-details/6feb49a6b7e8433c,Alberto Montes,0,26 of 47,55%,33 of 54,0 of 0,---,0,0,0:09,1994-05-31,31.77
UFC 326: Holloway vs. Oliveira 2,2026-03-07,Nyamjargal Tumendemberel,http://ufcstats.com/fighter-details/17cb6d8e8187f304,Cody Durden,http://ufcstats.com/fighter-details/7f6ed67d3ed3c036,Flyweight,Men,U-DEC,3,5:00,http://ufcstats.com/fight-details/f661ef429055f8c1,Cody Durden,0,4 of 8,50%,21 of 25,3 of 6,50%,0,0,1:51,1991-03-29,34.94
UFC 326: Holloway vs. Oliveira 2,2026-03-07,Nyamjargal Tumendemberel,http://ufcstats.com/fighter-details/17cb6d8e8187f304,Cody Durden,http://ufcstats.com/fighter-details/7f6ed67d3ed3c036,Flyweight,Men,U-DEC,3,5:00,http://ufcstats.com/fight-details/f661ef429055f8c1,Nyamjargal Tumendemberel,0,9 of 13,69%,15 of 19,1 of 1,100%,1,0,1:37,1998-03-22,27.96
UFC 326: Holloway vs. Oliveira 2,2026-03-07,Sumudaerji,http://ufcstats.com/fighter-details/3cf18e01cb6cbde3,Jesus Aguilar,http://ufcstats.com/fighter-details/c051c2e12d692b8a,Flyweight,Men,U-DEC,3,5:00,http://ufcstats.com/fight-details/a22fd3735819d858,Sumudaerji,0,16 of 44,36%,19 of 47,1 of 1,100%,0,0,0:13,1996-01-20,30.13
UFC 326: Holloway vs. Oliveira 2,2026-03-07,Sumudaerji,http://ufcstats.com/fighter-details/3cf18e01cb6cbde3,Jesus Aguilar,http://ufcstats.com/fighter-details/c051c2e12d692b8a,Flyweight,Men,U-DEC,3,5:00,http://ufcstats.com/fight-details/a22fd3735819d858,Jesus Aguilar,0,13 of 35,37%,16 of 38,0 of 1,0%,0,0,0:59,1996-03-13,29.98
UFC 326: Holloway vs. Oliveira 2,2026-03-07,Diyar Nurgozhay,http://ufcstats.com/fighter-details/709fadb644ee3f51,Rafael Tobias,http://ufcstats.com/fighter-details/d6a8edb7410223a0,Light Heavyweight,Men,U-DEC,3,5:00,http://ufcstats.com/fight-details/cc03e698c4b7da52,Rafael Tobias,0,10 of 38,26%,10 of 38,0 of 0,---,0,0,0:00,2003-03-20,22.97
UFC 326: Holloway vs. Oliveira 2,2026-03-07,Diyar Nurgozhay,http://ufcstats.com/fighter-details/709fadb644ee3f51,Rafael Tobias,http://ufcstats.com/fighter-details/d6a8edb7410223a0,Light Heavyweight,Men,U-DEC,3,5:00,http://ufcstats.com/fight-details/cc03e698c4b7da52,Diyar Nurgozhay,0,36 of 57,63%,36 of 58,0 of 0,---,0,0,0:18,1997-04-22,28.87
UFC 326: Holloway vs. Oliveira 2,2026-03-07,Rodolfo Bellato,http://ufcstats.com/fighter-details/69898645d600abdb,Luke Fernandez,http://ufcstats.com/fighter-details/d62e280d0f7b6d6f,Light Heavyweight,Men,KO/TKO Punches,1,2:42,http://ufcstats.com/fight-details/a5abdc461cb1538e,Luke Fernandez,0,16 of 33,48%,26 of 43,0 of 0,---,0,0,0:22,1995-06-29,30.69
UFC 326: Holloway vs. Oliveira 2,2026-03-07,Rodolfo Bellato,http://ufcstats.com/fighter-details/69898645d600abdb,Luke Fernandez,http://ufcstats.com/fighter-details/d62e280d0f7b6d6f,Light Heavyweight,Men,KO/TKO Punches,1,2:42,http://ufcstats.com/fight-details/a5abdc461cb1538e,Rodolfo Bellato,1,30 of 46,65%,32 of 48,0 of 0,---,0,0,0:11,1996-02-05,30.08
UFC Fight Night: Emmett vs. Vallejos,2026-03-14,Kevin Vallejos,http://ufcstats.com/fighter-details/239d8e5359022f3b,Josh Emmett,http://ufcstats.com/fighter-details/fba03cd6cc28dc41,Featherweight,Men,KO/TKO Punches,1,3:33,http://ufcstats.com/fight-details/f594fc5c2bc6237e,Josh Emmett,0,3 of 12,25%,3 of 12,0 of 1,0%,0,0,0:00,1985-03-04,41.03
UFC Fight Night: Emmett vs. Vallejos,2026-03-14,Kevin Vallejos,http://ufcstats.com/fighter-details/239d8e5359022f3b,Josh Emmett,http://ufcstats.com/fighter-details/fba03cd6cc28dc41,Featherweight,Men,KO/TKO Punches,1,3:33,http://ufcstats.com/fight-details/f594fc5c2bc6237e,Kevin Vallejos,2,36 of 55,65%,43 of 68,0 of 0,---,0,0,0:38,2001-12-08,24.26
UFC Fight Night: Emmett vs. Vallejos,2026-03-14,Gillian Robertson,http://ufcstats.com/fighter-details/38c7f72747f4f712,Amanda Lemos,http://ufcstats.com/fighter-details/3df5493bb279226f,Women's Strawweight,Women,U-DEC,3,5:00,http://ufcstats.com/fight-details/3b7b771b9578383d,Amanda Lemos,0,25 of 37,67%,27 of 39,0 of 0,---,0,1,1:40,1987-05-22,38.81
UFC Fight Night: Emmett vs. Vallejos,2026-03-14,Gillian Robertson,http://ufcstats.com/fighter-details/38c7f72747f4f712,Amanda Lemos,http://ufcstats.com/fighter-details/3df5493bb279226f,Women's Strawweight,Women,U-DEC,3,5:00,http://ufcstats.com/fight-details/3b7b771b9578383d,Gillian Robertson,0,5 of 15,33%,9 of 20,1 of 2,50%,0,1,1:38,1995-05-17,30.83
UFC Fight Night: Emmett vs. Vallejos,2026-03-14,Jose Delgado,http://ufcstats.com/fighter-details/7d6ceff6747f2de2,Andre Fili,http://ufcstats.com/fighter-details/8fd808923cffff82,Featherweight,Men,S-DEC,3,5:00,http://ufcstats.com/fight-details/8bee5192baec71d8,Andre Fili,0,19 of 39,48%,19 of 39,1 of 1,100%,0,0,0:23,1990-06-25,35.72
UFC Fight Night: Emmett vs. Vallejos,2026-03-14,Jose Delgado,http://ufcstats.com/fighter-details/7d6ceff6747f2de2,Andre Fili,http://ufcstats.com/fighter-details/8fd808923cffff82,Featherweight,Men,S-DEC,3,5:00,http://ufcstats.com/fight-details/8bee5192baec71d8,Jose Delgado,0,23 of 46,50%,26 of 49,0 of 1,0%,0,0,0:00,1998-04-21,27.9
UFC Fight Night: Emmett vs. Vallejos,2026-03-14,Marwan Rahiki,http://ufcstats.com/fighter-details/6eedb757f13b9978,Harry Hardwick,http://ufcstats.com/fighter-details/2dbc60c52de126d8,Featherweight,Men,KO/TKO,2,5:00,http://ufcstats.com/fight-details/e0acd0cf4930671b,Marwan Rahiki,0,44 of 83,53%,44 of 83,0 of 0,---,0,0,0:00,2002-05-10,23.84
UFC Fight Night: Emmett vs. Vallejos,2026-03-14,Marwan Rahiki,http://ufcstats.com/fighter-details/6eedb757f13b9978,Harry Hardwick,http://ufcstats.com/fighter-details/2dbc60c52de126d8,Featherweight,Men,KO/TKO,2,5:00,http://ufcstats.com/fight-details/e0acd0cf4930671b,Harry Hardwick,0,40 of 94,42%,44 of 102,0 of 0,---,0,0,0:36,1994-09-29,31.46
UFC Fight Night: Emmett vs. Vallejos,2026-03-14,Ion Cutelaba,http://ufcstats.com/fighter-details/cd13728ae1151f46,Oumar Sy,http://ufcstats.com/fighter-details/46e2011d92463b7e,Light Heavyweight,Men,SUB Guillotine Choke,1,4:24,http://ufcstats.com/fight-details/db7694f4513120d5,Ion Cutelaba,0,14 of 20,70%,40 of 49,1 of 2,50%,1,0,2:27,1993-12-14,32.25
UFC Fight Night: Emmett vs. Vallejos,2026-03-14,Ion Cutelaba,http://ufcstats.com/fighter-details/cd13728ae1151f46,Oumar Sy,http://ufcstats.com/fighter-details/46e2011d92463b7e,Light Heavyweight,Men,SUB Guillotine Choke,1,4:24,http://ufcstats.com/fight-details/db7694f4513120d5,Oumar Sy,0,5 of 11,45%,5 of 11,0 of 1,0%,0,0,0:18,1995-11-21,30.31
UFC Fight Night: Emmett vs. Vallejos,2026-03-14,Charles Johnson,http://ufcstats.com/fighter-details/814e5233e2acf2ee,Bruno Silva,http://ufcstats.com/fighter-details/294aa73dbf37d281,Flyweight,Men,S-DEC,3,5:00,http://ufcstats.com/fight-details/fc9168fd102e2e66,Charles Johnson,0,18 of 34,52%,18 of 36,0 of 2,0%,0,0,0:00,1991-01-10,35.17
UFC Fight Night: Emmett vs. Vallejos,2026-03-14,Charles Johnson,http://ufcstats.com/fighter-details/814e5233e2acf2ee,Bruno Silva,http://ufcstats.com/fighter-details/294aa73dbf37d281,Flyweight,Men,S-DEC,3,5:00,http://ufcstats.com/fight-details/fc9168fd102e2e66,Bruno Silva,0,12 of 19,63%,15 of 22,0 of 2,0%,0,0,0:53,1990-03-16,35.99
UFC Fight Night: Emmett vs. Vallejos,2026-03-14,Myktybek Orolbai,http://ufcstats.com/fighter-details/bf2c8e01b07d3eb1,Chris Curtis,http://ufcstats.com/fighter-details/5442f1bc4b47eaf3,Welterweight,Men,U-DEC,3,5:00,http://ufcstats.com/fight-details/f26c0bdf7689aea2,Chris Curtis,0,2 of 10,20%,12 of 20,0 of 0,---,0,0,0:00,1987-07-15,38.66
UFC Fight Night: Emmett vs. Vallejos,2026-03-14,Myktybek Orolbai,http://ufcstats.com/fighter-details/bf2c8e01b07d3eb1,Chris Curtis,http://ufcstats.com/fighter-details/5442f1bc4b47eaf3,Welterweight,Men,U-DEC,3,5:00,http://ufcstats.com/fight-details/f26c0bdf7689aea2,Myktybek Orolbai,0,16 of 21,76%,49 of 65,7 of 8,87%,0,0,4:02,1998-02-10,28.09
UFC Fight Night: Emmett vs. Vallejos,2026-03-14,Vitor Petrino,http://ufcstats.com/fighter-details/71171fc96445bf65,Steven Asplund,http://ufcstats.com/fighter-details/e56cee1ad697db04,Heavyweight,Men,U-DEC,3,5:00,http://ufcstats.com/fight-details/2c330a6f7f1e55f0,Vitor Petrino,0,19 of 37,51%,19 of 38,0 of 3,0%,0,0,0:23,1997-08-28,28.54
UFC Fight Night: Emmett vs. Vallejos,2026-03-14,Vitor Petrino,http://ufcstats.com/fighter-details/71171fc96445bf65,Steven Asplund,http://ufcstats.com/fighter-details/e56cee1ad697db04,Heavyweight,Men,U-DEC,3,5:00,http://ufcstats.com/fight-details/2c330a6f7f1e55f0,Steven Asplund,1,20 of 45,44%,32 of 59,0 of 0,---,0,0,0:12,1998-07-16,27.66
UFC Fight Night: Emmett vs. Vallejos,2026-03-14,Elijah Smith,http://ufcstats.com/fighter-details/7478b7f959ba61f5,SuYoung You,http://ufcstats.com/fighter-details/a474aade8eb3a8f0,Bantamweight,Men,SUB Rear Naked Choke,2,1:04,http://ufcstats.com/fight-details/f44b4e998b6829f6,Elijah Smith,0,3 of 6,50%,5 of 8,0 of 0,---,0,1,1:19,2002-09-05,23.52
UFC Fight Night: Emmett vs. Vallejos,2026-03-14,Elijah Smith,http://ufcstats.com/fighter-details/7478b7f959ba61f5,SuYoung You,http://ufcstats.com/fighter-details/a474aade8eb3a8f0,Bantamweight,Men,SUB Rear Naked Choke,2,1:04,http://ufcstats.com/fight-details/f44b4e998b6829f6,SuYoung You,0,1 of 1,100%,18 of 24,4 of 7,57%,0,0,2:42,1995-12-11,30.26
UFC Fight Night: Emmett vs. Vallejos,2026-03-14,Manoel Sousa,http://ufcstats.com/fighter-details/5870c541798124ae,Bolaji Oki,http://ufcstats.com/fighter-details/4bdedbdeedff7d1d,Lightweight,Men,KO/TKO Punch,3,4:12,http://ufcstats.com/fight-details/c769dd861357af9f,Bolaji Oki,0,20 of 26,76%,42 of 50,1 of 1,100%,0,0,2:51,1995-11-15,30.33
UFC Fight Night: Emmett vs. Vallejos,2026-03-14,Manoel Sousa,http://ufcstats.com/fighter-details/5870c541798124ae,Bolaji Oki,http://ufcstats.com/fighter-details/4bdedbdeedff7d1d,Lightweight,Men,KO/TKO Punch,3,4:12,http://ufcstats.com/fight-details/c769dd861357af9f,Manoel Sousa,1,10 of 21,47%,23 of 35,0 of 0,---,1,0,0:59,1997-06-04,28.77
UFC Fight Night: Emmett vs. Vallejos,2026-03-14,Eryk Anders,http://ufcstats.com/fighter-details/cad24459b28592ca,Brad Tavares,http://ufcstats.com/fighter-details/0c6d9ea8306c029e,Middleweight,Men,U-DEC,3,5:00,http://ufcstats.com/fight-details/cff81d681a01ae18,Brad Tavares,0,18 of 35,51%,18 of 35,0 of 0,---,0,0,0:00,1987-12-21,38.23
UFC Fight Night: Emmett vs. Vallejos,2026-03-14,Eryk Anders,http://ufcstats.com/fighter-details/cad24459b28592ca,Brad Tavares,http://ufcstats.com/fighter-details/0c6d9ea8306c029e,Middleweight,Men,U-DEC,3,5:00,http://ufcstats.com/fight-details/cff81d681a01ae18,Eryk Anders,0,20 of 41,48%,33 of 56,0 of 4,0%,0,0,3:10,1987-04-21,38.9
UFC Fight Night: Emmett vs. Vallejos,2026-03-14,Bia Mesquita,http://ufcstats.com/fighter-details/eff9074bc066f0f2,Montse Rendon,http://ufcstats.com/fighter-details/60193e707634e560,Women's Bantamweight,Women,SUB Rear Naked Choke,1,2:07,http://ufcstats.com/fight-details/8cab057e6549afd0,Bia Mesquita,0,18 of 27,66%,31 of 40,1 of 1,100%,1,0,1:46,1991-04-07,34.93
UFC Fight Night: Emmett vs. Vallejos,2026-03-14,Bia Mesquita,http://ufcstats.com/fighter-details/eff9074bc066f0f2,Montse Rendon,http://ufcstats.com/fighter-details/60193e707634e560,Women's Bantamweight,Women,SUB Rear Naked Choke,1,2:07,http://ufcstats.com/fight-details/8cab057e6549afd0,Montse Rendon,0,0 of 8,0%,0 of 8,0 of 0,---,0,0,0:00,1989-03-16,36.99
UFC Fight Night: Emmett vs. Vallejos,2026-03-14,Hecher Sosa,http://ufcstats.com/fighter-details/ec3bd30378d63dd1,Luan Lacerda,http://ufcstats.com/fighter-details/6fc506e1099afe20,Bantamweight,Men,U-DEC,3,5:00,http://ufcstats.com/fight-details/32d371462c539bee,Luan Lacerda,0,19 of 43,44%,22 of 47,2 of 3,66%,0,0,1:44,1993-01-07,33.18
UFC Fight Night: Emmett vs. Vallejos,2026-03-14,Hecher Sosa,http://ufcstats.com/fighter-details/ec3bd30378d63dd1,Luan Lacerda,http://ufcstats.com/fighter-details/6fc506e1099afe20,Bantamweight,Men,U-DEC,3,5:00,http://ufcstats.com/fight-details/32d371462c539bee,Hecher Sosa,0,22 of 50,44%,33 of 64,0 of 0,---,0,0,0:06,1995-08-25,30.55
UFC Fight Night: Emmett vs. Vallejos,2026-03-14,Piera Rodriguez,http://ufcstats.com/fighter-details/e375cb5caf4717b6,Sam Hughes,http://ufcstats.com/fighter-details/e94085e821bd81de,Women's Strawweight,Women,U-DEC,3,5:00,http://ufcstats.com/fight-details/244285b7fd0ddece,Piera Rodriguez,0,40 of 85,47%,41 of 87,0 of 3,0%,0,0,1:04,1992-11-11,33.34
UFC Fight Night: Emmett vs. Vallejos,2026-03-14,Piera Rodriguez,http://ufcstats.com/fighter-details/e375cb5caf4717b6,Sam Hughes,http://ufcstats.com/fighter-details/e94085e821bd81de,Women's Strawweight,Women,U-DEC,3,5:00,http://ufcstats.com/fight-details/244285b7fd0ddece,Sam Hughes,0,33 of 43,76%,37 of 47,0 of 4,0%,0,0,0:22,1992-06-28,33.71
UFC Fight Night: Evloev vs. Murphy,2026-03-21,Movsar Evloev,http://ufcstats.com/fighter-details/76e2870ffafbe38f,Lerone Murphy,http://ufcstats.com/fighter-details/396fe87b84ac2e1c,Featherweight,Men,M-DEC,5,5:00,http://ufcstats.com/fight-details/346e3897c2ead99a,Movsar Evloev,0,11 of 31,35%,11 of 31,0 of 0,---,0,0,0:00,1994-02-11,32.1
UFC Fight Night: Evloev vs. Murphy,2026-03-21,Movsar Evloev,http://ufcstats.com/fighter-details/76e2870ffafbe38f,Lerone Murphy,http://ufcstats.com/fighter-details/396fe87b84ac2e1c,Featherweight,Men,M-DEC,5,5:00,http://ufcstats.com/fight-details/346e3897c2ead99a,Lerone Murphy,0,14 of 49,28%,14 of 49,0 of 0,---,0,0,0:00,1991-07-22,34.66
UFC Fight Night: Evloev vs. Murphy,2026-03-21,Luke Riley,http://ufcstats.com/fighter-details/b1de86d835638319,Michael Aswell Jr.,http://ufcstats.com/fighter-details/01c9e4013afce141,Featherweight,Men,U-DEC,3,5:00,http://ufcstats.com/fight-details/fa534aaa5b997a69,Luke Riley,0,33 of 56,58%,45 of 68,0 of 0,---,0,0,0:00,1999-06-30,26.72
UFC Fight Night: Evloev vs. Murphy,2026-03-21,Luke Riley,http://ufcstats.com/fighter-details/b1de86d835638319,Michael Aswell Jr.,http://ufcstats.com/fighter-details/01c9e4013afce141,Featherweight,Men,U-DEC,3,5:00,http://ufcstats.com/fight-details/fa534aaa5b997a69,Michael Aswell Jr.,0,20 of 59,33%,54 of 95,0 of 0,---,0,0,1:05,2000-09-27,25.48
UFC Fight Night: Evloev vs. Murphy,2026-03-21,Michael Page,http://ufcstats.com/fighter-details/a67d071163962af8,Sam Patterson,http://ufcstats.com/fighter-details/8b6e5dc2ba1edbe7,Welterweight,Men,U-DEC,3,5:00,http://ufcstats.com/fight-details/5ee11b727e89e8ad,Michael Page,0,5 of 12,41%,5 of 12,0 of 0,---,0,0,0:00,1987-04-07,38.95
UFC Fight Night: Evloev vs. Murphy,2026-03-21,Michael Page,http://ufcstats.com/fighter-details/a67d071163962af8,Sam Patterson,http://ufcstats.com/fighter-details/8b6e5dc2ba1edbe7,Welterweight,Men,U-DEC,3,5:00,http://ufcstats.com/fight-details/5ee11b727e89e8ad,Sam Patterson,0,4 of 11,36%,4 of 11,0 of 0,---,0,0,0:00,1996-04-30,29.89
UFC Fight Night: Evloev vs. Murphy,2026-03-21,Iwo Baraniewski,http://ufcstats.com/fighter-details/1c23ec2f1b71be40,Austen Lane,http://ufcstats.com/fighter-details/be9bdec19b7e9ffe,Light Heavyweight,Men,KO/TKO Punch,1,0:28,http://ufcstats.com/fight-details/43e26b46cbb51985,Iwo Baraniewski,1,10 of 13,76%,10 of 13,0 of 0,---,0,0,0:04,1998-11-20,27.33
UFC Fight Night: Evloev vs. Murphy,2026-03-21,Iwo Baraniewski,http://ufcstats.com/fighter-details/1c23ec2f1b71be40,Austen Lane,http://ufcstats.com/fighter-details/be9bdec19b7e9ffe,Light Heavyweight,Men,KO/TKO Punch,1,0:28,http://ufcstats.com/fight-details/43e26b46cbb51985,Austen Lane,0,0 of 4,0%,0 of 4,0 of 0,---,0,0,0:00,1987-11-09,38.36
UFC Fight Night: Evloev vs. Murphy,2026-03-21,Christian Leroy Duncan,http://ufcstats.com/fighter-details/a93f94c923c3a9cb,Roman Dolidze,http://ufcstats.com/fighter-details/327d5f279895110d,Middleweight,Men,U-DEC,3,5:00,http://ufcstats.com/fight-details/562d916f55918901,Roman Dolidze,0,2 of 6,33%,3 of 7,2 of 2,100%,0,0,2:33,1988-07-15,37.68
UFC Fight Night: Evloev vs. Murphy,2026-03-21,Christian Leroy Duncan,http://ufcstats.com/fighter-details/a93f94c923c3a9cb,Roman Dolidze,http://ufcstats.com/fighter-details/327d5f279895110d,Middleweight,Men,U-DEC,3,5:00,http://ufcstats.com/fight-details/562d916f55918901,Christian Leroy Duncan,0,16 of 29,55%,23 of 36,0 of 1,0%,0,0,0:37,1995-07-24,30.66
UFC Fight Night: Evloev vs. Murphy,2026-03-21,Danny Silva,http://ufcstats.com/fighter-details/d964a59c48381cb6,Kurtis Campbell,http://ufcstats.com/fighter-details/9d51798e61f2e0c7,Featherweight,Men,KO/TKO Punches,2,0:31,http://ufcstats.com/fight-details/4e58bcc0d27042fd,Kurtis Campbell,0,15 of 36,41%,15 of 38,2 of 5,40%,0,0,1:56,2002-07-29,23.64
UFC Fight Night: Evloev vs. Murphy,2026-03-21,Danny Silva,http://ufcstats.com/fighter-details/d964a59c48381cb6,Kurtis Campbell,http://ufcstats.com/fighter-details/9d51798e61f2e0c7,Featherweight,Men,KO/TKO Punches,2,0:31,http://ufcstats.com/fight-details/4e58bcc0d27042fd,Danny Silva,0,6 of 20,30%,9 of 23,1 of 1,100%,0,1,0:56,1997-01-30,29.14
UFC Fight Night: Evloev vs. Murphy,2026-03-21,Mason Jones,http://ufcstats.com/fighter-details/f6ad6a1e4d600e0d,Axel Sola,http://ufcstats.com/fighter-details/1d2d98ddd05b38fb,Lightweight,Men,U-DEC,3,5:00,http://ufcstats.com/fight-details/3ee578ddd071ad4c,Mason Jones,0,18 of 46,39%,27 of 55,0 of 0,---,0,0,0:00,1995-04-26,30.9
UFC Fight Night: Evloev vs. Murphy,2026-03-21,Mason Jones,http://ufcstats.com/fighter-details/f6ad6a1e4d600e0d,Axel Sola,http://ufcstats.com/fighter-details/1d2d98ddd05b38fb,Lightweight,Men,U-DEC,3,5:00,http://ufcstats.com/fight-details/3ee578ddd071ad4c,Axel Sola,0,15 of 32,46%,18 of 38,2 of 4,50%,0,0,1:45,1997-09-17,28.51
UFC Fight Night: Evloev vs. Murphy,2026-03-21,Nathaniel Wood,http://ufcstats.com/fighter-details/329e403448756217,Losene Keita,http://ufcstats.com/fighter-details/5b43d68174b6e2ab,Featherweight,Men,S-DEC,3,5:00,http://ufcstats.com/fight-details/3b9f50f07d9a1601,Nathaniel Wood,0,17 of 56,30%,17 of 56,0 of 1,0%,0,0,0:00,1993-05-08,32.87
UFC Fight Night: Evloev vs. Murphy,2026-03-21,Nathaniel Wood,http://ufcstats.com/fighter-details/329e403448756217,Losene Keita,http://ufcstats.com/fighter-details/5b43d68174b6e2ab,Featherweight,Men,S-DEC,3,5:00,http://ufcstats.com/fight-details/3b9f50f07d9a1601,Losene Keita,0,11 of 26,42%,11 of 26,0 of 0,---,0,0,0:00,1997-12-30,28.22
UFC Fight Night: Evloev vs. Murphy,2026-03-21,Mario Pinto,http://ufcstats.com/fighter-details/39d309957c5c210d,Felipe Franco,http://ufcstats.com/fighter-details/e564146b9cf6dbef,Heavyweight,Men,U-DEC,3,5:00,http://ufcstats.com/fight-details/90187edeeda7e6d6,Mario Pinto,0,16 of 28,57%,37 of 49,0 of 2,0%,0,0,0:28,1998-03-14,28.02
UFC Fight Night: Evloev vs. Murphy,2026-03-21,Mario Pinto,http://ufcstats.com/fighter-details/39d309957c5c210d,Felipe Franco,http://ufcstats.com/fighter-details/e564146b9cf6dbef,Heavyweight,Men,U-DEC,3,5:00,http://ufcstats.com/fight-details/90187edeeda7e6d6,Felipe Franco,0,9 of 25,36%,16 of 32,0 of 0,---,0,0,0:00,2001-01-22,25.16
UFC Fight Night: Evloev vs. Murphy,2026-03-21,Mantas Kondratavicius,http://ufcstats.com/fighter-details/3cc506f115cbb9d5,Antonio Trocoli,http://ufcstats.com/fighter-details/6d48a2df51749d91,Middleweight,Men,U-DEC,3,5:00,http://ufcstats.com/fight-details/8817bd21b6d0a989,Mantas Kondratavicius,0,28 of 42,66%,41 of 56,0 of 0,---,0,0,1:52,1999-07-17,26.68
UFC Fight Night: Evloev vs. Murphy,2026-03-21,Mantas Kondratavicius,http://ufcstats.com/fighter-details/3cc506f115cbb9d5,Antonio Trocoli,http://ufcstats.com/fighter-details/6d48a2df51749d91,Middleweight,Men,U-DEC,3,5:00,http://ufcstats.com/fight-details/8817bd21b6d0a989,Antonio Trocoli,0,6 of 14,42%,9 of 19,0 of 1,0%,0,0,1:33,1990-12-06,35.29
UFC Fight Night: Evloev vs. Murphy,2026-03-21,Brando Pericic,http://ufcstats.com/fighter-details/d0fd0d9ee560dae7,Louie Sutherland,http://ufcstats.com/fighter-details/cdb7b38b1b357f26,Heavyweight,Men,KO/TKO Punches,1,1:48,http://ufcstats.com/fight-details/bfd17ed83ec5b598,Louie Sutherland,0,9 of 18,50%,9 of 18,1 of 3,33%,0,0,0:40,1994-02-08,32.11
UFC Fight Night: Evloev vs. Murphy,2026-03-21,Brando Pericic,http://ufcstats.com/fighter-details/d0fd0d9ee560dae7,Louie Sutherland,http://ufcstats.com/fighter-details/cdb7b38b1b357f26,Heavyweight,Men,KO/TKO Punches,1,1:48,http://ufcstats.com/fight-details/bfd17ed83ec5b598,Brando Pericic,0,19 of 26,73%,34 of 46,0 of 0,---,0,0,0:19,1994-08-03,31.63
UFC Fight Night: Evloev vs. Murphy,2026-03-21,Abdul-Kareem Al-Selwady,http://ufcstats.com/fighter-details/597499ac7a5aac62,Shem Rock,http://ufcstats.com/fighter-details/52b6bf4528130e86,Lightweight,Men,U-DEC,3,5:00,http://ufcstats.com/fight-details/bbe0f3653de9f6a8,Shem Rock,0,17 of 46,36%,22 of 51,0 of 1,0%,0,0,0:30,1993-11-05,32.37
UFC Fight Night: Evloev vs. Murphy,2026-03-21,Abdul-Kareem Al-Selwady,http://ufcstats.com/fighter-details/597499ac7a5aac62,Shem Rock,http://ufcstats.com/fighter-details/52b6bf4528130e86,Lightweight,Men,U-DEC,3,5:00,http://ufcstats.com/fight-details/bbe0f3653de9f6a8,Abdul-Kareem Al-Selwady,0,27 of 52,51%,28 of 53,0 of 1,0%,0,0,0:02,1995-04-10,30.95
UFC Fight Night: Evloev vs. Murphy,2026-03-21,Shanelle Dyer,http://ufcstats.com/fighter-details/cfbb3edab781dfd2,Ravena Oliveira,http://ufcstats.com/fighter-details/4948e412fa6ab67d,Women's Strawweight,Women,KO/TKO Punches,2,1:17,http://ufcstats.com/fight-details/216bc9b661485017,Shanelle Dyer,0,32 of 47,68%,33 of 48,0 of 0,---,0,0,0:28,2001-04-23,24.91
UFC Fight Night: Evloev vs. Murphy,2026-03-21,Shanelle Dyer,http://ufcstats.com/fighter-details/cfbb3edab781dfd2,Ravena Oliveira,http://ufcstats.com/fighter-details/4948e412fa6ab67d,Women's Strawweight,Women,KO/TKO Punches,2,1:17,http://ufcstats.com/fight-details/216bc9b661485017,Ravena Oliveira,0,20 of 67,29%,26 of 73,0 of 1,0%,0,0,0:05,1997-02-20,29.08
UFC Fight Night: Adesanya vs. Pyfer,2026-03-28,Joe Pyfer,http://ufcstats.com/fighter-details/c1085e1701b13eca,Israel Adesanya,http://ufcstats.com/fighter-details/1338e2c7480bdf9e,Middleweight,Men,KO/TKO Punches,2,4:18,http://ufcstats.com/fight-details/85e94a6c071fd9fa,Israel Adesanya,0,24 of 42,57%,37 of 56,0 of 0,---,0,0,0:00,1989-07-22,36.68
UFC Fight Night: Adesanya vs. Pyfer,2026-03-28,Joe Pyfer,http://ufcstats.com/fighter-details/c1085e1701b13eca,Israel Adesanya,http://ufcstats.com/fighter-details/1338e2c7480bdf9e,Middleweight,Men,KO/TKO Punches,2,4:18,http://ufcstats.com/fight-details/85e94a6c071fd9fa,Joe Pyfer,0,9 of 23,39%,9 of 23,1 of 4,25%,0,0,1:01,1996-09-17,29.52
UFC Fight Night: Adesanya vs. Pyfer,2026-03-28,Alexa Grasso,http://ufcstats.com/fighter-details/e8b731feff72294b,Maycee Barber,http://ufcstats.com/fighter-details/6a740daf1b279661,Women's Flyweight,Women,KO/TKO Punch,1,2:42,http://ufcstats.com/fight-details/9a0ecee6e8ca173f,Alexa Grasso,1,12 of 38,31%,12 of 38,0 of 0,---,1,0,0:02,1993-08-09,32.63
UFC Fight Night: Adesanya vs. Pyfer,2026-03-28,Alexa Grasso,http://ufcstats.com/fighter-details/e8b731feff72294b,Maycee Barber,http://ufcstats.com/fighter-details/6a740daf1b279661,Women's Flyweight,Women,KO/TKO Punch,1,2:42,http://ufcstats.com/fight-details/9a0ecee6e8ca173f,Maycee Barber,0,5 of 25,20%,5 of 25,0 of 0,---,0,0,0:00,1998-05-18,27.86
UFC Fight Night: Adesanya vs. Pyfer,2026-03-28,Michael Chiesa,http://ufcstats.com/fighter-details/c58f51dedb310998,Niko Price,http://ufcstats.com/fighter-details/d8da10db80131bec,Welterweight,Men,SUB Rear Naked Choke,1,1:03,http://ufcstats.com/fight-details/6102e7a6dcbc62f0,Michael Chiesa,0,0 of 1,0%,0 of 1,1 of 2,50%,1,0,0:23,1987-12-07,38.31
UFC Fight Night: Adesanya vs. Pyfer,2026-03-28,Michael Chiesa,http://ufcstats.com/fighter-details/c58f51dedb310998,Niko Price,http://ufcstats.com/fighter-details/d8da10db80131bec,Welterweight,Men,SUB Rear Naked Choke,1,1:03,http://ufcstats.com/fight-details/6102e7a6dcbc62f0,Niko Price,0,1 of 3,33%,1 of 3,1 of 1,100%,0,0,0:08,1989-09-29,36.49
UFC Fight Night: Adesanya vs. Pyfer,2026-03-28,Lerryan Douglas,http://ufcstats.com/fighter-details/640a0f838f057a81,Julian Erosa,http://ufcstats.com/fighter-details/902ec2cc48c8ae8a,Featherweight,Men,KO/TKO Punches,1,3:33,http://ufcstats.com/fight-details/f9f5071b993a5f4b,Julian Erosa,0,17 of 46,36%,18 of 47,0 of 0,---,0,0,0:03,1989-07-31,36.66
UFC Fight Night: Adesanya vs. Pyfer,2026-03-28,Lerryan Douglas,http://ufcstats.com/fighter-details/640a0f838f057a81,Julian Erosa,http://ufcstats.com/fighter-details/902ec2cc48c8ae8a,Featherweight,Men,KO/TKO Punches,1,3:33,http://ufcstats.com/fight-details/f9f5071b993a5f4b,Lerryan Douglas,2,29 of 48,60%,30 of 49,0 of 0,---,0,0,0:05,1995-04-27,30.92
UFC Fight Night: Adesanya vs. Pyfer,2026-03-28,Yousri Belgaroui,http://ufcstats.com/fighter-details/7674b836ce0698a0,Mansur Abdul-Malik,http://ufcstats.com/fighter-details/841695e02c99a521,Middleweight,Men,KO/TKO Knee,3,3:39,http://ufcstats.com/fight-details/e32dc26b11d1f81d,Mansur Abdul-Malik,0,7 of 24,29%,7 of 24,0 of 0,---,0,0,0:00,1997-10-07,28.47
UFC Fight Night: Adesanya vs. Pyfer,2026-03-28,Yousri Belgaroui,http://ufcstats.com/fighter-details/7674b836ce0698a0,Mansur Abdul-Malik,http://ufcstats.com/fighter-details/841695e02c99a521,Middleweight,Men,KO/TKO Knee,3,3:39,http://ufcstats.com/fight-details/e32dc26b11d1f81d,Yousri Belgaroui,0,22 of 47,46%,22 of 47,0 of 0,---,0,0,0:00,1992-06-02,33.82
UFC Fight Night: Adesanya vs. Pyfer,2026-03-28,Terrance McKinney,http://ufcstats.com/fighter-details/809bd1a871491508,Kyle Nelson,http://ufcstats.com/fighter-details/31f8081c7600da93,Lightweight,Men,KO/TKO Punches,1,0:24,http://ufcstats.com/fight-details/a76e14495e61cf19,Terrance McKinney,0,13 of 27,48%,15 of 29,0 of 0,---,0,0,0:13,1994-09-15,31.53
UFC Fight Night: Adesanya vs. Pyfer,2026-03-28,Terrance McKinney,http://ufcstats.com/fighter-details/809bd1a871491508,Kyle Nelson,http://ufcstats.com/fighter-details/31f8081c7600da93,Lightweight,Men,KO/TKO Punches,1,0:24,http://ufcstats.com/fight-details/a76e14495e61cf19,Kyle Nelson,0,1 of 3,33%,1 of 3,0 of 0,---,0,0,0:00,1991-04-20,34.94
UFC Fight Night: Adesanya vs. Pyfer,2026-03-28,Tofiq Musayev,http://ufcstats.com/fighter-details/ae81a3ac7b260411,Ignacio Bahamondes,http://ufcstats.com/fighter-details/e4a47b07044ddd72,Lightweight,Men,U-DEC,3,5:00,http://ufcstats.com/fight-details/fa96d6252579b51e,Ignacio Bahamondes,0,20 of 39,51%,21 of 45,0 of 0,---,0,0,0:00,1997-08-27,28.58
UFC Fight Night: Adesanya vs. Pyfer,2026-03-28,Tofiq Musayev,http://ufcstats.com/fighter-details/ae81a3ac7b260411,Ignacio Bahamondes,http://ufcstats.com/fighter-details/e4a47b07044ddd72,Lightweight,Men,U-DEC,3,5:00,http://ufcstats.com/fight-details/fa96d6252579b51e,Tofiq Musayev,0,11 of 32,34%,20 of 42,1 of 3,33%,0,0,0:38,1989-12-15,36.28
UFC Fight Night: Adesanya vs. Pyfer,2026-03-28,Lance Gibson Jr.,http://ufcstats.com/fighter-details/07bc580bdf3eb9c8,Chase Hooper,http://ufcstats.com/fighter-details/971246648e162f0d,Lightweight,Men,KO/TKO Knees,1,2:56,http://ufcstats.com/fight-details/689384b01b40ef5c,Chase Hooper,0,11 of 32,34%,13 of 34,0 of 2,0%,0,0,0:06,1999-09-13,26.54
UFC Fight Night: Adesanya vs. Pyfer,2026-03-28,Lance Gibson Jr.,http://ufcstats.com/fighter-details/07bc580bdf3eb9c8,Chase Hooper,http://ufcstats.com/fighter-details/971246648e162f0d,Lightweight,Men,KO/TKO Knees,1,2:56,http://ufcstats.com/fight-details/689384b01b40ef5c,Lance Gibson Jr.,1,13 of 22,59%,19 of 28,0 of 0,---,0,0,0:07,1995-02-02,31.15
UFC Fight Night: Adesanya vs. Pyfer,2026-03-28,Tyrell Fortune,http://ufcstats.com/fighter-details/bc7f4b2d4c2724a2,Marcin Tybura,http://ufcstats.com/fighter-details/c9cf753cfdf77fc2,Heavyweight,Men,U-DEC,3,5:00,http://ufcstats.com/fight-details/08d4e3864c44f8a5,Marcin Tybura,0,8 of 22,36%,13 of 28,0 of 0,---,0,0,0:00,1985-11-09,40.38
UFC Fight Night: Adesanya vs. Pyfer,2026-03-28,Tyrell Fortune,http://ufcstats.com/fighter-details/bc7f4b2d4c2724a2,Marcin Tybura,http://ufcstats.com/fighter-details/c9cf753cfdf77fc2,Heavyweight,Men,U-DEC,3,5:00,http://ufcstats.com/fight-details/08d4e3864c44f8a5,Tyrell Fortune,0,9 of 15,60%,18 of 26,1 of 2,50%,0,0,3:03,1990-07-04,35.73
UFC Fight Night: Adesanya vs. Pyfer,2026-03-28,Casey O'Neill,http://ufcstats.com/fighter-details/04835018f90b118c,Gabriella Fernandes,http://ufcstats.com/fighter-details/a6eb54ae17a551be,Women's Flyweight,Women,KO/TKO Punches,1,3:11,http://ufcstats.com/fight-details/1c50e43770ba84fc,Casey O'Neill,1,25 of 66,37%,25 of 66,0 of 0,---,0,0,0:00,1997-10-07,28.47
UFC Fight Night: Adesanya vs. Pyfer,2026-03-28,Casey O'Neill,http://ufcstats.com/fighter-details/04835018f90b118c,Gabriella Fernandes,http://ufcstats.com/fighter-details/a6eb54ae17a551be,Women's Flyweight,Women,KO/TKO Punches,1,3:11,http://ufcstats.com/fight-details/1c50e43770ba84fc,Gabriella Fernandes,0,8 of 33,24%,8 of 33,0 of 0,---,0,0,0:00,1993-08-13,32.62
UFC Fight Night: Adesanya vs. Pyfer,2026-03-28,Navajo Stirling,http://ufcstats.com/fighter-details/b4b496ec2197ee3e,Bruno Lopes,http://ufcstats.com/fighter-details/0abcf6bc47191219,Light Heavyweight,Men,KO/TKO Punches,2,4:05,http://ufcstats.com/fight-details/dbf1ee1a1912c735,Navajo Stirling,0,22 of 54,40%,23 of 57,0 of 0,---,0,0,0:08,1997-11-07,28.39
UFC Fight Night: Adesanya vs. Pyfer,2026-03-28,Navajo Stirling,http://ufcstats.com/fighter-details/b4b496ec2197ee3e,Bruno Lopes,http://ufcstats.com/fighter-details/0abcf6bc47191219,Light Heavyweight,Men,KO/TKO Punches,2,4:05,http://ufcstats.com/fight-details/dbf1ee1a1912c735,Bruno Lopes,0,16 of 36,44%,23 of 43,0 of 4,0%,0,0,0:50,1993-04-24,32.93
UFC Fight Night: Adesanya vs. Pyfer,2026-03-28,Ricky Simon,http://ufcstats.com/fighter-details/5987b2458f4b5290,Adrian Yanez,http://ufcstats.com/fighter-details/0232cabbc30a2372,Bantamweight,Men,M-DEC,3,5:00,http://ufcstats.com/fight-details/a997593977ba8cad,Ricky Simon,0,12 of 55,21%,12 of 55,0 of 1,0%,0,0,0:00,1992-08-31,33.57
UFC Fight Night: Adesanya vs. Pyfer,2026-03-28,Ricky Simon,http://ufcstats.com/fighter-details/5987b2458f4b5290,Adrian Yanez,http://ufcstats.com/fighter-details/0232cabbc30a2372,Bantamweight,Men,M-DEC,3,5:00,http://ufcstats.com/fight-details/a997593977ba8cad,Adrian Yanez,0,16 of 46,34%,16 of 46,0 of 0,---,0,0,0:00,1993-11-29,32.33
UFC Fight Night: Adesanya vs. Pyfer,2026-03-28,Alexia Thainara,http://ufcstats.com/fighter-details/545092d13c67aa49,Bruna Brasil,http://ufcstats.com/fighter-details/7138a15258dabf20,Women's Strawweight,Women,U-DEC,3,5:00,http://ufcstats.com/fight-details/796e1151896195aa,Alexia Thainara,0,29 of 59,49%,41 of 75,3 of 5,60%,1,0,2:16,1995-11-20,30.35
UFC Fight Night: Adesanya vs. Pyfer,2026-03-28,Alexia Thainara,http://ufcstats.com/fighter-details/545092d13c67aa49,Bruna Brasil,http://ufcstats.com/fighter-details/7138a15258dabf20,Women's Strawweight,Women,U-DEC,3,5:00,http://ufcstats.com/fight-details/796e1151896195aa,Bruna Brasil,0,16 of 23,69%,25 of 33,0 of 0,---,0,0,0:00,1993-09-07,32.55
UFC Fight Night: Moicano vs. Duncan,2026-04-04,Renato Moicano,http://ufcstats.com/fighter-details/b6452706b373eea1,Chris Duncan,http://ufcstats.com/fighter-details/fd406a32a6fb3a29,Lightweight,Men,SUB Rear Naked Choke,2,3:14,http://ufcstats.com/fight-details/d69bd8e53ec858dc,Renato Moicano,0,14 of 20,70%,16 of 22,0 of 2,0%,0,0,1:13,1989-05-21,36.87
UFC Fight Night: Moicano vs. Duncan,2026-04-04,Renato Moicano,http://ufcstats.com/fighter-details/b6452706b373eea1,Chris Duncan,http://ufcstats.com/fighter-details/fd406a32a6fb3a29,Lightweight,Men,SUB Rear Naked Choke,2,3:14,http://ufcstats.com/fight-details/d69bd8e53ec858dc,Chris Duncan,0,17 of 38,44%,19 of 41,0 of 1,0%,0,0,0:01,1993-05-10,32.9
UFC Fight Night: Moicano vs. Duncan,2026-04-04,Virna Jandiroba,http://ufcstats.com/fighter-details/7dda2cf308f24a02,Tabatha Ricci,http://ufcstats.com/fighter-details/d25240135aee03e5,Women's Strawweight,Women,U-DEC,3,5:00,http://ufcstats.com/fight-details/721642e7de112e9e,Virna Jandiroba,0,3 of 10,30%,26 of 34,3 of 6,50%,0,0,3:00,1988-05-30,37.85
UFC Fight Night: Moicano vs. Duncan,2026-04-04,Virna Jandiroba,http://ufcstats.com/fighter-details/7dda2cf308f24a02,Tabatha Ricci,http://ufcstats.com/fighter-details/d25240135aee03e5,Women's Strawweight,Women,U-DEC,3,5:00,http://ufcstats.com/fight-details/721642e7de112e9e,Tabatha Ricci,0,7 of 13,53%,9 of 16,0 of 1,0%,0,0,0:00,1995-02-21,31.12
UFC Fight Night: Moicano vs. Duncan,2026-04-04,Abdul Rakhman Yakhyaev,http://ufcstats.com/fighter-details/95aff2fd8d09a5f0,Brendson Ribeiro,http://ufcstats.com/fighter-details/49edd0d90f60fb7d,Light Heavyweight,Men,SUB Rear Naked Choke,1,2:52,http://ufcstats.com/fight-details/ad487d1c6141d90a,Abdul Rakhman Yakhyaev,0,7 of 15,46%,23 of 38,2 of 3,66%,1,0,1:56,2001-01-03,25.25
UFC Fight Night: Moicano vs. Duncan,2026-04-04,Abdul Rakhman Yakhyaev,http://ufcstats.com/fighter-details/95aff2fd8d09a5f0,Brendson Ribeiro,http://ufcstats.com/fighter-details/49edd0d90f60fb7d,Light Heavyweight,Men,SUB Rear Naked Choke,1,2:52,http://ufcstats.com/fight-details/ad487d1c6141d90a,Brendson Ribeiro,0,8 of 17,47%,8 of 17,0 of 0,---,0,0,0:00,1996-09-08,29.57
UFC Fight Night: Moicano vs. Duncan,2026-04-04,Ethyn Ewing,http://ufcstats.com/fighter-details/d776b5814f2400b4,Rafael Estevam,http://ufcstats.com/fighter-details/83455a9d17f57dae,Bantamweight,Men,KO/TKO Punch,3,1:44,http://ufcstats.com/fight-details/fef80c98b2fba70c,Ethyn Ewing,0,20 of 47,42%,21 of 49,0 of 0,---,0,0,0:15,1996-02-19,30.12
UFC Fight Night: Moicano vs. Duncan,2026-04-04,Ethyn Ewing,http://ufcstats.com/fighter-details/d776b5814f2400b4,Rafael Estevam,http://ufcstats.com/fighter-details/83455a9d17f57dae,Bantamweight,Men,KO/TKO Punch,3,1:44,http://ufcstats.com/fight-details/fef80c98b2fba70c,Rafael Estevam,0,17 of 63,26%,17 of 63,0 of 4,0%,0,0,0:00,1996-08-10,29.65
UFC Fight Night: Moicano vs. Duncan,2026-04-04,Tommy McMillen,http://ufcstats.com/fighter-details/6b0a6def604de298,Manolo Zecchini,http://ufcstats.com/fighter-details/fd7ab338e4953644,Featherweight,Men,KO/TKO Knee,1,3:57,http://ufcstats.com/fight-details/c27bec45d5a29a2c,Tommy McMillen,1,74 of 134,55%,76 of 138,0 of 0,---,0,0,0:06,1997-12-15,28.3
UFC Fight Night: Moicano vs. Duncan,2026-04-04,Tommy McMillen,http://ufcstats.com/fighter-details/6b0a6def604de298,Manolo Zecchini,http://ufcstats.com/fighter-details/fd7ab338e4953644,Featherweight,Men,KO/TKO Knee,1,3:57,http://ufcstats.com/fight-details/c27bec45d5a29a2c,Manolo Zecchini,0,20 of 61,32%,21 of 64,0 of 0,---,0,0,0:15,1996-10-22,29.45
UFC Fight Night: Moicano vs. Duncan,2026-04-04,Jose Delano,http://ufcstats.com/fighter-details/d7c4956d61ae76a9,Robert Ruchala,http://ufcstats.com/fighter-details/92aed9d16794f42b,Featherweight,Men,U-DEC,3,5:00,http://ufcstats.com/fight-details/7924f10aac3543de,Jose Delano,0,21 of 42,50%,26 of 47,0 of 1,0%,0,0,0:00,1996-09-11,29.56
UFC Fight Night: Moicano vs. Duncan,2026-04-04,Jose Delano,http://ufcstats.com/fighter-details/d7c4956d61ae76a9,Robert Ruchala,http://ufcstats.com/fighter-details/92aed9d16794f42b,Featherweight,Men,U-DEC,3,5:00,http://ufcstats.com/fight-details/7924f10aac3543de,Robert Ruchala,0,25 of 62,40%,25 of 62,0 of 1,0%,0,0,0:35,1998-05-15,27.89
UFC Fight Night: Moicano vs. Duncan,2026-04-04,Thomas Petersen,http://ufcstats.com/fighter-details/764d39074a352e33,Guilherme Pat,http://ufcstats.com/fighter-details/ba15006c804a8de0,Heavyweight,Men,M-DEC,3,5:00,http://ufcstats.com/fight-details/0760bc02280574dd,Guilherme Pat,0,8 of 11,72%,8 of 11,0 of 0,---,0,0,0:00,1994-04-20,31.96
UFC Fight Night: Moicano vs. Duncan,2026-04-04,Thomas Petersen,http://ufcstats.com/fighter-details/764d39074a352e33,Guilherme Pat,http://ufcstats.com/fighter-details/ba15006c804a8de0,Heavyweight,Men,M-DEC,3,5:00,http://ufcstats.com/fight-details/0760bc02280574dd,Thomas Petersen,0,4 of 9,44%,28 of 35,0 of 3,0%,0,0,2:03,1995-03-30,31.01
UFC Fight Night: Moicano vs. Duncan,2026-04-04,Alessandro Costa,http://ufcstats.com/fighter-details/3fa97913cfd205d3,Stewart Nicoll,http://ufcstats.com/fighter-details/2bd98ab77a8daa75,Flyweight,Men,KO/TKO Punch,2,4:56,http://ufcstats.com/fight-details/af2a9d47ca8115e4,Alessandro Costa,0,20 of 46,43%,20 of 46,0 of 0,---,0,0,0:00,1996-01-28,30.18
UFC Fight Night: Moicano vs. Duncan,2026-04-04,Alessandro Costa,http://ufcstats.com/fighter-details/3fa97913cfd205d3,Stewart Nicoll,http://ufcstats.com/fighter-details/2bd98ab77a8daa75,Flyweight,Men,KO/TKO Punch,2,4:56,http://ufcstats.com/fight-details/af2a9d47ca8115e4,Stewart Nicoll,0,27 of 59,45%,27 of 59,0 of 1,0%,0,0,0:02,1994-11-04,31.41
UFC Fight Night: Moicano vs. Duncan,2026-04-04,Darrius Flowers,http://ufcstats.com/fighter-details/65db4065e2bc107d,Lando Vannata,http://ufcstats.com/fighter-details/f9b200db02b488d9,Lightweight,Men,KO/TKO Punches,2,0:52,http://ufcstats.com/fight-details/9c9c26679701b84d,Lando Vannata,0,22 of 29,75%,26 of 35,2 of 6,33%,0,0,2:16,1992-03-14,34.06
UFC Fight Night: Moicano vs. Duncan,2026-04-04,Darrius Flowers,http://ufcstats.com/fighter-details/65db4065e2bc107d,Lando Vannata,http://ufcstats.com/fighter-details/f9b200db02b488d9,Lightweight,Men,KO/TKO Punches,2,0:52,http://ufcstats.com/fight-details/9c9c26679701b84d,Darrius Flowers,0,17 of 30,56%,35 of 53,1 of 1,100%,1,0,0:18,1994-08-25,31.61
UFC Fight Night: Moicano vs. Duncan,2026-04-04,Alice Pereira,http://ufcstats.com/fighter-details/81d2c551886bd5a1,Hailey Cowan,http://ufcstats.com/fighter-details/3c26c420584d912d,Women's Bantamweight,Women,KO/TKO Knee,2,4:24,http://ufcstats.com/fight-details/74bb036ef0493bf7,Alice Pereira,0,24 of 50,48%,37 of 63,0 of 0,---,0,0,0:00,2005-12-20,20.29
UFC Fight Night: Moicano vs. Duncan,2026-04-04,Alice Pereira,http://ufcstats.com/fighter-details/81d2c551886bd5a1,Hailey Cowan,http://ufcstats.com/fighter-details/3c26c420584d912d,Women's Bantamweight,Women,KO/TKO Knee,2,4:24,http://ufcstats.com/fight-details/74bb036ef0493bf7,Hailey Cowan,0,18 of 44,40%,30 of 59,1 of 2,50%,0,0,1:07,1992-02-12,34.14
UFC Fight Night: Moicano vs. Duncan,2026-04-04,Tresean Gore,http://ufcstats.com/fighter-details/147e70aa6cc48cfc,Azamat Bekoev,http://ufcstats.com/fighter-details/3bc3f60b21cddc6a,Middleweight,Men,SUB Guillotine Choke,3,3:27,http://ufcstats.com/fight-details/e284a194fb4648a9,Azamat Bekoev,0,35 of 61,57%,46 of 73,0 of 1,0%,0,0,0:19,1995-12-30,30.26
UFC Fight Night: Moicano vs. Duncan,2026-04-04,Tresean Gore,http://ufcstats.com/fighter-details/147e70aa6cc48cfc,Azamat Bekoev,http://ufcstats.com/fighter-details/3bc3f60b21cddc6a,Middleweight,Men,SUB Guillotine Choke,3,3:27,http://ufcstats.com/fight-details/e284a194fb4648a9,Tresean Gore,0,33 of 46,71%,34 of 48,0 of 1,0%,0,0,0:36,1994-06-21,31.79
UFC Fight Night: Moicano vs. Duncan,2026-04-04,Dione Barbosa,http://ufcstats.com/fighter-details/27b388f0aab49780,Melissa Gatto,http://ufcstats.com/fighter-details/a4a80dd7336ffd59,Women's Flyweight,Women,M-DEC,3,5:00,http://ufcstats.com/fight-details/caf13346cbcfdb03,Dione Barbosa,0,16 of 37,43%,35 of 58,0 of 3,0%,0,0,1:15,1992-05-08,33.91
UFC Fight Night: Moicano vs. Duncan,2026-04-04,Dione Barbosa,http://ufcstats.com/fighter-details/27b388f0aab49780,Melissa Gatto,http://ufcstats.com/fighter-details/a4a80dd7336ffd59,Women's Flyweight,Women,M-DEC,3,5:00,http://ufcstats.com/fight-details/caf13346cbcfdb03,Melissa Gatto,0,21 of 48,43%,27 of 59,1 of 5,20%,0,0,1:11,1996-05-02,29.92
UFC Fight Night: Moicano vs. Duncan,2026-04-04,Kai Kamaka III,http://ufcstats.com/fighter-details/eee0ef3e2b14816b,Dakota Hope,http://ufcstats.com/fighter-details/6142edbd477d20c9,Lightweight,Men,S-DEC,3,5:00,http://ufcstats.com/fight-details/a5a749aa0061fdb4,Kai Kamaka III,0,21 of 36,58%,31 of 46,0 of 0,---,0,0,0:05,1995-01-05,31.24
UFC Fight Night: Moicano vs. Duncan,2026-04-04,Kai Kamaka III,http://ufcstats.com/fighter-details/eee0ef3e2b14816b,Dakota Hope,http://ufcstats.com/fighter-details/6142edbd477d20c9,Lightweight,Men,S-DEC,3,5:00,http://ufcstats.com/fight-details/a5a749aa0061fdb4,Dakota Hope,1,42 of 89,47%,66 of 117,0 of 0,---,0,0,0:35,1997-01-29,29.18
UFC 327: Prochazka vs. Ulberg,2026-04-11,Carlos Ulberg,http://ufcstats.com/fighter-details/9014c02eff8b3d62,Jiri Prochazka,http://ufcstats.com/fighter-details/009341ed974bad72,Light Heavyweight,Men,KO/TKO Punch,1,3:45,http://ufcstats.com/fight-details/a031f062b7ffefee,Jiri Prochazka,0,14 of 20,70%,14 of 20,0 of 0,---,0,0,0:00,1992-10-14,33.49
UFC 327: Prochazka vs. Ulberg,2026-04-11,Carlos Ulberg,http://ufcstats.com/fighter-details/9014c02eff8b3d62,Jiri Prochazka,http://ufcstats.com/fighter-details/009341ed974bad72,Light Heavyweight,Men,KO/TKO Punch,1,3:45,http://ufcstats.com/fight-details/a031f062b7ffefee,Carlos Ulberg,1,27 of 42,64%,27 of 42,0 of 0,---,0,0,0:04,1990-11-07,35.43
UFC 327: Prochazka vs. Ulberg,2026-04-11,Paulo Costa,http://ufcstats.com/fighter-details/2e5c2aa8e4ab9d82,Azamat Murzakanov,http://ufcstats.com/fighter-details/e90a2f22417af68e,Light Heavyweight,Men,KO/TKO Kick,3,1:23,http://ufcstats.com/fight-details/aade9d76ac6c6aef,Azamat Murzakanov,0,7 of 26,26%,7 of 26,0 of 0,---,0,0,0:00,1989-04-12,37.0
UFC 327: Prochazka vs. Ulberg,2026-04-11,Paulo Costa,http://ufcstats.com/fighter-details/2e5c2aa8e4ab9d82,Azamat Murzakanov,http://ufcstats.com/fighter-details/e90a2f22417af68e,Light Heavyweight,Men,KO/TKO Kick,3,1:23,http://ufcstats.com/fight-details/aade9d76ac6c6aef,Paulo Costa,0,21 of 31,67%,23 of 33,0 of 0,---,0,0,0:31,1991-04-21,34.97
UFC 327: Prochazka vs. Ulberg,2026-04-11,Josh Hokit,http://ufcstats.com/fighter-details/955da1675ad58a50,Curtis Blaydes,http://ufcstats.com/fighter-details/fa6796c55d6c5440,Heavyweight,Men,U-DEC,3,5:00,http://ufcstats.com/fight-details/903552edaba48f4a,Curtis Blaydes,0,58 of 108,53%,77 of 128,2 of 4,50%,0,0,2:05,1991-02-18,35.14
UFC 327: Prochazka vs. Ulberg,2026-04-11,Josh Hokit,http://ufcstats.com/fighter-details/955da1675ad58a50,Curtis Blaydes,http://ufcstats.com/fighter-details/fa6796c55d6c5440,Heavyweight,Men,U-DEC,3,5:00,http://ufcstats.com/fight-details/903552edaba48f4a,Josh Hokit,0,41 of 80,51%,41 of 80,0 of 1,0%,0,0,0:00,1997-11-12,28.41
UFC 327: Prochazka vs. Ulberg,2026-04-11,Dominick Reyes,http://ufcstats.com/fighter-details/2e19380f34871c6a,Johnny Walker,http://ufcstats.com/fighter-details/c21f26bbde777573,Light Heavyweight,Men,S-DEC,3,5:00,http://ufcstats.com/fight-details/c4d060cff018979a,Dominick Reyes,0,10 of 19,52%,10 of 19,0 of 0,---,0,0,0:00,1989-12-26,36.29
UFC 327: Prochazka vs. Ulberg,2026-04-11,Dominick Reyes,http://ufcstats.com/fighter-details/2e19380f34871c6a,Johnny Walker,http://ufcstats.com/fighter-details/c21f26bbde777573,Light Heavyweight,Men,S-DEC,3,5:00,http://ufcstats.com/fight-details/c4d060cff018979a,Johnny Walker,0,17 of 28,60%,17 of 28,0 of 0,---,0,0,0:00,1992-03-30,34.03
UFC 327: Prochazka vs. Ulberg,2026-04-11,Cub Swanson,http://ufcstats.com/fighter-details/d247691a6c0e9034,Nate Landwehr,http://ufcstats.com/fighter-details/583ee11abddfc581,Featherweight,Men,KO/TKO Punch,1,4:06,http://ufcstats.com/fight-details/60949f33201415ca,Cub Swanson,2,37 of 49,75%,40 of 52,0 of 0,---,0,0,0:06,1983-11-02,42.44
UFC 327: Prochazka vs. Ulberg,2026-04-11,Cub Swanson,http://ufcstats.com/fighter-details/d247691a6c0e9034,Nate Landwehr,http://ufcstats.com/fighter-details/583ee11abddfc581,Featherweight,Men,KO/TKO Punch,1,4:06,http://ufcstats.com/fight-details/60949f33201415ca,Nate Landwehr,0,15 of 30,50%,15 of 30,0 of 0,---,0,0,0:00,1988-06-06,37.85
UFC 327: Prochazka vs. Ulberg,2026-04-11,Aaron Pico,http://ufcstats.com/fighter-details/5537efc6e496dd84,Patricio Pitbull,http://ufcstats.com/fighter-details/98a58c26c5b1ed17,Featherweight,Men,U-DEC,3,5:00,http://ufcstats.com/fight-details/10ab34056720b6b4,Patricio Pitbull,0,17 of 28,60%,17 of 28,0 of 0,---,0,0,0:00,1987-07-07,38.76
UFC 327: Prochazka vs. Ulberg,2026-04-11,Aaron Pico,http://ufcstats.com/fighter-details/5537efc6e496dd84,Patricio Pitbull,http://ufcstats.com/fighter-details/98a58c26c5b1ed17,Featherweight,Men,U-DEC,3,5:00,http://ufcstats.com/fight-details/10ab34056720b6b4,Aaron Pico,0,22 of 56,39%,25 of 59,1 of 4,25%,0,0,0:47,1996-09-23,29.55
UFC 327: Prochazka vs. Ulberg,2026-04-11,Kevin Holland,http://ufcstats.com/fighter-details/3a46b268013afede,Randy Brown,http://ufcstats.com/fighter-details/c6aee362c7a7d482,Welterweight,Men,U-DEC,3,5:00,http://ufcstats.com/fight-details/b4e16fb13153efdc,Kevin Holland,0,20 of 34,58%,48 of 62,0 of 0,---,0,0,1:41,1992-11-05,33.43
UFC 327: Prochazka vs. Ulberg,2026-04-11,Kevin Holland,http://ufcstats.com/fighter-details/3a46b268013afede,Randy Brown,http://ufcstats.com/fighter-details/c6aee362c7a7d482,Welterweight,Men,U-DEC,3,5:00,http://ufcstats.com/fight-details/b4e16fb13153efdc,Randy Brown,0,18 of 39,46%,23 of 46,0 of 0,---,0,0,0:00,1990-07-08,35.76
UFC 327: Prochazka vs. Ulberg,2026-04-11,Mateusz Gamrot,http://ufcstats.com/fighter-details/72db2a14ffa73ece,Esteban Ribovics,http://ufcstats.com/fighter-details/323d4ca260dfa0ba,Lightweight,Men,SUB Arm Triangle,2,4:19,http://ufcstats.com/fight-details/62b5ce408c150fa8,Mateusz Gamrot,0,14 of 21,66%,24 of 33,2 of 3,66%,0,0,3:55,1990-12-11,35.33
UFC 327: Prochazka vs. Ulberg,2026-04-11,Mateusz Gamrot,http://ufcstats.com/fighter-details/72db2a14ffa73ece,Esteban Ribovics,http://ufcstats.com/fighter-details/323d4ca260dfa0ba,Lightweight,Men,SUB Arm Triangle,2,4:19,http://ufcstats.com/fight-details/62b5ce408c150fa8,Esteban Ribovics,0,1 of 12,8%,3 of 15,0 of 0,---,0,0,0:00,1996-04-27,29.95
UFC 327: Prochazka vs. Ulberg,2026-04-11,Tatiana Suarez,http://ufcstats.com/fighter-details/b08012bbe542592a,Loopy Godinez,http://ufcstats.com/fighter-details/8e5d953bdb9ae5e7,Women's Strawweight,Women,SUB Rear Naked Choke,2,2:29,http://ufcstats.com/fight-details/f506977877074aa6,Tatiana Suarez,0,7 of 13,53%,50 of 63,1 of 1,100%,0,0,3:39,1990-12-19,35.31
UFC 327: Prochazka vs. Ulberg,2026-04-11,Tatiana Suarez,http://ufcstats.com/fighter-details/b08012bbe542592a,Loopy Godinez,http://ufcstats.com/fighter-details/8e5d953bdb9ae5e7,Women's Strawweight,Women,SUB Rear Naked Choke,2,2:29,http://ufcstats.com/fight-details/f506977877074aa6,Loopy Godinez,0,17 of 22,77%,23 of 29,2 of 2,100%,0,0,0:23,1993-09-06,32.59
UFC 327: Prochazka vs. Ulberg,2026-04-11,Chris Padilla,http://ufcstats.com/fighter-details/06626b6287e1ae1e,MarQuel Mederos,http://ufcstats.com/fighter-details/e2be0c1a9b886d92,Lightweight,Men,M-DEC,3,5:00,http://ufcstats.com/fight-details/81d20c833e9a76eb,Chris Padilla,0,40 of 66,60%,44 of 71,0 of 1,0%,0,0,0:58,1995-09-14,30.57
UFC 327: Prochazka vs. Ulberg,2026-04-11,Chris Padilla,http://ufcstats.com/fighter-details/06626b6287e1ae1e,MarQuel Mederos,http://ufcstats.com/fighter-details/e2be0c1a9b886d92,Lightweight,Men,M-DEC,3,5:00,http://ufcstats.com/fight-details/81d20c833e9a76eb,MarQuel Mederos,0,27 of 41,65%,28 of 43,0 of 3,0%,0,0,0:15,1996-11-30,29.36
UFC 327: Prochazka vs. Ulberg,2026-04-11,Vicente Luque,http://ufcstats.com/fighter-details/6d4b63c767106d3a,Kelvin Gastelum,http://ufcstats.com/fighter-details/8c0580d4fff106c1,Middleweight,Men,SUB Anaconda Choke,1,4:08,http://ufcstats.com/fight-details/20868a67bea63129,Kelvin Gastelum,0,9 of 20,45%,12 of 23,1 of 1,100%,0,0,1:16,1991-10-24,34.46
UFC 327: Prochazka vs. Ulberg,2026-04-11,Vicente Luque,http://ufcstats.com/fighter-details/6d4b63c767106d3a,Kelvin Gastelum,http://ufcstats.com/fighter-details/8c0580d4fff106c1,Middleweight,Men,SUB Anaconda Choke,1,4:08,http://ufcstats.com/fight-details/20868a67bea63129,Vicente Luque,1,12 of 28,42%,16 of 34,0 of 0,---,1,0,1:04,1991-11-27,34.37
UFC 327: Prochazka vs. Ulberg,2026-04-11,Charles Radtke,http://ufcstats.com/fighter-details/feedf3053472fe56,Francisco Prado,http://ufcstats.com/fighter-details/3920d0cc288f9b0d,Welterweight,Men,U-DEC,3,5:00,http://ufcstats.com/fight-details/5b49c3d36907c6df,Charles Radtke,0,7 of 11,63%,40 of 49,2 of 2,100%,0,0,3:50,1990-07-09,35.76
UFC 327: Prochazka vs. Ulberg,2026-04-11,Charles Radtke,http://ufcstats.com/fighter-details/feedf3053472fe56,Francisco Prado,http://ufcstats.com/fighter-details/3920d0cc288f9b0d,Welterweight,Men,U-DEC,3,5:00,http://ufcstats.com/fight-details/5b49c3d36907c6df,Francisco Prado,0,8 of 10,80%,9 of 11,0 of 0,---,1,0,0:00,2002-06-16,23.82
UFC Fight Night: Burns vs. Malott,2026-04-18,Mike Malott,http://ufcstats.com/fighter-details/dd6103dd7127db1d,Gilbert Burns,http://ufcstats.com/fighter-details/23024fdfc966410a,Welterweight,Men,KO/TKO Punches,3,2:08,http://ufcstats.com/fight-details/32054bf2b36b0e47,Gilbert Burns,0,11 of 38,28%,12 of 39,0 of 4,0%,0,0,0:00,1986-07-20,39.75
UFC Fight Night: Burns vs. Malott,2026-04-18,Mike Malott,http://ufcstats.com/fighter-details/dd6103dd7127db1d,Gilbert Burns,http://ufcstats.com/fighter-details/23024fdfc966410a,Welterweight,Men,KO/TKO Punches,3,2:08,http://ufcstats.com/fight-details/32054bf2b36b0e47,Mike Malott,0,13 of 34,38%,13 of 34,0 of 0,---,0,0,0:00,1991-11-07,34.44
UFC Fight Night: Burns vs. Malott,2026-04-18,Charles Jourdain,http://ufcstats.com/fighter-details/f1d64ae34e088832,Kyler Phillips,http://ufcstats.com/fighter-details/60425d07ef4b91a7,Bantamweight,Men,U-DEC,3,5:00,http://ufcstats.com/fight-details/b5299e5b946015e5,Kyler Phillips,0,6 of 12,50%,14 of 21,3 of 4,75%,0,0,3:51,1995-06-12,30.85
UFC Fight Night: Burns vs. Malott,2026-04-18,Charles Jourdain,http://ufcstats.com/fighter-details/f1d64ae34e088832,Kyler Phillips,http://ufcstats.com/fighter-details/60425d07ef4b91a7,Bantamweight,Men,U-DEC,3,5:00,http://ufcstats.com/fight-details/b5299e5b946015e5,Charles Jourdain,0,5 of 10,50%,15 of 22,0 of 0,---,0,0,0:00,1995-11-27,30.39
UFC Fight Night: Burns vs. Malott,2026-04-18,Jai Herbert,http://ufcstats.com/fighter-details/4c88a1db5a46c6a4,Mandel Nallo,http://ufcstats.com/fighter-details/8f4528c10bd34fab,Lightweight,Men,KO/TKO Punches,1,2:05,http://ufcstats.com/fight-details/e644218737c1a778,Mandel Nallo,1,16 of 31,51%,16 of 31,0 of 0,---,0,0,0:10,1989-07-26,36.73
UFC Fight Night: Burns vs. Malott,2026-04-18,Jai Herbert,http://ufcstats.com/fighter-details/4c88a1db5a46c6a4,Mandel Nallo,http://ufcstats.com/fighter-details/8f4528c10bd34fab,Lightweight,Men,KO/TKO Punches,1,2:05,http://ufcstats.com/fight-details/e644218737c1a778,Jai Herbert,2,19 of 28,67%,30 of 43,0 of 0,---,0,0,0:27,1988-05-13,37.93
UFC Fight Night: Burns vs. Malott,2026-04-18,Jasmine Jasudavicius,http://ufcstats.com/fighter-details/a9e260472d321361,Karine Silva,http://ufcstats.com/fighter-details/9d62c2d8ee151f08,Women's Flyweight,Women,U-DEC,3,5:00,http://ufcstats.com/fight-details/5a209522211d7530,Jasmine Jasudavicius,0,1 of 17,5%,5 of 22,1 of 2,50%,0,0,1:49,1989-03-01,37.13
UFC Fight Night: Burns vs. Malott,2026-04-18,Jasmine Jasudavicius,http://ufcstats.com/fighter-details/a9e260472d321361,Karine Silva,http://ufcstats.com/fighter-details/9d62c2d8ee151f08,Women's Flyweight,Women,U-DEC,3,5:00,http://ufcstats.com/fight-details/5a209522211d7530,Karine Silva,0,7 of 12,58%,36 of 45,0 of 0,---,0,0,0:00,1993-12-02,32.38
UFC Fight Night: Burns vs. Malott,2026-04-18,Gauge Young,http://ufcstats.com/fighter-details/b2a78df161bd67f9,Thiago Moises,http://ufcstats.com/fighter-details/d945aae53e3e54e6,Lightweight,Men,S-DEC,3,5:00,http://ufcstats.com/fight-details/a661c0bee7c8d5af,Thiago Moises,0,8 of 13,61%,9 of 15,2 of 6,33%,0,0,2:22,1995-03-23,31.07
UFC Fight Night: Burns vs. Malott,2026-04-18,Gauge Young,http://ufcstats.com/fighter-details/b2a78df161bd67f9,Thiago Moises,http://ufcstats.com/fighter-details/d945aae53e3e54e6,Lightweight,Men,S-DEC,3,5:00,http://ufcstats.com/fight-details/a661c0bee7c8d5af,Gauge Young,0,9 of 23,39%,13 of 29,0 of 0,---,0,1,0:17,2000-07-14,25.76
UFC Fight Night: Burns vs. Malott,2026-04-18,Marcio Barbosa,http://ufcstats.com/fighter-details/c85bad793cd14e28,Dennis Buzukja,http://ufcstats.com/fighter-details/c4d039123e62f6a9,Featherweight,Men,KO/TKO Punch,1,1:20,http://ufcstats.com/fight-details/678440bd8274a18e,Dennis Buzukja,0,5 of 13,38%,5 of 13,0 of 0,---,0,0,0:00,1997-10-01,28.54
UFC Fight Night: Burns vs. Malott,2026-04-18,Marcio Barbosa,http://ufcstats.com/fighter-details/c85bad793cd14e28,Dennis Buzukja,http://ufcstats.com/fighter-details/c4d039123e62f6a9,Featherweight,Men,KO/TKO Punch,1,1:20,http://ufcstats.com/fight-details/678440bd8274a18e,Marcio Barbosa,1,4 of 8,50%,4 of 8,0 of 0,---,0,0,0:00,1998-05-22,27.91
UFC Fight Night: Burns vs. Malott,2026-04-18,Robert Valentin,http://ufcstats.com/fighter-details/0cd0456d6029cec2,Julien Leblanc,http://ufcstats.com/fighter-details/cd0dfd9846bd03b9,Middleweight,Men,SUB Rear Naked Choke,1,2:22,http://ufcstats.com/fight-details/9fab4b0ad082f670,Julien Leblanc,0,4 of 6,66%,4 of 6,0 of 0,---,0,0,0:00,1992-01-21,34.24
UFC Fight Night: Burns vs. Malott,2026-04-18,Robert Valentin,http://ufcstats.com/fighter-details/0cd0456d6029cec2,Julien Leblanc,http://ufcstats.com/fighter-details/cd0dfd9846bd03b9,Middleweight,Men,SUB Rear Naked Choke,1,2:22,http://ufcstats.com/fight-details/9fab4b0ad082f670,Robert Valentin,0,7 of 13,53%,14 of 20,1 of 1,100%,1,0,1:42,1995-03-31,31.05
UFC Fight Night: Burns vs. Malott,2026-04-18,Gokhan Saricam,http://ufcstats.com/fighter-details/1a97a3ef4c758fae,Tanner Boser,http://ufcstats.com/fighter-details/04c8b08b16a5b99e,Heavyweight,Men,KO/TKO Punch,2,4:43,http://ufcstats.com/fight-details/85c7a0f44aa3e10a,Tanner Boser,0,27 of 45,60%,35 of 54,0 of 0,---,0,0,0:32,1991-08-02,34.71
UFC Fight Night: Burns vs. Malott,2026-04-18,Gokhan Saricam,http://ufcstats.com/fighter-details/1a97a3ef4c758fae,Tanner Boser,http://ufcstats.com/fighter-details/04c8b08b16a5b99e,Heavyweight,Men,KO/TKO Punch,2,4:43,http://ufcstats.com/fight-details/85c7a0f44aa3e10a,Gokhan Saricam,0,28 of 66,42%,38 of 76,0 of 4,0%,0,0,1:10,1991-02-28,35.13
UFC Fight Night: Burns vs. Malott,2026-04-18,Melissa Croden,http://ufcstats.com/fighter-details/51e2f44a8dbf6984,Daria Zhelezniakova,http://ufcstats.com/fighter-details/07047eb7d17fb0a2,Women's Bantamweight,Women,U-DEC,3,5:00,http://ufcstats.com/fight-details/bae4de7ef8c0769e,Melissa Croden,0,15 of 46,32%,15 of 46,0 of 2,0%,0,0,0:16,1991-04-12,35.02
UFC Fight Night: Burns vs. Malott,2026-04-18,Melissa Croden,http://ufcstats.com/fighter-details/51e2f44a8dbf6984,Daria Zhelezniakova,http://ufcstats.com/fighter-details/07047eb7d17fb0a2,Women's Bantamweight,Women,U-DEC,3,5:00,http://ufcstats.com/fight-details/bae4de7ef8c0769e,Daria Zhelezniakova,0,14 of 40,35%,22 of 48,0 of 0,---,0,0,0:00,1996-01-23,30.23
UFC Fight Night: Burns vs. Malott,2026-04-18,JJ Aldrich,http://ufcstats.com/fighter-details/6fd953151d981979,Jamey-Lyn Horth,http://ufcstats.com/fighter-details/5c637af9472ae7cc,Women's Flyweight,Women,U-DEC,3,5:00,http://ufcstats.com/fight-details/0b6c13ab8ad7f82b,JJ Aldrich,0,7 of 43,16%,9 of 48,0 of 1,0%,0,0,0:44,1992-09-29,33.55
UFC Fight Night: Burns vs. Malott,2026-04-18,JJ Aldrich,http://ufcstats.com/fighter-details/6fd953151d981979,Jamey-Lyn Horth,http://ufcstats.com/fighter-details/5c637af9472ae7cc,Women's Flyweight,Women,U-DEC,3,5:00,http://ufcstats.com/fight-details/0b6c13ab8ad7f82b,Jamey-Lyn Horth,0,21 of 54,38%,23 of 56,0 of 0,---,0,0,0:00,1990-03-30,36.05
UFC Fight Night: Burns vs. Malott,2026-04-18,John Castaneda,http://ufcstats.com/fighter-details/5fa2974cbd18e05c,Mark Vologdin,http://ufcstats.com/fighter-details/0e6b611451a9a7d8,Catch Weight,Men,M-DEC,3,5:00,http://ufcstats.com/fight-details/552f7cdaf93e1055,John Castaneda,0,25 of 44,56%,28 of 47,0 of 0,---,0,0,0:32,1991-12-18,34.33
UFC Fight Night: Burns vs. Malott,2026-04-18,John Castaneda,http://ufcstats.com/fighter-details/5fa2974cbd18e05c,Mark Vologdin,http://ufcstats.com/fighter-details/0e6b611451a9a7d8,Catch Weight,Men,M-DEC,3,5:00,http://ufcstats.com/fight-details/552f7cdaf93e1055,Mark Vologdin,0,24 of 52,46%,29 of 57,0 of 0,---,0,0,0:05,2000-04-18,26.0
UFC Fight Night: Burns vs. Malott,2026-04-18,John Yannis,http://ufcstats.com/fighter-details/450bcab0968562c4,Jamie Siraj,http://ufcstats.com/fighter-details/e6679e38e7fab7a8,Bantamweight,Men,KO/TKO Elbows,1,2:43,http://ufcstats.com/fight-details/32087c183dffcae0,Jamie Siraj,0,6 of 24,25%,6 of 24,0 of 2,0%,0,0,0:00,1994-06-28,31.81
UFC Fight Night: Burns vs. Malott,2026-04-18,John Yannis,http://ufcstats.com/fighter-details/450bcab0968562c4,Jamie Siraj,http://ufcstats.com/fighter-details/e6679e38e7fab7a8,Bantamweight,Men,KO/TKO Elbows,1,2:43,http://ufcstats.com/fight-details/32087c183dffcae0,John Yannis,1,21 of 34,61%,21 of 34,0 of 0,---,0,0,0:09,1994-07-07,31.78
UFC Fight Night: Sterling vs. Zalal,2026-04-25,Aljamain Sterling,http://ufcstats.com/fighter-details/cb696ebfb6598724,Youssef Zalal,http://ufcstats.com/fighter-details/52c2ae6d2f2d2613,Featherweight,Men,U-DEC,5,5:00,http://ufcstats.com/fight-details/f524e42c36028de0,Aljamain Sterling,0,8 of 24,33%,15 of 31,1 of 2,50%,0,0,2:19,1989-07-31,36.73
UFC Fight Night: Sterling vs. Zalal,2026-04-25,Aljamain Sterling,http://ufcstats.com/fighter-details/cb696ebfb6598724,Youssef Zalal,http://ufcstats.com/fighter-details/52c2ae6d2f2d2613,Featherweight,Men,U-DEC,5,5:00,http://ufcstats.com/fight-details/f524e42c36028de0,Youssef Zalal,0,4 of 16,25%,17 of 33,0 of 0,---,0,0,0:00,1996-09-04,29.64
UFC Fight Night: Sterling vs. Zalal,2026-04-25,Joselyne Edwards,http://ufcstats.com/fighter-details/f9ab66e67240db7b,Norma Dumont,http://ufcstats.com/fighter-details/d3f5d33d61cd00c9,Women's Bantamweight,Women,U-DEC,3,5:00,http://ufcstats.com/fight-details/cb745968bd16bf56,Norma Dumont,0,6 of 14,42%,14 of 23,0 of 1,0%,0,0,2:09,1990-10-01,35.56
UFC Fight Night: Sterling vs. Zalal,2026-04-25,Joselyne Edwards,http://ufcstats.com/fighter-details/f9ab66e67240db7b,Norma Dumont,http://ufcstats.com/fighter-details/d3f5d33d61cd00c9,Women's Bantamweight,Women,U-DEC,3,5:00,http://ufcstats.com/fight-details/cb745968bd16bf56,Joselyne Edwards,0,6 of 13,46%,37 of 48,0 of 2,0%,0,1,1:31,1995-09-29,30.57
UFC Fight Night: Sterling vs. Zalal,2026-04-25,Rafa Garcia,http://ufcstats.com/fighter-details/e132d47bd9efbbe0,Alexander Hernandez,http://ufcstats.com/fighter-details/262a7d06203657e6,Lightweight,Men,U-DEC,3,5:00,http://ufcstats.com/fight-details/84951374e4cdc679,Rafa Garcia,0,10 of 40,25%,15 of 45,2 of 2,100%,0,0,0:28,1994-08-05,31.72
UFC Fight Night: Sterling vs. Zalal,2026-04-25,Rafa Garcia,http://ufcstats.com/fighter-details/e132d47bd9efbbe0,Alexander Hernandez,http://ufcstats.com/fighter-details/262a7d06203657e6,Lightweight,Men,U-DEC,3,5:00,http://ufcstats.com/fight-details/84951374e4cdc679,Alexander Hernandez,0,8 of 27,29%,8 of 27,0 of 1,0%,0,0,0:00,1992-10-01,33.56
UFC Fight Night: Sterling vs. Zalal,2026-04-25,Davey Grant,http://ufcstats.com/fighter-details/113df4fde64735c6,Adrian Luna Martinetti,http://ufcstats.com/fighter-details/e3b30b573e7f0d19,Bantamweight,Men,U-DEC,3,5:00,http://ufcstats.com/fight-details/f5aff2f858311fbc,Davey Grant,0,44 of 89,49%,46 of 91,0 of 1,0%,0,0,0:02,1985-12-18,40.35
UFC Fight Night: Sterling vs. Zalal,2026-04-25,Davey Grant,http://ufcstats.com/fighter-details/113df4fde64735c6,Adrian Luna Martinetti,http://ufcstats.com/fighter-details/e3b30b573e7f0d19,Bantamweight,Men,U-DEC,3,5:00,http://ufcstats.com/fight-details/f5aff2f858311fbc,Adrian Luna Martinetti,0,18 of 41,43%,18 of 41,0 of 1,0%,0,0,0:00,1995-08-20,30.68
UFC Fight Night: Sterling vs. Zalal,2026-04-25,Raoni Barcelos,http://ufcstats.com/fighter-details/b9f28e7045fdfce7,Montel Jackson,http://ufcstats.com/fighter-details/cc1a8b4b38b92c6d,Bantamweight,Men,S-DEC,3,5:00,http://ufcstats.com/fight-details/348de8e364ecf041,Montel Jackson,1,14 of 24,58%,46 of 57,0 of 0,---,0,0,0:23,1992-04-24,34.0
UFC Fight Night: Sterling vs. Zalal,2026-04-25,Raoni Barcelos,http://ufcstats.com/fighter-details/b9f28e7045fdfce7,Montel Jackson,http://ufcstats.com/fighter-details/cc1a8b4b38b92c6d,Bantamweight,Men,S-DEC,3,5:00,http://ufcstats.com/fight-details/348de8e364ecf041,Raoni Barcelos,0,3 of 4,75%,7 of 8,2 of 4,50%,1,0,2:49,1987-05-01,38.98
UFC Fight Night: Sterling vs. Zalal,2026-04-25,Ryan Spann,http://ufcstats.com/fighter-details/a67f5afa8d6a1b80,Marcus Buchecha,http://ufcstats.com/fighter-details/095854a135e6db55,Heavyweight,Men,KO/TKO Punch,2,2:10,http://ufcstats.com/fight-details/7e551ddb1494a45f,Marcus Buchecha,0,4 of 6,66%,4 of 6,1 of 6,16%,1,0,1:05,1990-01-08,36.29
UFC Fight Night: Sterling vs. Zalal,2026-04-25,Ryan Spann,http://ufcstats.com/fighter-details/a67f5afa8d6a1b80,Marcus Buchecha,http://ufcstats.com/fighter-details/095854a135e6db55,Heavyweight,Men,KO/TKO Punch,2,2:10,http://ufcstats.com/fight-details/7e551ddb1494a45f,Ryan Spann,0,10 of 18,55%,15 of 26,0 of 0,---,0,0,2:29,1991-08-24,34.67
UFC Fight Night: Sterling vs. Zalal,2026-04-25,Eric McConico,http://ufcstats.com/fighter-details/9508cc6184cb2450,Rodolfo Vieira,http://ufcstats.com/fighter-details/260e9e0d4954aea6,Middleweight,Men,U-DEC,3,5:00,http://ufcstats.com/fight-details/67f24cf244134661,Rodolfo Vieira,1,10 of 13,76%,15 of 19,4 of 9,44%,1,0,3:15,1989-09-25,36.58
UFC Fight Night: Sterling vs. Zalal,2026-04-25,Eric McConico,http://ufcstats.com/fighter-details/9508cc6184cb2450,Rodolfo Vieira,http://ufcstats.com/fighter-details/260e9e0d4954aea6,Middleweight,Men,U-DEC,3,5:00,http://ufcstats.com/fight-details/67f24cf244134661,Eric McConico,0,11 of 14,78%,19 of 22,2 of 2,100%,0,0,0:21,1990-05-09,35.96
UFC Fight Night: Sterling vs. Zalal,2026-04-25,Jackson McVey,http://ufcstats.com/fighter-details/3eeec2f53cebdf12,Sedriques Dumas,http://ufcstats.com/fighter-details/4e6738062d469256,Middleweight,Men,SUB D'Arce Choke,1,2:14,http://ufcstats.com/fight-details/ef1cd6371a3f18e0,Jackson McVey,1,21 of 29,72%,38 of 50,0 of 0,---,1,0,2:03,1999-03-25,27.09
UFC Fight Night: Sterling vs. Zalal,2026-04-25,Jackson McVey,http://ufcstats.com/fighter-details/3eeec2f53cebdf12,Sedriques Dumas,http://ufcstats.com/fighter-details/4e6738062d469256,Middleweight,Men,SUB D'Arce Choke,1,2:14,http://ufcstats.com/fight-details/ef1cd6371a3f18e0,Sedriques Dumas,0,3 of 4,75%,9 of 11,0 of 0,---,0,0,0:02,1995-08-06,30.72
UFC Fight Night: Sterling vs. Zalal,2026-04-25,Michelle Montague,http://ufcstats.com/fighter-details/ca80d72da81d7224,Mayra Bueno Silva,http://ufcstats.com/fighter-details/cc8c623cca88f54f,Women's Bantamweight,Women,U-DEC,3,5:00,http://ufcstats.com/fight-details/dcfd594b68ff5ae1,Mayra Bueno Silva,0,0 of 0,---,0 of 0,0 of 0,---,0,0,0:00,1991-08-22,34.67
UFC Fight Night: Sterling vs. Zalal,2026-04-25,Michelle Montague,http://ufcstats.com/fighter-details/ca80d72da81d7224,Mayra Bueno Silva,http://ufcstats.com/fighter-details/cc8c623cca88f54f,Women's Bantamweight,Women,U-DEC,3,5:00,http://ufcstats.com/fight-details/dcfd594b68ff5ae1,Michelle Montague,0,16 of 20,80%,46 of 51,1 of 1,100%,0,0,4:56,1993-11-25,32.41
UFC Fight Night: Sterling vs. Zalal,2026-04-25,Cody Durden,http://ufcstats.com/fighter-details/7f6ed67d3ed3c036,Jafel Filho,http://ufcstats.com/fighter-details/65adf3856c4d9256,Bantamweight,Men,U-DEC,3,5:00,http://ufcstats.com/fight-details/d421f3cd158fd055,Jafel Filho,0,3 of 12,25%,9 of 18,1 of 1,100%,0,1,2:00,1993-05-05,32.97
UFC Fight Night: Sterling vs. Zalal,2026-04-25,Cody Durden,http://ufcstats.com/fighter-details/7f6ed67d3ed3c036,Jafel Filho,http://ufcstats.com/fighter-details/65adf3856c4d9256,Bantamweight,Men,U-DEC,3,5:00,http://ufcstats.com/fight-details/d421f3cd158fd055,Cody Durden,0,11 of 23,47%,36 of 50,2 of 2,100%,0,0,1:20,1991-03-29,35.07
UFC Fight Night: Sterling vs. Zalal,2026-04-25,Francis Marshall,http://ufcstats.com/fighter-details/5d495dec23d7c68e,Lucas Brennan,http://ufcstats.com/fighter-details/33a8708747b7f943,Lightweight,Men,U-DEC,3,5:00,http://ufcstats.com/fight-details/c7fb90f1355291e4,Francis Marshall,0,9 of 16,56%,16 of 24,1 of 1,100%,0,0,3:28,1999-03-03,27.15
UFC Fight Night: Sterling vs. Zalal,2026-04-25,Francis Marshall,http://ufcstats.com/fighter-details/5d495dec23d7c68e,Lucas Brennan,http://ufcstats.com/fighter-details/33a8708747b7f943,Lightweight,Men,U-DEC,3,5:00,http://ufcstats.com/fight-details/c7fb90f1355291e4,Lucas Brennan,0,2 of 8,25%,9 of 16,0 of 2,0%,1,0,0:13,2000-06-03,25.89
UFC Fight Night: Sterling vs. Zalal,2026-04-25,Victor Valenzuela,http://ufcstats.com/fighter-details/078695e385ec2f57,Max Griffin,http://ufcstats.com/fighter-details/b0d6a1d8ac3d563d,Welterweight,Men,U-DEC,3,5:00,http://ufcstats.com/fight-details/2e7f8d0ad385876d,Max Griffin,0,10 of 24,41%,11 of 25,1 of 1,100%,0,0,0:21,1985-11-29,40.4
UFC Fight Night: Sterling vs. Zalal,2026-04-25,Victor Valenzuela,http://ufcstats.com/fighter-details/078695e385ec2f57,Max Griffin,http://ufcstats.com/fighter-details/b0d6a1d8ac3d563d,Welterweight,Men,U-DEC,3,5:00,http://ufcstats.com/fight-details/2e7f8d0ad385876d,Victor Valenzuela,0,12 of 29,41%,12 of 29,0 of 1,0%,0,0,0:00,1994-02-09,32.21
UFC Fight Night: Sterling vs. Zalal,2026-04-25,Talita Alencar,http://ufcstats.com/fighter-details/d35298b6df168456,Julia Polastri,http://ufcstats.com/fighter-details/abb68e3c7ca128f2,Women's Strawweight,Women,U-DEC,3,5:00,http://ufcstats.com/fight-details/0df4f4ac27cf2d26,Talita Alencar,0,12 of 49,24%,16 of 53,2 of 2,100%,0,0,1:00,1990-10-17,35.52
UFC Fight Night: Sterling vs. Zalal,2026-04-25,Talita Alencar,http://ufcstats.com/fighter-details/d35298b6df168456,Julia Polastri,http://ufcstats.com/fighter-details/abb68e3c7ca128f2,Women's Strawweight,Women,U-DEC,3,5:00,http://ufcstats.com/fight-details/0df4f4ac27cf2d26,Julia Polastri,0,21 of 26,80%,27 of 34,0 of 0,---,0,0,0:04,1998-03-05,28.14
UFC Fight Night: Della Maddalena vs. Prates,2026-05-02,Carlos Prates,http://ufcstats.com/fighter-details/7ee0fd831c0fe7c3,Jack Della Maddalena,http://ufcstats.com/fighter-details/6b453bc35a823c3f,Welterweight,Men,KO/TKO Elbows,3,3:17,http://ufcstats.com/fight-details/eb6d9fef6c374830,Jack Della Maddalena,0,15 of 30,50%,23 of 40,1 of 1,100%,0,0,0:33,1996-09-10,29.64
UFC Fight Night: Della Maddalena vs. Prates,2026-05-02,Carlos Prates,http://ufcstats.com/fighter-details/7ee0fd831c0fe7c3,Jack Della Maddalena,http://ufcstats.com/fighter-details/6b453bc35a823c3f,Welterweight,Men,KO/TKO Elbows,3,3:17,http://ufcstats.com/fight-details/eb6d9fef6c374830,Carlos Prates,0,22 of 45,48%,22 of 45,0 of 0,---,0,0,0:00,1993-08-17,32.71
UFC Fight Night: Della Maddalena vs. Prates,2026-05-02,Quillan Salkilld,http://ufcstats.com/fighter-details/17734443a833cdf7,Beneil Dariush,http://ufcstats.com/fighter-details/08af939f41b5a57b,Lightweight,Men,KO/TKO Punches,1,3:29,http://ufcstats.com/fight-details/5c7c38dece435cde,Beneil Dariush,0,3 of 9,33%,4 of 10,2 of 5,40%,0,0,2:32,1989-05-06,36.99
UFC Fight Night: Della Maddalena vs. Prates,2026-05-02,Quillan Salkilld,http://ufcstats.com/fighter-details/17734443a833cdf7,Beneil Dariush,http://ufcstats.com/fighter-details/08af939f41b5a57b,Lightweight,Men,KO/TKO Punches,1,3:29,http://ufcstats.com/fight-details/5c7c38dece435cde,Quillan Salkilld,1,12 of 19,63%,15 of 24,0 of 2,0%,0,0,0:20,1999-12-28,26.34
UFC Fight Night: Della Maddalena vs. Prates,2026-05-02,Steve Erceg,http://ufcstats.com/fighter-details/32ab52e5de93092d,Tim Elliott,http://ufcstats.com/fighter-details/c96d9178c9ed9e62,Flyweight,Men,U-DEC,3,5:00,http://ufcstats.com/fight-details/afec383a96893ec5,Tim Elliott,0,39 of 91,42%,40 of 93,2 of 3,66%,0,0,0:18,1986-12-24,39.35
UFC Fight Night: Della Maddalena vs. Prates,2026-05-02,Steve Erceg,http://ufcstats.com/fighter-details/32ab52e5de93092d,Tim Elliott,http://ufcstats.com/fighter-details/c96d9178c9ed9e62,Flyweight,Men,U-DEC,3,5:00,http://ufcstats.com/fight-details/afec383a96893ec5,Steve Erceg,0,24 of 55,43%,24 of 55,0 of 0,---,0,0,0:00,1995-07-27,30.77
UFC Fight Night: Della Maddalena vs. Prates,2026-05-02,Marwan Rahiki,http://ufcstats.com/fighter-details/6eedb757f13b9978,Ollie Schmid,http://ufcstats.com/fighter-details/b701f095e6ccb149,Featherweight,Men,KO/TKO Punch,1,2:47,http://ufcstats.com/fight-details/cfc884a249141cba,Marwan Rahiki,1,22 of 40,55%,22 of 40,0 of 0,---,0,0,0:04,2002-05-10,23.98
UFC Fight Night: Della Maddalena vs. Prates,2026-05-02,Marwan Rahiki,http://ufcstats.com/fighter-details/6eedb757f13b9978,Ollie Schmid,http://ufcstats.com/fighter-details/b701f095e6ccb149,Featherweight,Men,KO/TKO Punch,1,2:47,http://ufcstats.com/fight-details/cfc884a249141cba,Ollie Schmid,0,9 of 30,30%,9 of 30,0 of 0,---,0,0,0:00,2000-12-28,25.34
UFC Fight Night: Della Maddalena vs. Prates,2026-05-02,Brando Pericic,http://ufcstats.com/fighter-details/d0fd0d9ee560dae7,Shamil Gaziev,http://ufcstats.com/fighter-details/6747ccd6d1acd266,Heavyweight,Men,KO/TKO Punch,2,3:44,http://ufcstats.com/fight-details/a564219e7a964aa6,Shamil Gaziev,0,25 of 47,53%,34 of 56,1 of 2,50%,0,0,2:46,1990-02-10,36.22
UFC Fight Night: Della Maddalena vs. Prates,2026-05-02,Brando Pericic,http://ufcstats.com/fighter-details/d0fd0d9ee560dae7,Shamil Gaziev,http://ufcstats.com/fighter-details/6747ccd6d1acd266,Heavyweight,Men,KO/TKO Punch,2,3:44,http://ufcstats.com/fight-details/a564219e7a964aa6,Brando Pericic,0,42 of 87,48%,52 of 100,0 of 0,---,0,0,0:00,1994-08-03,31.75
UFC Fight Night: Della Maddalena vs. Prates,2026-05-02,Louie Sutherland,http://ufcstats.com/fighter-details/cdb7b38b1b357f26,Tai Tuivasa,http://ufcstats.com/fighter-details/c62fbc117d57b943,Heavyweight,Men,U-DEC,3,5:00,http://ufcstats.com/fight-details/2afaa97901d5587c,Tai Tuivasa,0,6 of 9,66%,8 of 11,0 of 0,---,0,0,0:10,1993-03-16,33.13
UFC Fight Night: Della Maddalena vs. Prates,2026-05-02,Louie Sutherland,http://ufcstats.com/fighter-details/cdb7b38b1b357f26,Tai Tuivasa,http://ufcstats.com/fighter-details/c62fbc117d57b943,Heavyweight,Men,U-DEC,3,5:00,http://ufcstats.com/fight-details/2afaa97901d5587c,Louie Sutherland,0,9 of 12,75%,32 of 38,1 of 4,25%,0,1,3:40,1994-02-08,32.23
UFC Fight Night: Della Maddalena vs. Prates,2026-05-02,Cam Rowston,http://ufcstats.com/fighter-details/8ebc3a8da015d70c,Robert Bryczek,http://ufcstats.com/fighter-details/f96856f9d69fd7e4,Middleweight,Men,U-DEC,3,5:00,http://ufcstats.com/fight-details/46181797eb543a0b,Cam Rowston,0,24 of 56,42%,29 of 67,1 of 3,33%,0,0,2:03,1995-01-19,31.28
UFC Fight Night: Della Maddalena vs. Prates,2026-05-02,Cam Rowston,http://ufcstats.com/fighter-details/8ebc3a8da015d70c,Robert Bryczek,http://ufcstats.com/fighter-details/f96856f9d69fd7e4,Middleweight,Men,U-DEC,3,5:00,http://ufcstats.com/fight-details/46181797eb543a0b,Robert Bryczek,0,8 of 17,47%,17 of 28,0 of 0,---,0,0,0:05,1990-07-04,35.83
UFC Fight Night: Della Maddalena vs. Prates,2026-05-02,Junior Tafa,http://ufcstats.com/fighter-details/c15fa95b9a12fde4,Kevin Christian,http://ufcstats.com/fighter-details/7e9b36a9847db116,Light Heavyweight,Men,KO/TKO Elbows,1,2:42,http://ufcstats.com/fight-details/1cb0711cd49dd95e,Junior Tafa,0,21 of 31,67%,22 of 32,0 of 0,---,0,0,0:09,1996-09-21,29.61
UFC Fight Night: Della Maddalena vs. Prates,2026-05-02,Junior Tafa,http://ufcstats.com/fighter-details/c15fa95b9a12fde4,Kevin Christian,http://ufcstats.com/fighter-details/7e9b36a9847db116,Light Heavyweight,Men,KO/TKO Elbows,1,2:42,http://ufcstats.com/fight-details/1cb0711cd49dd95e,Kevin Christian,0,13 of 21,61%,13 of 21,0 of 2,0%,0,0,0:00,1995-01-21,31.28
UFC Fight Night: Della Maddalena vs. Prates,2026-05-02,Jacob Malkoun,http://ufcstats.com/fighter-details/d4270315cbcf2569,Gerald Meerschaert,http://ufcstats.com/fighter-details/6ac9bc2953c47345,Middleweight,Men,U-DEC,3,5:00,http://ufcstats.com/fight-details/edff38661bf2866b,Jacob Malkoun,0,6 of 12,50%,11 of 17,1 of 1,100%,0,0,0:13,1995-08-26,30.68
UFC Fight Night: Della Maddalena vs. Prates,2026-05-02,Jacob Malkoun,http://ufcstats.com/fighter-details/d4270315cbcf2569,Gerald Meerschaert,http://ufcstats.com/fighter-details/6ac9bc2953c47345,Middleweight,Men,U-DEC,3,5:00,http://ufcstats.com/fight-details/edff38661bf2866b,Gerald Meerschaert,0,4 of 5,80%,15 of 18,0 of 0,---,1,1,3:56,1987-12-18,38.37
UFC Fight Night: Della Maddalena vs. Prates,2026-05-02,Colby Thicknesse,http://ufcstats.com/fighter-details/ed7d329d7c29428d,Vince Morales,http://ufcstats.com/fighter-details/37098a6e6c27fb66,Bantamweight,Men,U-DEC,3,5:00,http://ufcstats.com/fight-details/00bde62cac38e5e9,Colby Thicknesse,0,6 of 14,42%,13 of 23,0 of 2,0%,4,1,2:20,1999-06-23,26.86
UFC Fight Night: Della Maddalena vs. Prates,2026-05-02,Colby Thicknesse,http://ufcstats.com/fighter-details/ed7d329d7c29428d,Vince Morales,http://ufcstats.com/fighter-details/37098a6e6c27fb66,Bantamweight,Men,U-DEC,3,5:00,http://ufcstats.com/fight-details/00bde62cac38e5e9,Vince Morales,0,5 of 15,33%,7 of 18,1 of 1,100%,0,1,1:44,1990-11-12,35.47
UFC Fight Night: Della Maddalena vs. Prates,2026-05-02,Wes Schultz,http://ufcstats.com/fighter-details/b4443fae47e7eb9d,Ben Johnston,http://ufcstats.com/fighter-details/3261aa79bf6caa64,Middleweight,Men,SUB Guillotine Choke,3,1:50,http://ufcstats.com/fight-details/827c64369b374989,Ben Johnston,0,7 of 8,87%,16 of 18,0 of 0,---,0,0,4:26,1990-10-11,35.56
UFC Fight Night: Della Maddalena vs. Prates,2026-05-02,Wes Schultz,http://ufcstats.com/fighter-details/b4443fae47e7eb9d,Ben Johnston,http://ufcstats.com/fighter-details/3261aa79bf6caa64,Middleweight,Men,SUB Guillotine Choke,3,1:50,http://ufcstats.com/fight-details/827c64369b374989,Wes Schultz,0,3 of 3,100%,8 of 10,0 of 3,0%,0,0,0:23,1996-08-09,29.73
UFC Fight Night: Della Maddalena vs. Prates,2026-05-02,Jonathan Micallef,http://ufcstats.com/fighter-details/f782f953bfe7b5f2,Themba Gorimbo,http://ufcstats.com/fighter-details/40f3cb27fc7305a1,Welterweight,Men,S-DEC,3,5:00,http://ufcstats.com/fight-details/7ac4ae301ed699ab,Jonathan Micallef,0,6 of 20,30%,11 of 26,1 of 1,100%,0,0,2:11,1999-03-05,27.16
UFC Fight Night: Della Maddalena vs. Prates,2026-05-02,Jonathan Micallef,http://ufcstats.com/fighter-details/f782f953bfe7b5f2,Themba Gorimbo,http://ufcstats.com/fighter-details/40f3cb27fc7305a1,Welterweight,Men,S-DEC,3,5:00,http://ufcstats.com/fight-details/7ac4ae301ed699ab,Themba Gorimbo,0,11 of 23,47%,23 of 35,0 of 0,---,0,0,0:49,1991-01-23,35.27
UFC Fight Night: Della Maddalena vs. Prates,2026-05-02,Kody Steele,http://ufcstats.com/fighter-details/aebaa8cec15b083d,Dom Mar Fan,http://ufcstats.com/fighter-details/530af2900b5a1693,Lightweight,Men,SUB Heel Hook,1,3:56,http://ufcstats.com/fight-details/610a640a0cd81ce5,Dom Mar Fan,0,1 of 2,50%,3 of 5,0 of 0,---,0,1,0:28,2000-03-19,26.12
UFC Fight Night: Della Maddalena vs. Prates,2026-05-02,Kody Steele,http://ufcstats.com/fighter-details/aebaa8cec15b083d,Dom Mar Fan,http://ufcstats.com/fighter-details/530af2900b5a1693,Lightweight,Men,SUB Heel Hook,1,3:56,http://ufcstats.com/fight-details/610a640a0cd81ce5,Kody Steele,0,1 of 1,100%,19 of 25,1 of 1,100%,1,0,1:44,1995-04-21,31.03
UFC 328: Chimaev vs. Strickland,2026-05-09,Sean Strickland,http://ufcstats.com/fighter-details/0d8011111be000b2,Khamzat Chimaev,http://ufcstats.com/fighter-details/767755fd74662dbf,Middleweight,Men,S-DEC,5,5:00,http://ufcstats.com/fight-details/70f1621080b3435c,Khamzat Chimaev,0,0 of 3,0%,17 of 23,2 of 2,100%,0,0,4:47,1994-05-01,32.02
UFC 328: Chimaev vs. Strickland,2026-05-09,Sean Strickland,http://ufcstats.com/fighter-details/0d8011111be000b2,Khamzat Chimaev,http://ufcstats.com/fighter-details/767755fd74662dbf,Middleweight,Men,S-DEC,5,5:00,http://ufcstats.com/fight-details/70f1621080b3435c,Sean Strickland,0,0 of 0,---,12 of 13,0 of 0,---,0,0,0:00,1991-02-27,35.2
UFC 328: Chimaev vs. Strickland,2026-05-09,Joshua Van,http://ufcstats.com/fighter-details/17e97649403ba428,Tatsuro Taira,http://ufcstats.com/fighter-details/4461d7e47375a895,Flyweight,Men,KO/TKO Punches,5,1:32,http://ufcstats.com/fight-details/c85b530861145935,Joshua Van,0,7 of 13,53%,21 of 28,0 of 0,---,0,0,0:00,2001-10-10,24.58
UFC 328: Chimaev vs. Strickland,2026-05-09,Joshua Van,http://ufcstats.com/fighter-details/17e97649403ba428,Tatsuro Taira,http://ufcstats.com/fighter-details/4461d7e47375a895,Flyweight,Men,KO/TKO Punches,5,1:32,http://ufcstats.com/fight-details/c85b530861145935,Tatsuro Taira,0,16 of 26,61%,20 of 31,4 of 5,80%,0,0,3:40,2000-01-27,26.28
UFC 328: Chimaev vs. Strickland,2026-05-09,Alexander Volkov,http://ufcstats.com/fighter-details/279566840aa55bf2,Waldo Cortes Acosta,http://ufcstats.com/fighter-details/fc08099550072fe4,Heavyweight,Men,U-DEC,3,5:00,http://ufcstats.com/fight-details/22ba4f1b0aafbf82,Alexander Volkov,0,33 of 44,75%,33 of 44,0 of 0,---,0,0,0:00,1988-10-24,37.54
UFC 328: Chimaev vs. Strickland,2026-05-09,Alexander Volkov,http://ufcstats.com/fighter-details/279566840aa55bf2,Waldo Cortes Acosta,http://ufcstats.com/fighter-details/fc08099550072fe4,Heavyweight,Men,U-DEC,3,5:00,http://ufcstats.com/fight-details/22ba4f1b0aafbf82,Waldo Cortes Acosta,0,15 of 33,45%,15 of 33,0 of 0,---,0,0,0:00,1991-10-03,34.6
UFC 328: Chimaev vs. Strickland,2026-05-09,Sean Brady,http://ufcstats.com/fighter-details/45f7cb591c3ab00b,Joaquin Buckley,http://ufcstats.com/fighter-details/b9437600497350f3,Welterweight,Men,U-DEC,3,5:00,http://ufcstats.com/fight-details/845b8653f9cf839c,Sean Brady,0,34 of 68,50%,51 of 89,1 of 3,33%,0,0,3:12,1992-11-23,33.46
UFC 328: Chimaev vs. Strickland,2026-05-09,Sean Brady,http://ufcstats.com/fighter-details/45f7cb591c3ab00b,Joaquin Buckley,http://ufcstats.com/fighter-details/b9437600497350f3,Welterweight,Men,U-DEC,3,5:00,http://ufcstats.com/fight-details/845b8653f9cf839c,Joaquin Buckley,0,1 of 8,12%,1 of 8,0 of 0,---,0,0,0:00,1994-04-27,32.03
UFC 328: Chimaev vs. Strickland,2026-05-09,King Green,http://ufcstats.com/fighter-details/887961364be5ceb3,Jeremy Stephens,http://ufcstats.com/fighter-details/18968f97ad34f15c,Lightweight,Men,SUB Rear Naked Choke,1,4:20,http://ufcstats.com/fight-details/1158a27a1a04b971,King Green,0,57 of 87,65%,64 of 95,1 of 1,100%,1,0,1:34,1986-09-09,39.66
UFC 328: Chimaev vs. Strickland,2026-05-09,King Green,http://ufcstats.com/fighter-details/887961364be5ceb3,Jeremy Stephens,http://ufcstats.com/fighter-details/18968f97ad34f15c,Lightweight,Men,SUB Rear Naked Choke,1,4:20,http://ufcstats.com/fight-details/1158a27a1a04b971,Jeremy Stephens,0,5 of 13,38%,7 of 15,0 of 0,---,1,0,0:07,1986-05-25,39.96
UFC 328: Chimaev vs. Strickland,2026-05-09,Ateba Gautier,http://ufcstats.com/fighter-details/2f815ed5f8278ba6,Ozzy Diaz,http://ufcstats.com/fighter-details/6967153c7edb4d87,Middleweight,Men,KO/TKO Punch,2,1:10,http://ufcstats.com/fight-details/770c5302e32916ea,Ateba Gautier,0,12 of 55,21%,16 of 59,0 of 0,---,0,0,0:00,2002-04-10,24.08
UFC 328: Chimaev vs. Strickland,2026-05-09,Ateba Gautier,http://ufcstats.com/fighter-details/2f815ed5f8278ba6,Ozzy Diaz,http://ufcstats.com/fighter-details/6967153c7edb4d87,Middleweight,Men,KO/TKO Punch,2,1:10,http://ufcstats.com/fight-details/770c5302e32916ea,Ozzy Diaz,0,4 of 12,33%,6 of 14,0 of 3,0%,0,0,1:03,1990-11-22,35.46
UFC 328: Chimaev vs. Strickland,2026-05-09,Yaroslav Amosov,http://ufcstats.com/fighter-details/f139d6836efd43dd,Joel Alvarez,http://ufcstats.com/fighter-details/58bbef3770bb2dfc,Welterweight,Men,SUB Arm Triangle,2,1:13,http://ufcstats.com/fight-details/f88dc6e0c29cff1d,Joel Alvarez,0,2 of 6,33%,3 of 7,0 of 0,---,0,0,0:00,1993-03-02,33.19
UFC 328: Chimaev vs. Strickland,2026-05-09,Yaroslav Amosov,http://ufcstats.com/fighter-details/f139d6836efd43dd,Joel Alvarez,http://ufcstats.com/fighter-details/58bbef3770bb2dfc,Welterweight,Men,SUB Arm Triangle,2,1:13,http://ufcstats.com/fight-details/f88dc6e0c29cff1d,Yaroslav Amosov,0,10 of 17,58%,16 of 23,5 of 9,55%,0,0,3:43,1993-09-09,32.66
UFC 328: Chimaev vs. Strickland,2026-05-09,Grant Dawson,http://ufcstats.com/fighter-details/99bd51917728c25d,Mateusz Rebecki,http://ufcstats.com/fighter-details/849c5d9979df5357,Lightweight,Men,SUB Rear Naked Choke,3,4:42,http://ufcstats.com/fight-details/ffcb47e17eebe6a6,Grant Dawson,0,13 of 21,61%,24 of 35,0 of 0,---,1,0,2:37,1994-02-20,32.21
UFC 328: Chimaev vs. Strickland,2026-05-09,Grant Dawson,http://ufcstats.com/fighter-details/99bd51917728c25d,Mateusz Rebecki,http://ufcstats.com/fighter-details/849c5d9979df5357,Lightweight,Men,SUB Rear Naked Choke,3,4:42,http://ufcstats.com/fight-details/ffcb47e17eebe6a6,Mateusz Rebecki,0,8 of 11,72%,9 of 12,0 of 2,0%,0,1,0:50,1992-10-03,33.6
UFC 328: Chimaev vs. Strickland,2026-05-09,Jim Miller,http://ufcstats.com/fighter-details/d1941565abf50b16,Jared Gordon,http://ufcstats.com/fighter-details/7026eca45f65377b,Lightweight,Men,SUB Guillotine Choke,1,3:29,http://ufcstats.com/fight-details/e50857173607d631,Jim Miller,0,9 of 17,52%,10 of 18,0 of 0,---,1,0,0:00,1983-08-30,42.69
UFC 328: Chimaev vs. Strickland,2026-05-09,Jim Miller,http://ufcstats.com/fighter-details/d1941565abf50b16,Jared Gordon,http://ufcstats.com/fighter-details/7026eca45f65377b,Lightweight,Men,SUB Guillotine Choke,1,3:29,http://ufcstats.com/fight-details/e50857173607d631,Jared Gordon,0,7 of 16,43%,8 of 17,2 of 2,100%,0,0,0:44,1988-09-06,37.67
UFC 328: Chimaev vs. Strickland,2026-05-09,Roman Kopylov,http://ufcstats.com/fighter-details/9d83f6da776ff7d6,Marco Tulio,http://ufcstats.com/fighter-details/9384e71bca6c409d,Middleweight,Men,U-DEC,3,5:00,http://ufcstats.com/fight-details/9d35723a53749931,Roman Kopylov,0,15 of 39,38%,15 of 39,0 of 0,---,0,0,0:00,1992-05-04,34.01
UFC 328: Chimaev vs. Strickland,2026-05-09,Roman Kopylov,http://ufcstats.com/fighter-details/9d83f6da776ff7d6,Marco Tulio,http://ufcstats.com/fighter-details/9384e71bca6c409d,Middleweight,Men,U-DEC,3,5:00,http://ufcstats.com/fight-details/9d35723a53749931,Marco Tulio,0,22 of 61,36%,22 of 61,0 of 0,---,0,0,0:00,1994-06-13,31.9
UFC 328: Chimaev vs. Strickland,2026-05-09,Pat Sabatini,http://ufcstats.com/fighter-details/b8bbdeff718dbb7d,William Gomis,http://ufcstats.com/fighter-details/e1d40e8782d80bc2,Featherweight,Men,U-DEC,3,5:00,http://ufcstats.com/fight-details/303018d7459323b4,Pat Sabatini,0,3 of 11,27%,16 of 24,1 of 6,16%,0,0,4:36,1990-11-09,35.5
UFC 328: Chimaev vs. Strickland,2026-05-09,Pat Sabatini,http://ufcstats.com/fighter-details/b8bbdeff718dbb7d,William Gomis,http://ufcstats.com/fighter-details/e1d40e8782d80bc2,Featherweight,Men,U-DEC,3,5:00,http://ufcstats.com/fight-details/303018d7459323b4,William Gomis,0,2 of 4,50%,8 of 11,0 of 0,---,0,0,0:00,1997-06-13,28.9
UFC 328: Chimaev vs. Strickland,2026-05-09,Baisangur Susurkaev,http://ufcstats.com/fighter-details/d1feea7a4bdcd503,Djorden Santos,http://ufcstats.com/fighter-details/312f7d7b2b2f7de4,Middleweight,Men,SUB Rear Naked Choke,3,4:12,http://ufcstats.com/fight-details/1f5d0b106385b2ac,Baisangur Susurkaev,0,21 of 58,36%,21 of 58,0 of 1,0%,0,0,0:00,2001-01-08,25.33
UFC 328: Chimaev vs. Strickland,2026-05-09,Baisangur Susurkaev,http://ufcstats.com/fighter-details/d1feea7a4bdcd503,Djorden Santos,http://ufcstats.com/fighter-details/312f7d7b2b2f7de4,Middleweight,Men,SUB Rear Naked Choke,3,4:12,http://ufcstats.com/fight-details/1f5d0b106385b2ac,Djorden Santos,0,19 of 58,32%,19 of 58,0 of 0,---,0,0,0:00,1997-08-01,28.77
UFC 328: Chimaev vs. Strickland,2026-05-09,Jose Ochoa,http://ufcstats.com/fighter-details/88be62d6c1e6dadb,Clayton Carpenter,http://ufcstats.com/fighter-details/b62d5280966b2460,Flyweight,Men,U-DEC,3,5:00,http://ufcstats.com/fight-details/e92d89cb2d69235e,Clayton Carpenter,0,23 of 49,46%,25 of 51,0 of 3,0%,0,0,0:07,1996-06-09,29.91
UFC 328: Chimaev vs. Strickland,2026-05-09,Jose Ochoa,http://ufcstats.com/fighter-details/88be62d6c1e6dadb,Clayton Carpenter,http://ufcstats.com/fighter-details/b62d5280966b2460,Flyweight,Men,U-DEC,3,5:00,http://ufcstats.com/fight-details/e92d89cb2d69235e,Jose Ochoa,1,54 of 98,55%,60 of 104,0 of 2,0%,0,0,0:44,2000-12-31,25.35
UFC Fight Night: Allen vs. Costa,2026-05-16,Arnold Allen,http://ufcstats.com/fighter-details/040a74bb0a465c54,Melquizael Costa,http://ufcstats.com/fighter-details/20bccc9bb4ceb23e,Featherweight,Men,U-DEC,5,5:00,http://ufcstats.com/fight-details/e4aa608124896794,Arnold Allen,1,9 of 9,100%,18 of 20,2 of 2,100%,0,0,1:44,1994-01-22,32.31
UFC Fight Night: Allen vs. Costa,2026-05-16,Arnold Allen,http://ufcstats.com/fighter-details/040a74bb0a465c54,Melquizael Costa,http://ufcstats.com/fighter-details/20bccc9bb4ceb23e,Featherweight,Men,U-DEC,5,5:00,http://ufcstats.com/fight-details/e4aa608124896794,Melquizael Costa,0,10 of 14,71%,19 of 25,0 of 2,0%,0,0,1:45,1996-09-14,29.67
UFC Fight Night: Allen vs. Costa,2026-05-16,Dooho Choi,http://ufcstats.com/fighter-details/e93b04e308913c2e,Daniel Santos,http://ufcstats.com/fighter-details/b67d6bacc68d4c92,Featherweight,Men,KO/TKO Punch,2,4:29,http://ufcstats.com/fight-details/fc1266e2892ed111,Dooho Choi,0,28 of 59,47%,29 of 60,0 of 0,---,0,0,0:01,1991-04-10,35.1
UFC Fight Night: Allen vs. Costa,2026-05-16,Dooho Choi,http://ufcstats.com/fighter-details/e93b04e308913c2e,Daniel Santos,http://ufcstats.com/fighter-details/b67d6bacc68d4c92,Featherweight,Men,KO/TKO Punch,2,4:29,http://ufcstats.com/fight-details/fc1266e2892ed111,Daniel Santos,0,47 of 106,44%,48 of 109,0 of 4,0%,0,0,0:12,1995-03-12,31.18
UFC Fight Night: Allen vs. Costa,2026-05-16,Juan Diaz,http://ufcstats.com/fighter-details/74939a16c7b56f33,Malcolm Wellmaker,http://ufcstats.com/fighter-details/2e45d08b3f2f02c8,Bantamweight,Men,SUB Rear Naked Choke,2,4:08,http://ufcstats.com/fight-details/ecb7ff543dd41bf8,Malcolm Wellmaker,0,10 of 23,43%,10 of 24,0 of 0,---,0,0,0:00,1994-06-04,31.95
UFC Fight Night: Allen vs. Costa,2026-05-16,Juan Diaz,http://ufcstats.com/fighter-details/74939a16c7b56f33,Malcolm Wellmaker,http://ufcstats.com/fighter-details/2e45d08b3f2f02c8,Bantamweight,Men,SUB Rear Naked Choke,2,4:08,http://ufcstats.com/fight-details/ecb7ff543dd41bf8,Juan Diaz,0,6 of 16,37%,9 of 19,2 of 4,50%,0,0,1:28,1998-06-03,27.95
UFC Fight Night: Allen vs. Costa,2026-05-16,Modestas Bukauskas,http://ufcstats.com/fighter-details/476fe566d2df676e,Christian Edwards,http://ufcstats.com/fighter-details/f5d82eccdea4e2dd,Catch Weight,Men,S-DEC,3,5:00,http://ufcstats.com/fight-details/57bd683efc797fc1,Modestas Bukauskas,0,10 of 29,34%,19 of 38,0 of 0,---,0,0,0:00,1994-02-10,32.26
UFC Fight Night: Allen vs. Costa,2026-05-16,Modestas Bukauskas,http://ufcstats.com/fighter-details/476fe566d2df676e,Christian Edwards,http://ufcstats.com/fighter-details/f5d82eccdea4e2dd,Catch Weight,Men,S-DEC,3,5:00,http://ufcstats.com/fight-details/57bd683efc797fc1,Christian Edwards,0,11 of 30,36%,20 of 40,0 of 2,0%,0,0,1:47,1998-11-05,27.53
UFC Fight Night: Allen vs. Costa,2026-05-16,Benardo Sopaj,http://ufcstats.com/fighter-details/b6c37948cb226e8c,Timmy Cuamba,http://ufcstats.com/fighter-details/0e46690e55a8df75,Bantamweight,Men,SUB Rear Naked Choke,2,2:25,http://ufcstats.com/fight-details/a6ec8573a9d38c51,Timmy Cuamba,0,20 of 60,33%,20 of 60,0 of 0,---,0,0,0:08,1999-02-08,27.27
UFC Fight Night: Allen vs. Costa,2026-05-16,Benardo Sopaj,http://ufcstats.com/fighter-details/b6c37948cb226e8c,Timmy Cuamba,http://ufcstats.com/fighter-details/0e46690e55a8df75,Bantamweight,Men,SUB Rear Naked Choke,2,2:25,http://ufcstats.com/fight-details/a6ec8573a9d38c51,Benardo Sopaj,0,11 of 20,55%,17 of 28,1 of 2,50%,1,0,0:52,2000-09-25,25.64
UFC Fight Night: Allen vs. Costa,2026-05-16,Khaos Williams,http://ufcstats.com/fighter-details/2558ae2e5671e318,Nikolay Veretennikov,http://ufcstats.com/fighter-details/0f1efce7d2571d10,Welterweight,Men,KO/TKO Punches,1,3:31,http://ufcstats.com/fight-details/ec32745308e2b055,Nikolay Veretennikov,0,13 of 25,52%,20 of 33,0 of 0,---,0,0,0:00,1989-12-22,36.4
UFC Fight Night: Allen vs. Costa,2026-05-16,Khaos Williams,http://ufcstats.com/fighter-details/2558ae2e5671e318,Nikolay Veretennikov,http://ufcstats.com/fighter-details/0f1efce7d2571d10,Welterweight,Men,KO/TKO Punches,1,3:31,http://ufcstats.com/fight-details/ec32745308e2b055,Khaos Williams,1,21 of 56,37%,36 of 73,0 of 0,---,0,0,0:54,1994-03-30,32.13
UFC Fight Night: Allen vs. Costa,2026-05-16,Ivan Erslan,http://ufcstats.com/fighter-details/64ad3e3b0efa30bb,Tuco Tokkos,http://ufcstats.com/fighter-details/3e8118c1ab52f211,Light Heavyweight,Men,U-DEC,3,5:00,http://ufcstats.com/fight-details/6242cda790f2085d,Tuco Tokkos,0,40 of 84,47%,42 of 86,0 of 3,0%,1,0,1:09,1990-06-30,35.88
UFC Fight Night: Allen vs. Costa,2026-05-16,Ivan Erslan,http://ufcstats.com/fighter-details/64ad3e3b0efa30bb,Tuco Tokkos,http://ufcstats.com/fighter-details/3e8118c1ab52f211,Light Heavyweight,Men,U-DEC,3,5:00,http://ufcstats.com/fight-details/6242cda790f2085d,Ivan Erslan,0,25 of 40,62%,42 of 59,0 of 0,---,0,0,1:05,1991-11-15,34.5
UFC Fight Night: Allen vs. Costa,2026-05-16,Tommy Gantt,http://ufcstats.com/fighter-details/de83f920fd302871,Artur Minev,http://ufcstats.com/fighter-details/20d37922ba85e6fc,Lightweight,Men,KO/TKO Punches,2,2:51,http://ufcstats.com/fight-details/c9e0aa88afb81dab,Tommy Gantt,0,5 of 10,50%,33 of 38,3 of 11,27%,0,0,3:24,1993-01-09,33.35
UFC Fight Night: Allen vs. Costa,2026-05-16,Tommy Gantt,http://ufcstats.com/fighter-details/de83f920fd302871,Artur Minev,http://ufcstats.com/fighter-details/20d37922ba85e6fc,Lightweight,Men,KO/TKO Punches,2,2:51,http://ufcstats.com/fight-details/c9e0aa88afb81dab,Artur Minev,0,5 of 7,71%,25 of 27,0 of 0,---,0,0,0:23,2003-09-27,22.63
UFC Fight Night: Allen vs. Costa,2026-05-16,Ketlen Vieira,http://ufcstats.com/fighter-details/b9706f80d005036c,Jacqueline Cavalcanti,http://ufcstats.com/fighter-details/e3964ece586e0635,Women's Bantamweight,Women,U-DEC,3,5:00,http://ufcstats.com/fight-details/5f7111b982bcf6e3,Ketlen Vieira,0,11 of 47,23%,11 of 47,0 of 0,---,0,0,0:00,1991-08-26,34.72
UFC Fight Night: Allen vs. Costa,2026-05-16,Ketlen Vieira,http://ufcstats.com/fighter-details/b9706f80d005036c,Jacqueline Cavalcanti,http://ufcstats.com/fighter-details/e3964ece586e0635,Women's Bantamweight,Women,U-DEC,3,5:00,http://ufcstats.com/fight-details/5f7111b982bcf6e3,Jacqueline Cavalcanti,0,24 of 46,52%,24 of 46,0 of 0,---,0,0,0:00,1997-08-29,28.71
UFC Fight Night: Allen vs. Costa,2026-05-16,Cody Brundage,http://ufcstats.com/fighter-details/f14f644d41ade29f,Andre Petroski,http://ufcstats.com/fighter-details/5f61780fe5e9b6d0,Middleweight,Men,KO/TKO Punches,2,0:44,http://ufcstats.com/fight-details/48cb604345f11766,Cody Brundage,0,6 of 10,60%,6 of 10,0 of 0,---,0,0,0:02,1994-05-16,32.0
UFC Fight Night: Allen vs. Costa,2026-05-16,Cody Brundage,http://ufcstats.com/fighter-details/f14f644d41ade29f,Andre Petroski,http://ufcstats.com/fighter-details/5f61780fe5e9b6d0,Middleweight,Men,KO/TKO Punches,2,0:44,http://ufcstats.com/fight-details/48cb604345f11766,Andre Petroski,0,8 of 16,50%,21 of 29,1 of 1,100%,0,0,1:56,1991-06-12,34.93
UFC Fight Night: Allen vs. Costa,2026-05-16,Alice Ardelean,http://ufcstats.com/fighter-details/87f8699fdcc2c404,Polyana Viana,http://ufcstats.com/fighter-details/9673a497a9da119a,Women's Strawweight,Women,SUB Calf Slicer,2,4:36,http://ufcstats.com/fight-details/b98ead4eff6bf872,Alice Ardelean,0,41 of 85,48%,44 of 89,0 of 0,---,0,0,0:00,1992-04-19,34.07
UFC Fight Night: Allen vs. Costa,2026-05-16,Alice Ardelean,http://ufcstats.com/fighter-details/87f8699fdcc2c404,Polyana Viana,http://ufcstats.com/fighter-details/9673a497a9da119a,Women's Strawweight,Women,SUB Calf Slicer,2,4:36,http://ufcstats.com/fight-details/b98ead4eff6bf872,Polyana Viana,0,31 of 71,43%,31 of 73,0 of 0,---,0,0,0:13,1992-06-14,33.92
UFC Fight Night: Allen vs. Costa,2026-05-16,Luis Gurule,http://ufcstats.com/fighter-details/29162be25ebef5f0,Daniel Barez,http://ufcstats.com/fighter-details/e8fe9c15d348e778,Flyweight,Men,U-DEC,3,5:00,http://ufcstats.com/fight-details/b482d4452e4d0eee,Daniel Barez,0,20 of 41,48%,22 of 44,1 of 2,50%,0,0,0:48,1988-12-10,37.43
UFC Fight Night: Allen vs. Costa,2026-05-16,Luis Gurule,http://ufcstats.com/fighter-details/29162be25ebef5f0,Daniel Barez,http://ufcstats.com/fighter-details/e8fe9c15d348e778,Flyweight,Men,U-DEC,3,5:00,http://ufcstats.com/fight-details/b482d4452e4d0eee,Luis Gurule,0,25 of 55,45%,30 of 62,0 of 1,0%,1,1,1:21,1993-11-16,32.5
UFC Fight Night: Allen vs. Costa,2026-05-16,Nicolle Caliari,http://ufcstats.com/fighter-details/fc0a4053eb8a3a59,Shauna Bannon,http://ufcstats.com/fighter-details/9c442aaf149ea982,Women's Strawweight,Women,SUB Arm Triangle,3,3:08,http://ufcstats.com/fight-details/39417b7d07c2fd83,Shauna Bannon,0,2 of 7,28%,82 of 88,0 of 0,---,0,0,0:09,1993-10-23,32.56
UFC Fight Night: Allen vs. Costa,2026-05-16,Nicolle Caliari,http://ufcstats.com/fighter-details/fc0a4053eb8a3a59,Shauna Bannon,http://ufcstats.com/fighter-details/9c442aaf149ea982,Women's Strawweight,Women,SUB Arm Triangle,3,3:08,http://ufcstats.com/fight-details/39417b7d07c2fd83,Nicolle Caliari,0,6 of 9,66%,25 of 28,2 of 2,100%,0,0,4:33,1996-11-04,29.53
UFC Fight Night: Song vs. Figueiredo,2026-05-30,Song Yadong,http://ufcstats.com/fighter-details/efb96bf3e9ada36f,Deiveson Figueiredo,http://ufcstats.com/fighter-details/aa72b0f831d0bfe5,Bantamweight,Men,SUB Guillotine Choke,2,4:42,http://ufcstats.com/fight-details/423f32dd018ac218,Song Yadong,0,9 of 22,40%,14 of 27,0 of 0,---,0,0,0:00,1997-12-02,28.49
UFC Fight Night: Song vs. Figueiredo,2026-05-30,Song Yadong,http://ufcstats.com/fighter-details/efb96bf3e9ada36f,Deiveson Figueiredo,http://ufcstats.com/fighter-details/aa72b0f831d0bfe5,Bantamweight,Men,SUB Guillotine Choke,2,4:42,http://ufcstats.com/fight-details/423f32dd018ac218,Deiveson Figueiredo,0,6 of 6,100%,14 of 15,0 of 2,0%,0,0,0:28,1987-12-18,38.45
UFC Fight Night: Song vs. Figueiredo,2026-05-30,Alonzo Menifield,http://ufcstats.com/fighter-details/a495f599e787614f,Zhang Mingyang,http://ufcstats.com/fighter-details/8a65fd9ba31fd3f7,Light Heavyweight,Men,KO/TKO Punch,1,4:15,http://ufcstats.com/fight-details/a23d84f15207e459,Zhang Mingyang,0,16 of 37,43%,28 of 51,0 of 0,---,0,0,0:43,1998-08-16,27.79
UFC Fight Night: Song vs. Figueiredo,2026-05-30,Alonzo Menifield,http://ufcstats.com/fighter-details/a495f599e787614f,Zhang Mingyang,http://ufcstats.com/fighter-details/8a65fd9ba31fd3f7,Light Heavyweight,Men,KO/TKO Punch,1,4:15,http://ufcstats.com/fight-details/a23d84f15207e459,Alonzo Menifield,2,28 of 52,53%,42 of 68,0 of 0,---,0,0,1:47,1987-10-18,38.61
UFC Fight Night: Song vs. Figueiredo,2026-05-30,Sergei Pavlovich,http://ufcstats.com/fighter-details/f14cf73e51b29254,Tallison Teixeira,http://ufcstats.com/fighter-details/17923f676f100e16,Heavyweight,Men,KO/TKO Punch,1,0:39,http://ufcstats.com/fight-details/f74e4afdf6ae29d1,Sergei Pavlovich,1,7 of 9,77%,10 of 13,0 of 0,---,0,0,0:05,1992-05-13,34.05
UFC Fight Night: Song vs. Figueiredo,2026-05-30,Sergei Pavlovich,http://ufcstats.com/fighter-details/f14cf73e51b29254,Tallison Teixeira,http://ufcstats.com/fighter-details/17923f676f100e16,Heavyweight,Men,KO/TKO Punch,1,0:39,http://ufcstats.com/fight-details/f74e4afdf6ae29d1,Tallison Teixeira,0,0 of 4,0%,0 of 4,0 of 0,---,0,0,0:00,1999-12-07,26.48
UFC Fight Night: Song vs. Figueiredo,2026-05-30,Kai Asakura,http://ufcstats.com/fighter-details/d33da8a3d82bdb62,Cameron Smotherman,http://ufcstats.com/fighter-details/5c84f673b7bb7c15,Bantamweight,Men,KO/TKO Punch,1,1:50,http://ufcstats.com/fight-details/00959e29e4a10e26,Kai Asakura,1,9 of 21,42%,9 of 21,0 of 0,---,0,0,0:03,1993-10-31,32.58
UFC Fight Night: Song vs. Figueiredo,2026-05-30,Kai Asakura,http://ufcstats.com/fighter-details/d33da8a3d82bdb62,Cameron Smotherman,http://ufcstats.com/fighter-details/5c84f673b7bb7c15,Bantamweight,Men,KO/TKO Punch,1,1:50,http://ufcstats.com/fight-details/00959e29e4a10e26,Cameron Smotherman,0,3 of 7,42%,3 of 7,0 of 0,---,0,0,0:00,1997-09-17,28.7
UFC Fight Night: Song vs. Figueiredo,2026-05-30,Jake Matthews,http://ufcstats.com/fighter-details/a845f0735bc67405,Carlston Harris,http://ufcstats.com/fighter-details/a53d30163304aa6e,Welterweight,Men,U-DEC,3,5:00,http://ufcstats.com/fight-details/c1c9dfd0c0952f18,Jake Matthews,0,46 of 83,55%,46 of 83,0 of 0,---,0,0,0:20,1994-08-19,31.78
UFC Fight Night: Song vs. Figueiredo,2026-05-30,Jake Matthews,http://ufcstats.com/fighter-details/a845f0735bc67405,Carlston Harris,http://ufcstats.com/fighter-details/a53d30163304aa6e,Welterweight,Men,U-DEC,3,5:00,http://ufcstats.com/fight-details/c1c9dfd0c0952f18,Carlston Harris,0,25 of 69,36%,25 of 69,0 of 2,0%,0,0,0:00,1987-07-09,38.89
UFC Fight Night: Song vs. Figueiredo,2026-05-30,Alex Perez,http://ufcstats.com/fighter-details/ab2b4ff41d6ebe0f,Sumudaerji,http://ufcstats.com/fighter-details/3cf18e01cb6cbde3,Flyweight,Men,CNC,2,1:45,http://ufcstats.com/fight-details/7e8749cbf32ef1f8,Alex Perez,0,9 of 39,23%,18 of 48,0 of 1,0%,1,0,0:32,1992-03-21,34.19
UFC Fight Night: Song vs. Figueiredo,2026-05-30,Alex Perez,http://ufcstats.com/fighter-details/ab2b4ff41d6ebe0f,Sumudaerji,http://ufcstats.com/fighter-details/3cf18e01cb6cbde3,Flyweight,Men,CNC,2,1:45,http://ufcstats.com/fight-details/7e8749cbf32ef1f8,Sumudaerji,0,16 of 35,45%,21 of 40,1 of 2,50%,0,0,0:21,1996-01-20,30.36
UFC Fight Night: Song vs. Figueiredo,2026-05-30,Luis Felipe Dias,http://ufcstats.com/fighter-details/33a86e839ad202d8,YiSak Lee,http://ufcstats.com/fighter-details/e6666480a830f764,Middleweight,Men,KO/TKO Punch,1,3:40,http://ufcstats.com/fight-details/f6d09973de0f83e7,YiSak Lee,0,10 of 25,40%,10 of 25,0 of 0,---,0,0,0:00,2000-01-01,26.41
UFC Fight Night: Song vs. Figueiredo,2026-05-30,Luis Felipe Dias,http://ufcstats.com/fighter-details/33a86e839ad202d8,YiSak Lee,http://ufcstats.com/fighter-details/e6666480a830f764,Middleweight,Men,KO/TKO Punch,1,3:40,http://ufcstats.com/fight-details/f6d09973de0f83e7,Luis Felipe Dias,1,21 of 40,52%,21 of 40,0 of 0,---,0,0,0:03,1995-01-17,31.36
UFC Fight Night: Song vs. Figueiredo,2026-05-30,Jose Souza,http://ufcstats.com/fighter-details/20a0e4cc5227c117,Ding Meng,http://ufcstats.com/fighter-details/e0664abaa023fd6f,Welterweight,Men,S-DEC,3,5:00,http://ufcstats.com/fight-details/bc0b3c16246e0d1d,Ding Meng,0,24 of 40,60%,24 of 40,0 of 0,---,0,0,0:00,1994-09-27,31.67
UFC Fight Night: Song vs. Figueiredo,2026-05-30,Jose Souza,http://ufcstats.com/fighter-details/20a0e4cc5227c117,Ding Meng,http://ufcstats.com/fighter-details/e0664abaa023fd6f,Welterweight,Men,S-DEC,3,5:00,http://ufcstats.com/fight-details/bc0b3c16246e0d1d,Jose Souza,0,20 of 43,46%,20 of 43,0 of 0,---,0,0,0:00,2002-05-23,24.02
UFC Fight Night: Song vs. Figueiredo,2026-05-30,Cody Haddon,http://ufcstats.com/fighter-details/8e6654e9f0461b8f,Aoriqileng,http://ufcstats.com/fighter-details/7d420039bbfe7c1a,Bantamweight,Men,KO/TKO Knee,2,2:11,http://ufcstats.com/fight-details/3bc0190fb17ba42f,Aoriqileng,0,2 of 3,66%,6 of 7,0 of 0,---,0,0,0:00,1993-06-25,32.93
UFC Fight Night: Song vs. Figueiredo,2026-05-30,Cody Haddon,http://ufcstats.com/fighter-details/8e6654e9f0461b8f,Aoriqileng,http://ufcstats.com/fighter-details/7d420039bbfe7c1a,Bantamweight,Men,KO/TKO Knee,2,2:11,http://ufcstats.com/fight-details/3bc0190fb17ba42f,Cody Haddon,0,40 of 48,83%,64 of 80,2 of 3,66%,0,0,4:13,1998-09-08,27.72
UFC Fight Night: Song vs. Figueiredo,2026-05-30,Rei Tsuruya,http://ufcstats.com/fighter-details/2f43a3e82661fa99,Luis Gurule,http://ufcstats.com/fighter-details/29162be25ebef5f0,Bantamweight,Men,SUB Rear Naked Choke,1,3:19,http://ufcstats.com/fight-details/224dce2c0b03e7eb,Rei Tsuruya,0,17 of 27,62%,20 of 30,1 of 3,33%,1,0,2:17,2002-06-22,23.94
UFC Fight Night: Song vs. Figueiredo,2026-05-30,Rei Tsuruya,http://ufcstats.com/fighter-details/2f43a3e82661fa99,Luis Gurule,http://ufcstats.com/fighter-details/29162be25ebef5f0,Bantamweight,Men,SUB Rear Naked Choke,1,3:19,http://ufcstats.com/fight-details/224dce2c0b03e7eb,Luis Gurule,0,1 of 2,50%,1 of 2,0 of 0,---,0,0,0:00,1993-11-16,32.53
UFC Fight Night: Song vs. Figueiredo,2026-05-30,Angela Hill,http://ufcstats.com/fighter-details/f0feeb2192937424,Xiong Jingnan,http://ufcstats.com/fighter-details/2cdb479a0ef0ee1d,Women's Strawweight,Women,U-DEC,3,5:00,http://ufcstats.com/fight-details/3f719885c9916e06,Angela Hill,0,36 of 57,63%,42 of 64,0 of 1,0%,0,0,0:57,1985-01-12,41.38
UFC Fight Night: Song vs. Figueiredo,2026-05-30,Angela Hill,http://ufcstats.com/fighter-details/f0feeb2192937424,Xiong Jingnan,http://ufcstats.com/fighter-details/2cdb479a0ef0ee1d,Women's Strawweight,Women,U-DEC,3,5:00,http://ufcstats.com/fight-details/3f719885c9916e06,Xiong Jingnan,0,23 of 64,35%,40 of 82,0 of 0,---,0,0,0:07,1988-01-12,38.38
UFC Fight Night: Song vs. Figueiredo,2026-05-30,Rodrigo Vera,http://ufcstats.com/fighter-details/2b266e623e20737a,Zhu Kangjie,http://ufcstats.com/fighter-details/6f4ec5aa3eced219,Featherweight,Men,KO/TKO Punches,1,1:50,http://ufcstats.com/fight-details/34d5ec676fb5bce3,Zhu Kangjie,0,7 of 14,50%,12 of 19,0 of 0,---,0,0,0:00,1996-01-16,30.37
UFC Fight Night: Song vs. Figueiredo,2026-05-30,Rodrigo Vera,http://ufcstats.com/fighter-details/2b266e623e20737a,Zhu Kangjie,http://ufcstats.com/fighter-details/6f4ec5aa3eced219,Featherweight,Men,KO/TKO Punches,1,1:50,http://ufcstats.com/fight-details/34d5ec676fb5bce3,Rodrigo Vera,1,17 of 29,58%,25 of 38,1 of 1,100%,0,0,0:41,1995-10-18,30.61
UFC Fight Night: Song vs. Figueiredo,2026-05-30,Jaqueline Amorim,http://ufcstats.com/fighter-details/bc7d1ad49fcb2d08,Loma Lookboonmee,http://ufcstats.com/fighter-details/4e30e4250cb08b61,Women's Strawweight,Women,SUB Armbar,1,4:04,http://ufcstats.com/fight-details/370ff29489150560,Loma Lookboonmee,0,3 of 7,42%,10 of 16,0 of 0,---,0,0,0:08,1996-01-18,30.36
UFC Fight Night: Song vs. Figueiredo,2026-05-30,Jaqueline Amorim,http://ufcstats.com/fighter-details/bc7d1ad49fcb2d08,Loma Lookboonmee,http://ufcstats.com/fighter-details/4e30e4250cb08b61,Women's Strawweight,Women,SUB Armbar,1,4:04,http://ufcstats.com/fight-details/370ff29489150560,Jaqueline Amorim,0,0 of 7,0%,5 of 15,0 of 2,0%,3,1,2:58,1995-06-24,30.93
UFC Fight Night: Muhammad vs. Bonfim,2026-06-06,Gabriel Bonfim,http://ufcstats.com/fighter-details/01641ba5df0c69b0,Belal Muhammad,http://ufcstats.com/fighter-details/b1b0729d27936f2f,Welterweight,Men,U-DEC,5,5:00,http://ufcstats.com/fight-details/5c69b019e6deee41,Belal Muhammad,0,13 of 36,36%,13 of 36,0 of 0,---,0,0,0:00,1988-07-09,37.91
UFC Fight Night: Muhammad vs. Bonfim,2026-06-06,Gabriel Bonfim,http://ufcstats.com/fighter-details/01641ba5df0c69b0,Belal Muhammad,http://ufcstats.com/fighter-details/b1b0729d27936f2f,Welterweight,Men,U-DEC,5,5:00,http://ufcstats.com/fight-details/5c69b019e6deee41,Gabriel Bonfim,0,14 of 37,37%,14 of 37,0 of 0,---,0,0,0:00,1997-08-20,28.79
UFC Fight Night: Muhammad vs. Bonfim,2026-06-06,Brendan Allen,http://ufcstats.com/fighter-details/2f181c0467965b98,Edmen Shahbazyan,http://ufcstats.com/fighter-details/4144798612ef96e5,Middleweight,Men,U-DEC,3,5:00,http://ufcstats.com/fight-details/419fff06f338f5c6,Brendan Allen,0,20 of 50,40%,21 of 51,0 of 2,0%,0,0,0:16,1995-12-28,30.44
UFC Fight Night: Muhammad vs. Bonfim,2026-06-06,Brendan Allen,http://ufcstats.com/fighter-details/2f181c0467965b98,Edmen Shahbazyan,http://ufcstats.com/fighter-details/4144798612ef96e5,Middleweight,Men,U-DEC,3,5:00,http://ufcstats.com/fight-details/419fff06f338f5c6,Edmen Shahbazyan,0,22 of 38,57%,22 of 38,0 of 0,---,0,0,0:00,1997-11-20,28.54
UFC Fight Night: Muhammad vs. Bonfim,2026-06-06,Tom Nolan,http://ufcstats.com/fighter-details/6c3b2525436cf5d4,Fares Ziam,http://ufcstats.com/fighter-details/1e4f273069fb9e85,Lightweight,Men,U-DEC,3,5:00,http://ufcstats.com/fight-details/58ffa2dac4f2e7d0,Fares Ziam,0,6 of 13,46%,14 of 23,1 of 2,50%,0,1,1:38,1997-03-21,29.21
UFC Fight Night: Muhammad vs. Bonfim,2026-06-06,Tom Nolan,http://ufcstats.com/fighter-details/6c3b2525436cf5d4,Fares Ziam,http://ufcstats.com/fighter-details/1e4f273069fb9e85,Lightweight,Men,U-DEC,3,5:00,http://ufcstats.com/fight-details/58ffa2dac4f2e7d0,Tom Nolan,0,13 of 25,52%,24 of 42,2 of 2,100%,0,0,2:05,2000-03-08,26.25
UFC Fight Night: Muhammad vs. Bonfim,2026-06-06,Bryce Mitchell,http://ufcstats.com/fighter-details/d9c6f19f958643e9,Santiago Luna,http://ufcstats.com/fighter-details/faf317c665546a36,Bantamweight,Men,SUB Arm Triangle,3,4:52,http://ufcstats.com/fight-details/c47796e11a801e12,Bryce Mitchell,0,11 of 13,84%,18 of 20,0 of 1,0%,0,0,4:08,1994-10-04,31.67
UFC Fight Night: Muhammad vs. Bonfim,2026-06-06,Bryce Mitchell,http://ufcstats.com/fighter-details/d9c6f19f958643e9,Santiago Luna,http://ufcstats.com/fighter-details/faf317c665546a36,Bantamweight,Men,SUB Arm Triangle,3,4:52,http://ufcstats.com/fight-details/c47796e11a801e12,Santiago Luna,0,3 of 4,75%,58 of 59,0 of 1,0%,0,0,0:04,2004-08-06,21.83
UFC Fight Night: Muhammad vs. Bonfim,2026-06-06,Iwo Baraniewski,http://ufcstats.com/fighter-details/1c23ec2f1b71be40,Junior Tafa,http://ufcstats.com/fighter-details/c15fa95b9a12fde4,Light Heavyweight,Men,KO/TKO Kick,1,1:25,http://ufcstats.com/fight-details/bfe4950b3de83e9c,Iwo Baraniewski,1,6 of 22,27%,6 of 22,0 of 1,0%,0,0,0:17,1998-11-20,27.54
UFC Fight Night: Muhammad vs. Bonfim,2026-06-06,Iwo Baraniewski,http://ufcstats.com/fighter-details/1c23ec2f1b71be40,Junior Tafa,http://ufcstats.com/fighter-details/c15fa95b9a12fde4,Light Heavyweight,Men,KO/TKO Kick,1,1:25,http://ufcstats.com/fight-details/bfe4950b3de83e9c,Junior Tafa,0,0 of 8,0%,0 of 8,0 of 0,---,0,0,0:00,1996-09-21,29.71
UFC Fight Night: Muhammad vs. Bonfim,2026-06-06,Alessandro Costa,http://ufcstats.com/fighter-details/3fa97913cfd205d3,Matt Schnell,http://ufcstats.com/fighter-details/67c1d46f4ed16f9e,Catch Weight,Men,KO/TKO Punch,1,2:28,http://ufcstats.com/fight-details/5d2eedd05081ed23,Matt Schnell,0,8 of 21,38%,8 of 21,0 of 0,---,0,0,0:00,1990-01-15,36.39
UFC Fight Night: Muhammad vs. Bonfim,2026-06-06,Alessandro Costa,http://ufcstats.com/fighter-details/3fa97913cfd205d3,Matt Schnell,http://ufcstats.com/fighter-details/67c1d46f4ed16f9e,Catch Weight,Men,KO/TKO Punch,1,2:28,http://ufcstats.com/fight-details/5d2eedd05081ed23,Alessandro Costa,1,19 of 23,82%,19 of 23,0 of 0,---,0,0,0:05,1996-01-28,30.35
UFC Fight Night: Muhammad vs. Bonfim,2026-06-06,Marcus McGhee,http://ufcstats.com/fighter-details/c0ac37a4a1133da9,John Yannis,http://ufcstats.com/fighter-details/450bcab0968562c4,Bantamweight,Men,U-DEC,3,5:00,http://ufcstats.com/fight-details/90940d93d6e0998f,Marcus McGhee,0,14 of 51,27%,14 of 51,0 of 0,---,0,0,0:00,1990-05-07,36.08
UFC Fight Night: Muhammad vs. Bonfim,2026-06-06,Marcus McGhee,http://ufcstats.com/fighter-details/c0ac37a4a1133da9,John Yannis,http://ufcstats.com/fighter-details/450bcab0968562c4,Bantamweight,Men,U-DEC,3,5:00,http://ufcstats.com/fight-details/90940d93d6e0998f,John Yannis,0,13 of 40,32%,13 of 40,0 of 0,---,0,0,0:00,1994-07-07,31.92
UFC Fight Night: Muhammad vs. Bonfim,2026-06-06,Edgar Chairez,http://ufcstats.com/fighter-details/5ef94841c4bc3f86,Bruno Silva,http://ufcstats.com/fighter-details/294aa73dbf37d281,Flyweight,Men,SUB Rear Naked Choke,1,4:13,http://ufcstats.com/fight-details/20d74ed23d3e9b3a,Bruno Silva,0,17 of 29,58%,17 of 29,0 of 3,0%,0,0,0:00,1990-03-16,36.22
UFC Fight Night: Muhammad vs. Bonfim,2026-06-06,Edgar Chairez,http://ufcstats.com/fighter-details/5ef94841c4bc3f86,Bruno Silva,http://ufcstats.com/fighter-details/294aa73dbf37d281,Flyweight,Men,SUB Rear Naked Choke,1,4:13,http://ufcstats.com/fight-details/20d74ed23d3e9b3a,Edgar Chairez,2,24 of 44,54%,24 of 44,0 of 0,---,1,0,0:24,1996-01-27,30.36
UFC Fight Night: Muhammad vs. Bonfim,2026-06-06,Chelsea Chandler,http://ufcstats.com/fighter-details/af9efbfd63d39734,Priscila Cachoeira,http://ufcstats.com/fighter-details/b1e5bcaad32a3cac,Women's Bantamweight,Women,SUB Armbar,1,3:42,http://ufcstats.com/fight-details/98e77712f99956ff,Priscila Cachoeira,0,7 of 13,53%,9 of 16,1 of 1,100%,0,0,0:23,1988-08-19,37.8
UFC Fight Night: Muhammad vs. Bonfim,2026-06-06,Chelsea Chandler,http://ufcstats.com/fighter-details/af9efbfd63d39734,Priscila Cachoeira,http://ufcstats.com/fighter-details/b1e5bcaad32a3cac,Women's Bantamweight,Women,SUB Armbar,1,3:42,http://ufcstats.com/fight-details/98e77712f99956ff,Chelsea Chandler,1,11 of 25,44%,24 of 41,0 of 0,---,1,0,1:52,1990-11-23,35.53
UFC Fight Night: Muhammad vs. Bonfim,2026-06-06,Joanderson Brito,http://ufcstats.com/fighter-details/791c8437b341fba5,Jordan Leavitt,http://ufcstats.com/fighter-details/ac026518a9b4dc0f,Featherweight,Men,SUB Guillotine Choke,1,4:19,http://ufcstats.com/fight-details/44cfbb8c3c356c65,Jordan Leavitt,0,7 of 9,77%,27 of 29,0 of 5,0%,1,1,2:21,1995-06-02,31.01
UFC Fight Night: Muhammad vs. Bonfim,2026-06-06,Joanderson Brito,http://ufcstats.com/fighter-details/791c8437b341fba5,Jordan Leavitt,http://ufcstats.com/fighter-details/ac026518a9b4dc0f,Featherweight,Men,SUB Guillotine Choke,1,4:19,http://ufcstats.com/fight-details/44cfbb8c3c356c65,Joanderson Brito,0,5 of 13,38%,15 of 24,0 of 0,---,1,0,1:17,1995-02-11,31.32
UFC Fight Night: Muhammad vs. Bonfim,2026-06-06,Jeisla Chaves,http://ufcstats.com/fighter-details/8061a3136026a673,Yuneisy Duben,http://ufcstats.com/fighter-details/c3d2b9bcb4cead6b,Women's Flyweight,Women,S-DEC,3,5:00,http://ufcstats.com/fight-details/a6b211d8dab5edec,Jeisla Chaves,0,28 of 53,52%,31 of 56,0 of 0,---,0,0,0:00,1997-02-02,29.34
UFC Fight Night: Muhammad vs. Bonfim,2026-06-06,Jeisla Chaves,http://ufcstats.com/fighter-details/8061a3136026a673,Yuneisy Duben,http://ufcstats.com/fighter-details/c3d2b9bcb4cead6b,Women's Flyweight,Women,S-DEC,3,5:00,http://ufcstats.com/fight-details/a6b211d8dab5edec,Yuneisy Duben,0,26 of 56,46%,39 of 69,1 of 2,50%,0,0,0:37,1996-07-08,29.91
UFC Fight Night: Muhammad vs. Bonfim,2026-06-06,Ketlen Souza,http://ufcstats.com/fighter-details/8bd4200561c77a62,Ariane Carnelossi,http://ufcstats.com/fighter-details/c0d5c0c95c59050b,Women's Strawweight,Women,KO/TKO Kick,1,1:34,http://ufcstats.com/fight-details/b0474597b2c60482,Ketlen Souza,1,13 of 17,76%,13 of 17,0 of 0,---,0,0,0:03,1994-08-18,31.8
UFC Fight Night: Muhammad vs. Bonfim,2026-06-06,Ketlen Souza,http://ufcstats.com/fighter-details/8bd4200561c77a62,Ariane Carnelossi,http://ufcstats.com/fighter-details/c0d5c0c95c59050b,Women's Strawweight,Women,KO/TKO Kick,1,1:34,http://ufcstats.com/fight-details/b0474597b2c60482,Ariane Carnelossi,0,8 of 21,38%,8 of 21,0 of 0,---,0,0,0:00,1992-11-17,33.55
UFC Freedom 250,2026-06-14,Justin Gaethje,http://ufcstats.com/fighter-details/9e8f6c728eb01124,Ilia Topuria,http://ufcstats.com/fighter-details/54f64b5e283b0ce7,Lightweight,Men,KO/TKO,4,5:00,http://ufcstats.com/fight-details/7208e40818401e88,Ilia Topuria,0,29 of 58,50%,29 of 58,0 of 0,---,0,0,0:00,1997-01-21,29.39
UFC Freedom 250,2026-06-14,Justin Gaethje,http://ufcstats.com/fighter-details/9e8f6c728eb01124,Ilia Topuria,http://ufcstats.com/fighter-details/54f64b5e283b0ce7,Lightweight,Men,KO/TKO,4,5:00,http://ufcstats.com/fight-details/7208e40818401e88,Justin Gaethje,0,32 of 68,47%,35 of 71,0 of 3,0%,0,0,0:00,1988-11-14,37.58
UFC Freedom 250,2026-06-14,Ciryl Gane,http://ufcstats.com/fighter-details/787bb1f087ccff8a,Alex Pereira,http://ufcstats.com/fighter-details/e5549c82bfb5582d,Heavyweight,Men,KO/TKO Punches,2,1:27,http://ufcstats.com/fight-details/5727d5be8c373346,Alex Pereira,0,11 of 26,42%,11 of 26,0 of 0,---,0,0,0:00,1987-07-07,38.94
UFC Freedom 250,2026-06-14,Ciryl Gane,http://ufcstats.com/fighter-details/787bb1f087ccff8a,Alex Pereira,http://ufcstats.com/fighter-details/e5549c82bfb5582d,Heavyweight,Men,KO/TKO Punches,2,1:27,http://ufcstats.com/fight-details/5727d5be8c373346,Ciryl Gane,0,23 of 45,51%,23 of 45,0 of 1,0%,0,0,0:00,1990-04-12,36.17
UFC Freedom 250,2026-06-14,Sean O'Malley,http://ufcstats.com/fighter-details/b50a426a33da0012,Aiemann Zahabi,http://ufcstats.com/fighter-details/24656ef4d605c96f,Bantamweight,Men,KO/TKO Punches,2,4:02,http://ufcstats.com/fight-details/60de0423ae6ed097,Sean O'Malley,0,14 of 35,40%,14 of 35,0 of 0,---,0,0,0:00,1994-10-24,31.64
UFC Freedom 250,2026-06-14,Sean O'Malley,http://ufcstats.com/fighter-details/b50a426a33da0012,Aiemann Zahabi,http://ufcstats.com/fighter-details/24656ef4d605c96f,Bantamweight,Men,KO/TKO Punches,2,4:02,http://ufcstats.com/fight-details/60de0423ae6ed097,Aiemann Zahabi,0,8 of 16,50%,8 of 16,0 of 0,---,0,0,0:00,1987-11-19,38.57
UFC Freedom 250,2026-06-14,Josh Hokit,http://ufcstats.com/fighter-details/955da1675ad58a50,Derrick Lewis,http://ufcstats.com/fighter-details/d3df1add9d9a7efb,Heavyweight,Men,KO/TKO Punches,2,4:09,http://ufcstats.com/fight-details/30cdb851f6c63444,Josh Hokit,0,41 of 55,74%,54 of 69,2 of 2,100%,1,0,3:01,1997-11-12,28.59
UFC Freedom 250,2026-06-14,Josh Hokit,http://ufcstats.com/fighter-details/955da1675ad58a50,Derrick Lewis,http://ufcstats.com/fighter-details/d3df1add9d9a7efb,Heavyweight,Men,KO/TKO Punches,2,4:09,http://ufcstats.com/fight-details/30cdb851f6c63444,Derrick Lewis,0,1 of 5,20%,1 of 5,0 of 0,---,0,0,0:00,1985-02-07,41.35
UFC Freedom 250,2026-06-14,Mauricio Ruffy,http://ufcstats.com/fighter-details/9c393e836a852f30,Michael Chandler,http://ufcstats.com/fighter-details/4b93a88f3b1de35b,Lightweight,Men,KO/TKO Punches,1,4:29,http://ufcstats.com/fight-details/9a9b30b3165b62e4,Mauricio Ruffy,2,19 of 40,47%,20 of 41,0 of 0,---,0,0,0:13,1996-06-17,29.99
UFC Freedom 250,2026-06-14,Mauricio Ruffy,http://ufcstats.com/fighter-details/9c393e836a852f30,Michael Chandler,http://ufcstats.com/fighter-details/4b93a88f3b1de35b,Lightweight,Men,KO/TKO Punches,1,4:29,http://ufcstats.com/fight-details/9a9b30b3165b62e4,Michael Chandler,0,3 of 12,25%,3 of 12,0 of 3,0%,0,0,0:00,1986-04-24,40.14
UFC Freedom 250,2026-06-14,Bo Nickal,http://ufcstats.com/fighter-details/35673bf5204524ee,Kyle Daukaus,http://ufcstats.com/fighter-details/d6c0cdd7e467c440,Middleweight,Men,KO/TKO Punches,1,4:34,http://ufcstats.com/fight-details/00e8d4b961a65d21,Bo Nickal,1,16 of 24,66%,44 of 53,1 of 1,100%,0,0,3:14,1996-01-14,30.41
UFC Freedom 250,2026-06-14,Bo Nickal,http://ufcstats.com/fighter-details/35673bf5204524ee,Kyle Daukaus,http://ufcstats.com/fighter-details/d6c0cdd7e467c440,Middleweight,Men,KO/TKO Punches,1,4:34,http://ufcstats.com/fight-details/00e8d4b961a65d21,Kyle Daukaus,0,2 of 7,28%,26 of 31,0 of 0,---,0,0,0:00,1993-02-27,33.29
UFC Freedom 250,2026-06-14,Diego Lopes,http://ufcstats.com/fighter-details/f166e93d04a8c274,Steve Garcia,http://ufcstats.com/fighter-details/97cf1a2c7c5e7889,Featherweight,Men,KO/TKO Punches,2,2:42,http://ufcstats.com/fight-details/127ba4a1ccb3d4a6,Diego Lopes,0,6 of 32,18%,6 of 32,0 of 1,0%,0,0,0:00,1994-12-30,31.46
UFC Freedom 250,2026-06-14,Diego Lopes,http://ufcstats.com/fighter-details/f166e93d04a8c274,Steve Garcia,http://ufcstats.com/fighter-details/97cf1a2c7c5e7889,Featherweight,Men,KO/TKO Punches,2,2:42,http://ufcstats.com/fight-details/127ba4a1ccb3d4a6,Steve Garcia,0,23 of 57,40%,23 of 57,0 of 0,---,0,0,0:00,1992-05-22,34.06
UFC Fight Night: Kape vs. Horiguchi,2026-06-20,Manel Kape,http://ufcstats.com/fighter-details/5d1b7e3dd9e11074,Kyoji Horiguchi,http://ufcstats.com/fighter-details/98aa60cf58071fd6,Flyweight,Men,KO/TKO Punches,3,2:42,http://ufcstats.com/fight-details/33afdd7ad43a2756,Manel Kape,0,5 of 19,26%,8 of 22,0 of 0,---,0,0,0:00,1993-11-14,32.6
UFC Fight Night: Kape vs. Horiguchi,2026-06-20,Manel Kape,http://ufcstats.com/fighter-details/5d1b7e3dd9e11074,Kyoji Horiguchi,http://ufcstats.com/fighter-details/98aa60cf58071fd6,Flyweight,Men,KO/TKO Punches,3,2:42,http://ufcstats.com/fight-details/33afdd7ad43a2756,Kyoji Horiguchi,0,8 of 15,53%,9 of 17,1 of 3,33%,0,0,0:15,1990-10-12,35.69
UFC Fight Night: Kape vs. Horiguchi,2026-06-20,Navajo Stirling,http://ufcstats.com/fighter-details/b4b496ec2197ee3e,Ion Cutelaba,http://ufcstats.com/fighter-details/cd13728ae1151f46,Light Heavyweight,Men,KO/TKO Punches,2,3:23,http://ufcstats.com/fight-details/afc021700481ac4e,Ion Cutelaba,0,6 of 26,23%,34 of 55,2 of 2,100%,1,1,1:53,1993-12-14,32.51
UFC Fight Night: Kape vs. Horiguchi,2026-06-20,Navajo Stirling,http://ufcstats.com/fighter-details/b4b496ec2197ee3e,Ion Cutelaba,http://ufcstats.com/fighter-details/cd13728ae1151f46,Light Heavyweight,Men,KO/TKO Punches,2,3:23,http://ufcstats.com/fight-details/afc021700481ac4e,Navajo Stirling,0,16 of 24,66%,23 of 31,0 of 0,---,0,0,1:10,1997-11-07,28.62
UFC Fight Night: Kape vs. Horiguchi,2026-06-20,Christian Rodriguez,http://ufcstats.com/fighter-details/5ec591b78349ba7e,Hyder Amil,http://ufcstats.com/fighter-details/41cc71cbf210e0fe,Featherweight,Men,SUB Guillotine Choke,1,3:43,http://ufcstats.com/fight-details/aaec28fa3c0c576d,Hyder Amil,0,23 of 48,47%,23 of 48,0 of 1,0%,0,0,0:00,1990-05-28,36.06
UFC Fight Night: Kape vs. Horiguchi,2026-06-20,Christian Rodriguez,http://ufcstats.com/fighter-details/5ec591b78349ba7e,Hyder Amil,http://ufcstats.com/fighter-details/41cc71cbf210e0fe,Featherweight,Men,SUB Guillotine Choke,1,3:43,http://ufcstats.com/fight-details/aaec28fa3c0c576d,Christian Rodriguez,1,20 of 38,52%,23 of 43,1 of 3,33%,1,0,0:23,1997-12-17,28.51
UFC Fight Night: Kape vs. Horiguchi,2026-06-20,Murtazali Magomedov,http://ufcstats.com/fighter-details/d436f5d55156a521,Melsik Baghdasaryan,http://ufcstats.com/fighter-details/a52bc1e62cf0b7c6,Featherweight,Men,SUB Twister,1,1:17,http://ufcstats.com/fight-details/e4849375d1949c74,Melsik Baghdasaryan,0,3 of 13,23%,3 of 13,0 of 0,---,0,0,0:00,1992-01-28,34.39
UFC Fight Night: Kape vs. Horiguchi,2026-06-20,Murtazali Magomedov,http://ufcstats.com/fighter-details/d436f5d55156a521,Melsik Baghdasaryan,http://ufcstats.com/fighter-details/a52bc1e62cf0b7c6,Featherweight,Men,SUB Twister,1,1:17,http://ufcstats.com/fight-details/e4849375d1949c74,Murtazali Magomedov,0,5 of 7,71%,7 of 9,1 of 2,50%,1,0,0:27,1999-08-26,26.82
UFC Fight Night: Kape vs. Horiguchi,2026-06-20,Vinicius Oliveira,http://ufcstats.com/fighter-details/18d01f7f8338ae72,Andre Fili,http://ufcstats.com/fighter-details/8fd808923cffff82,Featherweight,Men,KO/TKO Elbows,2,4:56,http://ufcstats.com/fight-details/571a3eabff5c7ba7,Vinicius Oliveira,0,27 of 43,62%,27 of 43,0 of 1,0%,0,0,0:15,1995-11-30,30.55
UFC Fight Night: Kape vs. Horiguchi,2026-06-20,Vinicius Oliveira,http://ufcstats.com/fighter-details/18d01f7f8338ae72,Andre Fili,http://ufcstats.com/fighter-details/8fd808923cffff82,Featherweight,Men,KO/TKO Elbows,2,4:56,http://ufcstats.com/fight-details/571a3eabff5c7ba7,Andre Fili,0,22 of 53,41%,22 of 53,0 of 0,---,0,0,0:00,1990-06-25,35.99
UFC Fight Night: Kape vs. Horiguchi,2026-06-20,Kevin Borjas,http://ufcstats.com/fighter-details/34b96d52db1d26e6,Andre Lima,http://ufcstats.com/fighter-details/b1f21ce050035d58,Flyweight,Men,U-DEC,3,5:00,http://ufcstats.com/fight-details/17d31249c9ab18af,Andre Lima,0,20 of 42,47%,20 of 42,0 of 0,---,0,0,0:00,1999-02-04,27.37
UFC Fight Night: Kape vs. Horiguchi,2026-06-20,Kevin Borjas,http://ufcstats.com/fighter-details/34b96d52db1d26e6,Andre Lima,http://ufcstats.com/fighter-details/b1f21ce050035d58,Flyweight,Men,U-DEC,3,5:00,http://ufcstats.com/fight-details/17d31249c9ab18af,Kevin Borjas,0,18 of 51,35%,18 of 51,0 of 0,---,0,0,0:00,1997-12-06,28.54
UFC Fight Night: Kape vs. Horiguchi,2026-06-20,Bia Mesquita,http://ufcstats.com/fighter-details/eff9074bc066f0f2,Melissa Mullins,http://ufcstats.com/fighter-details/bd532e9a2b93870c,Women's Bantamweight,Women,SUB Armbar,1,3:16,http://ufcstats.com/fight-details/c0980a613f24accd,Bia Mesquita,0,3 of 10,30%,28 of 37,0 of 0,---,1,0,0:12,1991-04-07,35.2
UFC Fight Night: Kape vs. Horiguchi,2026-06-20,Bia Mesquita,http://ufcstats.com/fighter-details/eff9074bc066f0f2,Melissa Mullins,http://ufcstats.com/fighter-details/bd532e9a2b93870c,Women's Bantamweight,Women,SUB Armbar,1,3:16,http://ufcstats.com/fight-details/c0980a613f24accd,Melissa Mullins,0,10 of 25,40%,13 of 28,1 of 1,100%,0,0,1:27,1991-07-23,34.91
UFC Fight Night: Kape vs. Horiguchi,2026-06-20,Mitch Raposo,http://ufcstats.com/fighter-details/0be6776db31d98ec,Allan Nascimento,http://ufcstats.com/fighter-details/253076a23d03dcd0,Flyweight,Men,S-DEC,3,5:00,http://ufcstats.com/fight-details/3b4803afa824fea3,Allan Nascimento,0,14 of 54,25%,15 of 56,0 of 3,0%,0,0,0:24,1991-09-11,34.77
UFC Fight Night: Kape vs. Horiguchi,2026-06-20,Mitch Raposo,http://ufcstats.com/fighter-details/0be6776db31d98ec,Allan Nascimento,http://ufcstats.com/fighter-details/253076a23d03dcd0,Flyweight,Men,S-DEC,3,5:00,http://ufcstats.com/fight-details/3b4803afa824fea3,Mitch Raposo,0,15 of 32,46%,17 of 34,0 of 0,---,0,0,0:14,1998-10-16,27.68
UFC Fight Night: Kape vs. Horiguchi,2026-06-20,Gaston Bolanos,http://ufcstats.com/fighter-details/96924b0019b3aff1,Michael Aswell Jr.,http://ufcstats.com/fighter-details/01c9e4013afce141,Featherweight,Men,U-DEC,3,5:00,http://ufcstats.com/fight-details/8b809ba1880aded0,Gaston Bolanos,0,29 of 74,39%,29 of 74,0 of 0,---,0,0,0:00,1992-09-14,33.76
UFC Fight Night: Kape vs. Horiguchi,2026-06-20,Gaston Bolanos,http://ufcstats.com/fighter-details/96924b0019b3aff1,Michael Aswell Jr.,http://ufcstats.com/fighter-details/01c9e4013afce141,Featherweight,Men,U-DEC,3,5:00,http://ufcstats.com/fight-details/8b809ba1880aded0,Michael Aswell Jr.,0,47 of 100,47%,47 of 100,0 of 1,0%,0,0,0:00,2000-09-27,25.73
UFC Fight Night: Kape vs. Horiguchi,2026-06-20,Levan Chokheli,http://ufcstats.com/fighter-details/a69a7120cf26669d,Leon Shahbazyan,http://ufcstats.com/fighter-details/9eed2bcc9e0b92af,Welterweight,Men,KO/TKO Punch,1,0:23,http://ufcstats.com/fight-details/6658fe4531c86674,Leon Shahbazyan,0,0 of 1,0%,0 of 1,0 of 0,---,0,0,0:00,1995-11-18,30.59
UFC Fight Night: Kape vs. Horiguchi,2026-06-20,Levan Chokheli,http://ufcstats.com/fighter-details/a69a7120cf26669d,Leon Shahbazyan,http://ufcstats.com/fighter-details/9eed2bcc9e0b92af,Welterweight,Men,KO/TKO Punch,1,0:23,http://ufcstats.com/fight-details/6658fe4531c86674,Levan Chokheli,1,6 of 11,54%,6 of 11,0 of 0,---,0,0,0:01,1996-10-02,29.71
UFC Fight Night: Kape vs. Horiguchi,2026-06-20,Luana Santos,http://ufcstats.com/fighter-details/5078e1dacf9d25f4,Karol Rosa,http://ufcstats.com/fighter-details/351c4ec637380ad5,Women's Bantamweight,Women,U-DEC,3,5:00,http://ufcstats.com/fight-details/b23a1a5d35eb438a,Karol Rosa,0,4 of 16,25%,55 of 67,0 of 0,---,0,0,0:00,1994-12-30,31.47
UFC Fight Night: Kape vs. Horiguchi,2026-06-20,Luana Santos,http://ufcstats.com/fighter-details/5078e1dacf9d25f4,Karol Rosa,http://ufcstats.com/fighter-details/351c4ec637380ad5,Women's Bantamweight,Women,U-DEC,3,5:00,http://ufcstats.com/fight-details/b23a1a5d35eb438a,Luana Santos,0,7 of 9,77%,36 of 38,1 of 5,20%,0,0,3:16,2000-04-16,26.18
UFC Fight Night: Kape vs. Horiguchi,2026-06-20,Shane Collins,http://ufcstats.com/fighter-details/70fc8214822b5a85,Otari Tanzilovi,http://ufcstats.com/fighter-details/b9124c308671e303,Featherweight,Men,U-DEC,3,5:00,http://ufcstats.com/fight-details/9efa4de316b8bf43,Shane Collins,0,23 of 47,48%,33 of 58,0 of 2,0%,1,0,0:42,2000-03-08,26.28
UFC Fight Night: Kape vs. Horiguchi,2026-06-20,Shane Collins,http://ufcstats.com/fighter-details/70fc8214822b5a85,Otari Tanzilovi,http://ufcstats.com/fighter-details/b9124c308671e303,Featherweight,Men,U-DEC,3,5:00,http://ufcstats.com/fight-details/9efa4de316b8bf43,Otari Tanzilovi,0,20 of 27,74%,24 of 31,1 of 1,100%,0,0,1:14,1998-04-09,28.2
UFC Fight Night: Fiziev vs. Torres,2026-06-27,Rafael Fiziev,http://ufcstats.com/fighter-details/c814b4c899793af6,Manuel Torres,http://ufcstats.com/fighter-details/2e7878927067fdca,Lightweight,Men,KO/TKO Punches,2,0:15,http://ufcstats.com/fight-details/c13dc0cccef263f7,Rafael Fiziev,0,15 of 25,60%,18 of 29,2 of 2,100%,0,0,0:36,1993-03-05,33.31
UFC Fight Night: Fiziev vs. Torres,2026-06-27,Rafael Fiziev,http://ufcstats.com/fighter-details/c814b4c899793af6,Manuel Torres,http://ufcstats.com/fighter-details/2e7878927067fdca,Lightweight,Men,KO/TKO Punches,2,0:15,http://ufcstats.com/fight-details/c13dc0cccef263f7,Manuel Torres,0,21 of 51,41%,25 of 55,0 of 0,---,0,0,0:06,1995-03-25,31.26
UFC Fight Night: Fiziev vs. Torres,2026-06-27,Shara Magomedov,http://ufcstats.com/fighter-details/06734ca9d88dec3a,Michel Pereira,http://ufcstats.com/fighter-details/595db60957de51d3,Middleweight,Men,U-DEC,3,5:00,http://ufcstats.com/fight-details/012c307c9d446c4d,Shara Magomedov,0,6 of 7,85%,53 of 71,0 of 0,---,0,1,0:42,1994-05-16,32.11
UFC Fight Night: Fiziev vs. Torres,2026-06-27,Shara Magomedov,http://ufcstats.com/fighter-details/06734ca9d88dec3a,Michel Pereira,http://ufcstats.com/fighter-details/595db60957de51d3,Middleweight,Men,U-DEC,3,5:00,http://ufcstats.com/fight-details/012c307c9d446c4d,Michel Pereira,1,16 of 30,53%,37 of 56,0 of 0,---,0,0,3:24,1993-10-06,32.72
UFC Fight Night: Fiziev vs. Torres,2026-06-27,Matheus Camilo,http://ufcstats.com/fighter-details/72f890c5d421e705,Nazim Sadykhov,http://ufcstats.com/fighter-details/ff62013d2fce6d13,Lightweight,Men,KO/TKO Punch,1,1:31,http://ufcstats.com/fight-details/809814f03ff3140c,Nazim Sadykhov,0,0 of 16,0%,0 of 16,0 of 0,---,0,0,0:00,1994-05-16,32.11
UFC Fight Night: Fiziev vs. Torres,2026-06-27,Matheus Camilo,http://ufcstats.com/fighter-details/72f890c5d421e705,Nazim Sadykhov,http://ufcstats.com/fighter-details/ff62013d2fce6d13,Lightweight,Men,KO/TKO Punch,1,1:31,http://ufcstats.com/fight-details/809814f03ff3140c,Matheus Camilo,1,4 of 10,40%,4 of 10,0 of 0,---,0,0,0:03,2001-01-02,25.48
UFC Fight Night: Fiziev vs. Torres,2026-06-27,Asu Almabayev,http://ufcstats.com/fighter-details/8d3273573b85be09,Charles Johnson,http://ufcstats.com/fighter-details/814e5233e2acf2ee,Flyweight,Men,SUB Suloev Stretch,3,3:33,http://ufcstats.com/fight-details/81cde317c156723b,Asu Almabayev,0,8 of 17,47%,23 of 36,3 of 4,75%,0,0,3:19,1994-01-25,32.42
UFC Fight Night: Fiziev vs. Torres,2026-06-27,Asu Almabayev,http://ufcstats.com/fighter-details/8d3273573b85be09,Charles Johnson,http://ufcstats.com/fighter-details/814e5233e2acf2ee,Flyweight,Men,SUB Suloev Stretch,3,3:33,http://ufcstats.com/fight-details/81cde317c156723b,Charles Johnson,0,4 of 11,36%,8 of 16,0 of 0,---,0,0,0:00,1991-01-10,35.46
UFC Fight Night: Fiziev vs. Torres,2026-06-27,Ikram Aliskerov,http://ufcstats.com/fighter-details/b07aed698fba8624,Brunno Ferreira,http://ufcstats.com/fighter-details/1e719d4b676dc19a,Middleweight,Men,U-DEC,3,5:00,http://ufcstats.com/fight-details/d83294b031502177,Ikram Aliskerov,0,15 of 29,51%,39 of 57,2 of 3,66%,0,0,2:44,1992-12-07,33.55
UFC Fight Night: Fiziev vs. Torres,2026-06-27,Ikram Aliskerov,http://ufcstats.com/fighter-details/b07aed698fba8624,Brunno Ferreira,http://ufcstats.com/fighter-details/1e719d4b676dc19a,Middleweight,Men,U-DEC,3,5:00,http://ufcstats.com/fight-details/d83294b031502177,Brunno Ferreira,0,6 of 10,60%,7 of 12,0 of 0,---,0,0,0:00,1992-11-04,33.64
UFC Fight Night: Fiziev vs. Torres,2026-06-27,Abus Magomedov,http://ufcstats.com/fighter-details/36b8f265bcd1b7a4,Michal Oleksiejczuk,http://ufcstats.com/fighter-details/0d65c432720accb9,Middleweight,Men,SUB Guillotine Choke,1,3:25,http://ufcstats.com/fight-details/35985895d4ef321e,Abus Magomedov,1,10 of 27,37%,10 of 27,0 of 0,---,1,0,0:36,1990-09-02,35.82
UFC Fight Night: Fiziev vs. Torres,2026-06-27,Abus Magomedov,http://ufcstats.com/fighter-details/36b8f265bcd1b7a4,Michal Oleksiejczuk,http://ufcstats.com/fighter-details/0d65c432720accb9,Middleweight,Men,SUB Guillotine Choke,1,3:25,http://ufcstats.com/fight-details/35985895d4ef321e,Michal Oleksiejczuk,0,5 of 19,26%,5 of 19,0 of 0,---,0,0,0:03,1995-02-22,31.34
UFC Fight Night: Fiziev vs. Torres,2026-06-27,Farman Hasanov,http://ufcstats.com/fighter-details/c88f8a9c1ea7165d,Eric Nolan,http://ufcstats.com/fighter-details/64b12fe31be7560c,Welterweight,Men,U-DEC,3,5:00,http://ufcstats.com/fight-details/6a35ff33b8597904,Farman Hasanov,0,1 of 4,25%,16 of 23,9 of 12,75%,0,0,4:27,1995-08-01,30.9
UFC Fight Night: Fiziev vs. Torres,2026-06-27,Farman Hasanov,http://ufcstats.com/fighter-details/c88f8a9c1ea7165d,Eric Nolan,http://ufcstats.com/fighter-details/64b12fe31be7560c,Welterweight,Men,U-DEC,3,5:00,http://ufcstats.com/fight-details/6a35ff33b8597904,Eric Nolan,0,0 of 5,0%,4 of 10,0 of 0,---,0,0,0:00,1997-09-13,28.79
UFC Fight Night: Fiziev vs. Torres,2026-06-27,Abdul Rakhman Yakhyaev,http://ufcstats.com/fighter-details/95aff2fd8d09a5f0,Julius Walker,http://ufcstats.com/fighter-details/6add18754930182b,Light Heavyweight,Men,KO/TKO Punch,1,0:08,http://ufcstats.com/fight-details/48b1ee7ab45add4c,Abdul Rakhman Yakhyaev,1,6 of 8,75%,6 of 8,0 of 0,---,0,0,0:03,2001-01-03,25.48
UFC Fight Night: Fiziev vs. Torres,2026-06-27,Abdul Rakhman Yakhyaev,http://ufcstats.com/fighter-details/95aff2fd8d09a5f0,Julius Walker,http://ufcstats.com/fighter-details/6add18754930182b,Light Heavyweight,Men,KO/TKO Punch,1,0:08,http://ufcstats.com/fight-details/48b1ee7ab45add4c,Julius Walker,0,0 of 1,0%,0 of 1,0 of 0,---,0,0,0:00,1999-07-16,26.95
UFC Fight Night: Fiziev vs. Torres,2026-06-27,Nursulton Ruziboev,http://ufcstats.com/fighter-details/49d2a08964c5eb11,Andrey Pulyaev,http://ufcstats.com/fighter-details/22e07d3da1aa3475,Middleweight,Men,SUB Rear Naked Choke,1,3:58,http://ufcstats.com/fight-details/5e7f4ba1210f433d,Nursulton Ruziboev,0,1 of 3,33%,13 of 18,2 of 2,100%,1,0,2:28,1993-11-19,32.6
UFC Fight Night: Fiziev vs. Torres,2026-06-27,Nursulton Ruziboev,http://ufcstats.com/fighter-details/49d2a08964c5eb11,Andrey Pulyaev,http://ufcstats.com/fighter-details/22e07d3da1aa3475,Middleweight,Men,SUB Rear Naked Choke,1,3:58,http://ufcstats.com/fight-details/5e7f4ba1210f433d,Andrey Pulyaev,0,2 of 6,33%,15 of 23,0 of 0,---,0,0,0:00,1997-09-10,28.79
UFC Fight Night: Fiziev vs. Torres,2026-06-27,Kaan Ofli,http://ufcstats.com/fighter-details/7facc9c45d792985,Javier Reyes,http://ufcstats.com/fighter-details/4a574b8512fc1b30,Featherweight,Men,SUB Arm Triangle,1,4:16,http://ufcstats.com/fight-details/1a7119f3996b5635,Kaan Ofli,1,17 of 26,65%,42 of 53,0 of 0,---,1,0,0:32,1993-06-19,33.02
UFC Fight Night: Fiziev vs. Torres,2026-06-27,Kaan Ofli,http://ufcstats.com/fighter-details/7facc9c45d792985,Javier Reyes,http://ufcstats.com/fighter-details/4a574b8512fc1b30,Featherweight,Men,SUB Arm Triangle,1,4:16,http://ufcstats.com/fight-details/1a7119f3996b5635,Javier Reyes,0,7 of 35,20%,7 of 35,0 of 0,---,0,0,0:00,1993-10-13,32.7
UFC Fight Night: Fiziev vs. Torres,2026-06-27,Daniil Donchenko,http://ufcstats.com/fighter-details/70dd69b6a703257e,Theodor Berggren,http://ufcstats.com/fighter-details/feef5f8f5629e5e7,Welterweight,Men,KO/TKO Punches,2,1:35,http://ufcstats.com/fight-details/0e60ab32f3d03929,Daniil Donchenko,0,57 of 82,69%,58 of 83,0 of 0,---,0,0,0:20,2001-08-04,24.9
UFC Fight Night: Fiziev vs. Torres,2026-06-27,Daniil Donchenko,http://ufcstats.com/fighter-details/70dd69b6a703257e,Theodor Berggren,http://ufcstats.com/fighter-details/feef5f8f5629e5e7,Welterweight,Men,KO/TKO Punches,2,1:35,http://ufcstats.com/fight-details/0e60ab32f3d03929,Theodor Berggren,0,17 of 47,36%,23 of 54,0 of 0,---,0,0,0:17,2000-04-09,26.21
UFC Fight Night: Fiziev vs. Torres,2026-06-27,Jean Matsumoto,http://ufcstats.com/fighter-details/ffd3224638c01b57,Bekzat Almakhan,http://ufcstats.com/fighter-details/a4dc0f2b95df4cc1,Bantamweight,Men,U-DEC,3,5:00,http://ufcstats.com/fight-details/ae0a91c8f92f4758,Bekzat Almakhan,1,21 of 37,56%,21 of 37,0 of 0,---,0,0,0:02,1997-10-08,28.72
UFC Fight Night: Fiziev vs. Torres,2026-06-27,Jean Matsumoto,http://ufcstats.com/fighter-details/ffd3224638c01b57,Bekzat Almakhan,http://ufcstats.com/fighter-details/a4dc0f2b95df4cc1,Bantamweight,Men,U-DEC,3,5:00,http://ufcstats.com/fight-details/ae0a91c8f92f4758,Jean Matsumoto,0,20 of 52,38%,25 of 57,1 of 4,25%,0,0,0:37,1999-09-09,26.8
UFC Fight Night: Fiziev vs. Torres,2026-06-27,Tahir Abdullayev,http://ufcstats.com/fighter-details/e047d3b541afd4a7,Jefferson Nascimento,http://ufcstats.com/fighter-details/4b85abc5abbe657c,Welterweight,Men,KO/TKO Punches,3,4:28,http://ufcstats.com/fight-details/f1cb2e7ef096ec7c,Tahir Abdullayev,0,5 of 20,25%,5 of 20,0 of 1,0%,0,0,0:00,1997-02-02,29.4
UFC Fight Night: Fiziev vs. Torres,2026-06-27,Tahir Abdullayev,http://ufcstats.com/fighter-details/e047d3b541afd4a7,Jefferson Nascimento,http://ufcstats.com/fighter-details/4b85abc5abbe657c,Welterweight,Men,KO/TKO Punches,3,4:28,http://ufcstats.com/fight-details/f1cb2e7ef096ec7c,Jefferson Nascimento,0,7 of 15,46%,7 of 15,0 of 1,0%,0,0,0:25,1998-11-19,27.6
UFC 329: McGregor vs. Holloway 2,2026-07-11,Max Holloway,http://ufcstats.com/fighter-details/150ff4cc642270b9,Conor McGregor,http://ufcstats.com/fighter-details/f4c49976c75c5ab2,Welterweight,Men,KO/TKO,1,1:09,http://ufcstats.com/fight-details/989760fa75321d69,Conor McGregor,0,0 of 6,0%,5 of 11,0 of 0,---,0,0,0:00,1988-07-14,37.99
UFC 329: McGregor vs. Holloway 2,2026-07-11,Max Holloway,http://ufcstats.com/fighter-details/150ff4cc642270b9,Conor McGregor,http://ufcstats.com/fighter-details/f4c49976c75c5ab2,Welterweight,Men,KO/TKO,1,1:09,http://ufcstats.com/fight-details/989760fa75321d69,Max Holloway,0,12 of 19,63%,14 of 22,0 of 0,---,0,0,0:37,1991-12-04,34.6
UFC 329: McGregor vs. Holloway 2,2026-07-11,Paddy Pimblett,http://ufcstats.com/fighter-details/7826923b47f8d72a,Benoit Saint Denis,http://ufcstats.com/fighter-details/c2299ec916bc7c56,Lightweight,Men,SUB D'Arce Choke,1,0:52,http://ufcstats.com/fight-details/130b325610c54a64,Benoit Saint Denis,0,1 of 3,33%,1 of 3,0 of 1,0%,0,0,0:04,1995-12-18,30.56
UFC 329: McGregor vs. Holloway 2,2026-07-11,Paddy Pimblett,http://ufcstats.com/fighter-details/7826923b47f8d72a,Benoit Saint Denis,http://ufcstats.com/fighter-details/c2299ec916bc7c56,Lightweight,Men,SUB D'Arce Choke,1,0:52,http://ufcstats.com/fight-details/130b325610c54a64,Paddy Pimblett,0,4 of 5,80%,4 of 5,0 of 0,---,1,0,0:37,1995-01-03,31.52
UFC 329: McGregor vs. Holloway 2,2026-07-11,Mario Bautista,http://ufcstats.com/fighter-details/bc711b6dd95c1af6,Cory Sandhagen,http://ufcstats.com/fighter-details/65f09bacd3957381,Bantamweight,Men,U-DEC,3,5:00,http://ufcstats.com/fight-details/c572daedf2012a49,Cory Sandhagen,0,39 of 71,54%,43 of 78,0 of 2,0%,0,0,0:23,1992-04-20,34.22
UFC 329: McGregor vs. Holloway 2,2026-07-11,Mario Bautista,http://ufcstats.com/fighter-details/bc711b6dd95c1af6,Cory Sandhagen,http://ufcstats.com/fighter-details/65f09bacd3957381,Bantamweight,Men,U-DEC,3,5:00,http://ufcstats.com/fight-details/c572daedf2012a49,Mario Bautista,0,35 of 52,67%,42 of 59,1 of 4,25%,2,0,0:37,1993-07-01,33.03
UFC 329: McGregor vs. Holloway 2,2026-07-11,Brandon Royval,http://ufcstats.com/fighter-details/6e15f63b6c2e2c15,Lone'er Kavanagh,http://ufcstats.com/fighter-details/bb2c3c3a466224af,Flyweight,Men,SUB Rear Naked Choke,3,3:40,http://ufcstats.com/fight-details/a3ab1979192b647c,Brandon Royval,0,32 of 59,54%,49 of 76,1 of 2,50%,0,0,1:15,1992-08-16,33.9
UFC 329: McGregor vs. Holloway 2,2026-07-11,Brandon Royval,http://ufcstats.com/fighter-details/6e15f63b6c2e2c15,Lone'er Kavanagh,http://ufcstats.com/fighter-details/bb2c3c3a466224af,Flyweight,Men,SUB Rear Naked Choke,3,3:40,http://ufcstats.com/fight-details/a3ab1979192b647c,Lone'er Kavanagh,0,19 of 34,55%,19 of 34,1 of 1,100%,0,0,0:16,1999-06-09,27.09
UFC 329: McGregor vs. Holloway 2,2026-07-11,King Green,http://ufcstats.com/fighter-details/887961364be5ceb3,Terrance McKinney,http://ufcstats.com/fighter-details/809bd1a871491508,Lightweight,Men,KO/TKO Punch,1,4:59,http://ufcstats.com/fight-details/a26ea74f2e908842,King Green,1,43 of 72,59%,57 of 86,0 of 0,---,0,0,0:03,1986-09-09,39.84
UFC 329: McGregor vs. Holloway 2,2026-07-11,King Green,http://ufcstats.com/fighter-details/887961364be5ceb3,Terrance McKinney,http://ufcstats.com/fighter-details/809bd1a871491508,Lightweight,Men,KO/TKO Punch,1,4:59,http://ufcstats.com/fight-details/a26ea74f2e908842,Terrance McKinney,0,45 of 80,56%,59 of 96,1 of 1,100%,0,0,2:12,1994-09-15,31.82
UFC 329: McGregor vs. Holloway 2,2026-07-11,Robert Whittaker,http://ufcstats.com/fighter-details/e1147d3d2dabe1ce,Nikita Krylov,http://ufcstats.com/fighter-details/1091d4d957141094,Light Heavyweight,Men,KO/TKO Punch,3,1:01,http://ufcstats.com/fight-details/7765e5e779dd7dc9,Nikita Krylov,0,20 of 40,50%,26 of 47,3 of 5,60%,0,0,2:10,1992-03-07,34.34
UFC 329: McGregor vs. Holloway 2,2026-07-11,Robert Whittaker,http://ufcstats.com/fighter-details/e1147d3d2dabe1ce,Nikita Krylov,http://ufcstats.com/fighter-details/1091d4d957141094,Light Heavyweight,Men,KO/TKO Punch,3,1:01,http://ufcstats.com/fight-details/7765e5e779dd7dc9,Robert Whittaker,0,20 of 38,52%,21 of 39,0 of 0,---,0,0,0:00,1990-12-20,35.56
UFC 329: McGregor vs. Holloway 2,2026-07-11,Gable Steveson,http://ufcstats.com/fighter-details/f7e856a73c96048e,Elisha Ellison,http://ufcstats.com/fighter-details/87e4a3a5080ee7ce,Heavyweight,Men,KO/TKO Punches,1,2:31,http://ufcstats.com/fight-details/118c25bda9392140,Gable Steveson,1,41 of 57,71%,41 of 57,0 of 1,0%,0,0,0:10,2000-05-31,26.11
UFC 329: McGregor vs. Holloway 2,2026-07-11,Gable Steveson,http://ufcstats.com/fighter-details/f7e856a73c96048e,Elisha Ellison,http://ufcstats.com/fighter-details/87e4a3a5080ee7ce,Heavyweight,Men,KO/TKO Punches,1,2:31,http://ufcstats.com/fight-details/118c25bda9392140,Elisha Ellison,0,13 of 33,39%,14 of 34,0 of 0,---,0,0,0:00,1997-03-05,29.35
UFC 329: McGregor vs. Holloway 2,2026-07-11,Adrian Yanez,http://ufcstats.com/fighter-details/0232cabbc30a2372,Cody Garbrandt,http://ufcstats.com/fighter-details/d8c7c61b176e3994,Bantamweight,Men,KO/TKO Punches,1,2:47,http://ufcstats.com/fight-details/e9f389ba3a1e33c4,Cody Garbrandt,0,13 of 32,40%,13 of 32,0 of 1,0%,0,0,0:00,1991-07-07,35.01
UFC 329: McGregor vs. Holloway 2,2026-07-11,Adrian Yanez,http://ufcstats.com/fighter-details/0232cabbc30a2372,Cody Garbrandt,http://ufcstats.com/fighter-details/d8c7c61b176e3994,Bantamweight,Men,KO/TKO Punches,1,2:47,http://ufcstats.com/fight-details/e9f389ba3a1e33c4,Adrian Yanez,1,16 of 30,53%,16 of 30,0 of 0,---,0,0,0:00,1993-11-29,32.61
UFC 329: McGregor vs. Holloway 2,2026-07-11,Luke Riley,http://ufcstats.com/fighter-details/b1de86d835638319,Kai Kamaka III,http://ufcstats.com/fighter-details/eee0ef3e2b14816b,Featherweight,Men,KO/TKO Punches,1,3:03,http://ufcstats.com/fight-details/930317fde9dbc55e,Luke Riley,1,43 of 67,64%,43 of 67,0 of 0,---,0,0,0:02,1999-06-30,27.03
UFC 329: McGregor vs. Holloway 2,2026-07-11,Luke Riley,http://ufcstats.com/fighter-details/b1de86d835638319,Kai Kamaka III,http://ufcstats.com/fighter-details/eee0ef3e2b14816b,Featherweight,Men,KO/TKO Punches,1,3:03,http://ufcstats.com/fight-details/930317fde9dbc55e,Kai Kamaka III,0,23 of 41,56%,23 of 41,0 of 0,---,0,0,0:00,1995-01-05,31.51
UFC 329: McGregor vs. Holloway 2,2026-07-11,Wang Cong,http://ufcstats.com/fighter-details/2997e7fe3c9d3d4a,Tracy Cortez,http://ufcstats.com/fighter-details/68d4a891e5cf2029,Women's Flyweight,Women,U-DEC,3,5:00,http://ufcstats.com/fight-details/e84c3f1f9a33fa90,Tracy Cortez,0,21 of 44,47%,21 of 44,1 of 4,25%,0,0,0:13,1993-12-10,32.58
UFC 329: McGregor vs. Holloway 2,2026-07-11,Wang Cong,http://ufcstats.com/fighter-details/2997e7fe3c9d3d4a,Tracy Cortez,http://ufcstats.com/fighter-details/68d4a891e5cf2029,Women's Flyweight,Women,U-DEC,3,5:00,http://ufcstats.com/fight-details/e84c3f1f9a33fa90,Wang Cong,0,41 of 63,65%,49 of 71,0 of 0,---,0,0,0:37,1992-05-15,34.15
UFC 329: McGregor vs. Holloway 2,2026-07-11,Damian Pinas,http://ufcstats.com/fighter-details/fdd22e895a70e4a8,Cesar Almeida,http://ufcstats.com/fighter-details/64d47ef881a437a4,Middleweight,Men,KO/TKO Punch,1,4:44,http://ufcstats.com/fight-details/b223b10ef19f912c,Damian Pinas,1,25 of 33,75%,28 of 37,0 of 1,0%,0,0,0:03,2002-03-12,24.33
UFC 329: McGregor vs. Holloway 2,2026-07-11,Damian Pinas,http://ufcstats.com/fighter-details/fdd22e895a70e4a8,Cesar Almeida,http://ufcstats.com/fighter-details/64d47ef881a437a4,Middleweight,Men,KO/TKO Punch,1,4:44,http://ufcstats.com/fight-details/b223b10ef19f912c,Cesar Almeida,0,37 of 50,74%,39 of 52,1 of 1,100%,0,0,0:33,1988-03-28,38.29
UFC 329: McGregor vs. Holloway 2,2026-07-11,Farid Basharat,http://ufcstats.com/fighter-details/a09ed60aa67a3f67,John Garza,http://ufcstats.com/fighter-details/a54b961a1f8be1d5,Bantamweight,Men,U-DEC,3,5:00,http://ufcstats.com/fight-details/9e00ee7644774e18,Farid Basharat,0,23 of 35,65%,24 of 36,2 of 4,50%,0,0,1:36,1997-08-02,28.94
UFC 329: McGregor vs. Holloway 2,2026-07-11,Farid Basharat,http://ufcstats.com/fighter-details/a09ed60aa67a3f67,John Garza,http://ufcstats.com/fighter-details/a54b961a1f8be1d5,Bantamweight,Men,U-DEC,3,5:00,http://ufcstats.com/fight-details/9e00ee7644774e18,John Garza,0,15 of 47,31%,20 of 52,0 of 0,---,0,1,0:07,2002-10-30,23.7
UFC 329: McGregor vs. Holloway 2,2026-07-11,Ryan Gandra,http://ufcstats.com/fighter-details/e463ce0a2ca474f4,Zach Reese,http://ufcstats.com/fighter-details/23dec7c47cb418f8,Middleweight,Men,KO/TKO Punch,1,1:15,http://ufcstats.com/fight-details/1162a74e3604c488,Ryan Gandra,1,10 of 20,50%,10 of 20,0 of 0,---,0,0,0:05,1995-05-08,31.18
UFC 329: McGregor vs. Holloway 2,2026-07-11,Ryan Gandra,http://ufcstats.com/fighter-details/e463ce0a2ca474f4,Zach Reese,http://ufcstats.com/fighter-details/23dec7c47cb418f8,Middleweight,Men,KO/TKO Punch,1,1:15,http://ufcstats.com/fight-details/1162a74e3604c488,Zach Reese,0,5 of 10,50%,5 of 10,0 of 0,---,0,0,0:00,1994-03-24,32.3
UFC 329: McGregor vs. Holloway 2,2026-07-11,Alessandro Costa,http://ufcstats.com/fighter-details/3fa97913cfd205d3,Cody Durden,http://ufcstats.com/fighter-details/7f6ed67d3ed3c036,Flyweight,Men,SUB Rear Naked Choke,2,2:19,http://ufcstats.com/fight-details/1b6a3b0d27654d3e,Alessandro Costa,0,16 of 37,43%,16 of 37,0 of 0,---,0,0,0:00,1996-01-28,30.45
UFC 329: McGregor vs. Holloway 2,2026-07-11,Alessandro Costa,http://ufcstats.com/fighter-details/3fa97913cfd205d3,Cody Durden,http://ufcstats.com/fighter-details/7f6ed67d3ed3c036,Flyweight,Men,SUB Rear Naked Choke,2,2:19,http://ufcstats.com/fight-details/1b6a3b0d27654d3e,Cody Durden,0,17 of 53,32%,19 of 55,0 of 2,0%,0,0,0:12,1991-03-29,35.29
UFC Fight Night: Du Plessis vs. Usman,2026-07-18,Dricus Du Plessis,http://ufcstats.com/fighter-details/0d7b51c9d2649a6e,Kamaru Usman,http://ufcstats.com/fighter-details/f1b2aa7853d1ed6e,Middleweight,Men,U-DEC,5,5:00,http://ufcstats.com/fight-details/701c97405da76603,Dricus Du Plessis,0,29 of 62,46%,30 of 63,0 of 0,---,0,0,0:00,1994-01-14,32.51
UFC Fight Night: Du Plessis vs. Usman,2026-07-18,Dricus Du Plessis,http://ufcstats.com/fighter-details/0d7b51c9d2649a6e,Kamaru Usman,http://ufcstats.com/fighter-details/f1b2aa7853d1ed6e,Middleweight,Men,U-DEC,5,5:00,http://ufcstats.com/fight-details/701c97405da76603,Kamaru Usman,0,17 of 41,41%,18 of 42,0 of 1,0%,0,0,0:00,1987-05-11,39.19
UFC Fight Night: Du Plessis vs. Usman,2026-07-18,Christian Leroy Duncan,http://ufcstats.com/fighter-details/a93f94c923c3a9cb,Jared Cannonier,http://ufcstats.com/fighter-details/13a0275fa13c4d26,Middleweight,Men,U-DEC,3,5:00,http://ufcstats.com/fight-details/4eff5a845db17572,Jared Cannonier,0,2 of 8,25%,5 of 12,1 of 3,33%,0,0,2:02,1984-03-16,42.34
UFC Fight Night: Du Plessis vs. Usman,2026-07-18,Christian Leroy Duncan,http://ufcstats.com/fighter-details/a93f94c923c3a9cb,Jared Cannonier,http://ufcstats.com/fighter-details/13a0275fa13c4d26,Middleweight,Men,U-DEC,3,5:00,http://ufcstats.com/fight-details/4eff5a845db17572,Christian Leroy Duncan,0,27 of 42,64%,37 of 56,1 of 1,100%,0,0,1:09,1995-07-24,30.98
UFC Fight Night: Du Plessis vs. Usman,2026-07-18,Chase Hooper,http://ufcstats.com/fighter-details/971246648e162f0d,Mitch Ramirez,http://ufcstats.com/fighter-details/e99eb0ef25885de5,Lightweight,Men,SUB Rear Naked Choke,1,2:15,http://ufcstats.com/fight-details/f2abca7379982d4f,Chase Hooper,0,3 of 7,42%,4 of 8,1 of 2,50%,1,0,1:27,1999-09-13,26.84
UFC Fight Night: Du Plessis vs. Usman,2026-07-18,Chase Hooper,http://ufcstats.com/fighter-details/971246648e162f0d,Mitch Ramirez,http://ufcstats.com/fighter-details/e99eb0ef25885de5,Lightweight,Men,SUB Rear Naked Choke,1,2:15,http://ufcstats.com/fight-details/f2abca7379982d4f,Mitch Ramirez,0,1 of 1,100%,3 of 3,0 of 0,---,0,0,0:00,1992-11-03,33.7
UFC Fight Night: Du Plessis vs. Usman,2026-07-18,Fatima Kline,http://ufcstats.com/fighter-details/745fa7b605f8e2da,Tabatha Ricci,http://ufcstats.com/fighter-details/d25240135aee03e5,Women's Strawweight,Women,U-DEC,3,5:00,http://ufcstats.com/fight-details/52ddf20a10890b41,Tabatha Ricci,0,5 of 31,16%,6 of 33,0 of 3,0%,0,0,0:01,1995-02-21,31.4
UFC Fight Night: Du Plessis vs. Usman,2026-07-18,Fatima Kline,http://ufcstats.com/fighter-details/745fa7b605f8e2da,Tabatha Ricci,http://ufcstats.com/fighter-details/d25240135aee03e5,Women's Strawweight,Women,U-DEC,3,5:00,http://ufcstats.com/fight-details/52ddf20a10890b41,Fatima Kline,0,13 of 55,23%,14 of 60,3 of 3,100%,0,0,1:39,2000-07-12,26.02
UFC Fight Night: Du Plessis vs. Usman,2026-07-18,Tommy McMillen,http://ufcstats.com/fighter-details/6b0a6def604de298,Alberto Montes,http://ufcstats.com/fighter-details/a112097ad877a48f,Featherweight,Men,KO/TKO Punches,3,3:29,http://ufcstats.com/fight-details/c64c6ba6eb1e1d06,Tommy McMillen,0,74 of 170,43%,74 of 170,0 of 0,---,0,0,0:31,1997-12-15,28.59
UFC Fight Night: Du Plessis vs. Usman,2026-07-18,Tommy McMillen,http://ufcstats.com/fighter-details/6b0a6def604de298,Alberto Montes,http://ufcstats.com/fighter-details/a112097ad877a48f,Featherweight,Men,KO/TKO Punches,3,3:29,http://ufcstats.com/fight-details/c64c6ba6eb1e1d06,Alberto Montes,0,23 of 56,41%,23 of 56,0 of 0,---,0,0,0:00,1994-05-31,32.13
UFC Fight Night: Du Plessis vs. Usman,2026-07-18,Jose Delgado,http://ufcstats.com/fighter-details/7d6ceff6747f2de2,Austin Bashi,http://ufcstats.com/fighter-details/d3f89fa685bd8420,Featherweight,Men,U-DEC,3,5:00,http://ufcstats.com/fight-details/3bd159c1bed14700,Austin Bashi,0,10 of 28,35%,11 of 29,1 of 6,16%,0,0,0:40,2001-09-29,24.8
UFC Fight Night: Du Plessis vs. Usman,2026-07-18,Jose Delgado,http://ufcstats.com/fighter-details/7d6ceff6747f2de2,Austin Bashi,http://ufcstats.com/fighter-details/d3f89fa685bd8420,Featherweight,Men,U-DEC,3,5:00,http://ufcstats.com/fight-details/3bd159c1bed14700,Jose Delgado,1,12 of 29,41%,38 of 60,0 of 0,---,0,0,1:24,1998-04-21,28.24
UFC Fight Night: Du Plessis vs. Usman,2026-07-18,Jean-Paul Lebosnoyani,http://ufcstats.com/fighter-details/a3dda21be645be93,Seokhyeon Ko,http://ufcstats.com/fighter-details/4a07b1988477502c,Welterweight,Men,U-DEC,3,5:00,http://ufcstats.com/fight-details/f2eb569176e46edf,Jean-Paul Lebosnoyani,0,15 of 51,29%,18 of 54,1 of 1,100%,1,0,0:30,1999-01-27,27.47
UFC Fight Night: Du Plessis vs. Usman,2026-07-18,Jean-Paul Lebosnoyani,http://ufcstats.com/fighter-details/a3dda21be645be93,Seokhyeon Ko,http://ufcstats.com/fighter-details/4a07b1988477502c,Welterweight,Men,U-DEC,3,5:00,http://ufcstats.com/fight-details/f2eb569176e46edf,Seokhyeon Ko,0,25 of 61,40%,27 of 63,0 of 2,0%,0,0,0:14,1993-09-24,32.81
UFC Fight Night: Du Plessis vs. Usman,2026-07-18,Felipe Franco,http://ufcstats.com/fighter-details/e564146b9cf6dbef,Levi Rodrigues Jr.,http://ufcstats.com/fighter-details/9ac4e43ed56429ed,Light Heavyweight,Men,KO/TKO Punches,2,1:40,http://ufcstats.com/fight-details/46d800ce45fdd3e6,Levi Rodrigues Jr.,0,11 of 28,39%,26 of 48,0 of 0,---,0,0,0:00,1996-10-15,29.75
UFC Fight Night: Du Plessis vs. Usman,2026-07-18,Felipe Franco,http://ufcstats.com/fighter-details/e564146b9cf6dbef,Levi Rodrigues Jr.,http://ufcstats.com/fighter-details/9ac4e43ed56429ed,Light Heavyweight,Men,KO/TKO Punches,2,1:40,http://ufcstats.com/fight-details/46d800ce45fdd3e6,Felipe Franco,0,16 of 25,64%,25 of 37,2 of 4,50%,0,0,2:27,2001-01-22,25.48
UFC Fight Night: Du Plessis vs. Usman,2026-07-18,Ezra Elliott,http://ufcstats.com/fighter-details/b852ad2b35354fcb,Damien Anderson,http://ufcstats.com/fighter-details/df619b9a86ce0a9a,Featherweight,Men,U-DEC,3,5:00,http://ufcstats.com/fight-details/9e525f939fba3e73,Ezra Elliott,0,1 of 6,16%,4 of 9,4 of 7,57%,0,0,3:41,2000-05-18,26.17
UFC Fight Night: Du Plessis vs. Usman,2026-07-18,Ezra Elliott,http://ufcstats.com/fighter-details/b852ad2b35354fcb,Damien Anderson,http://ufcstats.com/fighter-details/df619b9a86ce0a9a,Featherweight,Men,U-DEC,3,5:00,http://ufcstats.com/fight-details/9e525f939fba3e73,Damien Anderson,0,4 of 9,44%,14 of 20,0 of 1,0%,1,0,0:00,1997-01-04,29.53
UFC Fight Night: Du Plessis vs. Usman,2026-07-18,Alden Coria,http://ufcstats.com/fighter-details/5e9ca8dd7d783a75,Stewart Nicoll,http://ufcstats.com/fighter-details/2bd98ab77a8daa75,Flyweight,Men,U-DEC,3,5:00,http://ufcstats.com/fight-details/410e6b9e01660b35,Alden Coria,0,14 of 39,35%,15 of 40,0 of 1,0%,0,0,0:09,1998-04-24,28.23
UFC Fight Night: Du Plessis vs. Usman,2026-07-18,Alden Coria,http://ufcstats.com/fighter-details/5e9ca8dd7d783a75,Stewart Nicoll,http://ufcstats.com/fighter-details/2bd98ab77a8daa75,Flyweight,Men,U-DEC,3,5:00,http://ufcstats.com/fight-details/410e6b9e01660b35,Stewart Nicoll,0,9 of 39,23%,10 of 40,3 of 4,75%,0,0,1:03,1994-11-04,31.7
UFC Fight Night: Du Plessis vs. Usman,2026-07-18,RJ Harris,http://ufcstats.com/fighter-details/e03187ec8b5b6abc,Alvin Hines,http://ufcstats.com/fighter-details/ab2a4b5e04dc5fe9,Heavyweight,Men,KO/TKO Punch,1,1:40,http://ufcstats.com/fight-details/e05155c1b5c2dc74,RJ Harris,1,15 of 26,57%,17 of 28,0 of 0,---,0,0,0:10,1998-10-01,27.79
UFC Fight Night: Du Plessis vs. Usman,2026-07-18,RJ Harris,http://ufcstats.com/fighter-details/e03187ec8b5b6abc,Alvin Hines,http://ufcstats.com/fighter-details/ab2a4b5e04dc5fe9,Heavyweight,Men,KO/TKO Punch,1,1:40,http://ufcstats.com/fight-details/e05155c1b5c2dc74,Alvin Hines,0,11 of 25,44%,11 of 25,0 of 0,---,0,0,0:00,1991-10-20,34.74
UFC Fight Night: Du Plessis vs. Usman,2026-07-18,Dione Barbosa,http://ufcstats.com/fighter-details/27b388f0aab49780,Anna Melisano,http://ufcstats.com/fighter-details/40a7ec5d1ad6ffa8,Women's Flyweight,Women,SUB Rear Naked Choke,1,4:04,http://ufcstats.com/fight-details/307ea95ad7ebe466,Anna Melisano,0,2 of 6,33%,6 of 10,0 of 0,---,0,0,0:00,1997-05-20,29.16
UFC Fight Night: Du Plessis vs. Usman,2026-07-18,Dione Barbosa,http://ufcstats.com/fighter-details/27b388f0aab49780,Anna Melisano,http://ufcstats.com/fighter-details/40a7ec5d1ad6ffa8,Women's Flyweight,Women,SUB Rear Naked Choke,1,4:04,http://ufcstats.com/fight-details/307ea95ad7ebe466,Dione Barbosa,0,5 of 7,71%,22 of 29,1 of 2,50%,2,0,3:31,1992-05-08,34.19
UFC Fight Night: Ankalaev vs. Guskov,2026-07-25,Magomed Ankalaev,http://ufcstats.com/fighter-details/d802174b0c0c1f4e,Bogdan Guskov,http://ufcstats.com/fighter-details/ef5dcb10d2bd4b0f,Light Heavyweight,Men,KO/TKO Punches,5,2:41,http://ufcstats.com/fight-details/9009ec7b91f2be14,Magomed Ankalaev,0,19 of 39,48%,19 of 39,0 of 1,0%,0,0,0:00,1992-06-02,34.14
UFC Fight Night: Ankalaev vs. Guskov,2026-07-25,Magomed Ankalaev,http://ufcstats.com/fighter-details/d802174b0c0c1f4e,Bogdan Guskov,http://ufcstats.com/fighter-details/ef5dcb10d2bd4b0f,Light Heavyweight,Men,KO/TKO Punches,5,2:41,http://ufcstats.com/fight-details/9009ec7b91f2be14,Bogdan Guskov,0,11 of 22,50%,11 of 22,0 of 0,---,0,0,0:00,1992-09-12,33.86
UFC Fight Night: Ankalaev vs. Guskov,2026-07-25,Ramazan Temirov,http://ufcstats.com/fighter-details/7d0a1968b38ca439,Steve Erceg,http://ufcstats.com/fighter-details/32ab52e5de93092d,Flyweight,Men,KO/TKO Punches,1,4:21,http://ufcstats.com/fight-details/c36cd04f8f560f0a,Steve Erceg,0,11 of 42,26%,11 of 42,0 of 1,0%,0,0,0:08,1995-07-27,31.0
UFC Fight Night: Ankalaev vs. Guskov,2026-07-25,Ramazan Temirov,http://ufcstats.com/fighter-details/7d0a1968b38ca439,Steve Erceg,http://ufcstats.com/fighter-details/32ab52e5de93092d,Flyweight,Men,KO/TKO Punches,1,4:21,http://ufcstats.com/fight-details/c36cd04f8f560f0a,Ramazan Temirov,2,27 of 61,44%,32 of 67,0 of 0,---,0,0,0:06,1997-01-31,29.48
UFC Fight Night: Ankalaev vs. Guskov,2026-07-25,Magomed Zaynukov,http://ufcstats.com/fighter-details/04ff3a711504d6b3,Damian Rzepecki,http://ufcstats.com/fighter-details/99223fbb4a05326b,Lightweight,Men,U-DEC,3,5:00,http://ufcstats.com/fight-details/4ace64aa144389c5,Magomed Zaynukov,0,22 of 43,51%,36 of 57,0 of 1,0%,0,0,0:19,1995-01-02,31.56
UFC Fight Night: Ankalaev vs. Guskov,2026-07-25,Magomed Zaynukov,http://ufcstats.com/fighter-details/04ff3a711504d6b3,Damian Rzepecki,http://ufcstats.com/fighter-details/99223fbb4a05326b,Lightweight,Men,U-DEC,3,5:00,http://ufcstats.com/fight-details/4ace64aa144389c5,Damian Rzepecki,0,7 of 16,43%,16 of 25,1 of 1,100%,0,0,2:04,2001-11-23,24.67
UFC Fight Night: Ankalaev vs. Guskov,2026-07-25,Rizvan Kuniev,http://ufcstats.com/fighter-details/739fd4fbb5d862f4,Tyrell Fortune,http://ufcstats.com/fighter-details/bc7f4b2d4c2724a2,Heavyweight,Men,KO/TKO Knee,3,1:12,http://ufcstats.com/fight-details/5ffb251c6ea48b65,Rizvan Kuniev,0,24 of 49,48%,25 of 50,0 of 0,---,0,0,0:28,1992-03-10,34.37
UFC Fight Night: Ankalaev vs. Guskov,2026-07-25,Rizvan Kuniev,http://ufcstats.com/fighter-details/739fd4fbb5d862f4,Tyrell Fortune,http://ufcstats.com/fighter-details/bc7f4b2d4c2724a2,Heavyweight,Men,KO/TKO Knee,3,1:12,http://ufcstats.com/fight-details/5ffb251c6ea48b65,Tyrell Fortune,0,10 of 23,43%,13 of 26,0 of 0,---,0,0,0:00,1990-07-04,36.06
UFC Fight Night: Ankalaev vs. Guskov,2026-07-25,Abubakar Vagaev,http://ufcstats.com/fighter-details/f7adc1fd115f8fdd,Saygid Izagakhmaev,http://ufcstats.com/fighter-details/de26d906f2874dd4,Welterweight,Men,U-DEC,3,5:00,http://ufcstats.com/fight-details/61280e5644189c61,Abubakar Vagaev,0,3 of 6,50%,30 of 35,2 of 4,50%,0,0,4:07,1993-04-14,33.28
UFC Fight Night: Ankalaev vs. Guskov,2026-07-25,Abubakar Vagaev,http://ufcstats.com/fighter-details/f7adc1fd115f8fdd,Saygid Izagakhmaev,http://ufcstats.com/fighter-details/de26d906f2874dd4,Welterweight,Men,U-DEC,3,5:00,http://ufcstats.com/fight-details/61280e5644189c61,Saygid Izagakhmaev,0,7 of 12,58%,26 of 31,0 of 1,0%,0,0,0:16,1994-09-03,31.89
UFC Fight Night: Ankalaev vs. Guskov,2026-07-25,Valter Walker,http://ufcstats.com/fighter-details/f5779a2303ed76ec,Thomas Petersen,http://ufcstats.com/fighter-details/764d39074a352e33,Heavyweight,Men,SUB Calf Slicer,1,1:32,http://ufcstats.com/fight-details/d7070ab1b2144f8d,Valter Walker,0,1 of 1,100%,3 of 3,0 of 0,---,2,0,0:09,1997-12-14,28.61
UFC Fight Night: Ankalaev vs. Guskov,2026-07-25,Valter Walker,http://ufcstats.com/fighter-details/f5779a2303ed76ec,Thomas Petersen,http://ufcstats.com/fighter-details/764d39074a352e33,Heavyweight,Men,SUB Calf Slicer,1,1:32,http://ufcstats.com/fight-details/d7070ab1b2144f8d,Thomas Petersen,0,0 of 1,0%,6 of 7,0 of 1,0%,0,0,0:37,1995-03-30,31.32
UFC Fight Night: Ankalaev vs. Guskov,2026-07-25,Muhammad Saidov,http://ufcstats.com/fighter-details/b01a5e0dcd9f231d,Dustin Jacoby,http://ufcstats.com/fighter-details/e4277e87a789d687,Light Heavyweight,Men,KO/TKO Kick,2,4:49,http://ufcstats.com/fight-details/05bc7a042156b6f6,Dustin Jacoby,0,17 of 44,38%,17 of 44,0 of 0,---,0,0,0:00,1988-04-04,38.31
UFC Fight Night: Ankalaev vs. Guskov,2026-07-25,Muhammad Saidov,http://ufcstats.com/fighter-details/b01a5e0dcd9f231d,Dustin Jacoby,http://ufcstats.com/fighter-details/e4277e87a789d687,Light Heavyweight,Men,KO/TKO Kick,2,4:49,http://ufcstats.com/fight-details/05bc7a042156b6f6,Muhammad Saidov,0,16 of 50,32%,16 of 50,0 of 0,---,0,0,0:00,1996-01-10,30.54
UFC Fight Night: Ankalaev vs. Guskov,2026-07-25,Sam Patterson,http://ufcstats.com/fighter-details/8b6e5dc2ba1edbe7,Santiago Ponzinibbio,http://ufcstats.com/fighter-details/6d1bffff14897645,Welterweight,Men,KO/TKO Punches,2,3:06,http://ufcstats.com/fight-details/f6e6b004f07363e9,Santiago Ponzinibbio,0,10 of 52,19%,10 of 52,0 of 1,0%,0,0,0:00,1986-09-26,39.83
UFC Fight Night: Ankalaev vs. Guskov,2026-07-25,Sam Patterson,http://ufcstats.com/fighter-details/8b6e5dc2ba1edbe7,Santiago Ponzinibbio,http://ufcstats.com/fighter-details/6d1bffff14897645,Welterweight,Men,KO/TKO Punches,2,3:06,http://ufcstats.com/fight-details/f6e6b004f07363e9,Sam Patterson,0,29 of 75,38%,29 of 75,0 of 0,---,0,0,0:00,1996-04-30,30.23
UFC Fight Night: Ankalaev vs. Guskov,2026-07-25,Axel Sola,http://ufcstats.com/fighter-details/1d2d98ddd05b38fb,Ismael Bonfim,http://ufcstats.com/fighter-details/eb393afdbe3293d5,Lightweight,Men,SUB D'Arce Choke,1,4:44,http://ufcstats.com/fight-details/a122306d0ce5fbfb,Ismael Bonfim,0,1 of 3,33%,1 of 3,1 of 3,33%,0,0,2:03,1995-12-28,30.57
UFC Fight Night: Ankalaev vs. Guskov,2026-07-25,Axel Sola,http://ufcstats.com/fighter-details/1d2d98ddd05b38fb,Ismael Bonfim,http://ufcstats.com/fighter-details/eb393afdbe3293d5,Lightweight,Men,SUB D'Arce Choke,1,4:44,http://ufcstats.com/fight-details/a122306d0ce5fbfb,Axel Sola,1,33 of 44,75%,77 of 96,0 of 0,---,1,0,2:03,1997-09-17,28.85
UFC Fight Night: Ankalaev vs. Guskov,2026-07-25,Magomed Tuchalov,http://ufcstats.com/fighter-details/bc5a51159ec2fdf2,Brendson Ribeiro,http://ufcstats.com/fighter-details/49edd0d90f60fb7d,Light Heavyweight,Men,U-DEC,3,5:00,http://ufcstats.com/fight-details/3ac870d6e7d323b7,Magomed Tuchalov,0,9 of 23,39%,9 of 23,0 of 1,0%,0,0,0:00,1999-12-30,26.57
UFC Fight Night: Ankalaev vs. Guskov,2026-07-25,Magomed Tuchalov,http://ufcstats.com/fighter-details/bc5a51159ec2fdf2,Brendson Ribeiro,http://ufcstats.com/fighter-details/49edd0d90f60fb7d,Light Heavyweight,Men,U-DEC,3,5:00,http://ufcstats.com/fight-details/3ac870d6e7d323b7,Brendson Ribeiro,0,18 of 51,35%,18 of 51,0 of 0,---,0,0,0:00,1996-09-08,29.88
UFC Fight Night: Ankalaev vs. Guskov,2026-07-25,Nurullo Aliev,http://ufcstats.com/fighter-details/ca28cdf526d6b6e9,Mike Davis,http://ufcstats.com/fighter-details/fb3e61720be4690c,Lightweight,Men,U-DEC,3,5:00,http://ufcstats.com/fight-details/3859314324918eeb,Nurullo Aliev,0,2 of 4,50%,18 of 21,4 of 5,80%,0,1,4:29,2000-12-08,25.63
UFC Fight Night: Ankalaev vs. Guskov,2026-07-25,Nurullo Aliev,http://ufcstats.com/fighter-details/ca28cdf526d6b6e9,Mike Davis,http://ufcstats.com/fighter-details/fb3e61720be4690c,Lightweight,Men,U-DEC,3,5:00,http://ufcstats.com/fight-details/3859314324918eeb,Mike Davis,0,5 of 5,100%,16 of 17,0 of 0,---,1,0,0:18,1992-10-07,33.8
UFC Fight Night: Ankalaev vs. Guskov,2026-07-25,Abdul Hussein,http://ufcstats.com/fighter-details/0e6bc8d1d6c0ad90,Cody Gibson,http://ufcstats.com/fighter-details/700a674c042b7a96,Bantamweight,Men,SUB Arm Triangle,3,3:07,http://ufcstats.com/fight-details/532340708f0500bd,Cody Gibson,0,21 of 49,42%,28 of 57,1 of 3,33%,3,0,1:06,1987-09-11,38.87
UFC Fight Night: Ankalaev vs. Guskov,2026-07-25,Abdul Hussein,http://ufcstats.com/fighter-details/0e6bc8d1d6c0ad90,Cody Gibson,http://ufcstats.com/fighter-details/700a674c042b7a96,Bantamweight,Men,SUB Arm Triangle,3,3:07,http://ufcstats.com/fight-details/532340708f0500bd,Abdul Hussein,0,30 of 47,63%,30 of 49,0 of 1,0%,0,1,1:02,1997-08-02,28.98
UFC Fight Night: Medic vs. Rodriguez,2026-08-01,Uros Medic,http://ufcstats.com/fighter-details/681399317dbf4701,Daniel Rodriguez,http://ufcstats.com/fighter-details/8a1f3b5c526cd6e6,Welterweight,Men,KO/TKO Punches,1,0:30,http://ufcstats.com/fight-details/68ae50dbf98dc15f,Uros Medic,1,11 of 14,78%,11 of 14,0 of 0,---,0,0,0:04,1993-04-25,33.27
UFC Fight Night: Medic vs. Rodriguez,2026-08-01,Uros Medic,http://ufcstats.com/fighter-details/681399317dbf4701,Daniel Rodriguez,http://ufcstats.com/fighter-details/8a1f3b5c526cd6e6,Welterweight,Men,KO/TKO Punches,1,0:30,http://ufcstats.com/fight-details/68ae50dbf98dc15f,Daniel Rodriguez,0,1 of 3,33%,1 of 3,0 of 0,---,0,0,0:00,1986-12-31,39.58
UFC Fight Night: Medic vs. Rodriguez,2026-08-01,Navajo Stirling,http://ufcstats.com/fighter-details/b4b496ec2197ee3e,Jan Blachowicz,http://ufcstats.com/fighter-details/99df7d0a2a08a8a8,Light Heavyweight,Men,KO/TKO Punches,1,2:56,http://ufcstats.com/fight-details/0c3c835e681972d3,Jan Blachowicz,0,3 of 7,42%,6 of 11,0 of 0,---,0,0,0:04,1983-02-24,43.43
UFC Fight Night: Medic vs. Rodriguez,2026-08-01,Navajo Stirling,http://ufcstats.com/fighter-details/b4b496ec2197ee3e,Jan Blachowicz,http://ufcstats.com/fighter-details/99df7d0a2a08a8a8,Light Heavyweight,Men,KO/TKO Punches,1,2:56,http://ufcstats.com/fight-details/0c3c835e681972d3,Navajo Stirling,0,35 of 46,76%,36 of 47,0 of 1,0%,0,0,1:04,1997-11-07,28.73
UFC Fight Night: Medic vs. Rodriguez,2026-08-01,Aleksandar Rakic,http://ufcstats.com/fighter-details/333b9e5c723ac873,Marcin Tybura,http://ufcstats.com/fighter-details/c9cf753cfdf77fc2,Heavyweight,Men,U-DEC,3,5:00,http://ufcstats.com/fight-details/eb8753ed0476b3d1,Aleksandar Rakic,0,36 of 60,60%,36 of 60,0 of 0,---,0,0,0:00,1992-02-06,34.48
UFC Fight Night: Medic vs. Rodriguez,2026-08-01,Aleksandar Rakic,http://ufcstats.com/fighter-details/333b9e5c723ac873,Marcin Tybura,http://ufcstats.com/fighter-details/c9cf753cfdf77fc2,Heavyweight,Men,U-DEC,3,5:00,http://ufcstats.com/fight-details/eb8753ed0476b3d1,Marcin Tybura,0,10 of 56,17%,10 of 56,0 of 1,0%,0,0,0:00,1985-11-09,40.73
UFC Fight Night: Medic vs. Rodriguez,2026-08-01,Robert Valentin,http://ufcstats.com/fighter-details/0cd0456d6029cec2,Dusko Todorovic,http://ufcstats.com/fighter-details/866fd7b1a6c90e7f,Middleweight,Men,SUB Guillotine Choke,1,4:14,http://ufcstats.com/fight-details/f425b7a527dd53aa,Dusko Todorovic,0,1 of 1,100%,1 of 1,2 of 3,66%,0,0,1:00,1994-05-19,32.2
UFC Fight Night: Medic vs. Rodriguez,2026-08-01,Robert Valentin,http://ufcstats.com/fighter-details/0cd0456d6029cec2,Dusko Todorovic,http://ufcstats.com/fighter-details/866fd7b1a6c90e7f,Middleweight,Men,SUB Guillotine Choke,1,4:14,http://ufcstats.com/fight-details/f425b7a527dd53aa,Robert Valentin,0,1 of 3,33%,13 of 15,1 of 1,100%,2,1,2:37,1995-03-31,31.34
UFC Fight Night: Medic vs. Rodriguez,2026-08-01,Gilbert Urbina,http://ufcstats.com/fighter-details/b12fb759e02378de,Vlasto Cepo,http://ufcstats.com/fighter-details/025c1ee70b2cedf4,Middleweight,Men,KO/TKO Elbows,1,1:01,http://ufcstats.com/fight-details/7ecb154439aca0f9,Vlasto Cepo,0,7 of 24,29%,7 of 24,0 of 0,---,0,0,0:00,1995-01-25,31.52
UFC Fight Night: Medic vs. Rodriguez,2026-08-01,Gilbert Urbina,http://ufcstats.com/fighter-details/b12fb759e02378de,Vlasto Cepo,http://ufcstats.com/fighter-details/025c1ee70b2cedf4,Middleweight,Men,KO/TKO Elbows,1,1:01,http://ufcstats.com/fight-details/7ecb154439aca0f9,Gilbert Urbina,1,30 of 48,62%,36 of 54,0 of 0,---,0,0,0:22,1996-04-05,30.32
UFC Fight Night: Medic vs. Rodriguez,2026-08-01,Noah Gugnon,http://ufcstats.com/fighter-details/6266abf6e4245c72,Milos Janicic,http://ufcstats.com/fighter-details/dfcadfcbd3a3f097,Lightweight,Men,SUB Rear Naked Choke,1,1:21,http://ufcstats.com/fight-details/fec91da886d80200,Milos Janicic,0,6 of 19,31%,7 of 20,0 of 0,---,0,0,0:00,1997-05-03,29.25
UFC Fight Night: Medic vs. Rodriguez,2026-08-01,Noah Gugnon,http://ufcstats.com/fighter-details/6266abf6e4245c72,Milos Janicic,http://ufcstats.com/fighter-details/dfcadfcbd3a3f097,Lightweight,Men,SUB Rear Naked Choke,1,1:21,http://ufcstats.com/fight-details/fec91da886d80200,Noah Gugnon,0,5 of 11,45%,6 of 13,0 of 0,---,1,0,0:40,2000-10-18,25.79
UFC Fight Night: Medic vs. Rodriguez,2026-08-01,Tofiq Musayev,http://ufcstats.com/fighter-details/ae81a3ac7b260411,Ludovit Klein,http://ufcstats.com/fighter-details/5b86d491d63890c5,Lightweight,Men,KO/TKO Punches,2,4:07,http://ufcstats.com/fight-details/fbd99ae7e1ff993a,Ludovit Klein,0,21 of 42,50%,21 of 42,0 of 0,---,0,0,0:00,1995-02-22,31.44
UFC Fight Night: Medic vs. Rodriguez,2026-08-01,Tofiq Musayev,http://ufcstats.com/fighter-details/ae81a3ac7b260411,Ludovit Klein,http://ufcstats.com/fighter-details/5b86d491d63890c5,Lightweight,Men,KO/TKO Punches,2,4:07,http://ufcstats.com/fight-details/fbd99ae7e1ff993a,Tofiq Musayev,0,17 of 44,38%,21 of 48,0 of 1,0%,0,0,0:20,1989-12-15,36.63
UFC Fight Night: Medic vs. Rodriguez,2026-08-01,Michael Oliveira,http://ufcstats.com/fighter-details/037cfd34a27d59e9,Oban Elliott,http://ufcstats.com/fighter-details/6b56e94a59b7b134,Welterweight,Men,KO/TKO Punches,1,1:49,http://ufcstats.com/fight-details/f1bce0c9a3fa4bcb,Oban Elliott,0,6 of 11,54%,6 of 11,0 of 1,0%,0,0,0:00,1997-12-19,28.62
UFC Fight Night: Medic vs. Rodriguez,2026-08-01,Michael Oliveira,http://ufcstats.com/fighter-details/037cfd34a27d59e9,Oban Elliott,http://ufcstats.com/fighter-details/6b56e94a59b7b134,Welterweight,Men,KO/TKO Punches,1,1:49,http://ufcstats.com/fight-details/f1bce0c9a3fa4bcb,Michael Oliveira,2,14 of 25,56%,18 of 29,0 of 0,---,0,0,0:15,1998-01-21,28.53
UFC Fight Night: Medic vs. Rodriguez,2026-08-01,Borislav Nikolic,http://ufcstats.com/fighter-details/5f926979c980b87e,Mark Vologdin,http://ufcstats.com/fighter-details/0e6b611451a9a7d8,Bantamweight,Men,U-DEC,3,5:00,http://ufcstats.com/fight-details/4350abb4f1933f88,Borislav Nikolic,0,11 of 34,32%,12 of 35,1 of 1,100%,0,0,0:28,1993-01-29,33.5
UFC Fight Night: Medic vs. Rodriguez,2026-08-01,Borislav Nikolic,http://ufcstats.com/fighter-details/5f926979c980b87e,Mark Vologdin,http://ufcstats.com/fighter-details/0e6b611451a9a7d8,Bantamweight,Men,U-DEC,3,5:00,http://ufcstats.com/fight-details/4350abb4f1933f88,Mark Vologdin,1,14 of 39,35%,14 of 39,2 of 2,100%,0,0,1:02,2000-04-18,26.29
UFC Fight Night: Medic vs. Rodriguez,2026-08-01,Bogdan Grad,http://ufcstats.com/fighter-details/fb37795db81f93f3,Dennis Buzukja,http://ufcstats.com/fighter-details/c4d039123e62f6a9,Featherweight,Men,SUB Arm Triangle,2,4:33,http://ufcstats.com/fight-details/13aa6688d0538095,Dennis Buzukja,0,22 of 39,56%,27 of 44,0 of 0,---,0,0,0:00,1997-10-01,28.83
UFC Fight Night: Medic vs. Rodriguez,2026-08-01,Bogdan Grad,http://ufcstats.com/fighter-details/fb37795db81f93f3,Dennis Buzukja,http://ufcstats.com/fighter-details/c4d039123e62f6a9,Featherweight,Men,SUB Arm Triangle,2,4:33,http://ufcstats.com/fight-details/13aa6688d0538095,Bogdan Grad,0,27 of 40,67%,45 of 60,3 of 6,50%,1,0,2:44,1995-09-28,30.84
UFC Fight Night: Medic vs. Rodriguez,2026-08-01,Mateusz Rebecki,http://ufcstats.com/fighter-details/849c5d9979df5357,Kyle Prepolec,http://ufcstats.com/fighter-details/873626e5547b5235,Lightweight,Men,KO/TKO Punches,1,4:41,http://ufcstats.com/fight-details/5425c577ed4f50b3,Mateusz Rebecki,0,75 of 98,76%,132 of 174,1 of 1,100%,0,0,4:04,1992-10-03,33.83
UFC Fight Night: Medic vs. Rodriguez,2026-08-01,Mateusz Rebecki,http://ufcstats.com/fighter-details/849c5d9979df5357,Kyle Prepolec,http://ufcstats.com/fighter-details/873626e5547b5235,Lightweight,Men,KO/TKO Punches,1,4:41,http://ufcstats.com/fight-details/5425c577ed4f50b3,Kyle Prepolec,0,2 of 13,15%,11 of 23,0 of 0,---,0,0,0:00,1989-08-30,36.92
UFC Fight Night: Medic vs. Rodriguez,2026-08-01,Nina Milosevic,http://ufcstats.com/fighter-details/eabece0edc2d62ca,Hailey Cowan,http://ufcstats.com/fighter-details/3c26c420584d912d,Women's Bantamweight,Women,KO/TKO Punch,1,3:41,http://ufcstats.com/fight-details/f78f34ef2ee7b02c,Nina Milosevic,1,21 of 39,53%,21 of 39,0 of 0,---,0,0,0:00,1996-08-08,29.98
UFC Fight Night: Medic vs. Rodriguez,2026-08-01,Nina Milosevic,http://ufcstats.com/fighter-details/eabece0edc2d62ca,Hailey Cowan,http://ufcstats.com/fighter-details/3c26c420584d912d,Women's Bantamweight,Women,KO/TKO Punch,1,3:41,http://ufcstats.com/fight-details/f78f34ef2ee7b02c,Hailey Cowan,0,13 of 48,27%,13 of 48,0 of 2,0%,0,0,0:00,1992-02-12,34.47
UFC Fight Night: Medic vs. Rodriguez,2026-08-01,Jovan Leka,http://ufcstats.com/fighter-details/182a73d5b4e57871,Alexander Poppeck,http://ufcstats.com/fighter-details/56bf3ed155bd0fcd,Heavyweight,Men,KO/TKO Kick,1,2:22,http://ufcstats.com/fight-details/94cef172179c9778,Jovan Leka,1,10 of 16,62%,10 of 16,0 of 0,---,0,0,0:02,2002-03-15,24.38
UFC Fight Night: Medic vs. Rodriguez,2026-08-01,Jovan Leka,http://ufcstats.com/fighter-details/182a73d5b4e57871,Alexander Poppeck,http://ufcstats.com/fighter-details/56bf3ed155bd0fcd,Heavyweight,Men,KO/TKO Kick,1,2:22,http://ufcstats.com/fight-details/94cef172179c9778,Alexander Poppeck,0,8 of 18,44%,8 of 18,0 of 0,---,0,0,0:00,1992-04-06,34.32
UFC Fight Night: Medic vs. Rodriguez,2026-08-01,Stephanie Luciano,http://ufcstats.com/fighter-details/1b35af4d1529adf6,Marina Spasic,http://ufcstats.com/fighter-details/5847c1a960bb23af,Women's Strawweight,Women,SUB Rear Naked Choke,1,3:20,http://ufcstats.com/fight-details/878a7e6fec3e4573,Marina Spasic,0,25 of 53,47%,25 of 53,0 of 0,---,0,0,0:00,1994-07-11,32.06
UFC Fight Night: Medic vs. Rodriguez,2026-08-01,Stephanie Luciano,http://ufcstats.com/fighter-details/1b35af4d1529adf6,Marina Spasic,http://ufcstats.com/fighter-details/5847c1a960bb23af,Women's Strawweight,Women,SUB Rear Naked Choke,1,3:20,http://ufcstats.com/fight-details/878a7e6fec3e4573,Stephanie Luciano,0,20 of 47,42%,22 of 49,1 of 2,50%,1,0,0:26,1999-12-16,26.63
UFC Fight Night: Gamrot vs. Salkilld,2026-08-08,Quillan Salkilld,http://ufcstats.com/fighter-details/17734443a833cdf7,Mateusz Gamrot,http://ufcstats.com/fighter-details/72db2a14ffa73ece,Lightweight,Men,SUB Rear Naked Choke,1,4:25,http://ufcstats.com/fight-details/a10deecfb8558335,Mateusz Gamrot,0,3 of 10,30%,3 of 10,0 of 1,0%,2,0,0:20,1990-12-11,35.66
UFC Fight Night: Gamrot vs. Salkilld,2026-08-08,Quillan Salkilld,http://ufcstats.com/fighter-details/17734443a833cdf7,Mateusz Gamrot,http://ufcstats.com/fighter-details/72db2a14ffa73ece,Lightweight,Men,SUB Rear Naked Choke,1,4:25,http://ufcstats.com/fight-details/a10deecfb8558335,Quillan Salkilld,0,10 of 24,41%,20 of 35,1 of 1,100%,1,0,2:02,1999-12-28,26.61
UFC Fight Night: Gamrot vs. Salkilld,2026-08-08,Diego Ferreira,http://ufcstats.com/fighter-details/f53d4f21d1b5f2dc,Billy Quarantillo,http://ufcstats.com/fighter-details/aa171d55d4b5208f,Lightweight,Men,U-DEC,3,5:00,http://ufcstats.com/fight-details/d5245f5b96b8afdf,Diego Ferreira,0,31 of 65,47%,39 of 75,1 of 1,100%,0,0,1:49,1985-01-18,41.55
UFC Fight Night: Gamrot vs. Salkilld,2026-08-08,Diego Ferreira,http://ufcstats.com/fighter-details/f53d4f21d1b5f2dc,Billy Quarantillo,http://ufcstats.com/fighter-details/aa171d55d4b5208f,Lightweight,Men,U-DEC,3,5:00,http://ufcstats.com/fight-details/d5245f5b96b8afdf,Billy Quarantillo,0,12 of 45,26%,19 of 52,0 of 1,0%,0,0,0:06,1988-12-08,37.66
UFC Fight Night: Gamrot vs. Salkilld,2026-08-08,Yadier del Valle,http://ufcstats.com/fighter-details/70380ccdc81915b8,Darren Elkins,http://ufcstats.com/fighter-details/92a9aa9c93192871,Featherweight,Men,KO/TKO Punch,1,0:35,http://ufcstats.com/fight-details/06bfde3e3577906f,Darren Elkins,0,0 of 2,0%,0 of 2,0 of 1,0%,0,0,0:00,1984-05-16,42.23
UFC Fight Night: Gamrot vs. Salkilld,2026-08-08,Yadier del Valle,http://ufcstats.com/fighter-details/70380ccdc81915b8,Darren Elkins,http://ufcstats.com/fighter-details/92a9aa9c93192871,Featherweight,Men,KO/TKO Punch,1,0:35,http://ufcstats.com/fight-details/06bfde3e3577906f,Yadier del Valle,1,5 of 6,83%,5 of 6,0 of 0,---,0,0,0:09,1996-07-29,30.03
UFC Fight Night: Gamrot vs. Salkilld,2026-08-08,Alexia Thainara,http://ufcstats.com/fighter-details/545092d13c67aa49,Amanda Lemos,http://ufcstats.com/fighter-details/3df5493bb279226f,Women's Strawweight,Women,U-DEC,3,5:00,http://ufcstats.com/fight-details/13f31f7a784013a3,Amanda Lemos,0,17 of 36,47%,23 of 42,0 of 1,0%,0,0,0:11,1987-05-22,39.21
UFC Fight Night: Gamrot vs. Salkilld,2026-08-08,Alexia Thainara,http://ufcstats.com/fighter-details/545092d13c67aa49,Amanda Lemos,http://ufcstats.com/fighter-details/3df5493bb279226f,Women's Strawweight,Women,U-DEC,3,5:00,http://ufcstats.com/fight-details/13f31f7a784013a3,Alexia Thainara,0,27 of 38,71%,69 of 80,0 of 3,0%,0,0,2:37,1995-11-20,30.72
UFC Fight Night: Gamrot vs. Salkilld,2026-08-08,Ty Miller,http://ufcstats.com/fighter-details/0859524157a19045,Billy Ray Goff,http://ufcstats.com/fighter-details/fa07345cc9db5cc9,Welterweight,Men,KO/TKO Punches,3,0:15,http://ufcstats.com/fight-details/f44ab9e9e4a89735,Billy Ray Goff,0,16 of 31,51%,25 of 40,0 of 8,0%,0,0,2:46,1998-06-18,28.14
UFC Fight Night: Gamrot vs. Salkilld,2026-08-08,Ty Miller,http://ufcstats.com/fighter-details/0859524157a19045,Billy Ray Goff,http://ufcstats.com/fighter-details/fa07345cc9db5cc9,Welterweight,Men,KO/TKO Punches,3,0:15,http://ufcstats.com/fight-details/f44ab9e9e4a89735,Ty Miller,0,22 of 48,45%,43 of 69,0 of 0,---,0,0,0:00,2000-06-04,26.18
UFC Fight Night: Gamrot vs. Salkilld,2026-08-08,Steven Asplund,http://ufcstats.com/fighter-details/e56cee1ad697db04,Guilherme Pat,http://ufcstats.com/fighter-details/ba15006c804a8de0,Heavyweight,Men,U-DEC,3,5:00,http://ufcstats.com/fight-details/3050549d19395f6f,Steven Asplund,1,38 of 49,77%,65 of 79,0 of 0,---,0,0,2:20,1998-07-16,28.06
UFC Fight Night: Gamrot vs. Salkilld,2026-08-08,Steven Asplund,http://ufcstats.com/fighter-details/e56cee1ad697db04,Guilherme Pat,http://ufcstats.com/fighter-details/ba15006c804a8de0,Heavyweight,Men,U-DEC,3,5:00,http://ufcstats.com/fight-details/3050549d19395f6f,Guilherme Pat,0,13 of 17,76%,26 of 30,0 of 0,---,0,0,0:59,1994-04-20,32.3
UFC Fight Night: Gamrot vs. Salkilld,2026-08-08,Diyar Nurgozhay,http://ufcstats.com/fighter-details/709fadb644ee3f51,Bruno Lopes,http://ufcstats.com/fighter-details/0abcf6bc47191219,Light Heavyweight,Men,KO/TKO Punches,1,4:59,http://ufcstats.com/fight-details/13380a8d6cdbb381,Diyar Nurgozhay,2,48 of 70,68%,48 of 70,0 of 0,---,0,0,0:08,1997-04-22,29.3
UFC Fight Night: Gamrot vs. Salkilld,2026-08-08,Diyar Nurgozhay,http://ufcstats.com/fighter-details/709fadb644ee3f51,Bruno Lopes,http://ufcstats.com/fighter-details/0abcf6bc47191219,Light Heavyweight,Men,KO/TKO Punches,1,4:59,http://ufcstats.com/fight-details/13380a8d6cdbb381,Bruno Lopes,0,14 of 25,56%,14 of 25,1 of 1,100%,0,0,0:03,1993-04-24,33.29
UFC Fight Night: Gamrot vs. Salkilld,2026-08-08,Jose Montanha,http://ufcstats.com/fighter-details/1f8cd7634e8286ff,Louie Sutherland,http://ufcstats.com/fighter-details/cdb7b38b1b357f26,Heavyweight,Men,SUB Neck Crank,1,1:50,http://ufcstats.com/fight-details/64829a32c78ab656,Louie Sutherland,0,3 of 4,75%,3 of 4,0 of 1,0%,0,0,0:11,1994-02-08,32.5
UFC Fight Night: Gamrot vs. Salkilld,2026-08-08,Jose Montanha,http://ufcstats.com/fighter-details/1f8cd7634e8286ff,Louie Sutherland,http://ufcstats.com/fighter-details/cdb7b38b1b357f26,Heavyweight,Men,SUB Neck Crank,1,1:50,http://ufcstats.com/fight-details/64829a32c78ab656,Jose Montanha,0,2 of 7,28%,7 of 12,1 of 2,50%,1,0,1:01,1996-08-25,29.95
UFC Fight Night: Gamrot vs. Salkilld,2026-08-08,Manoel Sousa,http://ufcstats.com/fighter-details/5870c541798124ae,Richie Miranda,http://ufcstats.com/fighter-details/abde3388a589103c,Lightweight,Men,U-DEC,3,5:00,http://ufcstats.com/fight-details/81ae2a465e0dfa4f,Manoel Sousa,0,7 of 16,43%,14 of 23,0 of 0,---,0,0,1:04,1997-06-04,29.18
UFC Fight Night: Gamrot vs. Salkilld,2026-08-08,Manoel Sousa,http://ufcstats.com/fighter-details/5870c541798124ae,Richie Miranda,http://ufcstats.com/fighter-details/abde3388a589103c,Lightweight,Men,U-DEC,3,5:00,http://ufcstats.com/fight-details/81ae2a465e0dfa4f,Richie Miranda,0,17 of 30,56%,65 of 91,1 of 1,100%,0,0,2:27,1994-08-12,31.99
UFC Fight Night: Gamrot vs. Salkilld,2026-08-08,Miles Johns,http://ufcstats.com/fighter-details/46e0d677f91bacc0,Gianni Vazquez,http://ufcstats.com/fighter-details/51ec9dc3b4964f19,Featherweight,Men,KO/TKO Punch,1,3:09,http://ufcstats.com/fight-details/1168a8e59aacfd72,Miles Johns,1,12 of 28,42%,12 of 28,0 of 0,---,0,0,0:04,1994-03-30,32.36
UFC Fight Night: Gamrot vs. Salkilld,2026-08-08,Miles Johns,http://ufcstats.com/fighter-details/46e0d677f91bacc0,Gianni Vazquez,http://ufcstats.com/fighter-details/51ec9dc3b4964f19,Featherweight,Men,KO/TKO Punch,1,3:09,http://ufcstats.com/fight-details/1168a8e59aacfd72,Gianni Vazquez,0,7 of 25,28%,7 of 25,0 of 0,---,0,0,0:00,1994-07-17,32.06
UFC Fight Night: Gamrot vs. Salkilld,2026-08-08,Juliana Miller,http://ufcstats.com/fighter-details/aa0c573da7119292,Ravena Oliveira,http://ufcstats.com/fighter-details/4948e412fa6ab67d,Women's Flyweight,Women,SUB Rear Naked Choke,2,1:38,http://ufcstats.com/fight-details/d463229133909215,Juliana Miller,0,21 of 38,55%,40 of 62,1 of 2,50%,0,0,3:37,1996-05-07,30.25
UFC Fight Night: Gamrot vs. Salkilld,2026-08-08,Juliana Miller,http://ufcstats.com/fighter-details/aa0c573da7119292,Ravena Oliveira,http://ufcstats.com/fighter-details/4948e412fa6ab67d,Women's Flyweight,Women,SUB Rear Naked Choke,2,1:38,http://ufcstats.com/fight-details/d463229133909215,Ravena Oliveira,0,7 of 13,53%,18 of 25,0 of 0,---,0,0,0:06,1997-02-20,29.46
UFC Fight Night: Gamrot vs. Salkilld,2026-08-08,Carol Foro,http://ufcstats.com/fighter-details/77ba5b2939c4018b,Gigi Canuto,http://ufcstats.com/fighter-details/651d209fa8c8cd83,Women's Strawweight,Women,U-DEC,3,5:00,http://ufcstats.com/fight-details/ded584e13276cbcb,Gigi Canuto,0,24 of 50,48%,24 of 50,0 of 1,0%,0,0,0:00,2002-11-16,23.73
UFC Fight Night: Gamrot vs. Salkilld,2026-08-08,Carol Foro,http://ufcstats.com/fighter-details/77ba5b2939c4018b,Gigi Canuto,http://ufcstats.com/fighter-details/651d209fa8c8cd83,Women's Strawweight,Women,U-DEC,3,5:00,http://ufcstats.com/fight-details/ded584e13276cbcb,Carol Foro,0,43 of 73,58%,43 of 73,0 of 0,---,0,0,0:00,1997-03-21,29.38
UFC 330: Makhachev vs. Machado Garry,2026-08-15,Islam Makhachev,http://ufcstats.com/fighter-details/275aca31f61ba28c,Ian Machado Garry,http://ufcstats.com/fighter-details/442c9011034ae1fd,Welterweight,Men,U-DEC,5,5:00,http://ufcstats.com/fight-details/365fd759c03e93cf,Islam Makhachev,0,3 of 5,60%,23 of 25,1 of 5,20%,0,0,3:38,1991-10-27,34.8
UFC 330: Makhachev vs. Machado Garry,2026-08-15,Islam Makhachev,http://ufcstats.com/fighter-details/275aca31f61ba28c,Ian Machado Garry,http://ufcstats.com/fighter-details/442c9011034ae1fd,Welterweight,Men,U-DEC,5,5:00,http://ufcstats.com/fight-details/365fd759c03e93cf,Ian Machado Garry,0,0 of 2,0%,10 of 17,0 of 0,---,0,0,0:00,1997-11-17,28.74
UFC 330: Makhachev vs. Machado Garry,2026-08-15,Mackenzie Dern,http://ufcstats.com/fighter-details/7447e9f28508106a,Gillian Robertson,http://ufcstats.com/fighter-details/38c7f72747f4f712,Women's Strawweight,Women,U-DEC,5,5:00,http://ufcstats.com/fight-details/4700d42c9869674a,Mackenzie Dern,0,19 of 60,31%,31 of 75,1 of 1,100%,1,0,2:28,1993-03-24,33.39
UFC 330: Makhachev vs. Machado Garry,2026-08-15,Mackenzie Dern,http://ufcstats.com/fighter-details/7447e9f28508106a,Gillian Robertson,http://ufcstats.com/fighter-details/38c7f72747f4f712,Women's Strawweight,Women,U-DEC,5,5:00,http://ufcstats.com/fight-details/4700d42c9869674a,Gillian Robertson,0,3 of 27,11%,4 of 29,0 of 2,0%,0,0,0:06,1995-05-17,31.25
UFC 330: Makhachev vs. Machado Garry,2026-08-15,Jalin Turner,http://ufcstats.com/fighter-details/4d8fa64202cee4c1,Kaue Fernandes,http://ufcstats.com/fighter-details/ec13c393d029297d,Lightweight,Men,KO/TKO Punches,1,0:39,http://ufcstats.com/fight-details/d4bd456d70965734,Jalin Turner,1,9 of 14,64%,9 of 14,0 of 0,---,0,0,0:05,1995-05-18,31.24
UFC 330: Makhachev vs. Machado Garry,2026-08-15,Jalin Turner,http://ufcstats.com/fighter-details/4d8fa64202cee4c1,Kaue Fernandes,http://ufcstats.com/fighter-details/ec13c393d029297d,Lightweight,Men,KO/TKO Punches,1,0:39,http://ufcstats.com/fight-details/d4bd456d70965734,Kaue Fernandes,0,2 of 4,50%,2 of 4,0 of 0,---,0,0,0:00,1995-03-17,31.41
UFC 330: Makhachev vs. Machado Garry,2026-08-15,Dustin Stoltzfus,http://ufcstats.com/fighter-details/71505842fb6455c3,Mansur Abdul-Malik,http://ufcstats.com/fighter-details/841695e02c99a521,Middleweight,Men,SUB Rear Naked Choke,2,4:25,http://ufcstats.com/fight-details/53902dcb3e213b18,Mansur Abdul-Malik,0,12 of 28,42%,12 of 29,0 of 0,---,0,0,0:00,1997-10-07,28.85
UFC 330: Makhachev vs. Machado Garry,2026-08-15,Dustin Stoltzfus,http://ufcstats.com/fighter-details/71505842fb6455c3,Mansur Abdul-Malik,http://ufcstats.com/fighter-details/841695e02c99a521,Middleweight,Men,SUB Rear Naked Choke,2,4:25,http://ufcstats.com/fight-details/53902dcb3e213b18,Dustin Stoltzfus,0,29 of 46,63%,35 of 53,2 of 3,66%,0,0,1:24,1991-11-15,34.75
UFC 330: Makhachev vs. Machado Garry,2026-08-15,Esteban Ribovics,http://ufcstats.com/fighter-details/323d4ca260dfa0ba,Edson Barboza,http://ufcstats.com/fighter-details/64a50dad704d1d49,Lightweight,Men,KO/TKO Punches,2,1:32,http://ufcstats.com/fight-details/8e482cead0c7eb15,Edson Barboza,0,24 of 49,48%,24 of 49,0 of 0,---,0,0,0:00,1986-01-21,40.56
UFC 330: Makhachev vs. Machado Garry,2026-08-15,Esteban Ribovics,http://ufcstats.com/fighter-details/323d4ca260dfa0ba,Edson Barboza,http://ufcstats.com/fighter-details/64a50dad704d1d49,Lightweight,Men,KO/TKO Punches,2,1:32,http://ufcstats.com/fight-details/8e482cead0c7eb15,Esteban Ribovics,0,41 of 89,46%,47 of 95,0 of 0,---,0,0,0:13,1996-04-27,30.3
UFC 330: Makhachev vs. Machado Garry,2026-08-15,Chidi Njokuani,http://ufcstats.com/fighter-details/c68c68efaa5ca6ef,Joel Alvarez,http://ufcstats.com/fighter-details/58bbef3770bb2dfc,Welterweight,Men,U-DEC,3,5:00,http://ufcstats.com/fight-details/6e495deac1f57169,Chidi Njokuani,0,46 of 69,66%,46 of 69,0 of 0,---,0,0,0:00,1988-12-31,37.62
UFC 330: Makhachev vs. Machado Garry,2026-08-15,Chidi Njokuani,http://ufcstats.com/fighter-details/c68c68efaa5ca6ef,Joel Alvarez,http://ufcstats.com/fighter-details/58bbef3770bb2dfc,Welterweight,Men,U-DEC,3,5:00,http://ufcstats.com/fight-details/6e495deac1f57169,Joel Alvarez,0,22 of 50,44%,22 of 50,0 of 0,---,0,0,0:00,1993-03-02,33.45
UFC 330: Makhachev vs. Machado Garry,2026-08-15,Charles Johnson,http://ufcstats.com/fighter-details/814e5233e2acf2ee,Eduardo Chapolin,http://ufcstats.com/fighter-details/62f3039da2f92a8c,Catch Weight,Men,SUB Twister,3,1:36,http://ufcstats.com/fight-details/e7c11d1b22d50ba0,Charles Johnson,0,16 of 39,41%,17 of 40,0 of 3,0%,0,0,0:00,1991-01-10,35.59
UFC 330: Makhachev vs. Machado Garry,2026-08-15,Charles Johnson,http://ufcstats.com/fighter-details/814e5233e2acf2ee,Eduardo Chapolin,http://ufcstats.com/fighter-details/62f3039da2f92a8c,Catch Weight,Men,SUB Twister,3,1:36,http://ufcstats.com/fight-details/e7c11d1b22d50ba0,Eduardo Chapolin,0,22 of 51,43%,22 of 51,1 of 1,100%,0,0,0:36,1995-11-23,30.73
UFC 330: Makhachev vs. Machado Garry,2026-08-15,Donte Johnson,http://ufcstats.com/fighter-details/ad5cb64af10fc946,Eric McConico,http://ufcstats.com/fighter-details/9508cc6184cb2450,Middleweight,Men,KO/TKO Punch,1,1:38,http://ufcstats.com/fight-details/9c5da658c76da7c0,Donte Johnson,1,11 of 31,35%,11 of 31,0 of 0,---,0,0,0:00,1999-01-25,27.55
UFC 330: Makhachev vs. Machado Garry,2026-08-15,Donte Johnson,http://ufcstats.com/fighter-details/ad5cb64af10fc946,Eric McConico,http://ufcstats.com/fighter-details/9508cc6184cb2450,Middleweight,Men,KO/TKO Punch,1,1:38,http://ufcstats.com/fight-details/9c5da658c76da7c0,Eric McConico,0,6 of 15,40%,6 of 15,0 of 1,0%,0,0,0:03,1990-05-09,36.27
UFC 330: Makhachev vs. Machado Garry,2026-08-15,Tresean Gore,http://ufcstats.com/fighter-details/147e70aa6cc48cfc,Vicente Luque,http://ufcstats.com/fighter-details/6d4b63c767106d3a,Middleweight,Men,U-DEC,3,5:00,http://ufcstats.com/fight-details/e79e4d13546d2360,Vicente Luque,0,26 of 56,46%,26 of 56,0 of 0,---,0,0,0:00,1991-11-27,34.72
UFC 330: Makhachev vs. Machado Garry,2026-08-15,Tresean Gore,http://ufcstats.com/fighter-details/147e70aa6cc48cfc,Vicente Luque,http://ufcstats.com/fighter-details/6d4b63c767106d3a,Middleweight,Men,U-DEC,3,5:00,http://ufcstats.com/fight-details/e79e4d13546d2360,Tresean Gore,0,22 of 60,36%,24 of 62,0 of 0,---,0,0,0:00,1994-06-21,32.15
UFC 330: Makhachev vs. Machado Garry,2026-08-15,Lucas Fernando,http://ufcstats.com/fighter-details/3df223aeaacecf3f,Rafael Tobias,http://ufcstats.com/fighter-details/d6a8edb7410223a0,Light Heavyweight,Men,KO/TKO Knee,3,1:10,http://ufcstats.com/fight-details/360b13f97e7ca703,Rafael Tobias,0,7 of 25,28%,8 of 27,1 of 1,100%,0,0,0:50,2003-03-20,23.41
UFC 330: Makhachev vs. Machado Garry,2026-08-15,Lucas Fernando,http://ufcstats.com/fighter-details/3df223aeaacecf3f,Rafael Tobias,http://ufcstats.com/fighter-details/d6a8edb7410223a0,Light Heavyweight,Men,KO/TKO Knee,3,1:10,http://ufcstats.com/fight-details/360b13f97e7ca703,Lucas Fernando,0,27 of 47,57%,27 of 47,0 of 0,---,0,0,0:00,1997-01-10,29.59
UFC 330: Makhachev vs. Machado Garry,2026-08-15,Neil Magny,http://ufcstats.com/fighter-details/84b3e7d38f2d2ec5,Ramiz Brahimaj,http://ufcstats.com/fighter-details/3d074044a33825e7,Welterweight,Men,KO/TKO Punches,2,3:20,http://ufcstats.com/fight-details/e7077d030d5fc15f,Neil Magny,0,7 of 11,63%,18 of 22,0 of 0,---,0,0,0:00,1987-08-03,39.03
UFC 330: Makhachev vs. Machado Garry,2026-08-15,Neil Magny,http://ufcstats.com/fighter-details/84b3e7d38f2d2ec5,Ramiz Brahimaj,http://ufcstats.com/fighter-details/3d074044a33825e7,Welterweight,Men,KO/TKO Punches,2,3:20,http://ufcstats.com/fight-details/e7077d030d5fc15f,Ramiz Brahimaj,0,4 of 6,66%,14 of 17,1 of 1,100%,0,0,4:18,1992-11-17,33.74
UFC 330: Makhachev vs. Machado Garry,2026-08-15,Jeremiah Wells,http://ufcstats.com/fighter-details/d66a46de8d705353,Myktybek Orolbai,http://ufcstats.com/fighter-details/bf2c8e01b07d3eb1,Welterweight,Men,SUB Guillotine Choke,3,1:24,http://ufcstats.com/fight-details/d5ebdf462c9b59b3,Jeremiah Wells,0,11 of 22,50%,20 of 31,0 of 0,---,0,0,0:14,1986-10-30,39.79
UFC 330: Makhachev vs. Machado Garry,2026-08-15,Jeremiah Wells,http://ufcstats.com/fighter-details/d66a46de8d705353,Myktybek Orolbai,http://ufcstats.com/fighter-details/bf2c8e01b07d3eb1,Welterweight,Men,SUB Guillotine Choke,3,1:24,http://ufcstats.com/fight-details/d5ebdf462c9b59b3,Myktybek Orolbai,0,20 of 24,83%,47 of 57,1 of 1,100%,0,0,3:14,1998-02-10,28.51
UFC Fight Night: Hernandez vs. Rodrigues,2026-08-22,Gregory Rodrigues,http://ufcstats.com/fighter-details/d1c65d2cf2925ddd,Anthony Hernandez,http://ufcstats.com/fighter-details/093e1f5bb73850be,Middleweight,Men,U-DEC,5,5:00,http://ufcstats.com/fight-details/fb77b08a90b92d5b,Anthony Hernandez,0,10 of 19,52%,10 of 19,0 of 7,0%,0,0,2:48,1993-10-18,32.84
UFC Fight Night: Hernandez vs. Rodrigues,2026-08-22,Gregory Rodrigues,http://ufcstats.com/fighter-details/d1c65d2cf2925ddd,Anthony Hernandez,http://ufcstats.com/fighter-details/093e1f5bb73850be,Middleweight,Men,U-DEC,5,5:00,http://ufcstats.com/fight-details/fb77b08a90b92d5b,Gregory Rodrigues,0,25 of 33,75%,52 of 62,0 of 0,---,0,0,0:04,1992-02-17,34.51
UFC Fight Night: Hernandez vs. Rodrigues,2026-08-22,Vitor Petrino,http://ufcstats.com/fighter-details/71171fc96445bf65,Serghei Spivac,http://ufcstats.com/fighter-details/e2f6b2769aaedd6c,Heavyweight,Men,U-DEC,3,5:00,http://ufcstats.com/fight-details/a57ccf31c5f6f82b,Serghei Spivac,0,7 of 29,24%,7 of 29,0 of 0,---,0,0,0:00,1995-01-24,31.58
UFC Fight Night: Hernandez vs. Rodrigues,2026-08-22,Vitor Petrino,http://ufcstats.com/fighter-details/71171fc96445bf65,Serghei Spivac,http://ufcstats.com/fighter-details/e2f6b2769aaedd6c,Heavyweight,Men,U-DEC,3,5:00,http://ufcstats.com/fight-details/a57ccf31c5f6f82b,Vitor Petrino,0,23 of 41,56%,23 of 41,0 of 0,---,0,0,0:00,1997-08-28,28.98
UFC Fight Night: Hernandez vs. Rodrigues,2026-08-22,Reinier de Ridder,http://ufcstats.com/fighter-details/d549cefc7c54ab78,Roman Dolidze,http://ufcstats.com/fighter-details/327d5f279895110d,Light Heavyweight,Men,KO/TKO Punches,1,4:01,http://ufcstats.com/fight-details/0eba299c9b6760fa,Reinier de Ridder,0,71 of 83,85%,106 of 119,0 of 0,---,0,0,3:41,1990-09-07,35.96
UFC Fight Night: Hernandez vs. Rodrigues,2026-08-22,Reinier de Ridder,http://ufcstats.com/fighter-details/d549cefc7c54ab78,Roman Dolidze,http://ufcstats.com/fighter-details/327d5f279895110d,Light Heavyweight,Men,KO/TKO Punches,1,4:01,http://ufcstats.com/fight-details/0eba299c9b6760fa,Roman Dolidze,0,1 of 4,25%,4 of 8,0 of 0,---,0,0,0:00,1988-07-15,38.1
UFC Fight Night: Hernandez vs. Rodrigues,2026-08-22,MarQuel Mederos,http://ufcstats.com/fighter-details/e2be0c1a9b886d92,Mason Jones,http://ufcstats.com/fighter-details/f6ad6a1e4d600e0d,Lightweight,Men,KO/TKO Punches,2,2:07,http://ufcstats.com/fight-details/bf70d01518c80fba,MarQuel Mederos,0,41 of 58,70%,50 of 67,0 of 3,0%,0,1,0:50,1996-11-30,29.72
UFC Fight Night: Hernandez vs. Rodrigues,2026-08-22,MarQuel Mederos,http://ufcstats.com/fighter-details/e2be0c1a9b886d92,Mason Jones,http://ufcstats.com/fighter-details/f6ad6a1e4d600e0d,Lightweight,Men,KO/TKO Punches,2,2:07,http://ufcstats.com/fight-details/bf70d01518c80fba,Mason Jones,0,48 of 97,49%,55 of 104,1 of 1,100%,0,0,0:30,1995-04-26,31.32
UFC Fight Night: Hernandez vs. Rodrigues,2026-08-22,Carli Judice,http://ufcstats.com/fighter-details/f1ab6f37492c630a,Jeisla Chaves,http://ufcstats.com/fighter-details/8061a3136026a673,Women's Flyweight,Women,KO/TKO Kick,1,1:39,http://ufcstats.com/fight-details/a4b3becc0cc394d7,Carli Judice,1,16 of 35,45%,16 of 35,0 of 0,---,0,0,0:02,1999-03-02,27.47
UFC Fight Night: Hernandez vs. Rodrigues,2026-08-22,Carli Judice,http://ufcstats.com/fighter-details/f1ab6f37492c630a,Jeisla Chaves,http://ufcstats.com/fighter-details/8061a3136026a673,Women's Flyweight,Women,KO/TKO Kick,1,1:39,http://ufcstats.com/fight-details/a4b3becc0cc394d7,Jeisla Chaves,0,10 of 28,35%,10 of 28,0 of 0,---,0,0,0:00,1997-02-02,29.55
UFC Fight Night: Hernandez vs. Rodrigues,2026-08-22,Anthony Wint,http://ufcstats.com/fighter-details/b34976c022b24568,Terrance Chatman,http://ufcstats.com/fighter-details/23a81656507b56a3,Heavyweight,Men,SUB Arm Triangle,1,4:29,http://ufcstats.com/fight-details/a6873fd459587d17,Anthony Wint,0,5 of 9,55%,46 of 50,1 of 3,33%,1,0,2:42,1995-09-14,30.94
UFC Fight Night: Hernandez vs. Rodrigues,2026-08-22,Anthony Wint,http://ufcstats.com/fighter-details/b34976c022b24568,Terrance Chatman,http://ufcstats.com/fighter-details/23a81656507b56a3,Heavyweight,Men,SUB Arm Triangle,1,4:29,http://ufcstats.com/fight-details/a6873fd459587d17,Terrance Chatman,0,1 of 4,25%,2 of 5,0 of 0,---,1,0,0:02,1997-05-05,29.3
UFC Fight Night: Hernandez vs. Rodrigues,2026-08-22,Jamall Emmers,http://ufcstats.com/fighter-details/e00a3dee329a51f7,Lerryan Douglas,http://ufcstats.com/fighter-details/640a0f838f057a81,Featherweight,Men,KO/TKO Punch,1,3:38,http://ufcstats.com/fight-details/2bbacf9ed3c64184,Jamall Emmers,1,17 of 29,58%,17 of 29,0 of 0,---,0,0,0:02,1989-07-24,37.08
UFC Fight Night: Hernandez vs. Rodrigues,2026-08-22,Jamall Emmers,http://ufcstats.com/fighter-details/e00a3dee329a51f7,Lerryan Douglas,http://ufcstats.com/fighter-details/640a0f838f057a81,Featherweight,Men,KO/TKO Punch,1,3:38,http://ufcstats.com/fight-details/2bbacf9ed3c64184,Lerryan Douglas,0,14 of 27,51%,14 of 27,0 of 0,---,0,0,0:00,1995-04-27,31.32
UFC Fight Night: Hernandez vs. Rodrigues,2026-08-22,Shamil Gaziev,http://ufcstats.com/fighter-details/6747ccd6d1acd266,Kennedy Nzechukwu,http://ufcstats.com/fighter-details/8667caa0451d245b,Heavyweight,Men,KO/TKO Punch,1,1:20,http://ufcstats.com/fight-details/5d2c1c4dd444772f,Kennedy Nzechukwu,0,3 of 7,42%,3 of 7,0 of 0,---,0,0,0:00,1992-06-13,34.19
UFC Fight Night: Hernandez vs. Rodrigues,2026-08-22,Shamil Gaziev,http://ufcstats.com/fighter-details/6747ccd6d1acd266,Kennedy Nzechukwu,http://ufcstats.com/fighter-details/8667caa0451d245b,Heavyweight,Men,KO/TKO Punch,1,1:20,http://ufcstats.com/fight-details/5d2c1c4dd444772f,Shamil Gaziev,1,2 of 5,40%,2 of 5,0 of 0,---,0,0,0:00,1990-02-10,36.53
UFC Fight Night: Hernandez vs. Rodrigues,2026-08-22,Chris Padilla,http://ufcstats.com/fighter-details/06626b6287e1ae1e,Nasrat Haqparast,http://ufcstats.com/fighter-details/b7b84ccd221be298,Lightweight,Men,SUB Arm Triangle,3,4:59,http://ufcstats.com/fight-details/bbd05484f8c8d739,Chris Padilla,0,27 of 43,62%,27 of 43,0 of 0,---,0,0,0:00,1995-09-14,30.94
UFC Fight Night: Hernandez vs. Rodrigues,2026-08-22,Chris Padilla,http://ufcstats.com/fighter-details/06626b6287e1ae1e,Nasrat Haqparast,http://ufcstats.com/fighter-details/b7b84ccd221be298,Lightweight,Men,SUB Arm Triangle,3,4:59,http://ufcstats.com/fight-details/bbd05484f8c8d739,Nasrat Haqparast,0,13 of 36,36%,13 of 36,0 of 0,---,0,0,0:00,1995-08-22,31.0
UFC Fight Night: Hernandez vs. Rodrigues,2026-08-22,Marcio Barbosa,http://ufcstats.com/fighter-details/c85bad793cd14e28,Ryan Kuse,http://ufcstats.com/fighter-details/d958ed9e5a08c849,Featherweight,Men,KO/TKO Punch,1,2:47,http://ufcstats.com/fight-details/7e86f774f19e5e59,Marcio Barbosa,1,11 of 25,44%,11 of 25,0 of 0,---,0,0,0:12,1998-05-22,28.25
UFC Fight Night: Hernandez vs. Rodrigues,2026-08-22,Marcio Barbosa,http://ufcstats.com/fighter-details/c85bad793cd14e28,Ryan Kuse,http://ufcstats.com/fighter-details/d958ed9e5a08c849,Featherweight,Men,KO/TKO Punch,1,2:47,http://ufcstats.com/fight-details/7e86f774f19e5e59,Ryan Kuse,0,5 of 21,23%,5 of 21,0 of 5,0%,0,0,0:00,1994-06-24,32.16
UFC Fight Night: Hernandez vs. Rodrigues,2026-08-22,Stan Dorsainvil,http://ufcstats.com/fighter-details/5be51426ff3c1929,Gauge Young,http://ufcstats.com/fighter-details/b2a78df161bd67f9,Lightweight,Men,U-DEC,3,5:00,http://ufcstats.com/fight-details/116dc88b63113f61,Gauge Young,0,48 of 91,52%,62 of 106,1 of 2,50%,0,0,1:13,2000-07-14,26.11
UFC Fight Night: Hernandez vs. Rodrigues,2026-08-22,Stan Dorsainvil,http://ufcstats.com/fighter-details/5be51426ff3c1929,Gauge Young,http://ufcstats.com/fighter-details/b2a78df161bd67f9,Lightweight,Men,U-DEC,3,5:00,http://ufcstats.com/fight-details/116dc88b63113f61,Stan Dorsainvil,0,23 of 81,28%,23 of 81,0 of 2,0%,0,0,0:01,2000-05-12,26.28
UFC Fight Night: Hernandez vs. Rodrigues,2026-08-22,Jackson McVey,http://ufcstats.com/fighter-details/3eeec2f53cebdf12,Wes Schultz,http://ufcstats.com/fighter-details/b4443fae47e7eb9d,Middleweight,Men,KO/TKO Knee,1,4:13,http://ufcstats.com/fight-details/11e4a448ce1ae5e3,Wes Schultz,0,24 of 43,55%,28 of 48,1 of 1,100%,1,0,1:05,1996-08-09,30.03
UFC Fight Night: Hernandez vs. Rodrigues,2026-08-22,Jackson McVey,http://ufcstats.com/fighter-details/3eeec2f53cebdf12,Wes Schultz,http://ufcstats.com/fighter-details/b4443fae47e7eb9d,Middleweight,Men,KO/TKO Knee,1,4:13,http://ufcstats.com/fight-details/11e4a448ce1ae5e3,Jackson McVey,1,38 of 78,48%,40 of 80,0 of 0,---,0,0,0:14,1999-03-25,27.41
UFC Fight Night: Hernandez vs. Rodrigues,2026-08-22,Shanelle Dyer,http://ufcstats.com/fighter-details/cfbb3edab781dfd2,Elise Reed,http://ufcstats.com/fighter-details/ac7c765882f2c68c,Women's Strawweight,Women,KO/TKO Punches,3,1:42,http://ufcstats.com/fight-details/97fb716bc7b8751a,Shanelle Dyer,0,37 of 63,58%,38 of 64,0 of 0,---,0,0,0:38,2001-04-23,25.33
UFC Fight Night: Hernandez vs. Rodrigues,2026-08-22,Shanelle Dyer,http://ufcstats.com/fighter-details/cfbb3edab781dfd2,Elise Reed,http://ufcstats.com/fighter-details/ac7c765882f2c68c,Women's Strawweight,Women,KO/TKO Punches,3,1:42,http://ufcstats.com/fight-details/97fb716bc7b8751a,Elise Reed,0,19 of 40,47%,28 of 50,0 of 0,---,0,0,0:06,1992-12-05,33.71
UFC Fight Night: Nurmagomedov vs. Song,2026-08-29,Song Yadong,http://ufcstats.com/fighter-details/efb96bf3e9ada36f,Umar Nurmagomedov,http://ufcstats.com/fighter-details/2b6fc1c02736833d,Bantamweight,Men,KO/TKO Punch,2,1:48,http://ufcstats.com/fight-details/228fefc6923c40a5,Umar Nurmagomedov,0,7 of 10,70%,17 of 21,1 of 1,100%,0,0,1:58,1996-01-03,30.65
UFC Fight Night: Nurmagomedov vs. Song,2026-08-29,Song Yadong,http://ufcstats.com/fighter-details/efb96bf3e9ada36f,Umar Nurmagomedov,http://ufcstats.com/fighter-details/2b6fc1c02736833d,Bantamweight,Men,KO/TKO Punch,2,1:48,http://ufcstats.com/fight-details/228fefc6923c40a5,Song Yadong,0,5 of 10,50%,18 of 23,0 of 0,---,1,0,0:00,1997-12-02,28.74
UFC Fight Night: Nurmagomedov vs. Song,2026-08-29,Denise Gomes,http://ufcstats.com/fighter-details/cffb87059e645bd1,Yan Xiaonan,http://ufcstats.com/fighter-details/c41d426cc7326d1b,Women's Strawweight,Women,KO/TKO Elbow,1,4:49,http://ufcstats.com/fight-details/73cb6c4e060c4ee9,Yan Xiaonan,0,19 of 59,32%,19 of 59,0 of 0,---,0,0,0:00,1989-06-16,37.2
UFC Fight Night: Nurmagomedov vs. Song,2026-08-29,Denise Gomes,http://ufcstats.com/fighter-details/cffb87059e645bd1,Yan Xiaonan,http://ufcstats.com/fighter-details/c41d426cc7326d1b,Women's Strawweight,Women,KO/TKO Elbow,1,4:49,http://ufcstats.com/fight-details/73cb6c4e060c4ee9,Denise Gomes,1,18 of 48,37%,20 of 50,0 of 0,---,0,0,0:00,1999-12-30,26.66
UFC Fight Night: Nurmagomedov vs. Song,2026-08-29,Kai Asakura,http://ufcstats.com/fighter-details/d33da8a3d82bdb62,Aoriqileng,http://ufcstats.com/fighter-details/7d420039bbfe7c1a,Bantamweight,Men,KO/TKO Punches,2,0:34,http://ufcstats.com/fight-details/4af8cb715ac0d459,Aoriqileng,0,13 of 25,52%,17 of 29,0 of 0,---,0,0,0:00,1993-06-25,33.18
UFC Fight Night: Nurmagomedov vs. Song,2026-08-29,Kai Asakura,http://ufcstats.com/fighter-details/d33da8a3d82bdb62,Aoriqileng,http://ufcstats.com/fighter-details/7d420039bbfe7c1a,Bantamweight,Men,KO/TKO Punches,2,0:34,http://ufcstats.com/fight-details/4af8cb715ac0d459,Kai Asakura,0,15 of 34,44%,17 of 36,0 of 1,0%,0,0,0:33,1993-10-31,32.83
UFC Fight Night: Nurmagomedov vs. Song,2026-08-29,Sumudaerji,http://ufcstats.com/fighter-details/3cf18e01cb6cbde3,Alex Perez,http://ufcstats.com/fighter-details/ab2b4ff41d6ebe0f,Flyweight,Men,U-DEC,3,5:00,http://ufcstats.com/fight-details/48a5d9c4592d2f2a,Alex Perez,0,3 of 21,14%,13 of 32,1 of 1,100%,0,0,1:31,1992-03-21,34.44
UFC Fight Night: Nurmagomedov vs. Song,2026-08-29,Sumudaerji,http://ufcstats.com/fighter-details/3cf18e01cb6cbde3,Alex Perez,http://ufcstats.com/fighter-details/ab2b4ff41d6ebe0f,Flyweight,Men,U-DEC,3,5:00,http://ufcstats.com/fight-details/48a5d9c4592d2f2a,Sumudaerji,0,12 of 28,42%,25 of 41,0 of 0,---,0,0,0:00,1996-01-20,30.61
UFC Fight Night: Nurmagomedov vs. Song,2026-08-29,Liu Ce,http://ufcstats.com/fighter-details/a9936818d709e2d7,Levi Rodrigues Jr.,http://ufcstats.com/fighter-details/9ac4e43ed56429ed,Light Heavyweight,Men,KO/TKO Punch,1,4:26,http://ufcstats.com/fight-details/f894989058f2bb05,Liu Ce,2,59 of 82,71%,60 of 83,0 of 0,---,0,0,0:04,1996-09-04,29.98
UFC Fight Night: Nurmagomedov vs. Song,2026-08-29,Liu Ce,http://ufcstats.com/fighter-details/a9936818d709e2d7,Levi Rodrigues Jr.,http://ufcstats.com/fighter-details/9ac4e43ed56429ed,Light Heavyweight,Men,KO/TKO Punch,1,4:26,http://ufcstats.com/fight-details/f894989058f2bb05,Levi Rodrigues Jr.,0,28 of 57,49%,28 of 57,0 of 2,0%,0,0,0:44,1996-10-15,29.87
UFC Fight Night: Nurmagomedov vs. Song,2026-08-29,Bilal Hasan,http://ufcstats.com/fighter-details/5182316da3c1d891,Nilson Rojas,http://ufcstats.com/fighter-details/bf60dd3256801649,Flyweight,Men,KO/TKO Punch,2,2:28,http://ufcstats.com/fight-details/1fe768d599c159dc,Bilal Hasan,0,38 of 88,43%,41 of 96,1 of 1,100%,0,0,1:03,2001-07-16,25.12
UFC Fight Night: Nurmagomedov vs. Song,2026-08-29,Bilal Hasan,http://ufcstats.com/fighter-details/5182316da3c1d891,Nilson Rojas,http://ufcstats.com/fighter-details/bf60dd3256801649,Flyweight,Men,KO/TKO Punch,2,2:28,http://ufcstats.com/fight-details/1fe768d599c159dc,Nilson Rojas,0,17 of 38,44%,21 of 42,0 of 0,---,0,0,0:03,1999-04-21,27.36
UFC Fight Night: Nurmagomedov vs. Song,2026-08-29,Andre Lima,http://ufcstats.com/fighter-details/b1f21ce050035d58,Namsrai Batbayar,http://ufcstats.com/fighter-details/e1f8beeb6d2d871a,Flyweight,Men,SUB Guillotine Choke,3,3:03,http://ufcstats.com/fight-details/80f7f5405d5ffca0,Namsrai Batbayar,0,12 of 44,27%,12 of 44,0 of 0,---,0,0,0:00,2000-12-29,25.66
UFC Fight Night: Nurmagomedov vs. Song,2026-08-29,Andre Lima,http://ufcstats.com/fighter-details/b1f21ce050035d58,Namsrai Batbayar,http://ufcstats.com/fighter-details/e1f8beeb6d2d871a,Flyweight,Men,SUB Guillotine Choke,3,3:03,http://ufcstats.com/fight-details/80f7f5405d5ffca0,Andre Lima,0,14 of 20,70%,14 of 20,0 of 0,---,0,0,0:00,1999-02-04,27.56
UFC Fight Night: Nurmagomedov vs. Song,2026-08-29,Rei Tsuruya,http://ufcstats.com/fighter-details/2f43a3e82661fa99,Kevin Borjas,http://ufcstats.com/fighter-details/34b96d52db1d26e6,Flyweight,Men,SUB Rear Naked Choke,1,4:14,http://ufcstats.com/fight-details/ec5281a72f09d8ac,Rei Tsuruya,0,39 of 67,58%,71 of 101,2 of 4,50%,1,0,3:58,2002-06-22,24.19
UFC Fight Night: Nurmagomedov vs. Song,2026-08-29,Rei Tsuruya,http://ufcstats.com/fighter-details/2f43a3e82661fa99,Kevin Borjas,http://ufcstats.com/fighter-details/34b96d52db1d26e6,Flyweight,Men,SUB Rear Naked Choke,1,4:14,http://ufcstats.com/fight-details/ec5281a72f09d8ac,Kevin Borjas,0,0 of 0,---,1 of 3,0 of 0,---,0,0,0:00,1997-12-06,28.73
UFC Fight Night: Nurmagomedov vs. Song,2026-08-29,Sean Woodson,http://ufcstats.com/fighter-details/4682bc59d5f55145,Jack Jenkins,http://ufcstats.com/fighter-details/a9da3158dd2c2b5a,Featherweight,Men,S-DEC,3,5:00,http://ufcstats.com/fight-details/8a980234dab7ae43,Jack Jenkins,0,13 of 36,36%,13 of 36,0 of 0,---,0,0,0:00,1993-11-03,32.82
UFC Fight Night: Nurmagomedov vs. Song,2026-08-29,Sean Woodson,http://ufcstats.com/fighter-details/4682bc59d5f55145,Jack Jenkins,http://ufcstats.com/fighter-details/a9da3158dd2c2b5a,Featherweight,Men,S-DEC,3,5:00,http://ufcstats.com/fight-details/8a980234dab7ae43,Sean Woodson,0,25 of 60,41%,25 of 60,0 of 0,---,0,0,0:00,1992-06-07,34.23
UFC Fight Night: Nurmagomedov vs. Song,2026-08-29,Francesco Nuzzi,http://ufcstats.com/fighter-details/874cfc98877daecd,Xiao Long,http://ufcstats.com/fighter-details/86bace9e4ad85542,Bantamweight,Men,KO/TKO Punches,1,1:00,http://ufcstats.com/fight-details/636867bbc9f96739,Xiao Long,0,4 of 7,57%,4 of 7,0 of 0,---,0,0,0:00,1998-04-13,28.38
UFC Fight Night: Nurmagomedov vs. Song,2026-08-29,Francesco Nuzzi,http://ufcstats.com/fighter-details/874cfc98877daecd,Xiao Long,http://ufcstats.com/fighter-details/86bace9e4ad85542,Bantamweight,Men,KO/TKO Punches,1,1:00,http://ufcstats.com/fight-details/636867bbc9f96739,Francesco Nuzzi,1,11 of 20,55%,12 of 21,0 of 0,---,0,0,0:02,1996-08-28,30.0
UFC Fight Night: Nurmagomedov vs. Song,2026-08-29,Hector Santiago,http://ufcstats.com/fighter-details/8e4902b4a8045070,Lawrence Lui,http://ufcstats.com/fighter-details/a1ad35b98a9136e5,Bantamweight,Men,KO/TKO Punch,2,0:53,http://ufcstats.com/fight-details/ab5922e10699e869,Lawrence Lui,0,25 of 47,53%,25 of 47,0 of 1,0%,0,0,0:01,1996-08-04,30.07
UFC Fight Night: Nurmagomedov vs. Song,2026-08-29,Hector Santiago,http://ufcstats.com/fighter-details/8e4902b4a8045070,Lawrence Lui,http://ufcstats.com/fighter-details/a1ad35b98a9136e5,Bantamweight,Men,KO/TKO Punch,2,0:53,http://ufcstats.com/fight-details/ab5922e10699e869,Hector Santiago,0,20 of 86,23%,22 of 88,0 of 0,---,0,0,0:01,1993-03-21,33.44
UFC Fight Night: Nurmagomedov vs. Song,2026-08-29,Julia Polastri,http://ufcstats.com/fighter-details/abb68e3c7ca128f2,Xiong Jingnan,http://ufcstats.com/fighter-details/2cdb479a0ef0ee1d,Women's Strawweight,Women,KO/TKO Kick,1,3:06,http://ufcstats.com/fight-details/6206c62fc8f0b71b,Xiong Jingnan,0,16 of 42,38%,16 of 44,0 of 0,---,0,0,0:00,1988-01-12,38.63
UFC Fight Night: Nurmagomedov vs. Song,2026-08-29,Julia Polastri,http://ufcstats.com/fighter-details/abb68e3c7ca128f2,Xiong Jingnan,http://ufcstats.com/fighter-details/2cdb479a0ef0ee1d,Women's Strawweight,Women,KO/TKO Kick,1,3:06,http://ufcstats.com/fight-details/6206c62fc8f0b71b,Julia Polastri,1,16 of 25,64%,16 of 25,0 of 0,---,0,0,0:00,1998-03-05,28.48
UFC Fight Night: Nurmagomedov vs. Song,2026-08-29,Cam Nelson,http://ufcstats.com/fighter-details/34d4cae19105eb68,Ding Meng,http://ufcstats.com/fighter-details/e0664abaa023fd6f,Welterweight,Men,U-DEC,3,5:00,http://ufcstats.com/fight-details/6cd4457edf4089f9,Ding Meng,0,13 of 30,43%,23 of 41,0 of 0,---,0,0,0:00,1994-09-27,31.92
UFC Fight Night: Nurmagomedov vs. Song,2026-08-29,Cam Nelson,http://ufcstats.com/fighter-details/34d4cae19105eb68,Ding Meng,http://ufcstats.com/fighter-details/e0664abaa023fd6f,Welterweight,Men,U-DEC,3,5:00,http://ufcstats.com/fight-details/6cd4457edf4089f9,Cam Nelson,0,18 of 26,69%,19 of 28,1 of 1,100%,0,0,1:54,1998-07-28,28.09
UFC Fight Night: Hooker vs. Parnasse,2026-09-05,Salahdine Parnasse,http://ufcstats.com/fighter-details/b3cb9dfccff3be76,Dan Hooker,http://ufcstats.com/fighter-details/193b9d1858bc4df3,Lightweight,Men,KO/TKO Punch,1,2:35,http://ufcstats.com/fight-details/bba8c0ab999b9e6f,Dan Hooker,0,14 of 31,45%,14 of 31,0 of 0,---,0,0,0:00,1990-02-13,36.56
UFC Fight Night: Hooker vs. Parnasse,2026-09-05,Salahdine Parnasse,http://ufcstats.com/fighter-details/b3cb9dfccff3be76,Dan Hooker,http://ufcstats.com/fighter-details/193b9d1858bc4df3,Lightweight,Men,KO/TKO Punch,1,2:35,http://ufcstats.com/fight-details/bba8c0ab999b9e6f,Salahdine Parnasse,1,12 of 17,70%,12 of 17,0 of 0,---,0,0,0:02,1997-12-04,28.75
UFC Fight Night: Hooker vs. Parnasse,2026-09-05,Axel Sola,http://ufcstats.com/fighter-details/1d2d98ddd05b38fb,Fares Ziam,http://ufcstats.com/fighter-details/1e4f273069fb9e85,Lightweight,Men,KO/TKO Punch,1,1:40,http://ufcstats.com/fight-details/55f698e5c4ed2c47,Fares Ziam,0,7 of 13,53%,7 of 13,0 of 0,---,0,0,0:00,1997-03-21,29.46
UFC Fight Night: Hooker vs. Parnasse,2026-09-05,Axel Sola,http://ufcstats.com/fighter-details/1d2d98ddd05b38fb,Fares Ziam,http://ufcstats.com/fighter-details/1e4f273069fb9e85,Lightweight,Men,KO/TKO Punch,1,1:40,http://ufcstats.com/fight-details/55f698e5c4ed2c47,Axel Sola,1,9 of 13,69%,9 of 13,0 of 0,---,0,0,0:02,1997-09-17,28.97
UFC Fight Night: Hooker vs. Parnasse,2026-09-05,Michael Page,http://ufcstats.com/fighter-details/a67d071163962af8,Nursulton Ruziboev,http://ufcstats.com/fighter-details/49d2a08964c5eb11,Middleweight,Men,U-DEC,3,5:00,http://ufcstats.com/fight-details/c23197c7e4f2fd9d,Michael Page,0,4 of 5,80%,18 of 20,0 of 1,0%,1,0,0:00,1987-04-07,39.41
UFC Fight Night: Hooker vs. Parnasse,2026-09-05,Michael Page,http://ufcstats.com/fighter-details/a67d071163962af8,Nursulton Ruziboev,http://ufcstats.com/fighter-details/49d2a08964c5eb11,Middleweight,Men,U-DEC,3,5:00,http://ufcstats.com/fight-details/c23197c7e4f2fd9d,Nursulton Ruziboev,0,4 of 6,66%,16 of 18,1 of 1,100%,0,0,4:20,1993-11-19,32.79
UFC Fight Night: Hooker vs. Parnasse,2026-09-05,Daniil Donchenko,http://ufcstats.com/fighter-details/70dd69b6a703257e,Punahele Soriano,http://ufcstats.com/fighter-details/64facb6cc564262d,Welterweight,Men,U-DEC,3,5:00,http://ufcstats.com/fight-details/8300a095a4908ab1,Daniil Donchenko,1,37 of 53,69%,50 of 67,0 of 0,---,0,0,0:39,2001-08-04,25.09
UFC Fight Night: Hooker vs. Parnasse,2026-09-05,Daniil Donchenko,http://ufcstats.com/fighter-details/70dd69b6a703257e,Punahele Soriano,http://ufcstats.com/fighter-details/64facb6cc564262d,Welterweight,Men,U-DEC,3,5:00,http://ufcstats.com/fight-details/8300a095a4908ab1,Punahele Soriano,0,5 of 22,22%,5 of 22,0 of 3,0%,0,0,0:05,1992-11-22,33.79
UFC Fight Night: Hooker vs. Parnasse,2026-09-05,Kurtis Campbell,http://ufcstats.com/fighter-details/9d51798e61f2e0c7,Trevor Peek,http://ufcstats.com/fighter-details/0bc697c5936a2d0a,Featherweight,Men,SUB Rear Naked Choke,3,3:07,http://ufcstats.com/fight-details/cbf9063d23513661,Kurtis Campbell,0,34 of 47,72%,42 of 57,7 of 12,58%,0,0,3:31,2002-07-29,24.1
UFC Fight Night: Hooker vs. Parnasse,2026-09-05,Kurtis Campbell,http://ufcstats.com/fighter-details/9d51798e61f2e0c7,Trevor Peek,http://ufcstats.com/fighter-details/0bc697c5936a2d0a,Featherweight,Men,SUB Rear Naked Choke,3,3:07,http://ufcstats.com/fight-details/cbf9063d23513661,Trevor Peek,0,6 of 18,33%,7 of 19,0 of 0,---,0,0,0:00,1995-01-09,31.66
UFC Fight Night: Hooker vs. Parnasse,2026-09-05,Losene Keita,http://ufcstats.com/fighter-details/5b43d68174b6e2ab,Muhammad Naimov,http://ufcstats.com/fighter-details/8d11d9c13e2ccdf7,Featherweight,Men,KO/TKO Punch,1,2:54,http://ufcstats.com/fight-details/b90b099c1f47bb93,Losene Keita,2,18 of 30,60%,19 of 31,0 of 0,---,0,0,0:20,1997-12-30,28.68
UFC Fight Night: Hooker vs. Parnasse,2026-09-05,Losene Keita,http://ufcstats.com/fighter-details/5b43d68174b6e2ab,Muhammad Naimov,http://ufcstats.com/fighter-details/8d11d9c13e2ccdf7,Featherweight,Men,KO/TKO Punch,1,2:54,http://ufcstats.com/fight-details/b90b099c1f47bb93,Muhammad Naimov,0,4 of 24,16%,4 of 24,0 of 0,---,0,0,0:00,1994-08-07,32.08
UFC Fight Night: Hooker vs. Parnasse,2026-09-05,Felipe Lima,http://ufcstats.com/fighter-details/9256f591b30c073e,Morgan Charriere,http://ufcstats.com/fighter-details/5b03b61f9d90125e,Featherweight,Men,U-DEC,3,5:00,http://ufcstats.com/fight-details/ad17c34e0cc7d702,Morgan Charriere,0,17 of 67,25%,18 of 68,0 of 1,0%,1,0,0:12,1995-10-26,30.86
UFC Fight Night: Hooker vs. Parnasse,2026-09-05,Felipe Lima,http://ufcstats.com/fighter-details/9256f591b30c073e,Morgan Charriere,http://ufcstats.com/fighter-details/5b03b61f9d90125e,Featherweight,Men,U-DEC,3,5:00,http://ufcstats.com/fight-details/ad17c34e0cc7d702,Felipe Lima,0,27 of 66,40%,28 of 67,1 of 1,100%,0,0,0:06,1998-05-07,28.33
UFC Fight Night: Hooker vs. Parnasse,2026-09-05,Mario Pinto,http://ufcstats.com/fighter-details/39d309957c5c210d,Ryan Spann,http://ufcstats.com/fighter-details/a67f5afa8d6a1b80,Heavyweight,Men,KO/TKO Punches,2,0:55,http://ufcstats.com/fight-details/b1c6ea7d7d413bd5,Mario Pinto,0,36 of 54,66%,78 of 96,5 of 6,83%,0,0,2:50,1998-03-14,28.48
UFC Fight Night: Hooker vs. Parnasse,2026-09-05,Mario Pinto,http://ufcstats.com/fighter-details/39d309957c5c210d,Ryan Spann,http://ufcstats.com/fighter-details/a67f5afa8d6a1b80,Heavyweight,Men,KO/TKO Punches,2,0:55,http://ufcstats.com/fight-details/b1c6ea7d7d413bd5,Ryan Spann,0,13 of 33,39%,16 of 36,0 of 1,0%,1,0,0:20,1991-08-24,35.03
UFC Fight Night: Hooker vs. Parnasse,2026-09-05,Modestas Bukauskas,http://ufcstats.com/fighter-details/476fe566d2df676e,Oumar Sy,http://ufcstats.com/fighter-details/46e2011d92463b7e,Light Heavyweight,Men,KO/TKO Knee,2,3:57,http://ufcstats.com/fight-details/94d411112ebe8fad,Oumar Sy,0,34 of 53,64%,43 of 64,1 of 3,33%,1,0,3:08,1995-11-21,30.79
UFC Fight Night: Hooker vs. Parnasse,2026-09-05,Modestas Bukauskas,http://ufcstats.com/fighter-details/476fe566d2df676e,Oumar Sy,http://ufcstats.com/fighter-details/46e2011d92463b7e,Light Heavyweight,Men,KO/TKO Knee,2,3:57,http://ufcstats.com/fight-details/94d411112ebe8fad,Modestas Bukauskas,0,2 of 17,11%,5 of 20,0 of 0,---,0,0,0:00,1994-02-10,32.57
UFC Fight Night: Hooker vs. Parnasse,2026-09-05,Pavel Andrusca,http://ufcstats.com/fighter-details/93f9c19ae41d2a97,Nathaniel Wood,http://ufcstats.com/fighter-details/329e403448756217,Featherweight,Men,U-DEC,3,5:00,http://ufcstats.com/fight-details/ac3af13ffe39b1d8,Nathaniel Wood,0,8 of 32,25%,15 of 39,0 of 0,---,0,0,0:00,1993-05-08,33.33
UFC Fight Night: Hooker vs. Parnasse,2026-09-05,Pavel Andrusca,http://ufcstats.com/fighter-details/93f9c19ae41d2a97,Nathaniel Wood,http://ufcstats.com/fighter-details/329e403448756217,Featherweight,Men,U-DEC,3,5:00,http://ufcstats.com/fight-details/ac3af13ffe39b1d8,Pavel Andrusca,0,14 of 34,41%,16 of 36,1 of 4,25%,0,0,0:55,2002-05-08,24.33
UFC Fight Night: Hooker vs. Parnasse,2026-09-05,Fabia Sintes,http://ufcstats.com/fighter-details/9911989cf48b195d,Michael Aljarouj,http://ufcstats.com/fighter-details/22e3458965d5d08a,Flyweight,Men,U-DEC,3,5:00,http://ufcstats.com/fight-details/1f973e21581b082a,Michael Aljarouj,0,3 of 15,20%,21 of 35,0 of 2,0%,0,0,1:55,1997-08-21,29.04
UFC Fight Night: Hooker vs. Parnasse,2026-09-05,Fabia Sintes,http://ufcstats.com/fighter-details/9911989cf48b195d,Michael Aljarouj,http://ufcstats.com/fighter-details/22e3458965d5d08a,Flyweight,Men,U-DEC,3,5:00,http://ufcstats.com/fight-details/1f973e21581b082a,Fabia Sintes,0,6 of 15,40%,11 of 21,1 of 3,33%,0,0,0:51,1994-07-27,32.11
UFC Fight Night: Hooker vs. Parnasse,2026-09-05,Nora Cornolle,http://ufcstats.com/fighter-details/f2b3f4ef3f780168,Klaudia Sygula,http://ufcstats.com/fighter-details/9f5e3c20ce40b344,Women's Bantamweight,Women,U-DEC,3,5:00,http://ufcstats.com/fight-details/809ebb0cfdd01ce2,Nora Cornolle,0,14 of 25,56%,22 of 35,1 of 3,33%,0,0,2:50,1989-12-06,36.75
UFC Fight Night: Hooker vs. Parnasse,2026-09-05,Nora Cornolle,http://ufcstats.com/fighter-details/f2b3f4ef3f780168,Klaudia Sygula,http://ufcstats.com/fighter-details/9f5e3c20ce40b344,Women's Bantamweight,Women,U-DEC,3,5:00,http://ufcstats.com/fight-details/809ebb0cfdd01ce2,Klaudia Sygula,0,8 of 23,34%,47 of 66,0 of 1,0%,0,0,1:06,1998-12-30,27.68
UFC Fight Night: Hooker vs. Parnasse,2026-09-05,Matthieu Duclos,http://ufcstats.com/fighter-details/ec322adbabbfa6e7,Luis Felipe Dias,http://ufcstats.com/fighter-details/33a86e839ad202d8,Middleweight,Men,KO/TKO Punch,1,4:35,http://ufcstats.com/fight-details/e5fd7ef7ccf955b8,Matthieu Duclos,1,18 of 43,41%,20 of 47,0 of 0,---,0,0,0:05,1995-04-04,31.42
UFC Fight Night: Hooker vs. Parnasse,2026-09-05,Matthieu Duclos,http://ufcstats.com/fighter-details/ec322adbabbfa6e7,Luis Felipe Dias,http://ufcstats.com/fighter-details/33a86e839ad202d8,Middleweight,Men,KO/TKO Punch,1,4:35,http://ufcstats.com/fight-details/e5fd7ef7ccf955b8,Luis Felipe Dias,0,22 of 50,44%,23 of 51,0 of 0,---,0,0,0:33,1995-01-17,31.63
UFC Fight Night: Hooker vs. Parnasse,2026-09-05,Delphine Benouaich,http://ufcstats.com/fighter-details/3138df4d117ebc12,Sofia Montenegro,http://ufcstats.com/fighter-details/8b1b051038354655,Women's Strawweight,Women,SUB Rear Naked Choke,2,4:22,http://ufcstats.com/fight-details/9226a13d001b49ec,Delphine Benouaich,0,74 of 140,52%,74 of 140,0 of 0,---,0,0,0:00,1995-03-21,31.46
UFC Fight Night: Hooker vs. Parnasse,2026-09-05,Delphine Benouaich,http://ufcstats.com/fighter-details/3138df4d117ebc12,Sofia Montenegro,http://ufcstats.com/fighter-details/8b1b051038354655,Women's Strawweight,Women,SUB Rear Naked Choke,2,4:22,http://ufcstats.com/fight-details/9226a13d001b49ec,Sofia Montenegro,0,47 of 131,35%,47 of 131,0 of 0,---,0,0,0:00,1999-06-18,27.22
Noche UFC: Silva vs. Delgado,2026-09-12,Jean Silva,http://ufcstats.com/fighter-details/52ef95b5860fb28c,Jose Delgado,http://ufcstats.com/fighter-details/7d6ceff6747f2de2,Featherweight,Men,SUB Rear Naked Choke,3,2:57,http://ufcstats.com/fight-details/034c04e480d87b8f,Jean Silva,0,3 of 5,60%,3 of 5,0 of 1,0%,0,0,0:11,1996-12-13,29.75
Noche UFC: Silva vs. Delgado,2026-09-12,Jean Silva,http://ufcstats.com/fighter-details/52ef95b5860fb28c,Jose Delgado,http://ufcstats.com/fighter-details/7d6ceff6747f2de2,Featherweight,Men,SUB Rear Naked Choke,3,2:57,http://ufcstats.com/fight-details/034c04e480d87b8f,Jose Delgado,0,17 of 34,50%,18 of 35,0 of 0,---,0,0,0:21,1998-04-21,28.39
Noche UFC: Silva vs. Delgado,2026-09-12,Brandon Moreno,http://ufcstats.com/fighter-details/792be9a24df82ed6,Joseph Morales,http://ufcstats.com/fighter-details/2fe9032955c2e013,Flyweight,Men,S-DEC,3,5:00,http://ufcstats.com/fight-details/1aa008d8597a73b8,Brandon Moreno,0,27 of 72,37%,29 of 74,0 of 0,---,0,0,0:13,1993-12-07,32.76
Noche UFC: Silva vs. Delgado,2026-09-12,Brandon Moreno,http://ufcstats.com/fighter-details/792be9a24df82ed6,Joseph Morales,http://ufcstats.com/fighter-details/2fe9032955c2e013,Flyweight,Men,S-DEC,3,5:00,http://ufcstats.com/fight-details/1aa008d8597a73b8,Joseph Morales,0,29 of 76,38%,29 of 76,1 of 2,50%,0,0,0:21,1994-08-22,32.06
Noche UFC: Silva vs. Delgado,2026-09-12,Tommy McMillen,http://ufcstats.com/fighter-details/6b0a6def604de298,Marwan Rahiki,http://ufcstats.com/fighter-details/6eedb757f13b9978,Featherweight,Men,U-DEC,3,5:00,http://ufcstats.com/fight-details/1fca7dfa9e1e15cb,Tommy McMillen,0,29 of 87,33%,29 of 87,1 of 1,100%,0,0,0:21,1997-12-15,28.74
Noche UFC: Silva vs. Delgado,2026-09-12,Tommy McMillen,http://ufcstats.com/fighter-details/6b0a6def604de298,Marwan Rahiki,http://ufcstats.com/fighter-details/6eedb757f13b9978,Featherweight,Men,U-DEC,3,5:00,http://ufcstats.com/fight-details/1fca7dfa9e1e15cb,Marwan Rahiki,0,23 of 76,30%,23 of 76,0 of 0,---,0,0,0:00,2002-05-10,24.34
Noche UFC: Silva vs. Delgado,2026-09-12,Alexa Grasso,http://ufcstats.com/fighter-details/e8b731feff72294b,Manon Fiorot,http://ufcstats.com/fighter-details/34ff304266360297,Women's Flyweight,Women,U-DEC,3,5:00,http://ufcstats.com/fight-details/d9712b45c094730e,Manon Fiorot,0,21 of 75,28%,22 of 76,0 of 0,---,0,0,0:02,1990-02-17,36.57
Noche UFC: Silva vs. Delgado,2026-09-12,Alexa Grasso,http://ufcstats.com/fighter-details/e8b731feff72294b,Manon Fiorot,http://ufcstats.com/fighter-details/34ff304266360297,Women's Flyweight,Women,U-DEC,3,5:00,http://ufcstats.com/fight-details/d9712b45c094730e,Alexa Grasso,1,33 of 74,44%,48 of 90,0 of 0,---,0,0,0:43,1993-08-09,33.09
Noche UFC: Silva vs. Delgado,2026-09-12,Curtis Blaydes,http://ufcstats.com/fighter-details/fa6796c55d6c5440,Waldo Cortes Acosta,http://ufcstats.com/fighter-details/fc08099550072fe4,Heavyweight,Men,U-DEC,3,5:00,http://ufcstats.com/fight-details/606639bf387f60e2,Waldo Cortes Acosta,0,7 of 23,30%,8 of 24,0 of 0,---,0,0,0:00,1991-10-03,34.94
Noche UFC: Silva vs. Delgado,2026-09-12,Curtis Blaydes,http://ufcstats.com/fighter-details/fa6796c55d6c5440,Waldo Cortes Acosta,http://ufcstats.com/fighter-details/fc08099550072fe4,Heavyweight,Men,U-DEC,3,5:00,http://ufcstats.com/fight-details/606639bf387f60e2,Curtis Blaydes,0,7 of 27,25%,7 of 27,1 of 3,33%,0,0,1:13,1991-02-18,35.56
Noche UFC: Silva vs. Delgado,2026-09-12,David Martinez,http://ufcstats.com/fighter-details/9a97acbfd5a08bfa,Dan Ige,http://ufcstats.com/fighter-details/82a5152216251682,Bantamweight,Men,U-DEC,3,5:00,http://ufcstats.com/fight-details/51caa91f68873cf5,David Martinez,0,17 of 34,50%,17 of 34,0 of 0,---,0,0,0:00,1998-08-03,28.11
Noche UFC: Silva vs. Delgado,2026-09-12,David Martinez,http://ufcstats.com/fighter-details/9a97acbfd5a08bfa,Dan Ige,http://ufcstats.com/fighter-details/82a5152216251682,Bantamweight,Men,U-DEC,3,5:00,http://ufcstats.com/fight-details/51caa91f68873cf5,Dan Ige,0,5 of 43,11%,5 of 43,0 of 0,---,0,0,0:02,1991-08-06,35.1
Noche UFC: Silva vs. Delgado,2026-09-12,Tim Elliott,http://ufcstats.com/fighter-details/c96d9178c9ed9e62,Edgar Chairez,http://ufcstats.com/fighter-details/5ef94841c4bc3f86,Catch Weight,Men,U-DEC,3,5:00,http://ufcstats.com/fight-details/f154037892b9fb94,Tim Elliott,0,27 of 63,42%,48 of 85,1 of 3,33%,0,0,1:12,1986-12-24,39.72
Noche UFC: Silva vs. Delgado,2026-09-12,Tim Elliott,http://ufcstats.com/fighter-details/c96d9178c9ed9e62,Edgar Chairez,http://ufcstats.com/fighter-details/5ef94841c4bc3f86,Catch Weight,Men,U-DEC,3,5:00,http://ufcstats.com/fight-details/f154037892b9fb94,Edgar Chairez,0,25 of 58,43%,26 of 59,0 of 0,---,0,0,0:00,1996-01-27,30.63
Noche UFC: Silva vs. Delgado,2026-09-12,Ignacio Bahamondes,http://ufcstats.com/fighter-details/e4a47b07044ddd72,Muslim Salikhov,http://ufcstats.com/fighter-details/447f9858ae78f921,Welterweight,Men,U-DEC,3,5:00,http://ufcstats.com/fight-details/046c22f769fd8300,Ignacio Bahamondes,0,23 of 55,41%,23 of 55,0 of 0,---,0,0,0:00,1997-08-27,29.04
Noche UFC: Silva vs. Delgado,2026-09-12,Ignacio Bahamondes,http://ufcstats.com/fighter-details/e4a47b07044ddd72,Muslim Salikhov,http://ufcstats.com/fighter-details/447f9858ae78f921,Welterweight,Men,U-DEC,3,5:00,http://ufcstats.com/fight-details/046c22f769fd8300,Muslim Salikhov,0,13 of 31,41%,13 of 31,0 of 2,0%,0,0,0:02,1984-06-09,42.26
Noche UFC: Silva vs. Delgado,2026-09-12,Yousri Belgaroui,http://ufcstats.com/fighter-details/7674b836ce0698a0,Djorden Santos,http://ufcstats.com/fighter-details/312f7d7b2b2f7de4,Middleweight,Men,KO/TKO Punch,1,4:25,http://ufcstats.com/fight-details/9a0e77ecd1b7f04e,Yousri Belgaroui,1,46 of 81,56%,46 of 81,0 of 0,---,0,0,0:00,1992-06-02,34.28
Noche UFC: Silva vs. Delgado,2026-09-12,Yousri Belgaroui,http://ufcstats.com/fighter-details/7674b836ce0698a0,Djorden Santos,http://ufcstats.com/fighter-details/312f7d7b2b2f7de4,Middleweight,Men,KO/TKO Punch,1,4:25,http://ufcstats.com/fight-details/9a0e77ecd1b7f04e,Djorden Santos,0,16 of 48,33%,16 of 48,0 of 0,---,0,0,0:00,1997-08-01,29.11
Noche UFC: Silva vs. Delgado,2026-09-12,Tommy Gantt,http://ufcstats.com/fighter-details/de83f920fd302871,Drakkar Klose,http://ufcstats.com/fighter-details/7cbf7c78d3b34218,Lightweight,Men,SUB Triangle Choke,3,2:46,http://ufcstats.com/fight-details/0aa849ca85e4355a,Drakkar Klose,0,3 of 5,60%,30 of 33,0 of 0,---,0,0,0:00,1988-03-09,38.51
Noche UFC: Silva vs. Delgado,2026-09-12,Tommy Gantt,http://ufcstats.com/fighter-details/de83f920fd302871,Drakkar Klose,http://ufcstats.com/fighter-details/7cbf7c78d3b34218,Lightweight,Men,SUB Triangle Choke,3,2:46,http://ufcstats.com/fight-details/0aa849ca85e4355a,Tommy Gantt,0,22 of 28,78%,43 of 51,1 of 2,50%,0,0,4:00,1993-01-09,33.67
Noche UFC: Silva vs. Delgado,2026-09-12,Rongzhu,http://ufcstats.com/fighter-details/a13d755965a4ec9f,Rafa Garcia,http://ufcstats.com/fighter-details/e132d47bd9efbbe0,Lightweight,Men,U-DEC,3,5:00,http://ufcstats.com/fight-details/d0d48877bf3724d1,Rafa Garcia,0,21 of 50,42%,21 of 50,1 of 1,100%,0,0,0:28,1994-08-05,32.1
Noche UFC: Silva vs. Delgado,2026-09-12,Rongzhu,http://ufcstats.com/fighter-details/a13d755965a4ec9f,Rafa Garcia,http://ufcstats.com/fighter-details/e132d47bd9efbbe0,Lightweight,Men,U-DEC,3,5:00,http://ufcstats.com/fight-details/d0d48877bf3724d1,Rongzhu,0,29 of 69,42%,29 of 69,0 of 0,---,0,0,0:00,2000-03-07,26.52
Noche UFC: Silva vs. Delgado,2026-09-12,Sean King III,http://ufcstats.com/fighter-details/41523699f37d400c,Jessie Rosas,http://ufcstats.com/fighter-details/d1026588fa65693f,Featherweight,Men,KO/TKO Slam,1,0:36,http://ufcstats.com/fight-details/5a91827fe8c1dc26,Sean King III,0,7 of 13,53%,7 of 13,1 of 1,100%,0,0,0:04,2003-10-17,22.9
Noche UFC: Silva vs. Delgado,2026-09-12,Sean King III,http://ufcstats.com/fighter-details/41523699f37d400c,Jessie Rosas,http://ufcstats.com/fighter-details/d1026588fa65693f,Featherweight,Men,KO/TKO Slam,1,0:36,http://ufcstats.com/fight-details/5a91827fe8c1dc26,Jessie Rosas,0,3 of 6,50%,3 of 6,0 of 0,---,0,0,0:00,2002-12-04,23.77
Noche UFC: Silva vs. Delgado,2026-09-12,Regina Tarin,http://ufcstats.com/fighter-details/9f5609dba6584ab2,JJ Aldrich,http://ufcstats.com/fighter-details/6fd953151d981979,Women's Flyweight,Women,U-DEC,3,5:00,http://ufcstats.com/fight-details/64da2e60f1b472fa,JJ Aldrich,0,21 of 37,56%,29 of 45,0 of 1,0%,0,0,0:33,1992-09-29,33.95
Noche UFC: Silva vs. Delgado,2026-09-12,Regina Tarin,http://ufcstats.com/fighter-details/9f5609dba6584ab2,JJ Aldrich,http://ufcstats.com/fighter-details/6fd953151d981979,Women's Flyweight,Women,U-DEC,3,5:00,http://ufcstats.com/fight-details/64da2e60f1b472fa,Regina Tarin,0,22 of 52,42%,25 of 55,0 of 0,---,0,0,0:00,2004-10-19,21.9
UFC 331: Van vs. Pantoja 2,2026-09-19,Joshua Van,http://ufcstats.com/fighter-details/17e97649403ba428,Alexandre Pantoja,http://ufcstats.com/fighter-details/a0f0004aadf10b71,Flyweight,Men,U-DEC,5,5:00,http://ufcstats.com/fight-details/568ec6af4008355a,Joshua Van,0,13 of 27,48%,46 of 61,0 of 0,---,0,1,0:45,2001-10-10,24.94
UFC 331: Van vs. Pantoja 2,2026-09-19,Joshua Van,http://ufcstats.com/fighter-details/17e97649403ba428,Alexandre Pantoja,http://ufcstats.com/fighter-details/a0f0004aadf10b71,Flyweight,Men,U-DEC,5,5:00,http://ufcstats.com/fight-details/568ec6af4008355a,Alexandre Pantoja,0,27 of 45,60%,30 of 48,2 of 3,66%,0,0,2:25,1990-04-16,36.43
UFC 331: Van vs. Pantoja 2,2026-09-19,Arman Tsarukyan,http://ufcstats.com/fighter-details/eae48ff31db420c2,Mauricio Ruffy,http://ufcstats.com/fighter-details/9c393e836a852f30,Lightweight,Men,KO/TKO Elbow,1,4:56,http://ufcstats.com/fight-details/fe612d20eec7ef35,Arman Tsarukyan,1,8 of 19,42%,9 of 20,1 of 10,10%,0,0,3:00,1996-10-11,29.94
UFC 331: Van vs. Pantoja 2,2026-09-19,Arman Tsarukyan,http://ufcstats.com/fighter-details/eae48ff31db420c2,Mauricio Ruffy,http://ufcstats.com/fighter-details/9c393e836a852f30,Lightweight,Men,KO/TKO Elbow,1,4:56,http://ufcstats.com/fight-details/fe612d20eec7ef35,Mauricio Ruffy,0,4 of 10,40%,22 of 28,0 of 0,---,0,0,0:06,1996-06-17,30.26
UFC 331: Van vs. Pantoja 2,2026-09-19,Patricio Pitbull,http://ufcstats.com/fighter-details/98a58c26c5b1ed17,Dooho Choi,http://ufcstats.com/fighter-details/e93b04e308913c2e,Featherweight,Men,KO/TKO Punches,1,3:28,http://ufcstats.com/fight-details/f7810c98786c3dd8,Patricio Pitbull,1,38 of 75,50%,38 of 75,0 of 0,---,0,0,0:05,1987-07-07,39.2
UFC 331: Van vs. Pantoja 2,2026-09-19,Patricio Pitbull,http://ufcstats.com/fighter-details/98a58c26c5b1ed17,Dooho Choi,http://ufcstats.com/fighter-details/e93b04e308913c2e,Featherweight,Men,KO/TKO Punches,1,3:28,http://ufcstats.com/fight-details/f7810c98786c3dd8,Dooho Choi,0,20 of 46,43%,20 of 46,0 of 0,---,0,0,0:00,1991-04-10,35.44
UFC 331: Van vs. Pantoja 2,2026-09-19,Sean Sharaf,http://ufcstats.com/fighter-details/0f3a990526c5e706,Gable Steveson,http://ufcstats.com/fighter-details/f7e856a73c96048e,Heavyweight,Men,KO/TKO Punch,1,0:12,http://ufcstats.com/fight-details/023ce4fa7b7b76f9,Gable Steveson,0,1 of 2,50%,1 of 2,0 of 0,---,0,0,0:00,2000-05-31,26.3
UFC 331: Van vs. Pantoja 2,2026-09-19,Sean Sharaf,http://ufcstats.com/fighter-details/0f3a990526c5e706,Gable Steveson,http://ufcstats.com/fighter-details/f7e856a73c96048e,Heavyweight,Men,KO/TKO Punch,1,0:12,http://ufcstats.com/fight-details/023ce4fa7b7b76f9,Sean Sharaf,1,3 of 6,50%,3 of 6,0 of 0,---,0,0,0:02,1993-07-11,33.19
UFC 331: Van vs. Pantoja 2,2026-09-19,Alonzo Menifield,http://ufcstats.com/fighter-details/a495f599e787614f,Iwo Baraniewski,http://ufcstats.com/fighter-details/1c23ec2f1b71be40,Light Heavyweight,Men,S-DEC,3,5:00,http://ufcstats.com/fight-details/196c64693a2ce308,Alonzo Menifield,0,10 of 42,23%,10 of 42,0 of 1,0%,0,0,0:28,1987-10-18,38.92
UFC 331: Van vs. Pantoja 2,2026-09-19,Alonzo Menifield,http://ufcstats.com/fighter-details/a495f599e787614f,Iwo Baraniewski,http://ufcstats.com/fighter-details/1c23ec2f1b71be40,Light Heavyweight,Men,S-DEC,3,5:00,http://ufcstats.com/fight-details/196c64693a2ce308,Iwo Baraniewski,0,17 of 42,40%,25 of 52,1 of 1,100%,0,0,1:19,1998-11-20,27.83
UFC 331: Van vs. Pantoja 2,2026-09-19,Marlon Vera,http://ufcstats.com/fighter-details/7c7332319c14094c,Charles Jourdain,http://ufcstats.com/fighter-details/f1d64ae34e088832,Bantamweight,Men,KO/TKO Punch,3,2:02,http://ufcstats.com/fight-details/d0361fe28d05a0b5,Marlon Vera,0,21 of 38,55%,25 of 42,2 of 2,100%,0,0,1:16,1992-12-02,33.8
UFC 331: Van vs. Pantoja 2,2026-09-19,Marlon Vera,http://ufcstats.com/fighter-details/7c7332319c14094c,Charles Jourdain,http://ufcstats.com/fighter-details/f1d64ae34e088832,Bantamweight,Men,KO/TKO Punch,3,2:02,http://ufcstats.com/fight-details/d0361fe28d05a0b5,Charles Jourdain,0,28 of 42,66%,43 of 58,0 of 1,0%,0,0,0:00,1995-11-27,30.81
UFC 331: Van vs. Pantoja 2,2026-09-19,Robelis Despaigne,http://ufcstats.com/fighter-details/140567899d98978a,Tai Tuivasa,http://ufcstats.com/fighter-details/c62fbc117d57b943,Heavyweight,Men,S-DEC,3,5:00,http://ufcstats.com/fight-details/3f2d637ffb324a51,Tai Tuivasa,0,15 of 29,51%,26 of 40,1 of 3,33%,0,0,2:08,1993-03-16,33.51
UFC 331: Van vs. Pantoja 2,2026-09-19,Robelis Despaigne,http://ufcstats.com/fighter-details/140567899d98978a,Tai Tuivasa,http://ufcstats.com/fighter-details/c62fbc117d57b943,Heavyweight,Men,S-DEC,3,5:00,http://ufcstats.com/fight-details/3f2d637ffb324a51,Robelis Despaigne,0,19 of 39,48%,33 of 53,0 of 0,---,0,0,1:48,1988-08-09,38.11
UFC 331: Van vs. Pantoja 2,2026-09-19,Michael Aswell Jr.,http://ufcstats.com/fighter-details/01c9e4013afce141,JooSang Yoo,http://ufcstats.com/fighter-details/a44020ea2e8cd026,Featherweight,Men,S-DEC,3,5:00,http://ufcstats.com/fight-details/d89cc2cb92cd8407,Michael Aswell Jr.,0,28 of 59,47%,30 of 61,0 of 0,---,0,0,0:01,2000-09-27,25.98
UFC 331: Van vs. Pantoja 2,2026-09-19,Michael Aswell Jr.,http://ufcstats.com/fighter-details/01c9e4013afce141,JooSang Yoo,http://ufcstats.com/fighter-details/a44020ea2e8cd026,Featherweight,Men,S-DEC,3,5:00,http://ufcstats.com/fight-details/d89cc2cb92cd8407,JooSang Yoo,0,23 of 58,39%,23 of 58,0 of 1,0%,0,0,0:04,1994-01-21,32.66
UFC 331: Van vs. Pantoja 2,2026-09-19,Ryan Gandra,http://ufcstats.com/fighter-details/e463ce0a2ca474f4,Ozzy Diaz,http://ufcstats.com/fighter-details/6967153c7edb4d87,Middleweight,Men,KO/TKO Punch,1,2:04,http://ufcstats.com/fight-details/51789f77811b1817,Ryan Gandra,1,16 of 34,47%,16 of 34,0 of 0,---,0,0,0:03,1995-05-08,31.37
UFC 331: Van vs. Pantoja 2,2026-09-19,Ryan Gandra,http://ufcstats.com/fighter-details/e463ce0a2ca474f4,Ozzy Diaz,http://ufcstats.com/fighter-details/6967153c7edb4d87,Middleweight,Men,KO/TKO Punch,1,2:04,http://ufcstats.com/fight-details/51789f77811b1817,Ozzy Diaz,0,3 of 4,75%,3 of 4,0 of 0,---,0,0,0:00,1990-11-22,35.82
UFC 331: Van vs. Pantoja 2,2026-09-19,Edmen Shahbazyan,http://ufcstats.com/fighter-details/4144798612ef96e5,Brunno Ferreira,http://ufcstats.com/fighter-details/1e719d4b676dc19a,Middleweight,Men,U-DEC,3,5:00,http://ufcstats.com/fight-details/9be47241c960d082,Edmen Shahbazyan,0,21 of 35,60%,21 of 35,0 of 0,---,0,0,0:00,1997-11-20,28.83
UFC 331: Van vs. Pantoja 2,2026-09-19,Edmen Shahbazyan,http://ufcstats.com/fighter-details/4144798612ef96e5,Brunno Ferreira,http://ufcstats.com/fighter-details/1e719d4b676dc19a,Middleweight,Men,U-DEC,3,5:00,http://ufcstats.com/fight-details/9be47241c960d082,Brunno Ferreira,0,2 of 10,20%,2 of 10,0 of 0,---,0,0,0:00,1992-11-04,33.87
UFC 331: Van vs. Pantoja 2,2026-09-19,Casey O'Neill,http://ufcstats.com/fighter-details/04835018f90b118c,Eduarda Moura,http://ufcstats.com/fighter-details/de594b35c45c2e9a,Women's Flyweight,Women,SUB Armbar,1,3:22,http://ufcstats.com/fight-details/73304588cef4f88b,Casey O'Neill,0,1 of 4,25%,1 of 4,0 of 0,---,1,0,0:00,1997-10-07,28.95
UFC 331: Van vs. Pantoja 2,2026-09-19,Casey O'Neill,http://ufcstats.com/fighter-details/04835018f90b118c,Eduarda Moura,http://ufcstats.com/fighter-details/de594b35c45c2e9a,Women's Flyweight,Women,SUB Armbar,1,3:22,http://ufcstats.com/fight-details/73304588cef4f88b,Eduarda Moura,0,3 of 7,42%,13 of 20,0 of 0,---,1,0,3:12,1994-02-28,32.56
UFC 331: Van vs. Pantoja 2,2026-09-19,Joanderson Brito,http://ufcstats.com/fighter-details/791c8437b341fba5,Giga Chikadze,http://ufcstats.com/fighter-details/9560ff14eb3129f7,Featherweight,Men,KO/TKO Punches,1,1:57,http://ufcstats.com/fight-details/2e35163040eb3189,Giga Chikadze,0,7 of 12,58%,13 of 18,0 of 0,---,0,0,0:00,1988-08-25,38.07
UFC 331: Van vs. Pantoja 2,2026-09-19,Joanderson Brito,http://ufcstats.com/fighter-details/791c8437b341fba5,Giga Chikadze,http://ufcstats.com/fighter-details/9560ff14eb3129f7,Featherweight,Men,KO/TKO Punches,1,1:57,http://ufcstats.com/fight-details/2e35163040eb3189,Joanderson Brito,0,20 of 27,74%,24 of 31,0 of 0,---,0,0,0:39,1995-02-11,31.6
