fighter_id,fighter_name,fighter_nick_name,height,weight_lbs,reach_inches,stance,dob,slpm,str_acc,sapm,str_def,td_avg,td_acc,td_def,sub_avg
ad32471f01e7b1a5,Jeremy Jackson,Scorpion,"5' 10""",170,,Orthodox,1982-09-19,0.71,27,2.03,25,1.52,40,58,0.0
13b2f59210dda9cc,Kevin Jackson,,"5' 10""",199,,Switch,1964-11-25,0.0,0,0.0,0,0.0,0,0,0.0
b4eeac608fc82f88,Yves Jabouin,Tiger,"5' 7""",135,68,Orthodox,1979-05-30,3.06,41,2.93,62,1.94,60,82,0.1
ffc088e64fab57e9,Quinton Jackson,Rampage,"6' 1""",205,73,Orthodox,1978-06-20,3.25,54,2.51,55,1.52,56,73,0.1
56c5132870a526d5,Kenyon Jackson,,"6' 0""",185,,,,0.0,0,0.0,0,0.0,0,0,0.0
29af297d9f1de0f8,Damon Jackson,The Leech,"5' 11""",155,71,Switch,1988-08-08,2.96,42,3.47,49,2.3,32,37,1.2
ce783bf73b5131f9,Eugene Jackson,The Wolf,"5' 8""",185,,Orthodox,1966-09-23,2.19,33,3.44,32,1.91,71,16,2.3
0641c21bec209472,Mike Jackson,The Truth,"6' 2""",170,74,Orthodox,1985-03-22,4.49,57,3.73,62,0.71,33,88,0.0
ca8da445dfa82d56,Jason Jackson,Jah-Son,"6' 1""",170,78,Orthodox,1990-10-30,2.24,48,1.31,56,0.0,0,0,0.0
46f557bd44da630e,Richard Jacobi,,"6' 4""",260,75,Orthodox,1993-09-28,0.88,44,3.94,51,3.28,100,100,0.0
ba17afef01ed78b6,Eric Jacob,,,155,,,,0.0,0,0.0,0,0.0,0,0,0.0
1ea8df62b3f8fea6,Justin James,,"5' 10""",155,,Orthodox,1976-11-08,1.34,36,2.68,50,0.0,0,50,1.6
cc1a8b4b38b92c6d,Montel Jackson,Quik,"5' 10""",135,75,Southpaw,1992-04-24,3.02,52,1.4,60,2.71,63,67,0.3
335ad945324c3a2e,Dave Jansen,,"5' 9""",155,73,Orthodox,1979-08-21,2.94,33,3.67,58,2.79,28,38,0.9
a34fecf2f4e5a317,Nate James,,"6' 0""",185,,,1978-05-29,1.33,42,2.67,28,0.0,0,44,0.0
99d5cf1eda8b25c1,Gigo Jara,The Little Animal,"5' 9""",145,,,,2.26,57,2.71,51,0.0,0,66,0.0
805ad1801eb26abb,Jaime Jara,El Cucui,"6' 1""",205,,Southpaw,1969-08-02,2.2,60,1.47,56,0.0,0,25,0.0
64959f90b6dd9759,Brock Jardine,The Machine,"5' 11""",170,,Orthodox,1985-07-10,1.06,30,3.34,56,0.0,0,14,0.8
b9d0fd83bb8a147a,Keith Jardine,The Dean of Mean,"6' 2""",185,76,Orthodox,1975-10-31,3.25,36,2.98,59,1.18,45,62,0.7
32e8e0e8498f03c2,Josh Jarvis,,,,,,,0.0,0,0.0,0,0.0,0,0,0.0
c7b0081edfef4bc7,YunSeong Jang,,"6' 0""",170,72,Orthodox,2002-11-04,2.53,41,4.13,51,2.0,50,90,0.0
b71ce838b01f2cad,Rony Jason,,"5' 7""",145,73,Orthodox,1984-03-21,2.04,44,3.14,53,0.59,30,36,0.8
e4277e87a789d687,Dustin Jacoby,The Hanyak,"6' 3""",205,76,Orthodox,1988-04-04,5.31,47,4.02,57,0.3,25,62,0.0
7dda2cf308f24a02,Virna Jandiroba,Carcara,"5' 3""",115,64,Orthodox,1988-05-30,2.27,41,2.86,55,3.13,39,72,1.4
0e8744ded08ee5fb,Louis Jauregui,,"5' 7""",170,,,,0.0,0,0.0,0,0.0,0,0,0.0
a9e260472d321361,Jasmine Jasudavicius,,"5' 7""",125,68,Orthodox,1989-03-01,3.47,44,3.46,51,2.63,46,75,0.5
b59037262c8fe060,Ryan Janes,,"6' 3""",185,76,Orthodox,1981-08-22,7.69,48,5.53,59,0.35,100,58,0.0
8f7380fb0916dc77,Josh Janousek,,"5' 11""",185,,Orthodox,1980-09-25,0.0,0,0.0,0,0.0,0,0,0.0
ccdcb20370be62a3,Aaron Jeffery,,"6' 2""",185,73,Orthodox,1992-11-14,3.1,45,4.46,34,0.0,0,50,0.0
304a21d0595e1a08,Justin Jaynes,The Guitar Hero,"5' 7""",145,68,Orthodox,1989-08-10,3.34,44,5.33,62,0.75,40,20,1.1
dfcadfcbd3a3f097,Milos Janicic,The Cobra,"5' 11""",155,71,Orthodox,1997-05-03,4.44,31,3.7,54,0.0,0,0,0.0
40cb680ae1cd331f,Yazmin Jauregui,,"5' 3""",115,64,Orthodox,1999-02-28,6.64,39,5.25,54,0.0,0,100,0.0
5e841bb3752b6e86,Bubba Jenkins,The Highlight Kid,"5' 7""",145,,,1988-02-05,2.41,37,1.58,67,7.23,68,100,0.0
dae85a6a83f53215,Adrienna Jenkins,AJ,"5' 8""",145,,,1981-07-22,0.0,0,0.0,0,0.0,0,0,0.0
02fc8f50f56eb307,Trent Jenkins,,"6' 2""",185,,,,0.0,0,0.0,0,0.0,0,0,0.0
6a8928652fc01bee,Brandon Jenkins,The Human Highlight Reel,"6' 0""",155,71,Switch,1991-09-30,2.93,41,8.05,33,0.0,0,27,0.0
3d6749c4267da18f,Joanna Jedrzejczyk,,"5' 6""",115,65,Orthodox,1987-08-18,6.28,48,3.25,62,0.27,62,80,0.1
aec273fcb765330d,Kyle Jensen,,"5' 9""",170,,Orthodox,1979-07-20,0.0,0,0.92,60,6.92,100,0,6.9
ad047e3073a775f3,Steve Jennum,,"5' 10""",215,,Orthodox,1963-09-23,0.0,0,0.0,0,0.0,0,0,0.0
a9da3158dd2c2b5a,Jack Jenkins,Phar,"5' 7""",145,68,Switch,1993-11-03,4.48,61,2.95,59,1.98,60,71,0.2
aae99701b21554e4,Ryan Jensen,,"6' 1""",185,76,Orthodox,1977-09-20,2.84,39,2.99,59,1.55,50,31,1.9
a5c53b3ddb31cc7d,Art Jimmerson,,"6' 1""",196,,Orthodox,1963-08-04,0.0,0,0.0,0,0.0,0,0,0.0
6b5b9be990774f0e,Maciej Jewtuszko,Irokez,"6' 0""",155,,Southpaw,1981-01-31,2.29,45,1.39,66,0.0,0,42,0.9
1c02b964466c10e4,Ramiro Jimenez,El Cachanilla,"5' 9""",145,73,Southpaw,1999-01-16,14.22,65,2.43,82,5.2,100,100,0.0
24174a3f44ce8e03,Chan-Mi Jeon,,"5' 5""",115,,Orthodox,1997-08-28,6.23,31,7.77,55,0.0,0,0,0.0
b9e871af730f826c,Ronald Jhun,The Machine Gun,"5' 11""",170,,Orthodox,1970-09-21,1.45,57,3.01,50,1.81,100,100,0.0
8677e67a75d65b8e,Baergeng Jieleyisi,,"5' 9""",145,71,Orthodox,1995-11-24,1.61,35,2.62,52,1.73,38,78,0.2
c14a683dac2ebc4c,Jiniushiyue,Little Vajra,"5' 8""",125,68,Southpaw,2000-12-09,2.7,44,2.53,48,2.26,53,50,0.0
bc3ec52ef70fc155,Ryan Jimmo,The Big Deal,"6' 1""",205,73,Orthodox,1981-11-27,3.12,66,2.77,46,0.45,28,87,0.0
4eccb78d628b2238,Jinensibieke Asikeerbai,,"5' 6""",155,69,Orthodox,1988-07-10,2.0,50,10.0,0,0.0,0,0,0.0
6e0e977beb909837,Sung Bin Jo,Korean Falcon,"6' 0""",145,72,Orthodox,1992-07-17,1.4,33,2.67,51,1.0,33,83,1.0
59d36ddfcb27b7dc,Gilbert Jimenez,,,155,,,,0.0,0,0.0,0,0.0,0,0,0.0
2a4200ead401a9ce,Carls John De Tomas,,"5' 5""",125,71,Southpaw,1996-08-28,1.74,37,3.93,44,1.37,33,66,0.0
ec52462a1b41f714,Brett Johns,The Pikey,"5' 7""",135,71,Orthodox,1992-02-21,2.86,49,3.84,53,4.92,49,58,1.0
46e0d677f91bacc0,Miles Johns,Chapo,"5' 7""",135,68,Orthodox,1994-03-30,3.37,44,2.97,65,1.2,26,77,0.0
365fee2da473b177,Anthony Johnson,Rumble,"6' 2""",205,78,Orthodox,1984-03-06,3.25,47,1.83,60,2.43,57,77,0.6
322a56923b396b4d,DaMarques Johnson,Darkness,"6' 1""",170,75,Orthodox,1982-06-28,2.11,37,3.75,51,1.18,55,19,0.7
a8fa0c4e95512806,Phil Johns,,"5' 2""",170,,Southpaw,1968-10-22,1.2,66,1.8,50,0.0,0,50,0.0
fa2fca260beeb9c0,Ricky Johnson,,"5' 8""",145,,Orthodox,,1.83,25,6.3,36,0.0,0,0,0.0
3641a0d117e9bc6c,Tony Johnson,,"6' 2""",205,76,Orthodox,1983-05-02,4.0,92,3.67,22,0.0,0,90,0.0
e6c5908910cc26e4,Lavar Johnson,Big,"6' 4""",240,82,Orthodox,1977-06-11,5.39,55,2.54,55,0.61,66,54,0.6
bf97ad31eae89429,Deshaun Johnson,,,167,,,1970-11-15,2.27,41,6.67,43,0.0,0,0,0.0
8a304bfd6bf04a57,Demetrious Johnson,Mighty Mouse,"5' 3""",125,66,Orthodox,1986-08-13,3.43,54,1.66,67,3.35,56,65,0.5
22f4b6cb6b1bd7fd,Devin Johnson,,,,,,,0.0,0,0.0,0,0.0,0,0,0.0
511e82663651438d,Michael Johnson,The Menace,"5' 10""",155,73,Southpaw,1986-06-04,4.27,39,3.78,58,0.57,38,81,0.0
443835675e8fc6ca,Travis Johnson,,,205,,,,0.0,0,0.0,0,0.0,0,0,0.0
633a45d131192ffe,Kajan Johnson,Ragin',"5' 11""",155,75,Orthodox,1984-04-21,2.47,42,1.59,64,1.54,37,62,0.2
cc900af167fbedfd,Timothy Johnson,,"6' 3""",265,77,Southpaw,1985-03-13,3.43,45,3.08,44,1.09,24,69,0.0
a45bab49951a45cd,Tony Johnson,,"6' 1""",265,,,,2.0,53,4.73,31,2.0,22,0,0.0
36207c58e854cae5,Dashon Johnson,Flyboy,"5' 7""",145,,Orthodox,1988-01-25,1.01,69,3.83,35,0.85,33,63,0.8
99bcdf5eac39898f,Jordan Johnson,,"6' 2""",205,79,Orthodox,1988-11-18,3.45,47,2.64,53,3.25,42,100,1.2
552b09cbf13b6328,Taylor Johnson,Tombstone,"6' 0""",185,74,Switch,1990-11-09,5.09,60,1.13,33,8.49,100,100,0.0
6ce9a012e4c6020c,Chad Johnson,Big Rigg,"6' 2""",230,80,Orthodox,1986-07-22,5.92,68,7.8,40,0.0,0,0,0.0
ad5cb64af10fc946,Donte Johnson,Lock Jaw,"5' 8""",185,74,Southpaw,1999-01-25,3.11,48,2.0,61,2.0,100,75,0.7
1c3f5e85b59ec710,Brian Johnston,,"6' 3""",230,,Orthodox,1968-07-28,0.0,0,0.0,0,0.0,0,0,0.0
84f727cf0166d6f2,Jose Johnson,Zhakwarius,"6' 0""",125,71,Orthodox,1995-05-20,2.27,57,1.61,53,0.69,60,41,0.7
814e5233e2acf2ee,Charles Johnson,InnerG,"5' 9""",125,70,Switch,1991-01-10,4.54,49,3.88,55,0.47,16,66,0.4
3261aa79bf6caa64,Ben Johnston,,"6' 4""",185,76,Orthodox,1990-10-11,1.01,75,1.01,29,2.54,100,100,0.0
a6aa3157e1a1d104,Nikola Joksovic,,,170,,,1994-09-11,0.0,0,0.0,0,0.0,0,0,0.0
eeabcd4dc6619129,Daniel Jolly,The Werewolf of Texas,"6' 1""",205,75,Orthodox,1984-09-03,1.32,46,3.39,44,2.83,33,50,0.0
f341f9551ba744e2,Paul Jones,,"5' 9""",199,,Orthodox,1963-06-16,0.0,0,0.0,0,0.0,0,0,0.0
eebc23626e38f5dc,Liana Jojua,She Wolf,"5' 4""",125,62,Orthodox,1995-03-22,2.42,30,5.32,54,1.71,66,50,1.3
f117c3e8c1aa7b9e,Carlton Jones,,"6' 1""",225,,Orthodox,,2.32,41,3.58,56,4.02,50,57,2.7
f54fb3b9c4228142,Nathan Jones,,"6' 11""",345,,Orthodox,1970-08-21,0.0,0,0.0,0,0.0,0,0,0.0
8fa2b06572365321,Marcus Jones,The Darkness,"6' 6""",265,,Orthodox,1973-08-15,1.94,52,2.71,58,8.71,75,0,2.9
07f72a2a7591b409,Jon Jones,Bones,"6' 4""",248,84,Orthodox,1987-07-19,4.38,58,2.24,64,1.89,45,95,0.5
7b223a22a6c26868,Tito Jones,,"5' 8""",145,,Southpaw,1981-07-31,0.0,0,0.0,0,0.0,0,0,0.0
be8dfcf0442812b1,Roy Jones,,,205,,,1983-10-26,0.0,0,0.0,0,0.0,0,0,0.0
bc0f994de0521926,Jesse Jones,,"5' 9""",170,,,,0.0,0,0.0,0,0.0,0,0,0.0
04f0471f221db717,Victor Jones,,,145,,,,0.0,0,0.0,0,0.0,0,0,0.0
9b75954db8db2a08,Justin Jones,Black Dynamite,"5' 11""",185,,Orthodox,1987-09-06,1.7,36,3.17,45,1.0,15,46,0.5
329aff8e958a2997,Ben Jones,Blitzkrieg,,185,,,,0.0,0,0.0,0,0.0,0,0,0.0
8a9f54b9056b07f5,Roshaun Jones,,"5' 8""",135,,,,0.0,0,0.0,0,0.0,0,0,0.0
509319d35664369e,Chris Jones,Lionheart,"5' 9""",149,,,1981-11-16,0.0,0,0.0,0,0.0,0,0,0.0
1dda22d0ac3d1271,Jamelle Jones,The Beast,"6' 0""",205,75,Orthodox,1988-01-31,1.78,80,3.11,65,0.0,0,0,0.0
f6ad6a1e4d600e0d,Mason Jones,The Dragon,"5' 10""",155,74,Orthodox,1995-04-26,5.98,42,4.45,50,3.48,55,73,0.2
e947b563eb744a21,Craig Jones,,,205,,,1991-07-17,0.0,0,0.0,0,0.0,0,0,0.0
f1fd494586ab8d5f,Antonio Jones,Doomsday,"5' 11""",185,,Orthodox,1985-04-12,7.5,55,30.0,42,0.0,0,0,0.0
ec23c1be628d8057,Trevin Jones,5 Star,"5' 7""",135,70,Southpaw,1990-08-04,2.13,37,4.29,39,0.62,15,60,0.2
08b01ed84044c6bc,Jacobi Jones,Big Toe,"5' 9""",155,72,Orthodox,1996-05-24,5.87,46,7.6,48,0.0,0,33,0.0
1a98c9dbb7fc3959,Jocelyn Jones-Lybarger,,"5' 7""",115,64,Orthodox,1985-10-04,2.96,31,4.83,56,0.34,25,81,0.0
02e52b3a595f0786,Kevin Jordan,The Shaman,"6' 3""",245,,Orthodox,1970-12-31,2.0,40,1.91,55,0.0,0,77,0.6
712c4db78b9373d1,Joe Jordan,,"5' 6""",155,,Orthodox,1978-07-27,1.85,25,4.27,59,0.0,0,66,0.0
ca2efc9d7d523c43,Shawn Jordan,The Savage,"6' 0""",260,75,Southpaw,1984-10-21,2.87,50,3.3,47,1.97,38,76,0.1
8ecb9f42da5ef5ac,Gareth Joseph,,,205,,,1984-09-28,0.0,0,0.0,0,0.0,0,0,0.0
19db7ac26308178f,Ivan Jorge,Batman,"5' 9""",155,73,Orthodox,1980-11-07,3.41,49,2.91,59,1.56,16,75,0.6
0b64d0fed453ef7f,Scott Jorgensen,Young Guns,"5' 5""",135,66,Orthodox,1982-09-17,3.37,40,3.41,65,2.61,45,59,0.7
34ca93f1791a5c50,Dwight Joseph,,"5' 6""",135,,Switch,1989-08-16,2.6,52,2.87,55,1.0,20,20,1.0
388abbf8832b5adf,Jeff Joslin,The Inferno,"6' 0""",170,,Orthodox,1975-04-30,2.17,39,1.57,65,0.5,33,64,0.5
cf65d56b0755ed3b,Alan Jouban,Brahma,"6' 0""",170,73,Southpaw,1981-11-25,5.67,50,3.77,60,0.51,44,58,0.3
4e06913c91da5200,Krzysztof Jotko,,"6' 1""",185,77,Southpaw,1989-08-19,2.98,42,2.23,57,1.33,39,82,0.1
91cd52cb92dfdd52,Louis Jourdain,The Mad Prince,"5' 9""",135,69,Orthodox,1997-03-13,7.32,49,2.44,54,0.0,0,66,1.4
f1d64ae34e088832,Charles Jourdain,Air,"5' 9""",135,69,Switch,1995-11-27,5.36,49,4.11,56,0.38,21,46,0.6
791367e8c35cfb6a,Dustin Joynson,,"6' 6""",244,78,Orthodox,1985-10-14,3.28,53,5.63,47,0.0,0,0,0.0
35080a7f406f9ab3,Mike Joy,,"5' 6""",155,,Southpaw,1985-07-18,0.57,33,1.71,47,0.78,33,0,2.3
dda15dbfafb792df,Kevin Jousset,Air,"6' 2""",170,75,Orthodox,1993-05-02,6.61,51,6.49,50,0.69,40,100,0.3
97f3692d5444a80a,Tony Juarez,,,155,,,,0.89,25,10.34,38,4.43,100,66,0.0
410898e8dd6ca9b6,Ernie Juarez,The Young Titan,"5' 8""",145,70,,1998-01-12,4.21,51,6.23,55,0.0,0,25,0.0
cd039ff136d89ded,Jesse Juarez,,"6' 1""",170,,Orthodox,1981-05-08,1.71,48,2.87,52,2.69,33,50,0.0
b35d1650c78c2948,Bu-Kyung Jung,,"5' 7""",154,,Orthodox,1978-05-26,0.63,36,1.85,56,1.1,75,0,1.5
4c288a2b250bb576,Luke Jumeau,The Jedi,"5' 11""",170,72,Orthodox,1988-02-12,2.93,43,3.17,58,0.25,100,86,0.0
6ece1d2ab1bed31d,Steve Judson,,"5' 11""",230,,Orthodox,,0.0,0,0.0,0,0.0,0,0,0.0
a72a2a769fa5a2be,Anshul Jubli,King of Lions,"6' 0""",155,69,Switch,1995-01-13,6.42,46,5.72,50,0.81,18,63,0.4
f1ab6f37492c630a,Carli Judice,Crispy,"5' 7""",115,68,Southpaw,1999-03-02,9.32,50,6.62,57,0.52,25,80,0.0
9e6cd25e0bd05e3d,Reginaldo Junior,The Beast,,170,,,1999-02-10,0.0,0,0.0,0,0.0,0,0,0.0
13104eaed3ae96c3,Young Sam Jung,,"5' 8""",139,,Orthodox,1985-10-27,0.53,9,2.79,63,0.0,0,0,2.0
74f9448b97bf8bec,Da Woon Jung,Sseda,"6' 4""",205,78,Orthodox,1993-12-07,3.24,40,4.23,49,1.59,47,75,0.2
c451d67c09c55418,Chan Sung Jung,The Korean Zombie,"5' 7""",145,72,Orthodox,1987-03-17,3.93,41,4.52,52,0.7,44,72,0.6
98a6b2361045898f,Dong Hyun Ma,Maestro,"5' 11""",155,70,Orthodox,1988-09-09,2.84,41,4.1,54,1.27,53,33,0.0
450bacdacd706bcd,Pawan Maan,,"5' 7""",155,70,Orthodox,1986-04-06,0.89,44,2.98,43,0.0,0,0,0.0
ac70a4f1db1b8c40,Scott Junk,,"6' 1""",265,,Orthodox,1978-12-17,5.13,60,1.81,45,0.0,0,0,0.0
ed74afc8b5b47a61,William Macario,Patolino,"5' 11""",170,75,Orthodox,1991-07-01,4.92,54,3.96,65,1.85,45,78,0.0
08e908ed6d18d6a0,Myles Jury,Fury,"5' 10""",145,73,Orthodox,1988-10-31,2.94,42,2.16,66,2.16,55,50,0.3
634bb0de2eb043b4,Cristiane Justino,Cyborg,"5' 8""",145,68,Orthodox,1985-07-09,7.28,52,2.25,64,0.66,55,94,0.4
f3388d2cf7ab3f64,Rob MacDonald,Maximus,"6' 3""",205,78,Orthodox,1978-09-05,1.8,50,2.04,46,7.19,80,80,5.4
2be6596a9db33bf5,Jason MacDonald,The Athlete,"6' 3""",185,80,Orthodox,1975-06-03,1.55,52,2.7,46,1.43,16,35,2.0
39831e62d12e7ad1,Clayton MacFarlane,,,170,,,,1.33,52,1.82,55,1.05,33,37,0.0
8cf90e41646491fd,Ilima Macfarlane,,"5' 4""",125,,,,4.13,43,2.93,65,0.0,0,50,1.0
35e1f9984ed64206,Ryan MacDonald,Main Event,"5' 11""",135,71,Switch,1993-03-18,2.28,29,6.49,45,0.0,0,0,0.0
dedc3bb440d09554,Anthony Macias,Mad Dog,"5' 9""",185,,Switch,1969-02-09,0.0,0,0.0,0,0.0,0,0,0.0
cbd5d3cdd862e90e,Rory MacDonald,Red King,"6' 0""",170,76,Orthodox,1989-07-22,3.75,42,2.8,62,1.77,47,88,0.4
a1a91dbf41a029c4,Valesca Machado,Tina Black,"5' 4""",115,63,Orthodox,1996-05-06,2.4,32,2.87,64,0.0,0,76,0.0
89839250eb25c9c1,Caio Machado,Bigfoot,"6' 4""",250,78,Southpaw,1994-07-20,5.82,53,2.87,63,0.0,0,82,0.0
442c9011034ae1fd,Ian Machado Garry,The Future,"6' 3""",170,74,Orthodox,1997-11-17,4.78,54,2.86,52,0.92,31,80,0.4
f7a7f7118d4b01b6,Lyoto Machida,The Dragon,"6' 1""",185,74,Southpaw,1978-05-30,2.59,53,1.57,61,1.21,65,75,0.4
cd7bafbeee1f29a0,War Machine,,"5' 11""",170,,Orthodox,1981-11-30,2.32,60,3.17,43,1.16,50,40,0.0
e88b83dea18f5d31,Pauline Macias,PITA,"5' 4""",115,64,Southpaw,1988-06-27,0.8,29,4.6,42,2.0,18,0,0.0
68c7ad953455c73f,Don Madge,Magic Man,"6' 0""",155,72,Southpaw,1990-11-12,2.08,52,0.74,67,2.22,25,80,0.7
e25bcbcdaf6537a1,Reza Madadi,Mad Dog,"5' 11""",155,73,Orthodox,1978-06-20,2.51,46,3.31,66,3.17,33,89,0.5
cc63a5f0089d8ba9,Victor Madrigal,Periquito,"5' 7""",135,71,Orthodox,1990-08-16,2.31,38,9.56,50,0.0,0,0,0.0
a8d521d913df4e31,Ryan Madigan,,"6' 0""",170,,Orthodox,,0.0,0,3.35,47,0.0,0,0,0.0
da0995f19b749cfa,Mark Madsen,The Olympian,"5' 8""",155,72,Orthodox,1984-09-23,3.56,49,3.97,52,2.86,66,62,0.0
7691a80e6ca3e55b,Jon Madsen,,"6' 0""",240,72,Orthodox,1980-02-12,2.46,41,1.18,81,1.32,71,70,0.0
8bbc0cfc01bc1ba1,Leonardo Mafra,Macarrao,"5' 10""",155,70,Orthodox,1989-04-25,4.55,48,4.38,43,2.12,83,69,0.4
a4bf17bd3ba3423b,Yoshiro Maeda,,"5' 7""",139,68,Southpaw,1981-10-31,2.36,33,2.55,63,2.93,51,50,0.7
1b583c64c23f0c7f,Vinicius Magalhaes,Draculinho,,145,,,1971-07-30,0.0,0,0.0,0,0.0,0,0,0.0
88a9bc81271ccd89,Vinny Magalhaes,Pezao,"6' 3""",205,75,Orthodox,1984-07-02,2.14,24,3.97,68,1.55,44,66,0.8
7a613f78dd7ee8f8,Bernardo Magalhaes,Trekko,"5' 9""",155,,Orthodox,1981-04-08,1.8,27,3.37,68,0.0,0,0,0.5
0c5c66ddd1886b83,Caio Magalhaes,Hellboy,"6' 1""",185,73,Orthodox,1987-12-14,2.27,40,2.78,56,1.05,15,58,1.6
8db1b36dde268ef6,Eric Magana,,,,,,,0.0,0,0.0,0,0.0,0,0,0.0
2015c944226ad2df,Brandon Magana,,,170,,Orthodox,,0.0,0,0.0,0,0.0,0,0,0.0
e7e970d508529bf3,Ibragim Magomedov,,"6' 0""",250,,Orthodox,1975-06-08,0.26,4,3.86,42,0.0,0,0,0.0
d16373b3568678d4,Raimond Magomedaliev,,"6' 1""",170,75,Orthodox,1990-06-10,4.07,41,4.75,41,0.0,0,0,0.0
bd878a638e0e3be3,Angela Magana,Your Majesty,"5' 1""",115,65,Orthodox,1983-08-02,1.53,28,4.92,42,0.4,25,28,0.4
7ea1f74cef32f906,Rashid Magomedov,Highlander,"5' 9""",155,70,Orthodox,1984-11-29,4.4,49,3.05,54,0.67,57,89,0.2
369e1ce458ef50a6,Ruslan Magomedov,Leopard,"6' 3""",242,78,Orthodox,1986-11-26,4.02,47,1.47,66,0.33,100,88,0.0
84b3e7d38f2d2ec5,Neil Magny,The Haitian Sensation,"6' 3""",170,80,Orthodox,1987-08-03,3.4,46,2.44,51,2.17,39,55,0.3
36b8f265bcd1b7a4,Abus Magomedov,,"6' 2""",185,78,Orthodox,1990-09-02,3.06,48,3.34,56,2.5,59,100,0.6
06734ca9d88dec3a,Shara Magomedov,Bullet,"6' 2""",185,73,Orthodox,1994-05-16,5.55,62,3.62,45,0.0,0,73,0.0
d436f5d55156a521,Murtazali Magomedov,The Highlight,"5' 9""",145,70,Orthodox,1999-08-26,4.83,48,2.07,81,5.17,50,0,5.2
87aa9fb63d6b51a1,Zabit Magomedsharipov,,"6' 1""",145,73,Orthodox,1991-03-01,4.89,48,3.0,64,5.22,56,77,0.8
fb0b6593cec84356,Lolohea Mahe,,,,,,,1.71,29,6.92,40,2.44,40,0,0.0
1a7745388839e52b,John Maguire,The One,"5' 9""",155,69,Southpaw,1983-05-19,1.41,41,2.44,65,2.8,46,77,1.1
ae58685caf8e4a0d,Bill Mahood,The Butcher,"6' 3""",200,,Orthodox,1967-02-01,1.54,85,3.59,17,0.0,0,0,3.9
118463dd8db16e7f,Michelle Maher,,,145,,,,0.0,0,0.0,0,0.0,0,0,0.0
8c1ca54b5089d199,Maheshate,,"6' 0""",155,71,Orthodox,1999-12-01,3.96,31,5.96,51,0.0,0,47,0.0
7a9c1bb08a743d7f,Klayton Mai,,"5' 9""",125,,,1986-11-30,1.53,42,1.02,63,3.83,100,0,7.7
8e1f36476ef02a6a,Jennifer Maia,,"5' 4""",125,64,Orthodox,1988-10-06,4.35,38,4.52,55,0.42,27,58,0.1
03b1b79b34eaf217,Nayara Maia,Capita,"5' 5""",125,66,Orthodox,1990-07-25,0.6,36,3.33,43,1.0,33,0,1.0
427b5953ac8e3a27,Demian Maia,,"6' 1""",170,72,Southpaw,1977-11-06,1.8,43,2.07,63,2.49,24,61,1.0
df1e855932897f45,Yilizhati Maimaitijiang,,,185,,,,0.0,0,0.0,0,0.0,0,0,0.0
b301292b1bc92bdb,Roshan Mainam,The Indian Notorious,,135,,,,0.0,0,0.0,0,0.0,0,0,0.0
938ad489fb7a1f31,Levan Makashvili,The Hornet,"5' 8""",145,68,Orthodox,1989-01-07,2.87,54,2.07,61,3.67,42,85,0.0
3d481aa374c954a1,Aliev Makhmud,,"5' 6""",195,,Southpaw,1970-02-13,1.12,30,2.24,36,2.1,50,0,0.0
c21a036b4e012f1c,John Makdessi,The Bull,"5' 8""",155,68,Orthodox,1985-05-03,5.52,49,4.15,68,0.0,0,86,0.0
275aca31f61ba28c,Islam Makhachev,,"5' 10""",170,70,Southpaw,1991-10-27,2.45,58,1.45,61,3.1,56,91,1.0
57ab4d7c0bc09a30,Zach Makovsky,Fun Size,"5' 4""",125,64,Southpaw,1983-04-19,1.94,43,2.24,62,3.71,30,56,0.3
7f1bf0c255ec8756,Azat Maksum,Qazaq,"5' 7""",125,70,Southpaw,1995-02-02,2.75,27,4.25,52,3.5,31,85,0.2
1fb80f46d3c105d9,Fabio Maldonado,Caipira de Aco,"6' 1""",205,75,Orthodox,1980-03-17,5.29,58,4.31,53,0.44,57,61,0.6
110404b505fb562c,Jeremy Malaterre,,"5' 11""",155,,,1987-03-05,0.0,0,0.0,0,0.0,0,0,0.0
d38e8c6ae2dfc051,Nazareno Malegarie,El Tigre,"5' 8""",155,,,1986-05-16,3.87,34,3.27,69,1.0,33,0,0.0
e5ce754b01f922be,Marvin Maldonado,The Bulldog,"5' 6""",135,,,,0.87,56,3.47,43,0.0,0,20,0.0
b60c980f79b87ce8,Bea Malecki,,"5' 9""",135,74,Orthodox,1991-08-23,6.84,46,6.96,62,0.0,0,78,1.1
6e9f40c706f91f32,Nate Maness,Mayhem,"5' 10""",125,72,Orthodox,1991-06-27,3.14,50,3.88,42,0.68,75,80,0.7
a314687f372b2cec,Carl Malenko,,"5' 11""",200,,Orthodox,1970-01-25,0.0,0,0.0,0,0.0,0,0,0.0
d4270315cbcf2569,Jacob Malkoun,Mamba,"5' 9""",185,73,Orthodox,1995-08-26,4.23,56,2.33,55,5.39,42,55,0.8
eefc73b53d4a05d7,Dan Manasoiu,,,,,,,0.0,0,0.0,0,0.0,0,0,0.0
dd6103dd7127db1d,Mike Malott,Proper,"6' 1""",170,73,Orthodox,1991-11-07,4.02,48,3.09,56,1.63,50,57,0.7
1c0ffc63d8ec8f45,Gary Mangat,,"5' 7""",135,,,,0.0,0,0.0,0,0.0,0,0,0.0
9297ce6eee046f7a,Michael Mangan,,,155,,,,1.94,33,4.52,46,19.35,50,100,0.0
122ae3b34275fbb2,George Mangos,,"5' 8""",145,69,Switch,2003-08-19,1.36,54,0.27,76,0.0,0,33,1.6
725a834930c2b5bf,Troy Mandaloniz,Rude Boy,"5' 9""",170,,Orthodox,1980-02-01,3.52,56,4.71,63,3.1,66,57,0.0
b6c6d1731ff00eeb,Melchor Manibusan,Barracuda,"5' 5""",154,,Southpaw,1976-12-27,1.58,54,5.79,15,0.0,0,0,0.0
a0602dd050bebefc,Jon Manley,,"6' 1""",170,,Orthodox,1986-07-07,1.13,20,4.33,45,1.0,7,20,0.0
e5767ed355a937c2,Melvin Manhoef,No Mercy,"5' 9""",185,,Orthodox,1976-05-11,3.52,48,2.64,51,0.33,25,78,0.0
b6203e0492a9336c,Marnic Mann,The Sawed-Off Savage,"5' 0""",115,64,Southpaw,1993-03-05,1.47,41,5.08,31,1.9,33,25,0.4
0eef1bf99afd4ff2,Steve Mann,,"6' 1""",170,,,,3.18,70,0.66,57,1.64,100,60,0.0
b35ba64b6a2bbcb3,Jose Maria,No Chance,"5' 5""",125,,Orthodox,1982-01-04,3.2,53,3.98,52,2.32,27,33,2.3
e192ebb85b68fa9e,Dylan Mantello,The Quiet Man,"6' 1""",155,73,Orthodox,1992-11-19,4.69,62,4.76,55,0.0,0,76,0.0
a23e63184c65f5b8,Chris Manuel,,"5' 9""",135,,Orthodox,1987-07-21,2.53,40,2.67,66,1.0,20,100,0.0
1e1dbd1cc5a7469e,Jimi Manuwa,Poster Boy,"6' 1""",205,79,Orthodox,1980-02-18,3.43,54,3.97,49,0.53,18,70,0.4
530af2900b5a1693,Dom Mar Fan,Street Buddha,"5' 11""",155,75,Orthodox,2000-03-19,3.43,56,2.31,44,1.84,50,62,0.3
ff4c3ab594c7fac3,Cristiano Marcello,,"5' 9""",155,72,Orthodox,1977-12-03,2.56,33,3.61,58,0.44,11,20,0.9
72e5e5a6edfa8223,Marcos Mariano,Dhalsim,"6' 1""",155,76,Switch,1986-10-12,0.25,27,2.11,43,0.0,0,28,0.0
23a6e307077c6ccc,Enrique Marin,Wasabi,"5' 10""",170,,,1986-09-02,1.43,33,3.0,50,2.5,38,60,1.0
850266b3dc4e506e,Daniel Marcos,Soncora,"5' 7""",135,69,Orthodox,1993-03-07,4.9,53,3.79,61,1.35,52,85,0.1
bd21a1e3d41c97ee,Ronny Markes,,"6' 1""",185,75,Orthodox,1988-04-21,2.17,53,2.43,45,3.13,40,100,0.5
e0c6edcb5b5d0b90,Chepe Mariscal,Machine Gun,"5' 7""",145,69,Orthodox,1992-10-27,4.14,55,2.66,52,2.34,39,59,0.2
23a16ebe733e3041,Rory Markham,,"6' 0""",170,71,Orthodox,1982-03-25,1.98,21,10.27,45,0.0,0,0,0.0
4a57ebb14315b251,Randa Markos,Quiet Storm,"5' 4""",115,63,Orthodox,1985-08-10,2.97,43,3.1,58,1.12,28,52,0.2
c7be22a47a58365a,Christina Marks,,"5' 7""",125,69,Orthodox,1985-11-08,5.0,58,3.0,64,7.5,100,0,0.0
d7fe8c6b7d2872e5,Brendon Marotte,The Kid,"5' 9""",145,70,Orthodox,1996-01-12,0.41,50,5.7,28,0.0,0,0,0.0
687c15b2eddfaa63,Danilo Marques,,"6' 6""",205,77,Orthodox,1985-12-26,1.44,79,2.52,52,3.93,28,0,0.8
a8e6a69796280f17,Nate Marquardt,The Great,"6' 0""",185,74,Orthodox,1979-04-20,2.71,49,2.32,55,1.87,51,70,0.8
e8efeb9cf33b1941,Cesar Marscucci,,,,,,,0.0,0,0.0,0,0.0,0,0,0.0
aa03a3ca00ac6827,Carmelo Marrero,The Fury,"6' 0""",205,73,Orthodox,1981-01-26,0.84,34,2.04,54,3.21,36,36,0.9
d0e1b42d41dab603,Julian Marquez,The Cuban Missile Crisis,"6' 2""",185,72,Orthodox,1990-05-08,5.06,45,5.35,50,0.0,0,54,2.6
b6b12014698cc345,John Marsh,,"6' 0""",265,,Orthodox,1970-09-15,0.83,42,2.23,40,0.43,100,54,0.4
4c91eb190d5e0dd9,CJ Marsh,,,,,,,0.0,0,0.0,0,0.0,0,0,0.0
a08d909a5be6f410,Eliot Marshall,Fire,"6' 2""",205,77,Orthodox,1980-07-07,1.93,27,2.39,67,0.47,33,79,0.9
0c1773639c795466,Doug Marshall,The Rhino,"5' 10""",205,,Orthodox,1975-09-09,6.99,46,4.02,60,0.0,0,66,2.4
0a2813f89a758ff7,David Marshall,,"6' 2""",170,,,1984-08-24,0.0,0,0.0,0,0.0,0,0,0.0
5d495dec23d7c68e,Francis Marshall,Fire,"5' 9""",155,72,Orthodox,1999-03-03,3.19,34,3.45,55,2.71,47,88,0.5
045f25b3a4c08e81,Jack Marshman,The Hammer,"6' 0""",185,73,Orthodox,1989-12-19,2.74,25,4.19,56,0.0,0,20,0.0
6a92caba39b64752,Terry Martin,,"5' 8""",185,71,Orthodox,1980-10-10,2.82,43,3.13,54,3.1,42,92,0.0
19b7738321cfae42,Mallory Martin,,"5' 4""",115,63,Orthodox,1994-01-29,4.42,48,6.64,55,2.28,43,25,0.3
9acf42aebe9bb895,Michal Martinek,,"6' 2""",230,,Southpaw,1990-04-19,2.45,53,4.29,51,0.0,0,0,0.0
abbc4fc02e0d84b3,Eric Martin,,,,,,,0.0,0,0.0,0,0.0,0,0,0.0
3da19339ee7051d5,Justin Martin,,"6' 0""",185,,,,0.0,0,0.0,0,0.0,0,0,0.0
92c96df8bdab5fea,Dave Martin,,"6' 0""",205,,,,0.0,0,0.0,0,0.0,0,0,0.0
d0359429b6adb404,Ozzy Martin,Toro,,170,,,2002-09-18,0.0,0,0.0,0,0.0,0,0,0.0
325550dab63fb25a,Joe Martin,,"5' 9""",170,,,,0.73,40,2.4,45,0.0,0,16,0.0
5331b25a60417ffb,Anthony Rocco Martin,,"6' 0""",170,73,Orthodox,1989-12-11,2.68,37,2.59,58,0.71,27,68,1.0
e3b30b573e7f0d19,Adrian Luna Martinetti,,"5' 8""",135,71,Orthodox,1995-08-20,8.8,58,9.3,47,2.0,33,100,0.0
8a9c6c4301f6d088,Danny Martinez,The Gremlin,"5' 6""",125,67,Orthodox,1985-06-14,2.73,28,3.77,63,3.0,45,36,0.0
feffee4fc6da3aa3,Alonzo Martinez,Zo Diddy,"5' 10""",155,,,1984-04-22,3.07,27,7.33,52,0.0,0,0,0.0
577ec7e108b94be3,Rainy Martinez,,"6' 0""",199,,Orthodox,,0.0,0,0.0,0,0.0,0,0,0.0
76729a829623e266,Henry Martinez,Sicario,"5' 7""",155,69,Southpaw,1983-08-07,2.79,25,4.01,60,0.0,0,80,0.0
8851bb0418d27d28,Poppies Martinez,The Tachi Kid,"5' 9""",145,,,1983-08-19,2.88,50,2.16,51,1.54,33,50,9.2
f2477cf43c4975cc,Jonathan Martinez,Dragon,"5' 8""",135,70,Southpaw,1994-04-20,4.44,49,4.09,56,0.38,35,68,0.1
c0386644627a7ee5,Mana Martinez,ManaBoi,"5' 10""",135,70,Orthodox,1996-03-25,4.33,48,4.94,50,0.72,42,25,0.5
3f4c3bc822bea45d,Melissa Martinez,Super Mely,"5' 2""",115,66,Southpaw,1997-08-18,3.78,47,5.21,53,0.35,50,50,0.0
2c5a0b8317f8f27a,Roque Martinez,,"5' 10""",250,72,Orthodox,1986-03-04,3.28,53,4.9,56,0.38,50,53,0.4
3e708ce33b6b18e6,Victor Martinez,The Brick,"5' 7""",155,70,Orthodox,1991-07-17,7.53,51,7.75,52,0.67,33,80,0.0
f77afa72da84c9a8,Julieta Martinez,The Ninja Ferret,"5' 1""",115,62,Orthodox,2004-09-14,2.53,44,3.6,41,5.0,45,100,0.0
563d051c9e769b24,Wagner da Conceicao Martins,Zuluzinho,"6' 7""",390,,Orthodox,1978-05-19,1.91,37,5.43,42,2.2,100,100,0.0
9a97acbfd5a08bfa,David Martinez,,"5' 5""",135,67,Orthodox,1998-08-03,4.82,46,2.9,69,0.6,25,100,0.0
7413b80dbb0f8f9f,Lucas Martins,Mineiro,"6' 0""",145,72,Southpaw,1988-11-11,2.87,35,4.14,60,0.0,0,76,0.5
7dcf06c1967801c1,Adriano Martins,,"5' 10""",155,72,Southpaw,1982-12-16,1.8,38,2.14,65,0.83,80,81,0.4
69d3fa376ff2595e,Max Martyniouk,Payne,,155,,,,0.0,0,0.0,0,0.0,0,0,0.0
a17322f99ddfd8e9,Bristol Marunde,,"6' 1""",170,75,Orthodox,1982-04-20,1.42,21,4.4,47,1.6,33,14,0.0
f8c2aba4815876b5,Andrew Martinez,Mickey D,"5' 9""",215,,,,3.4,31,2.3,47,1.5,50,0,0.0
c046100aea0dba9a,Shoji Maruyama,,"5' 7""",139,,Orthodox,1983-04-24,1.4,63,0.27,55,0.0,0,54,0.0
aa1a873d05acc7eb,Kazuma Maruyama,Gluttony,"5' 11""",155,72,Orthodox,1992-07-19,3.83,41,2.23,53,4.79,33,100,0.0
6dedfe07640a9acc,Islem Masraf,Lightning,"6' 0""",205,74,Southpaw,1996-06-07,0.68,20,3.88,15,0.0,0,100,0.0
883922e5cd6d8473,Jameel Massouh,,"5' 10""",145,72,Orthodox,1984-09-12,1.91,54,2.62,55,0.67,15,50,0.7
5b2d7906aa894274,Mike Massenzio,The Master of Disaster,"6' 2""",185,73,Southpaw,1982-11-01,2.08,45,3.59,54,2.74,24,50,1.4
ca743f96dd2063d5,Tiffany Masters,Rainbow Renegade,"5' 3""",115,65,Orthodox,1994-07-31,3.53,62,2.58,50,3.06,60,0,0.0
4c33b3d37955aa85,Arisa Matsuda,,"5' 3""",115,64,Orthodox,1994-12-15,1.83,51,2.67,52,1.5,37,0,0.5
3a524c6700addc24,Tateki Matsuda,Tech,"5' 7""",125,,Orthodox,1986-02-27,3.2,34,3.43,69,0.0,0,16,0.0
eec3fe66a8b11a26,Al Matavao,Sweetness,"5' 8""",205,67,Orthodox,1994-02-23,7.84,46,6.7,58,0.0,0,0,0.0
47b9e0e7703a4868,Jorge Masvidal,Gamebred,"5' 11""",170,74,Orthodox,1984-11-12,4.05,47,3.05,64,1.38,59,72,0.3
56cc76c55cee8410,Toki Matsui,,"5' 6""",125,65,Orthodox,1999-09-08,0.0,0,0.0,0,0.0,0,0,0.0
2fb6f197d1fbc779,Koichiro Matsumoto,,"5' 7""",145,,,1986-03-07,1.9,26,3.5,31,0.0,0,0,0.0
cd42bbe8887bba90,Daijiro Matsui,,"5' 9""",200,,Orthodox,1972-12-05,0.84,45,1.69,55,1.83,30,43,0.4
990060b2a68a7b82,Naoki Matsushita,,"5' 6""",155,,Orthodox,1976-03-31,3.3,32,2.2,63,1.5,100,0,0.0
5ad226da6c74a48e,Koyomi Matsushima,,"5' 7""",145,66,Orthodox,1992-10-08,2.7,47,2.83,59,9.0,52,33,0.0
18e4f61f16f458c6,AJ Matthews,,"5' 11""",185,,,1988-01-23,5.11,52,4.96,51,0.0,0,100,0.0
ffd3224638c01b57,Jean Matsumoto,,"5' 6""",135,68,Orthodox,1999-09-09,5.35,38,5.29,49,2.85,42,56,0.5
36e78278a77006d4,Connor Matthews,The Controller,"5' 8""",145,71,Switch,1992-05-31,4.82,43,6.06,55,3.24,55,46,0.7
a845f0735bc67405,Jake Matthews,The Celtic Kid,"5' 11""",170,73,Orthodox,1994-08-19,3.36,44,2.58,60,1.36,41,66,0.7
6e2b1d631832921d,Claudio Mattos,Popeye,,185,,Orthodox,,0.0,0,3.53,0,0.0,0,0,0.0
c933d423ebdbbbdb,John Matua,,"6' 2""",400,,Orthodox,,0.0,0,0.0,0,0.0,0,0,0.0
d3b5ad3b15a64a18,Francesco Maturi,,,,,,,0.0,0,0.0,0,0.0,0,0,0.0
c32fdfe75cda5b22,Jeremy May,,"6' 1""",185,,,1986-10-23,0.0,0,0.0,0,0.0,0,0,0.0
2c6e81426dd7573c,Jack May,The Outlaw,"6' 8""",255,,Switch,1981-04-14,1.52,38,3.29,33,0.91,33,20,0.0
a16ce18149021139,Elaina Maxwell,Beef,"5' 8""",145,,Orthodox,1978-12-16,2.07,60,2.4,53,0.0,0,50,1.0
f29a6350c69f4a33,Miranda Maverick,Fear The,"5' 3""",125,65,Southpaw,1997-07-01,3.22,44,2.25,61,2.16,40,45,0.4
12585614e0ed2626,Nick Maximov,,"6' 0""",185,76,Southpaw,1997-12-23,1.93,45,2.64,46,4.16,45,35,0.2
ccdd90bd1fc7dab6,Vladimir Matyushenko,The Janitor,"6' 0""",205,74,Orthodox,1971-01-04,1.9,44,1.62,59,3.25,46,70,0.1
1b41c21d947d6f2f,Brooke Mayo,The Bully,"5' 7""",125,,,,1.92,34,3.2,63,3.2,60,0,2.1
1a9480fc288e55d7,Don'Tale Mayes,Lord Kong,"6' 6""",260,81,Orthodox,1992-01-16,3.22,43,3.61,46,0.59,38,46,0.0
7d96bc577e5178b2,Gray Maynard,,"5' 9""",155,70,Orthodox,1979-05-09,1.92,32,2.64,66,2.91,47,81,0.7
7b3c13fe33556a21,Francesco Mazzeo,,"6' 3""",205,75,Orthodox,1997-09-23,1.83,44,0.75,65,3.23,50,0,0.0
7e7d81bf162a5ec1,Scott McAfee,,"5' 8""",155,,Orthodox,1983-08-23,0.0,0,1.33,50,0.0,0,0,0.0
da97d6c97d09c030,Charles McCarthy,Chainsaw,"5' 10""",185,71,Orthodox,1980-08-06,0.18,12,4.03,56,2.67,60,0,2.7
70d2329a92864fdb,Sabina Mazo,Colombian Queen,"5' 7""",125,70,Orthodox,1997-03-25,6.1,43,4.35,57,0.65,80,59,0.2
016a8d958883167c,Gina Mazany,Danger,"5' 6""",125,68,Southpaw,1988-08-19,3.73,50,3.52,50,4.34,52,33,0.2
b43620395f655046,Paddy McCorry,,"6' 3""",185,73,Switch,1997-12-09,6.2,55,2.47,53,1.0,50,0,0.0
2a9f9db24cd032ba,Danni McCormack,Mac,"5' 4""",125,62,Southpaw,1990-03-15,6.93,51,4.53,60,6.0,42,50,2.0
ef6f45095119d416,Bobby McAndrews,,,,,Orthodox,,2.56,83,1.03,50,0.0,0,33,7.7
443f60bec7c3c3d5,Michael McBride,,"6' 1""",155,,Orthodox,1986-03-09,4.08,48,5.85,40,1.85,42,30,1.2
51018a31ddf31eb2,Molly McCann,Meatball,"5' 4""",115,62,Orthodox,1990-05-04,5.28,49,4.65,62,1.78,36,38,0.5
baed16f18348908e,Kris McCray,Savage,"6' 0""",170,76,Orthodox,1981-09-24,2.69,45,2.57,54,2.88,55,38,0.0
9508cc6184cb2450,Eric McConico,,"6' 0""",185,77,Southpaw,1990-05-09,2.92,46,3.05,45,0.64,100,68,0.0
e431ed30fc027c77,Liam McCracken,,,155,,,2001-09-07,0.0,0,0.0,0,0.0,0,0,0.0
008dc37cca279def,Sean McCorkle,,"6' 7""",265,81,Orthodox,1976-07-17,0.85,44,2.48,52,2.12,40,33,4.2
eff47295daf721a6,Tamdan McCrory,The Barncat,"6' 4""",185,76,Switch,1986-11-05,2.07,49,1.6,46,2.28,50,33,2.5
701e057d63c124d9,Ian McCall,Uncle Creepy,"5' 5""",125,64,Orthodox,1984-05-07,3.59,39,3.25,67,2.08,30,88,0.0
11e3fd7546359fc5,Rob McCullough,Razor,"5' 9""",155,69,Orthodox,1977-05-26,2.47,36,2.84,59,0.46,100,68,0.0
d52ef694108f8235,Michael McDonald,The Black Sniper,"5' 11""",205,,Orthodox,1965-02-06,0.0,0,0.4,50,0.0,0,0,0.0
08ae3100bf2100ed,Scott McDonald,,,,,,,0.0,0,0.0,0,0.0,0,0,0.0
75f871836d41f90f,Justin McCully,The Insane One,"6' 1""",225,73,Orthodox,1976-02-18,1.58,37,2.02,46,1.28,44,43,0.0
5cafbc97dba2e797,Robert McDaniel,Bubba,"6' 3""",185,75,Southpaw,1983-05-03,1.64,44,1.98,56,0.93,50,50,1.4
d0314416a7f26527,Michael McDonald,Mayday,"5' 9""",135,70,Orthodox,1991-01-15,2.69,42,2.76,57,1.09,66,52,1.4
b507a76087e3ed9f,Josh McDonald,,,185,,,,0.8,57,3.4,33,9.0,50,0,0.0
a3f8356ace5e3eb5,Miles McDonald,,"5' 7""",115,,,1991-08-13,5.1,45,4.0,43,0.0,0,100,1.0
49c29e57d4e2be6f,Justin McElfresh,,"6' 6""",205,,Orthodox,1980-01-04,4.59,26,12.79,41,0.0,0,0,0.0
e4e0993befecdaf8,Liam McGeary,,"6' 6""",205,,,1982-10-04,1.28,48,1.92,50,0.51,100,0,2.5
1fd4fbdcc67de844,Drew McFedries,The Massacre,"6' 0""",185,72,Southpaw,1978-07-27,5.13,51,4.56,52,1.42,100,56,0.7
c0ac37a4a1133da9,Marcus McGhee,The Maniac,"5' 8""",135,69,Orthodox,1990-05-07,5.44,43,3.64,56,0.24,11,90,0.2
d90b630e0561818b,Gan McGee,The Giant,"6' 10""",265,,Orthodox,1976-11-20,2.2,29,2.31,59,0.65,25,83,0.0
1f9c371c93dfd3a9,Ryan McGillivray,The Kid,"5' 11""",170,,,1986-09-27,1.27,20,2.2,52,0.0,0,44,0.0
856ec65948b7d234,Ryan McGivern,,"6' 0""",185,,Orthodox,1980-01-17,2.22,29,2.22,57,0.0,0,0,0.0
237187ed9f419285,Jack McGlaughlin,,,,,Orthodox,,0.0,0,0.0,0,0.0,0,0,0.0
00a905a4a4a2b071,Greg McIntyre,,"5' 10""",155,,Orthodox,1980-04-21,0.79,30,1.36,41,5.09,50,0,0.0
f4c49976c75c5ab2,Conor McGregor,The Notorious,"5' 9""",155,74,Southpaw,1988-07-14,5.27,49,4.71,53,0.66,55,66,0.1
523fa774700d7d3f,Court McGee,The Crusher,"5' 11""",170,75,Orthodox,1984-12-12,4.5,36,3.65,60,1.78,24,70,0.5
f3ec0214794a699e,AJ McKee,Mercenary,"5' 10""",145,,,,2.75,32,0.92,80,11.01,100,100,11.0
3414b50b08a10600,Antonio McKee,Mandingo,"5' 8""",155,,Southpaw,1970-03-12,1.37,45,0.74,74,1.47,33,57,0.0
9ca265dfe8323db3,Tim McKenzie,,"6' 0""",185,74,Orthodox,1982-07-21,1.37,54,2.96,44,0.0,0,28,2.1
f748267c4ab6c127,Rhys McKee,Skeletor,"6' 2""",170,78,Orthodox,1995-09-10,4.71,40,7.15,47,0.0,0,47,0.0
3351aa64aa83c4d9,Cory McKenna,Poppins,"5' 3""",115,58,Orthodox,1999-07-11,2.94,38,3.68,46,2.0,47,75,0.4
7be63795363029e8,Cody McKenzie,,"6' 0""",155,72,Switch,1987-12-16,1.74,34,2.5,67,2.5,25,14,2.5
6488729da7ac1c79,Brian McLaughlin,,"5' 9""",155,,,1984-05-12,0.0,0,0.0,0,0.0,0,0,0.0
8336d7a85ce45481,Jason McLean,,"5' 5""",145,,,1977-06-03,0.0,0,0.0,0,0.0,0,0,0.0
f215cfbd4ba3c270,Garreth McLellan,Soldier Boy,"6' 1""",185,72,Southpaw,1982-09-01,3.56,54,2.94,45,1.15,22,34,0.9
6b0a6def604de298,Tommy McMillen,Gun,"6' 0""",145,74,Orthodox,1997-12-15,13.54,50,4.96,59,0.0,0,83,0.0
7be74a12d7352df2,Sara McMann,,"5' 6""",135,66,Orthodox,1980-09-24,2.26,46,1.92,47,4.38,65,50,0.5
809bd1a871491508,Terrance McKinney,T. Wrecks,"5' 10""",155,73,Switch,1994-09-15,6.83,55,4.07,42,3.27,42,72,1.8
4b47e71384a9522f,Tim Means,The Dirty Bird,"6' 2""",170,75,Orthodox,1984-02-20,5.04,49,3.65,60,1.14,40,64,0.2
acd8a53f7c0ce85e,Charles McTorry,,,,,,,0.0,0,0.0,0,0.0,0,0,0.0
cac08b8685387ca5,James McSweeney,The Hammer,"6' 4""",230,77,Switch,1980-10-24,3.94,55,4.33,42,0.52,33,100,1.1
3eeec2f53cebdf12,Jackson McVey,The Moose,"6' 4""",185,77,Southpaw,1999-03-25,6.51,69,3.37,23,0.0,0,0,1.2
7b03d9df5910917d,Daniel McWilliams,The Animal,"6' 1""",185,,,1983-01-14,3.36,77,0.0,0,0.0,0,100,21.6
103b06d8707895a9,Emil Meek,Valhalla,"5' 11""",170,74,Switch,1988-08-20,2.52,39,2.53,38,0.25,33,47,1.0
2937cb502dda0808,Anistavio Medeiros,Gasparzinho,"5' 6""",145,,Orthodox,1988-05-01,3.64,44,5.0,47,0.0,0,0,0.0
263af068bd986548,Kaline Medeiros,The Dark Angel,"5' 3""",115,,,,2.06,70,0.29,83,4.41,100,0,4.4
e2be0c1a9b886d92,MarQuel Mederos,,"5' 10""",155,69,Orthodox,1996-11-30,5.46,58,4.58,52,0.23,8,82,0.0
813550bc53b15fb0,Yancy Medeiros,,"5' 10""",155,75,Orthodox,1987-09-07,4.36,37,5.67,47,0.33,50,73,0.7
681399317dbf4701,Uros Medic,The Doctor,"6' 1""",170,71,Southpaw,1993-04-25,5.77,60,3.4,56,0.34,50,55,0.0
b60391da771deefe,Todd Medina,El Tiburon,"5' 10""",193,,Southpaw,1970-04-30,0.0,0,0.0,0,0.0,0,0,0.0
f53fb9d9e57cc38e,Jason Medina,,"5' 9""",180,,,,0.0,0,0.0,0,0.0,0,0,0.0
6c7dafd03b6cc3f8,Derrick Mehmen,Caveman,"6' 4""",205,,,1985-05-30,1.93,14,4.53,48,1.0,16,0,0.0
41dca66f9dadfc86,Miika Mehmet,,,205,,Orthodox,,0.33,12,7.29,24,0.0,0,0,0.0
c0a93b52096b7682,Frank Megallon,,"5' 10""",185,,Southpaw,,1.14,21,5.32,54,0.0,0,0,0.0
27c59ac201539d10,Sanford Alton Meeks,,"6' 5""",265,75,Orthodox,1994-04-05,0.71,42,4.47,38,7.06,25,0,0.0
6ac9bc2953c47345,Gerald Meerschaert,GM3,"6' 1""",185,77,Southpaw,1987-12-18,2.95,45,3.44,53,1.7,29,40,1.5
2aa49b3766a59bcd,Jordan Mein,Young Gun,"6' 0""",170,73,Orthodox,1989-10-10,3.35,44,2.55,69,1.56,58,66,0.2
6eae26c44e505775,Bryce Mejia,,"6' 1""",170,,,,3.49,62,6.98,50,0.0,0,0,0.0
2b06b6ad5db63348,Brandon Melendez,The Murderer,"5' 11""",155,,Southpaw,1983-03-24,0.84,26,0.56,63,0.0,0,25,0.0
eee7dafac7d672b5,Brian Melancon,,"5' 8""",170,,Orthodox,1982-05-28,4.18,49,3.64,64,2.02,100,66,0.0
64b8561624d3b15e,Nair Melikyan,Ahalkalakski,"5' 6""",155,,,1997-08-08,0.0,0,0.0,0,0.0,0,0,0.0
40a7ec5d1ad6ffa8,Anna Melisano,Bandana,"5' 4""",125,68,Orthodox,1997-05-20,0.49,33,1.23,28,0.0,0,50,0.0
aa5b4eff51bdc7d1,Gilbert Melendez,El Nino,"5' 9""",145,73,Orthodox,1982-04-12,3.44,33,2.53,63,1.64,41,71,0.2
3795fca327cbcf23,Antonio Mendes,Samurai,"6' 3""",205,77,Southpaw,1981-04-19,1.34,47,6.85,22,2.51,50,100,0.0
9b7dfb3b7d99926a,Vanessa Melo,,"5' 5""",135,65,Orthodox,1988-03-27,3.48,30,6.13,59,0.0,0,71,0.0
672ef06fd9f41f7d,Marcelo Mello,,"5' 7""",170,,Southpaw,,0.0,0,0.0,0,0.0,0,0,0.0
8a028648f3f0761d,Fabio Mello,,"5' 5""",155,,Southpaw,1975-06-28,0.86,35,3.94,50,0.0,0,0,0.0
3d5b1ce6097dbb49,Augusto Mendes,Tanquinho,"5' 6""",135,65,Orthodox,1983-03-03,2.42,34,3.91,56,1.75,33,80,0.0
c1135a6892e916db,Adam Meredith,,"6' 2""",170,,,,2.63,50,2.11,55,7.89,100,100,7.9
48812daf291a4e23,Mateus Mendonca,Bocao,"5' 6""",125,71,Orthodox,1999-01-17,1.66,40,4.14,30,2.54,27,55,0.4
49e49b54e5901d0d,Eddie Mendez,,"5' 10""",185,,,1984-01-16,1.71,33,3.43,11,0.0,0,0,0.0
28200bc87367614f,Luis Mendoza,,,155,,,,0.0,0,0.0,0,0.0,0,0,0.0
869d68b5383131fd,Pietro Menga,,"5' 7""",125,68,Southpaw,1988-02-15,0.0,0,0.0,0,0.0,0,0,0.0
b5b684eac99ae0a3,Chad Mendes,Money,"5' 6""",145,66,Orthodox,1985-05-01,2.78,49,2.35,67,4.13,55,100,0.3
2d85fcb4468c30d7,Meng Bo,,"5' 4""",115,62,Orthodox,1996-03-29,3.47,50,2.67,53,3.0,100,100,0.0
a495f599e787614f,Alonzo Menifield,Atomic,"6' 0""",205,76,Orthodox,1987-10-18,3.84,53,3.81,51,0.48,31,78,0.2
36120738148f203f,Buck Meredith,,"6' 2""",185,,,1982-05-17,0.0,0,0.0,0,0.0,0,0,0.0
3bc27ec15facbcf3,Steve Mensing,The Machine,"5' 11""",185,,Orthodox,1977-12-06,0.0,0,9.51,42,0.0,0,0,0.0
eff9074bc066f0f2,Bia Mesquita,The Lady GOAT,"5' 4""",135,67,Orthodox,1991-04-07,4.52,57,1.27,71,3.57,75,0,3.6
275cafc9de131c83,Dave Menne,The Warrior,"5' 10""",170,,Orthodox,1974-07-29,1.84,44,1.99,42,0.46,50,57,2.5
5755960ebd0b16f6,Ivan Menjivar,The Pride of El Salvador,"5' 6""",145,64,Orthodox,1982-05-30,2.78,37,2.76,65,0.56,28,38,1.0
2f6dc878d653c442,Nick Meregali,,,,,,,0.0,0,0.0,0,0.0,0,0,0.0
f5e4ce11afbdfb61,Brandon Michaels,,"5' 9""",185,,,1982-11-20,0.0,0,0.0,0,0.0,0,0,0.0
79325a3c1a5c3bf4,Andreas Michailidis,The Spartan,"6' 0""",170,76,Orthodox,1988-07-18,2.9,51,3.57,44,1.12,27,50,0.0
49f4b511932f71e9,David Michaud,BullDawg,"5' 9""",155,,Orthodox,1988-11-10,3.25,43,4.45,54,2.53,58,77,0.7
f782f953bfe7b5f2,Jonathan Micallef,The Captain,"6' 0""",170,77,Southpaw,1999-03-05,3.85,43,3.64,56,1.08,42,66,0.7
e82d5f54daa85a7e,Joe Merritt,,"6' 0""",170,,Orthodox,1984-03-07,1.53,58,0.73,66,0.0,0,68,0.0
5823ceab56741617,Jonathan Meunier,District,"6' 3""",170,,Switch,1987-08-04,3.47,50,1.43,69,0.58,33,58,0.0
5bdcbd8dd681a257,Jeremiah Metcalf,,"6' 1""",185,,Orthodox,1981-07-09,1.74,59,0.27,60,4.02,66,100,2.0
3623bd267a2eef2e,Yaotzin Meza,,"5' 9""",145,71,Orthodox,1981-02-04,1.43,41,1.62,64,1.06,20,18,1.4
8f003ef7e0d9a139,David Mgoyan,,"5' 9""",145,70,Orthodox,2004-06-25,5.67,44,7.53,48,2.0,16,100,1.0
a36a14985a57a1c6,Zachary Micklewright,,"6' 0""",155,74,Southpaw,1976-08-21,5.56,53,4.72,54,0.7,12,100,0.0
946f341df6472ee0,Guy Mezger,,"6' 1""",200,,Orthodox,1968-01-01,2.3,32,1.36,72,0.39,50,88,0.0
f903967fd320da38,Chris Mickle,,"5' 9""",145,,Orthodox,1983-07-10,3.03,27,9.7,48,0.0,0,0,0.0
f1928a52590c5532,Curtis Millender,Curtious,"6' 2""",170,76,Orthodox,1987-12-01,3.86,46,2.95,61,0.43,100,57,0.0
18aecaf50f52e4c3,Phillip Miller,,"5' 11""",185,,Orthodox,1979-02-20,1.61,54,1.93,50,3.62,25,100,0.6
cedfdf8d423d500c,Pat Miletich,The Croatian Sensation,"5' 10""",170,,Orthodox,1968-03-09,1.79,45,1.66,63,1.96,100,54,1.0
b2f88c04c4dd43ce,Jason Miller,Mayhem,"6' 1""",185,,Orthodox,1980-12-24,1.83,43,2.3,49,1.31,28,43,1.3
d6285cba1d1052e0,Bojan Mihajlovic,,"5' 11""",205,73,Orthodox,1980-03-30,1.23,35,5.95,47,0.0,0,33,0.0
f62850b3c7480db9,Keith Mielke,,"5' 8""",185,,,,0.0,0,0.0,0,0.0,0,0,0.0
a6fa5dd90528e9f7,Gabriel Miglioli,Biel,"5' 8""",170,,,,0.0,0,0.0,0,0.0,0,0,0.0
3c48019bc387b80c,Billy Miles,The Kid,"5' 10""",170,,Orthodox,1978-04-28,0.0,0,1.25,33,0.0,0,0,0.0
5b5b9c6f6f270369,Kristof Midoux,The Hurricane,"6' 1""",220,,Orthodox,1974-07-30,0.7,43,2.89,49,0.0,0,0,0.0
2b284840ca89876a,Chris Mierzwiak,,"6' 1""",185,,,1988-02-14,1.6,61,1.73,48,2.0,28,0,1.0
d0c29452d3272603,Dan Miller,,"6' 1""",185,74,Orthodox,1981-06-30,2.03,36,3.06,49,1.67,54,47,1.8
2b6a37a97541a4fd,Trent Miller,The Terminator,"5' 9""",185,72,Orthodox,1995-10-31,2.11,20,11.23,48,0.0,0,0,0.0
0859524157a19045,Ty Miller,Thriller,"6' 2""",170,77,Orthodox,2000-06-04,9.13,46,3.9,63,0.0,0,91,0.0
aa0c573da7119292,Juliana Miller,Killer,"5' 7""",125,66,Orthodox,1996-05-07,2.74,41,3.84,45,2.38,31,44,1.3
282fa667ff9c51ed,Cole Miller,Magrinho,"6' 1""",145,73,Orthodox,1984-04-26,3.0,33,3.88,59,0.6,36,38,1.8
d1941565abf50b16,Jim Miller,A-10,"5' 8""",155,71,Southpaw,1983-08-30,2.92,42,3.43,56,1.49,45,47,1.7
a4d055f1435d6d75,Aaron Miller,Blood Spiller,"5' 9""",145,,,,0.0,0,0.0,0,0.0,0,0,0.0
39019970ac8543e9,Mo Miller,Moshow,"5' 8""",135,72,Orthodox,1992-08-10,1.87,45,1.33,60,4.0,80,0,0.0
45a2ba3ef82b9700,Henry Miller,Sentoryu,"5' 7""",270,,Southpaw,1969-07-16,1.25,36,2.16,54,0.55,25,60,0.0
eabece0edc2d62ca,Nina Milosevic,Queen Beast,"5' 5""",135,67,Orthodox,1996-08-08,5.7,53,3.53,72,0.0,0,100,0.0
f2c934689243fe4e,Eddy Millis,,"6' 1""",185,,,1967-08-04,0.0,0,3.36,22,0.0,0,0,7.2
3ff0d0dc7a14bb50,Micah Miller,Maverick,"6' 0""",145,,Orthodox,1987-02-14,1.33,33,2.15,54,0.98,37,21,2.0
72ffecf712673af1,Adam Milstead,The Prototype,"6' 3""",205,76,Orthodox,1987-07-03,3.85,46,4.79,43,0.0,0,64,0.0
4b1d46a1b5c0fd11,Alberto Mina,Soldier of God,"6' 0""",170,77,Orthodox,1982-05-02,3.23,38,3.7,47,1.85,20,50,0.0
56c975c4a2b357a5,Vitaly Minakov,,"6' 2""",249,,,1985-02-06,0.0,0,0.0,0,0.0,0,0,0.0
6cadfd8f1d9e7685,Che Mills,Beautiful,"6' 1""",170,76,Orthodox,1982-09-29,2.08,52,2.87,43,1.18,66,58,0.0
c8aa3541bec4042e,Mike Minniger,,,,,,,0.0,0,0.0,0,0.0,0,0,0.0
34e516ab361afb1c,Darrick Minner,,"5' 7""",145,69,Orthodox,1990-04-28,2.63,65,2.28,35,2.4,72,66,2.7
40d8b74488743800,Carlton Minus,Clutch,"5' 10""",170,75,Orthodox,1993-04-26,3.5,40,4.97,50,0.0,0,58,0.0
ce6065baef021cf3,Ikuhisa Minowa,Minowaman,"5' 9""",181,,Orthodox,1976-01-12,0.88,40,1.66,49,1.82,41,5,1.9
d28dee5c705991df,Stipe Miocic,,"6' 4""",240,80,Orthodox,1982-08-19,4.67,52,4.01,52,1.74,34,65,0.0
9f2c07bd65fde55c,Yunosuke Minami,,"5' 5""",135,65,Orthodox,2000-09-10,1.45,52,5.38,36,0.0,0,53,0.0
1ccaeae54725d897,Mario Mingaj,,"6' 3""",185,78,Orthodox,1998-10-28,1.62,33,6.49,52,0.0,0,0,0.0
20d37922ba85e6fc,Artur Minev,Headhunter,"5' 9""",155,69,Orthodox,2003-09-27,1.02,61,3.57,26,0.0,0,64,0.0
1ff9589f9065a9ed,Frank Mir,,"6' 3""",264,79,Southpaw,1979-05-24,2.18,47,3.84,38,2.02,40,54,2.0
9ab21ab88230ce48,Bella Mir,Lady,,125,,,2003-01-01,0.0,0,0.0,0,0.0,0,0,0.0
be8ad887e4d674b0,Juan Miranda,,,155,,,,0.0,0,0.0,0,0.0,0,0,0.0
abde3388a589103c,Richie Miranda,El Machete,"5' 8""",155,75,Southpaw,1994-08-12,3.07,38,4.47,43,1.0,11,0,0.0
d458266c796643e2,Alexis Miranda,Mantis,,185,,,1999-01-03,0.0,0,0.0,0,0.0,0,0,0.0
df2bf09c99594848,Mario Miranda,,"6' 3""",185,74,Orthodox,1979-07-12,1.96,54,2.46,36,1.02,60,54,0.0
b909a9a9688b5284,Gabriel Miranda,Fly,"5' 11""",145,71,Orthodox,1990-03-25,3.23,43,6.01,37,4.75,38,0,1.9
4bcb6eb12b4ad4aa,Vitor Miranda,Lex Luthor,"6' 1""",185,77,Orthodox,1979-03-10,2.98,45,2.95,58,0.95,55,50,0.2
3f87218a7aca84c4,Toby Misech,2 Quick,"5' 8""",145,,Southpaw,1988-03-07,3.27,40,7.73,46,0.0,0,0,0.0
6cbb7661c3258617,Felix Lee Mitchell,,,,,Orthodox,,0.0,0,0.0,0,0.0,0,0,0.0
992c82450d96f726,Damir Mirenic,Wolf,"6' 0""",185,,Orthodox,1974-08-02,0.84,50,9.86,35,0.0,0,0,0.0
5e7a28f20927d64a,Kazuo Misaki,Hitman,"5' 8""",183,,Orthodox,1976-04-25,2.85,40,2.74,63,0.72,38,51,0.6
c06d554ce1713fd3,Danny Mitchell,The Cheesecake Assassin,"6' 2""",170,,Orthodox,1986-08-08,2.53,49,2.53,52,0.0,0,100,3.0
7263e0dc082adc87,Brad Mitchell,,"5' 11""",145,,,1974-10-10,1.15,33,4.2,52,0.0,0,100,1.9
3d960455f880bb25,Clay Mitchell,,"6' 2""",185,,,,1.63,85,0.0,0,0.0,0,100,4.1
b14a68c533f4a4aa,Dokonjonosuke Mishima,,"5' 7""",155,,Southpaw,1972-04-19,1.06,41,1.22,52,2.47,40,25,1.4
d9c6f19f958643e9,Bryce Mitchell,Thug Nasty,"5' 10""",135,70,Southpaw,1994-10-04,2.19,59,1.51,58,3.12,36,38,1.3
568bebed6366b667,Maurice Mitchell,The AK Kid,"5' 9""",145,,Orthodox,1987-06-29,3.8,55,3.54,60,0.0,0,100,0.0
8f3df4c579cfbb69,David Mitchell,Daudi,"6' 0""",170,75,Orthodox,1979-10-24,1.74,32,2.06,55,0.66,50,29,2.0
f3ca6908f78efebe,Terrence Mitchell,,"5' 10""",135,74,Orthodox,1989-12-30,2.21,34,8.85,41,3.69,50,0,0.0
2b4faacc16d66898,Eiji Mitsuoka,,"5' 7""",145,,Southpaw,1976-01-01,1.49,49,2.26,45,2.3,36,20,1.6
ba280572acfba13f,Matt Mitrione,,"6' 3""",265,82,Switch,1978-07-15,3.55,50,2.79,64,0.0,0,55,0.7
f64e4ecd214c6378,Jonathan  Mix,,"6' 0""",168,,,1980-11-09,0.0,0,0.0,0,0.0,0,0,0.0
2961be02cfb0d2c1,Roman Mitichyan,,"5' 10""",170,,Orthodox,1978-09-04,0.26,16,2.7,43,1.93,100,25,1.9
509697e08673d2e5,Hiromitsu Miura,,"5' 9""",170,71,Orthodox,1981-09-22,2.12,34,2.12,58,2.23,50,69,0.6
2cfba6c837c03ed0,Patchy Mix,No Love,"5' 11""",135,70,Southpaw,1993-08-16,5.3,43,7.3,43,2.5,62,0,0.0
f1a9c0998c683782,Ryuho Miyaguchi,,"5' 10""",135,68,Orthodox,1998-01-27,4.56,60,6.78,45,0.0,0,53,0.0
c9885b1b7c7055a0,Tomoya Miyashita,,"5' 7""",139,,Southpaw,1981-07-20,1.67,65,0.93,33,4.0,80,0,2.0
9649d75defe0dedb,Motoki Miyazawa,,"5' 11""",168,,Southpaw,1985-04-23,1.23,28,3.91,61,0.0,0,0,0.0
af70d268e5352186,Kazuyuki Miyata,,"5' 8""",139,,Orthodox,1976-01-29,2.04,52,1.82,63,4.31,46,68,0.0
43a59ce3bb40449e,Mizuki,,"5' 3""",115,65,Orthodox,1994-08-19,4.45,52,4.65,49,0.75,33,80,0.0
48e093ea1f43a053,Takeya Mizugaki,,"5' 7""",135,69,Orthodox,1983-12-16,3.37,37,3.27,57,1.46,57,70,0.1
478c8706bdb92440,Tatsuya Mizuno,,"6' 1""",205,,Southpaw,1981-06-02,2.25,37,3.52,53,1.19,25,40,3.6
d76ad9a08c4408ff,Bobby Moffett,The Wolfman,"5' 10""",145,73,Orthodox,1990-06-01,3.41,39,3.15,61,2.74,66,66,1.4
4498b382c65a7faa,Roxanne Modafferi,The Happy Warrior,"5' 7""",125,69,Orthodox,1982-09-24,3.35,30,5.7,51,1.35,23,30,0.1
65239fccecd03404,Bronson Mohika,,,135,,,,0.0,0,0.0,0,0.0,0,0,0.0
04c15b52c3cc1cab,Nate Mohr,,"5' 9""",155,72,Orthodox,1983-03-03,3.79,41,2.5,74,0.45,50,71,0.0
e9bc5748e6a76bb6,Ashkan Mokhtarian,The Assassin,"5' 6""",125,67,Southpaw,1985-09-15,1.95,43,3.66,43,0.54,16,33,0.0
75353550928a7921,Muhammad Mokaev,The Punisher,"5' 7""",125,70,Orthodox,2000-07-30,1.61,45,1.35,57,5.29,41,25,0.8
d945aae53e3e54e6,Thiago Moises,,"5' 9""",155,70,Orthodox,1995-03-23,2.52,42,4.4,52,1.37,29,52,1.1
b6452706b373eea1,Renato Moicano,,"5' 11""",155,72,Orthodox,1989-05-21,4.1,49,3.55,59,1.68,40,64,0.6
606136dee6f6ecea,Dan Molina,,"5' 10""",216,,,1984-06-14,0.0,0,5.58,60,0.0,0,0,20.9
192520689012c7e4,Suman Mokhtarian,,"5' 8""",145,72,Orthodox,1992-06-13,2.21,43,6.85,48,0.0,0,0,0.0
008ea710276c9606,Jeff Molina,El Jefe,"5' 6""",125,69,Orthodox,1997-07-17,7.25,48,5.04,55,0.0,0,66,0.0
02d276b7d62b3472,Rudyard Moncayo,,"5' 10""",195,,Orthodox,1973-05-17,0.0,0,0.0,0,0.0,0,0,0.0
ca80d72da81d7224,Michelle Montague,The Wild One,"5' 9""",135,68,Southpaw,1993-11-25,2.77,48,2.47,41,3.5,53,0,0.0
1f8cd7634e8286ff,Jose Montanha,,"6' 4""",259,76,Orthodox,1996-08-25,1.09,28,1.64,25,8.18,50,100,8.2
a8e133139286df84,Hidetaka Monma,,"6' 0""",168,,Orthodox,1973-10-23,1.67,25,9.76,34,0.0,0,0,0.0
72c9c2eadfc3277e,Andrew Montanez,,,185,,,,0.0,0,0.0,0,0.0,0,0,0.0
bffeb123b21c9aad,Darrell Montague,Mongoose,"5' 6""",125,67,Southpaw,1987-11-03,1.92,25,5.38,52,0.72,25,33,1.4
cbfd1d34356a004c,Jeff Monson,The Snowman,"5' 9""",247,74,Orthodox,1971-01-18,0.97,30,2.87,59,1.06,12,66,0.7
8163cd7de0342652,Erick Montano,Perry,"6' 0""",170,73,Orthodox,1985-11-19,2.79,44,2.06,64,2.29,36,66,0.0
94508d80e1f885fc,Augusto Montano,Dodger,"6' 1""",170,73,Orthodox,1984-10-25,3.46,46,2.66,56,0.0,0,66,0.0
3e38b1ea16bd4d86,Antonio Monteiro,Junior Negao,"5' 7""",145,70,Orthodox,1995-07-02,3.93,49,8.33,33,1.0,33,66,1.0
6e92eb1242b46636,Steve Montgomery,The Creepy Weasel,"6' 4""",185,,Southpaw,1990-12-19,4.85,39,4.12,47,0.0,0,64,0.0
8b1b051038354655,Sofia Montenegro,La Bruja,"5' 6""",125,67,Orthodox,1999-06-18,4.27,40,5.67,48,1.0,25,100,0.0
a112097ad877a48f,Alberto Montes,The Promise,"5' 7""",145,69,Orthodox,1994-05-31,4.7,48,11.61,52,0.0,0,77,3.4
1de9ad94de18eeaf,Nicco Montano,,"5' 5""",135,65,Southpaw,1988-12-16,5.6,41,4.43,64,2.25,54,69,0.4
e56df3c1d8b4b1cc,Homer Moore,The Rock,"5' 10""",205,,Orthodox,1971-11-27,0.68,50,0.68,0,5.07,66,0,0.0
831de97afe326478,Dustin Moore,,"5' 4""",125,,,,0.0,0,0.0,0,0.0,0,0,0.0
518e5202a91980d4,Nate Moore,,"6' 0""",170,,,1983-04-06,2.21,25,2.87,42,1.23,16,25,0.0
e31502e3f79d00c5,Todd Moore,,"5' 9""",170,71,Southpaw,1983-12-30,1.83,26,2.3,57,0.78,14,54,0.0
c06a9b48d4132c8e,James Moontasri,Moon Walker,"5' 10""",170,71,Switch,1988-04-10,2.39,48,3.86,40,0.0,0,79,0.2
26927dab41dbd5fc,Taylor Moore,,"5' 10""",135,70,Southpaw,1993-10-16,0.2,75,2.07,42,0.0,0,25,0.0
1bcaac2d99b90fce,Sergio Moraes,The Panther,"6' 0""",170,72,Orthodox,1982-07-23,2.42,42,3.73,59,1.2,38,75,0.4
fea79f9bc8c68769,Marlon Moraes,Magic,"5' 6""",135,67,Orthodox,1988-04-26,3.37,40,4.53,54,0.87,41,46,0.3
2dc7f1762dc0a7ef,Ricardo Morais,The Mutant,"6' 8""",270,,Orthodox,1967-02-26,2.86,37,2.39,53,0.0,0,0,0.0
92437c6775b3f7d1,John Moraga,,"5' 6""",125,66,Orthodox,1984-03-20,2.57,43,2.55,56,0.62,23,44,1.1
45230be0641f3f53,Leonardo Morales,Chimy,"5' 8""",135,,Southpaw,1992-12-22,2.05,47,2.05,58,0.0,0,62,0.0
0d62719b1dcf7c40,Sheymon Moraes,,"5' 8""",145,72,Orthodox,1990-10-11,3.0,42,3.64,63,0.0,0,53,0.0
544d7460b3e44393,Albert Morales,The Warrior,"5' 9""",135,72,Orthodox,1991-05-25,3.81,35,3.96,56,0.91,35,70,0.2
df85d6ec3493d120,Joe Moreira,,"5' 11""",195,,Southpaw,1961-07-03,0.0,0,0.0,0,0.0,0,0,0.0
80779d7441af1b52,Christian Morecraft,,"6' 6""",260,81,Orthodox,1986-09-08,2.82,34,2.46,46,3.26,66,50,2.2
9147679e1a4ad4a3,Richardson Moreira,Rick Monstro,"6' 2""",185,,Orthodox,1984-03-31,1.17,28,1.83,67,0.0,0,100,0.0
2fe9032955c2e013,Joseph Morales,Bopo,"5' 6""",125,69,Switch,1994-08-22,2.0,40,2.05,57,1.14,42,26,3.0
6a125ba3ec37e27e,Gisele Moreira,,"5' 6""",135,,Orthodox,1981-01-14,5.93,42,6.33,48,4.0,57,0,0.0
37098a6e6c27fb66,Vince Morales,Vandetta,"5' 7""",135,70,Orthodox,1990-11-12,3.54,37,3.91,54,0.71,47,63,0.5
abe2e048a04d22cf,Paris Moran,,,125,,,1996-02-04,0.0,0,0.0,0,0.0,0,0,0.0
c32aeb1a59e6272d,Michael Morales,,"6' 0""",170,79,Orthodox,1999-06-24,5.68,49,3.26,53,1.04,41,89,0.0
a0e6753c42698f13,Omar Morales,Venezuelan Fighter,"5' 11""",155,73,Orthodox,1985-10-17,3.42,40,3.18,58,0.46,100,63,0.0
539ed332b3078821,Sarah Moras,Cheesecake,"5' 7""",135,67,Orthodox,1988-04-30,2.28,34,3.58,50,0.67,21,33,0.8
2e2cdb6e9eb84bb9,Jesse Moreng,Arturo,"5' 7""",145,,Orthodox,1979-11-09,1.26,40,2.08,48,5.56,100,100,0.0
acb36c908d415c4a,Vinicius Moreira,Mamute,"6' 4""",205,76,Orthodox,1989-02-28,3.15,59,5.07,43,1.97,18,0,1.3
92b36014314b028b,Peggy Morgan,The Daywalker,"6' 1""",135,,,1979-12-16,2.27,23,8.2,33,0.0,0,50,0.0
938ea36fe9c269f0,Alexander Morgan,The Chess Master,"5' 10""",145,71,Orthodox,1991-05-14,3.71,44,2.78,47,0.0,0,0,0.0
b4192a975027aab6,Maryna Moroz,Iron Lady,"5' 7""",125,67,Orthodox,1991-09-08,4.42,33,4.89,51,0.7,24,42,0.6
792be9a24df82ed6,Brandon Moreno,The Assassin Baby,"5' 7""",125,70,Orthodox,1993-12-07,3.84,44,3.64,59,1.36,39,65,0.4
cdb96af67d096b1e,Alex Morono,The Great White,"5' 11""",170,72,Orthodox,1990-08-16,4.9,39,4.88,55,0.32,24,47,0.3
bb2eee4fb3259c01,Mike Moreno,El Palo Duro,"6' 0""",185,,,,1.27,51,1.07,58,0.0,0,44,0.0
66e98b3bb5fc5250,Dan Moret,The Hitman,"6' 0""",155,73,Southpaw,1986-11-21,2.67,43,3.56,43,1.25,27,45,0.4
2067a177a2842fbf,Sammy Morgan,The Squeeze,"5' 10""",170,,Orthodox,1981-09-28,1.05,22,3.74,40,1.43,20,0,0.5
2f6a993c7f547c13,Sergey Morozov,,"5' 6""",135,67,Orthodox,1989-06-14,3.01,43,2.97,61,3.63,31,68,0.0
be9d259be012e8a4,Scott Morris,,"5' 10""",210,,Orthodox,,0.0,0,0.0,0,0.0,0,0,0.0
6803d4d6908354ac,Brad Morris,,"6' 2""",205,,Orthodox,1979-11-01,0.5,62,6.95,27,0.0,0,0,0.0
ab35634d1a8c7a11,Flavio Luiz Moura,,"5' 11""",183,,Open Stance,1976-01-26,0.67,16,0.0,0,0.0,0,0,0.0
37f560436d745c18,Nikolas Motta,Iron,"5' 9""",155,70,Orthodox,1993-02-08,4.13,38,5.28,52,0.0,0,83,0.0
38fccd44d669bb2f,Jack Morrison,,"5' 11""",205,,,,0.0,0,19.31,40,0.0,0,0,0.0
b15862fcd6ded451,Carlos Mota,Tizil,"5' 4""",125,69,Orthodox,1995-04-15,0.8,41,1.13,54,0.0,0,50,1.0
dab0e6cb8c932162,Anthony Morrison,Cheesesteak,"5' 7""",145,,Orthodox,1984-03-29,1.7,33,0.49,80,0.0,0,50,0.0
a5fa51a81d0c5ed9,Miki Motono,,"5' 2""",115,63,Southpaw,1994-05-18,1.27,27,4.2,57,3.0,30,0,1.0
5da4e8dc02e50ac0,Juan Mott,,"6' 0""",190,,Switch,1965-12-07,0.0,0,0.0,0,0.0,0,0,0.0
4dc496aa0cfc0d95,Harry Moskowitz,Dirty,"6' 5""",275,,Orthodox,,0.0,0,0.0,0,0.0,0,0,0.0
ae922e7d9e852d7a,Kin Moy,Kong,"5' 5""",135,,,,2.3,33,1.93,62,1.67,42,50,1.7
9c27f3217891f3f0,Kris Moutinho,,"5' 7""",135,68,Southpaw,1992-08-09,3.35,33,9.36,30,0.0,0,30,0.0
de594b35c45c2e9a,Eduarda Moura,Ronda,"5' 6""",125,67,Orthodox,1994-02-28,2.57,37,2.5,58,3.58,34,80,0.4
232c582f29f8f65e,Gegard Mousasi,,"6' 2""",185,76,Orthodox,1985-08-01,3.75,50,1.21,68,1.59,60,59,1.1
2252b2c892397f0d,Fazlo Mulabitinovic,,,135,,,,0.54,16,0.0,100,0.0,0,0,8.0
16af2d5a6f28bee2,Quinn Mulhern,,"6' 3""",155,,Orthodox,1984-09-20,1.48,28,2.09,51,1.36,20,33,0.0
b1b0729d27936f2f,Belal Muhammad,Remember the Name,"5' 11""",170,72,Orthodox,1988-07-09,4.36,42,3.92,55,1.98,35,90,0.1
882d62561063a927,Jamie Moyle,,"5' 1""",115,65,Orthodox,1989-03-17,4.51,51,4.0,65,1.0,21,50,0.0
d0c325dfefdde31f,Garrett Mueller,,"5' 9""",135,,,1989-01-29,0.0,0,0.0,0,0.0,0,0,0.0
e92901944ce91909,Askar Mozharov,,"6' 3""",205,74,Orthodox,1994-10-26,0.43,18,4.07,13,0.0,0,33,0.0
f923e012414c883e,Lauren Mueller,Princess Tiger,"5' 5""",125,67,Orthodox,1991-11-15,4.08,41,3.77,58,0.7,50,71,0.0
bd532e9a2b93870c,Melissa Mullins,No Mess,"5' 7""",135,68,Orthodox,1991-07-23,3.67,49,4.15,53,2.2,46,85,0.0
a59bc10f5e9f5fbb,Ananias Mulumba,Metal,"5' 6""",145,70,Switch,1998-09-18,6.1,44,5.96,52,0.0,0,100,2.1
8d5350fa18b79e9a,James Mulheron,,"5' 10""",243,73,Orthodox,1988-02-20,2.4,31,3.47,42,0.0,0,25,0.0
af9f42e6894047fc,Jamie Mullarkey,,"6' 0""",155,74,Orthodox,1994-08-17,4.1,46,4.28,54,2.46,30,70,0.1
1a49e0670dfaca31,Jim Mullen,,"6' 1""",215,,Southpaw,,0.0,0,0.0,0,0.0,0,0,0.0
f8f1ec513bcfef43,Alexander Munoz,,"5' 9""",155,72,Switch,1990-02-27,3.7,42,4.73,55,3.0,40,100,0.0
c3dd69333eb8085a,Olivier Murad,Warrior of God,"5' 10""",145,72,Southpaw,1993-12-21,2.6,36,2.2,61,1.0,100,55,0.0
fd0b4e3eb18eafb7,Andy Murad,The Tooth Fairy,"5' 9""",185,,,,2.6,76,2.87,32,1.0,20,42,0.0
f6bcbd91b114ff58,Johnny Munoz,Kid Kvenbo,"5' 9""",135,71,Orthodox,1993-02-16,2.44,36,2.66,55,2.4,25,45,1.8
886264a0c9f4ea5e,Andre Muniz,Sergipano,"6' 1""",185,78,Southpaw,1990-02-17,2.08,48,2.46,51,3.98,48,35,1.1
6bd02119599741a4,Pedro Munhoz,The Young Punisher,"5' 6""",135,65,Orthodox,1986-09-07,5.38,41,6.29,55,0.48,16,82,0.5
179f1948dc234f1f,Mark Munoz,The Filipino Wrecking Machine,"6' 0""",185,71,Orthodox,1978-02-09,3.12,51,2.26,57,3.17,29,57,0.6
e3a6c6d6d0ac0815,Ryuichi Murata,,"5' 8""",183,,Orthodox,1976-08-27,0.84,36,1.89,50,4.74,50,100,3.2
e0b0cf71e0d69dd0,Kanako Murata,,"5' 1""",115,62,Orthodox,1993-08-10,2.15,56,2.4,53,3.38,56,100,0.8
cfbccfed4e4796fe,Kazunari Murakami,,"6' 1""",220,,Orthodox,1973-11-29,0.0,0,0.0,0,0.0,0,0,0.0
ea7e5bc78d9de658,Makhmud Muradov,,"6' 2""",185,75,Orthodox,1990-02-08,4.21,43,2.57,61,3.03,66,77,0.2
de25520d54eab12d,Ian Murphy,,"6' 1""",185,,Orthodox,1985-06-14,0.0,0,1.93,30,4.13,100,0,0.0
9b6dcc335ad03696,Ailiya Muratbek,,,155,,,,0.0,0,0.0,0,0.0,0,0,0.0
3a51f8d30900b580,Kasib Murdoch,Murder,"5' 4""",135,65,Orthodox,2001-05-15,5.38,63,1.45,47,6.54,46,0,1.1
62918a2118de08b2,Tom Murphy,,"6' 2""",227,,Southpaw,1974-11-19,2.5,71,0.17,84,7.51,85,0,2.5
4b90384d7c3519b8,Vince Murdock,,"5' 6""",145,64,Orthodox,1991-03-21,1.21,21,7.17,40,0.0,0,0,0.0
6f4d199c0adc06f5,Samandar Murodov,,"6' 1""",170,75,Orthodox,1999-08-28,1.5,75,0.5,44,6.01,66,0,1.5
32016899d0a222a3,Lee Murray,Lightning,"6' 3""",185,,Orthodox,1977-09-12,0.36,15,3.28,32,0.9,100,42,1.8
1b5c146ee7b86e34,Jon Murphy,Man of Faith,"6' 3""",260,,Orthodox,1977-08-09,3.93,66,8.85,43,0.0,0,0,0.0
eca7e064746c161a,Patrick Murphy,,"6' 0""",170,,,,3.4,66,0.8,42,0.0,0,50,1.0
396fe87b84ac2e1c,Lerone Murphy,The Miracle,"5' 9""",145,73,Orthodox,1991-07-22,4.34,51,2.65,60,1.2,54,44,0.5
729d4bd5a6cd0a97,Lauren Murphy,Lucky,"5' 5""",125,67,Orthodox,1983-07-27,3.94,38,5.19,56,1.09,24,67,0.2
f4c40f8a64d3151d,Max Mustaki,,"6' 0""",155,,Orthodox,1987-11-07,8.2,50,13.0,45,0.0,0,0,0.0
31d7446b184e3305,Magomed Mustafaev,The Sniper,"5' 8""",155,71,Orthodox,1988-08-02,2.59,58,2.68,41,3.31,50,23,0.4
062e57ca1a3c95a8,Fiona Muxlow,,"5' 4""",145,,,1977-05-13,1.44,27,5.45,34,0.0,0,0,0.0
231cae8b77fbbcc1,Khalid Murtazaliev,,"6' 0""",185,76,Orthodox,1993-07-15,4.8,69,0.4,78,7.5,100,33,0.0
d0147e906106cd2e,Jesse Murray,Hollywood,"6' 3""",205,78,Orthodox,1993-01-26,2.38,28,7.72,43,0.0,0,0,0.0
ae81a3ac7b260411,Tofiq Musayev,,"5' 9""",155,69,Orthodox,1989-12-15,2.86,43,2.79,48,1.57,50,57,0.0
723b64c0e9a8f348,Josias Musasa,The KO Wizard,"5' 8""",135,74,Southpaw,1998-10-10,3.19,45,4.39,36,0.9,50,81,0.5
e90a2f22417af68e,Azamat Murzakanov,The Professional,"5' 10""",205,71,Southpaw,1989-04-12,4.4,56,3.2,56,0.68,20,88,0.2
2719f300b0439039,Ho Bae Myeon,,"5' 11""",168,,Orthodox,1986-11-01,3.16,16,3.16,83,0.0,0,0,0.0
28c55b4087a6f136,Elvis Mutapcic,The King,"6' 0""",185,72,Orthodox,1986-07-19,3.41,40,4.27,38,0.0,0,81,0.0
8b5f9ea38184ded3,Nicholas Musoke,Nico,"6' 0""",170,75,Orthodox,1986-04-05,3.56,35,3.8,57,1.16,19,82,0.2
d0d43cb9b14f231c,Andre Mussi,,"6' 3""",242,,Orthodox,,0.0,0,10.59,35,0.0,0,0,0.0
4acb99524a9a81ab,Maurice Eazel,,"5' 7""",135,,,,0.0,0,0.0,0,0.0,0,0,0.0
a5b0bd216d8ba84e,Ross Ebanez,The Boss,"5' 9""",154,,Southpaw,1975-05-18,0.74,50,0.74,62,3.7,100,0,0.0
bc7230f231701d66,Mike Easton,The Hulk,"5' 6""",135,70,Southpaw,1984-01-25,3.51,37,4.28,61,0.75,22,66,0.0
05866d8c3a321856,Marvin Eastman,The Beastman,"5' 9""",185,73,Orthodox,1971-06-08,2.21,35,3.92,42,1.38,33,81,0.0
ee457ef1e1c326c1,Ben Earwood,,"5' 8""",170,,Orthodox,,0.5,55,0.2,33,3.0,100,0,0.0
5713c1d2fac539ac,Cody East,The Freight Train,"6' 3""",245,,Orthodox,1988-06-29,4.15,43,7.32,40,3.97,100,16,0.0
ec421d5de0aea624,Vincent Eazelle,The Real Deal,"5' 11""",155,,,1980-12-07,0.0,0,0.0,0,0.0,0,0,0.0
32ba186f4b0e3267,Brian Ebersole,Bad Boy,"6' 0""",170,73,Southpaw,1980-11-27,2.32,49,2.14,56,1.7,23,61,0.1
20b13e96668caaa4,Roybert Echeverria,The Unbroken,"5' 5""",125,67,Switch,1995-08-21,2.95,53,2.52,57,0.0,0,71,2.6
40ff198adda94b9f,Mark Eddiva,,"5' 8""",145,68,Orthodox,1986-02-16,3.37,45,2.98,54,1.45,22,63,0.0
f2688492b9a525a3,Frankie Edgar,The Answer,"5' 6""",135,68,Orthodox,1981-10-16,3.77,40,2.82,65,2.29,31,65,0.3
37e03538c960bac6,Abdul-Kerim Edilov,,"6' 2""",205,,Orthodox,1991-11-25,10.22,61,0.13,92,3.98,100,0,2.0
528c24b99fbaab79,Johnny Eduardo,,"5' 7""",135,71,Orthodox,1978-08-03,2.95,39,3.22,63,0.22,20,58,0.4
5f04e3d58d9ce982,Yves Edwards,,"5' 9""",155,73,Southpaw,1976-09-30,2.91,42,2.34,66,0.76,53,69,0.7
ef44e4ea9050f2ea,Te Edwards,,"5' 8""",155,72,Orthodox,1990-09-11,1.5,41,4.15,44,0.72,100,44,0.0
e56daf7725a0b5ab,Justin Edwards,Fast Eddy,"5' 10""",155,70,Orthodox,1983-01-26,2.68,42,3.32,51,2.14,26,27,1.0
f1fac969a1d70b08,Leon Edwards,Rocky,"6' 2""",170,74,Southpaw,1991-08-25,2.6,54,2.44,52,1.25,37,63,0.4
f5d82eccdea4e2dd,Christian Edwards,Pain,"6' 5""",205,78,Southpaw,1998-11-05,2.4,50,2.4,55,0.0,0,0,0.0
f9ab66e67240db7b,Joselyne Edwards,La Pantera,"5' 8""",135,70,Orthodox,1995-09-29,4.61,53,3.26,50,1.29,36,62,0.6
e6904a03a66e711d,Adli Edwards,,,145,,,1989-08-28,0.0,0,0.0,0,0.0,0,0,0.0
eae4aec1a5a8ff01,Tom Egan,,"5' 11""",170,,Orthodox,,0.0,0,3.91,50,0.0,0,28,0.0
5e6294b37bbef029,Stephanie Egger,,"5' 6""",135,68,Orthodox,1988-08-12,2.2,46,2.48,52,2.48,42,50,0.6
0577808d22dfe79c,Jon Olav Einemo,The Viking,"6' 6""",253,,Orthodox,1975-12-10,2.15,52,3.05,52,1.73,55,43,0.0
58bc81376286b3d3,Per Eklund,,"5' 10""",155,72,Orthodox,1980-11-12,2.07,61,2.38,67,2.07,11,50,3.6
27fc9218a3653e3c,Justin Eilers,The Hammer,"6' 1""",235,,Orthodox,1978-06-28,2.86,43,5.66,49,0.82,25,50,0.0
07a74004d964c7f4,Billy Elekana,Son of Susie,"6' 3""",205,77,Southpaw,1995-05-28,2.71,56,3.59,46,0.85,22,0,0.8
e873203fd50542f6,John Paul Elias,,"6' 4""",205,,,,0.0,0,0.0,0,0.0,0,0,0.0
22d80fb67e50ab0b,John Elam,,,,,,,0.0,0,0.0,0,0.0,0,0,0.0
d9a56ecb6e94f02e,Evan Elder,The Phenom,"5' 10""",155,72,Switch,1997-04-11,5.66,50,4.94,57,0.48,15,40,0.5
92a9aa9c93192871,Darren Elkins,The Damage,"5' 10""",145,71,Orthodox,1984-05-16,3.39,38,3.34,51,2.86,33,56,1.1
e295b96f135d758a,Saul Elizondo,,"5' 7""",135,,,1985-07-17,2.07,30,4.93,48,2.0,100,66,1.0
1a064688481f66e1,Joao Elias,Alicate,"5' 3""",125,64,Southpaw,1995-01-08,0.4,50,6.47,20,0.0,0,50,0.0
d81ac739417d7f53,Jake Ellenberger,The Juggernaut,"5' 9""",170,71,Orthodox,1985-03-28,2.47,39,2.83,60,2.04,47,86,0.4
8e8e4487c621aa1c,Joe Ellenberger,Excalibur,"5' 9""",155,72,Orthodox,1985-03-28,1.62,47,3.45,48,3.17,40,0,1.1
6b56e94a59b7b134,Oban Elliott,The Welsh Gangster,"6' 0""",170,72,Orthodox,1997-12-19,3.62,48,2.36,60,1.48,38,52,0.0
c96d9178c9ed9e62,Tim Elliott,,"5' 7""",125,66,Southpaw,1986-12-24,3.51,43,3.0,56,3.61,45,59,1.1
87e4a3a5080ee7ce,Elisha Ellison,The Snack Panther,"6' 0""",238,78,Orthodox,1997-03-05,3.61,38,15.79,33,0.0,0,100,0.0
e60d773a0a42048a,Eddy Ellis,Fast,"5' 9""",170,,Orthodox,1983-07-07,3.4,69,1.53,68,4.0,66,50,2.0
77350fd0e6d1dba8,Lisa Ellis,,"5' 4""",115,,,1982-11-15,1.68,48,2.32,57,4.19,63,50,0.6
b852ad2b35354fcb,Ezra Elliott,,"5' 9""",145,72,Orthodox,2000-05-18,0.4,54,0.47,65,12.0,66,100,3.0
1536a25e16fc299b,Anna Elmose,Panda,"5' 3""",115,,Orthodox,1984-10-06,3.68,49,4.64,56,0.0,0,33,0.0
5f3da9a9610d8969,Cameron Else,Camchida,"5' 9""",135,71,Switch,1987-04-27,1.99,40,8.09,51,0.0,0,0,0.0
45c8fed13a62fe92,Sovannahry Em,The Sweet Savage,"5' 4""",135,,,1992-06-26,0.0,0,0.0,0,0.0,0,0,0.0
1741343f0ca34dd5,Aaron Ely,The Cyborg,"5' 8""",135,,,1989-03-18,0.82,15,0.66,69,2.47,100,50,4.9
abd5fb12437eda21,Ramazan Emeev,Gorets,"5' 10""",170,76,Southpaw,1987-05-23,2.53,45,2.14,65,2.37,29,66,0.7
f54200f1dfb9b5d4,Aleksander Emelianenko,,"6' 6""",255,,Orthodox,1981-08-02,2.75,41,1.7,65,2.32,72,66,0.9
b8da6f5c80ae2d15,Fedor Emelianenko,The Last Emperor,"6' 0""",230,74,Orthodox,1976-09-28,3.18,51,1.0,63,2.0,63,82,1.9
e00a3dee329a51f7,Jamall Emmers,Pretty Boy,"5' 10""",145,74,Orthodox,1989-07-24,5.1,49,3.92,57,2.59,53,81,0.3
dc0f07928009a127,Rob Emerson,The Saint,"5' 9""",155,70,Orthodox,1981-07-30,2.5,30,2.83,64,2.02,52,65,0.4
fba03cd6cc28dc41,Josh Emmett,,"5' 6""",145,70,Orthodox,1985-03-04,3.67,35,4.52,59,1.07,36,43,0.1
d2f310b5b072e986,Kevin Engel,The Hitman,"6' 2""",170,,,,0.0,0,0.0,0,0.0,0,0,0.0
e3f443e4cbc3da8f,Marius Enache,,"5' 11""",155,,,1975-10-16,1.71,34,0.66,84,3.94,100,0,3.9
d238217e0f8ea8e1,Alex Enlund,,"5' 10""",145,,Orthodox,1987-05-27,0.0,0,0.0,0,0.0,0,0,0.0
4122da4f791b2f4f,Kolton Englund,White Assassin,"5' 10""",155,69,Orthodox,1993-07-09,2.31,25,11.54,40,0.0,0,0,0.0
330bafba312face4,Oliver Enkamp,,"6' 0""",170,77,Switch,1991-08-10,2.38,36,3.55,37,0.87,16,0,0.0
daf9be103c1edbbd,Kenny Ento,Tha' Dragon,"6' 2""",192,,,,8.41,79,0.0,100,5.49,100,0,11.0
b593cd58b0afffb0,Abdellah Er-Ramy,The Golden Boy,"6' 0""",185,74,Orthodox,1996-09-19,0.0,0,8.4,0,0.0,0,0,0.0
d7adfcfdf7c6c1f8,Ian Entwistle,Enty,"5' 5""",135,,Orthodox,1986-11-19,0.11,7,7.36,31,0.0,0,0,12.1
32ab52e5de93092d,Steve Erceg,Astroboy,"5' 8""",125,68,Orthodox,1995-07-27,4.56,46,4.14,55,1.09,27,67,0.4
bc7cf284c1c2f16e,Won Jin Eoh,,"5' 7""",160,,Orthodox,,3.74,44,3.58,46,0.0,0,50,0.0
64ad3e3b0efa30bb,Ivan Erslan,,"6' 2""",205,72,Orthodox,1991-11-15,2.53,49,4.57,54,0.93,37,70,0.0
993d385f5a475375,Andy Enz,Tank Mode,"6' 3""",185,78,Orthodox,1991-08-15,3.51,23,5.32,57,0.0,0,58,0.0
984b0c4c6e773a1c,Josh Epps,,,130,,,1986-08-23,0.0,0,0.0,0,0.0,0,0,0.0
919fc4bc3edf4de7,Yuji Ephoevi-Ga,The Chef,"6' 0""",155,75,Switch,1999-10-19,2.67,71,2.6,44,0.0,0,60,0.0
082eba4cd80f736f,Jarno Errens,,"5' 11""",145,73,Orthodox,1994-11-17,3.29,44,3.29,61,0.0,0,33,0.3
902ec2cc48c8ae8a,Julian Erosa,Juicy J,"6' 1""",145,74,Southpaw,1989-07-31,6.18,48,6.31,48,1.73,43,61,0.7
22061ff217907c78,Konstantin Erokhin,,"5' 11""",230,,Orthodox,1983-01-31,1.07,36,1.83,47,0.0,0,70,0.0
7b9a85e5ff31ef47,Tom Erikson,The Big Cat,"6' 3""",280,,Orthodox,1964-07-06,0.94,47,1.87,25,4.68,60,100,6.2
9ebd666f99ba686b,Fabrizio Escarrega,El Cachorro,"5' 9""",155,74,Orthodox,1998-02-18,0.0,0,0.0,0,0.0,0,0,0.0
0e4daed84a8f39a6,Eric Esch,Butterbean,"5' 11""",350,,Orthodox,1968-08-03,3.07,71,1.74,43,0.0,0,0,2.0
c26ea30823f37316,Chel Erwin-Davis,The First Sun,"6' 0""",170,,,,4.06,54,1.13,61,4.25,100,50,1.4
f7ede18b4ec4ec1f,Bobby Escalante,,,130,,,,0.0,0,0.0,0,0.0,0,0,0.0
74061adb224be3cc,Nick Ertl,,"5' 9""",155,,,1968-10-29,1.34,69,1.59,41,1.88,50,0,0.0
5df17b3620145578,Cole Escovedo,Apache Kid,"5' 7""",135,72,Orthodox,1981-08-30,1.77,43,4.32,49,0.43,33,13,0.0
83fd97284f4bb4a4,Efrain Escudero,Hecho En Mexico,"5' 9""",155,71,Orthodox,1986-01-15,2.92,44,2.3,63,1.31,40,66,0.8
ed220e87bef0cc64,Evan Esguerra,,,145,,,1978-07-13,0.0,0,0.0,0,0.0,0,0,0.0
b36874652ed7715d,Pro Escobedo,,,205,,,,0.0,0,0.0,0,0.0,0,0,0.0
ccf5dc41417e9daf,Juan Espino,El Guapo,"6' 3""",255,80,Orthodox,1980-10-09,2.38,70,1.95,40,8.93,78,50,2.4
215a70f073a7b726,Jordan Espinosa,The Gamer,"5' 6""",125,69,Orthodox,1989-11-08,4.22,52,2.94,57,0.75,28,70,0.2
d910665038efc639,Carla Esparza,Cookie Monster,"5' 1""",115,63,Orthodox,1987-10-10,2.19,39,2.87,54,3.28,36,47,0.3
41f3cfdab0b22236,Achilles Estremadura,,"5' 10""",155,68,Orthodox,1992-03-11,3.2,43,3.27,70,0.0,0,0,0.0
411539901068522f,Jodie Esquibel,,"5' 1""",115,64,Orthodox,1986-05-07,4.1,31,7.37,52,0.75,21,83,0.0
83455a9d17f57dae,Rafael Estevam,Macapa,"5' 8""",135,69,Orthodox,1996-08-10,2.4,39,3.9,45,4.91,33,66,0.2
ea9bfe9c25037bba,Shaun Etchell,The Buzzsaw,"5' 7""",125,68,Switch,1993-08-05,0.0,0,0.0,0,4.37,100,100,0.0
74b5736f1df40be3,Scott Ettling,,,135,,,,0.0,0,0.54,83,8.04,100,0,0.0
4c718f671bf0b525,Salhahuddin Everett,,,185,,,,0.0,0,0.0,0,0.0,0,0,0.0
8d5daf67983b65ba,Fred Ettish,,"6' 0""",180,,Southpaw,1955-10-12,0.0,0,0.0,0,0.0,0,0,0.0
4234f0097c83fa62,Sijara Eubanks,SarJ,"5' 4""",125,67,Orthodox,1985-04-27,4.3,43,3.43,57,1.9,44,66,0.3
33011768c3c4dc9a,Terry Etim,,"6' 1""",155,73,Orthodox,1986-01-11,2.16,35,2.53,67,0.43,30,39,1.4
fc6e681bf6658faf,Ashlee Evans-Smith,Rebel Girl,"5' 8""",135,67,Orthodox,1987-07-09,4.03,34,4.59,53,0.95,22,50,0.0
9766ed20b68c7c33,Billy Evangelista,,"5' 8""",155,68,Orthodox,1980-10-07,4.51,40,3.96,61,1.6,19,61,0.2
d3de4a24f7eefac8,Doug Evans,,"5' 9""",155,,Orthodox,1980-10-10,1.79,35,2.55,55,3.19,83,69,0.6
ee779c43a8926d52,Rashad Evans,Suga,"6' 0""",205,75,Orthodox,1979-09-25,2.14,37,2.42,63,2.98,44,73,0.0
0798f558681d0eb5,Neal Ewing,,,185,,,1985-09-30,2.27,60,1.93,48,5.0,62,0,0.0
54c2576b7f2f1f57,Chris Ewert,El Tanke,"6' 0""",185,75,Orthodox,1993-09-06,3.4,37,4.33,50,0.0,0,42,0.0
dd8aec6de7035943,Dan Evensen,The Viking,"6' 3""",250,,Orthodox,1974-06-01,0.27,10,3.86,38,0.0,0,0,4.0
b12a1d19ee383b7c,Tonya Evinger,Triple Threat,"5' 7""",135,70,Orthodox,1981-06-04,1.16,42,4.02,38,0.93,30,33,0.9
76e2870ffafbe38f,Movsar Evloev,,"5' 7""",145,72,Orthodox,1994-02-11,3.91,47,2.8,61,4.78,52,61,0.2
6224e8d0a34264eb,Edward Faaloloto,,,155,70,Orthodox,1984-07-15,2.28,32,6.25,44,1.01,25,33,0.0
f72465a784c1b084,Jessica Eye,Evil,"5' 6""",125,66,Orthodox,1986-07-27,3.86,37,4.19,55,0.58,40,57,0.5
8c020156779f7888,Melinda Fabian,,"5' 6""",125,66,Orthodox,1987-06-25,4.03,41,4.0,62,0.0,0,100,0.0
40389d39a92f5bfa,Wagnney Fabiano,The Silencer,"5' 6""",145,69,Southpaw,1975-07-14,1.19,38,0.66,70,3.44,64,100,0.4
78114b7199cef90c,Urijah Faber,The California Kid,"5' 6""",135,67,Orthodox,1979-05-14,2.65,40,2.59,64,1.54,30,58,0.8
d776b5814f2400b4,Ethyn Ewing,The Professor Finesser,"5' 6""",135,69,Orthodox,1996-02-19,7.44,55,4.53,63,1.68,60,100,0.0
a1cb266d7f44f35f,Manuel Exposito,,"5' 7""",145,68,Orthodox,2000-05-09,2.53,27,9.73,34,2.0,40,100,0.0
5f6f049d54728e88,Andre Ewell,Mr. Highlight,"5' 8""",145,75,Southpaw,1988-01-21,4.28,40,4.87,51,0.36,75,72,0.1
d58478ded5534695,Maiquel Falcao,Big Rig,"5' 11""",185,,Orthodox,1981-03-08,1.67,55,0.53,86,1.0,100,71,3.0
adea9f0090aa8e14,Jason Fairn,,"6' 1""",230,,,,0.0,0,0.0,0,0.0,0,0,0.0
453ee00c3e1ae9dd,Ron Faircloth,,"5' 9""",205,,Orthodox,1979-08-16,0.39,40,8.9,42,0.0,0,0,0.0
e17ac6410c8377f4,Bartosz Fabinski,The Butcher,"6' 0""",170,75,Orthodox,1986-04-26,2.23,68,1.46,51,7.1,70,80,0.0
04e9955f33e0c267,Joao Paulo Faria,,"5' 9""",155,,,,6.69,64,2.09,85,1.25,50,0,1.2
91d73ee59347ac16,Brodie Farber,,"6' 1""",170,,Orthodox,1980-07-05,1.69,45,2.17,53,0.9,50,20,0.9
862b0b3375aa4b6e,Zarah Fairn,Infinite,"5' 8""",135,72,Orthodox,1983-12-10,4.55,31,7.4,45,0.0,0,60,0.0
8f765fd5775a8873,Rinat Fakhretdinov,Gladiator,"6' 0""",170,74,Orthodox,1991-09-28,5.03,52,3.61,54,3.91,34,91,0.2
f7be1db194e03d7e,Pedro Falcao,Pedrinho,"5' 6""",135,66,Orthodox,1992-07-30,3.21,48,3.39,50,2.73,25,66,0.0
431262bbc69215dc,Jair Farias,Chosen,"6' 1""",145,76,Orthodox,1993-03-16,3.8,39,5.33,51,0.0,0,41,0.0
49c7236c737d7e59,Chance Farrar,,"5' 9""",145,,Southpaw,1975-09-11,0.81,22,2.21,67,3.02,100,0,0.0
f89e6e66b9b112de,Rico Farrington,The Triggerman,"6' 4""",170,79,Southpaw,1989-06-19,6.33,41,7.2,51,0.0,0,20,0.0
27b164b0d1833df0,Kalindra Faria,,"5' 7""",125,,Switch,1986-07-23,2.23,56,1.44,45,1.31,66,20,0.7
9c42a0de8e012870,Kelly Faszholz,,"5' 8""",135,,Orthodox,1985-04-09,4.01,48,3.61,52,0.0,0,44,0.0
5af26b3201690d29,Rodney Faverus,,"6' 0""",215,,Southpaw,1975-01-03,2.3,53,1.6,54,4.5,100,25,0.0
f36af23639501cdf,Namo Fazil,Grandson of Saladin,,170,,,1996-10-29,0.0,0,0.0,0,0.0,0,0,0.0
e5010b1b94ca5755,Paul Felder,The Irish Dragon,"5' 11""",155,70,Orthodox,1984-04-25,3.7,44,3.44,48,0.29,28,64,0.2
954e3f4e2b0e6510,JP Felty,,,170,,,1979-04-28,0.0,0,0.0,0,0.0,0,0,0.0
a2ea77e974c5889f,Carlos Felipe,Boi,"6' 0""",245,75,Orthodox,1995-01-12,4.88,45,5.6,50,0.0,0,72,0.0
86597694317e5e1b,Feng Pengchao,,,135,,,,0.0,0,0.0,0,0.0,0,0,0.0
15f4550e017f6c7d,Rhadi Ferguson,,"5' 7""",205,,,,0.0,0,0.0,0,0.0,0,0,0.0
c940b42df95bbd28,Feng Xiaocan,Little Flower,"5' 6""",115,67,Southpaw,2001-10-27,4.3,49,1.67,66,0.67,100,63,0.0
27541033b97c076d,Kevin Ferguson,Kimbo Slice,"6' 2""",235,77,Orthodox,1974-02-08,2.3,50,3.41,38,3.1,72,36,1.2
ec13c393d029297d,Kaue Fernandes,,"5' 9""",155,73,Orthodox,1995-03-17,4.28,55,1.42,62,1.18,100,76,0.0
a6eb54ae17a551be,Gabriella Fernandes,Gabi,"5' 6""",125,66,Southpaw,1993-08-13,3.51,46,5.31,53,0.42,18,68,0.2
7ee1babb99f30115,Emily Fernandez,,,,,,,0.0,0,0.0,0,0.0,0,0,0.0
b0f316c60f8d3b47,Josh Ferguson,Taz,"5' 5""",125,,Orthodox,1988-05-13,2.13,43,4.18,32,0.59,11,54,0.0
979f7edbb6980b0d,CJ Fernandes,,"6' 2""",170,,,1977-11-13,0.0,0,0.0,0,0.0,0,0,0.0
cbc071cb20ea59c7,Bibiano Fernandes,,"5' 7""",139,,Orthodox,1980-03-30,2.91,40,2.02,72,3.97,53,77,0.6
22a92d7f62195791,Tony Ferguson,El Cucuy,"5' 11""",170,76,Orthodox,1984-02-12,4.91,45,4.37,55,0.39,35,66,0.9
d62e280d0f7b6d6f,Luke Fernandez,,"6' 1""",205,76,Orthodox,1995-06-29,8.14,58,10.17,36,0.0,0,0,0.0
3df223aeaacecf3f,Lucas Fernando,,"6' 3""",205,80,Orthodox,1997-01-10,1.87,51,4.73,38,3.0,30,0,1.0
28ba5f27e473420c,Alexandre Ferreira,Cacareco,"5' 7""",205,,Orthodox,1979-04-25,2.57,60,8.14,42,0.0,0,0,0.0
dbc17725b887860a,Cezar Ferreira,Mutante,"6' 1""",185,78,Southpaw,1985-02-15,1.9,42,2.44,53,2.69,53,84,0.5
8c21eb9fd7c4c203,Timo Feucht,,"6' 3""",205,79,Orthodox,1996-01-18,0.0,0,0.0,0,0.0,0,0,0.0
1c2a8915f8431507,Erisson Ferreira,Gato,"5' 6""",125,70,Orthodox,1991-05-03,1.75,32,2.75,56,1.11,100,66,1.7
f53d4f21d1b5f2dc,Diego Ferreira,,"5' 9""",155,74,Orthodox,1985-01-18,4.95,40,3.58,57,1.08,33,58,0.5
1e719d4b676dc19a,Brunno Ferreira,The Hulk,"5' 10""",185,72,Orthodox,1992-11-04,3.27,49,3.75,51,1.0,22,50,0.6
977081bc01197656,Scott Ferrozzo,The Pitbull,"5' 11""",323,,Orthodox,1965-04-26,0.0,0,0.0,0,0.0,0,0,0.0
6e380a4d73ab4f0e,Ron Fields,Killing,"6' 2""",200,,Orthodox,1974-11-18,0.33,33,2.64,11,0.0,0,0,0.0
33efaf2d0941cfcf,Andre Fialho,,"6' 0""",170,74,Orthodox,1994-04-07,3.3,41,6.26,45,0.25,100,66,0.0
0ec821423baa26bd,Scott Fiedler,,"6' 4""",235,,Orthodox,,0.0,0,0.0,0,0.0,0,0,0.0
b4c57a8c2b773e82,Michal Figlak,Mad Dog,"5' 10""",155,70,Orthodox,1996-08-15,4.0,39,4.93,52,0.5,12,57,0.0
cdadae5363b66eef,Francisco Figueiredo,Sniper,"5' 6""",125,68,Southpaw,1989-10-23,2.04,61,2.59,61,2.51,75,76,0.4
daff32bc96d1eabf,Anthony Figueroa,,"5' 4""",135,,Orthodox,,2.37,48,3.77,49,0.0,0,58,0.0
d814f5192e58fb2f,Drew Fickett,The Master,"5' 10""",155,70,Orthodox,1979-12-14,2.33,41,2.29,57,1.3,35,30,2.2
2226445c4a196dc8,Jonathan Figueroa,El Picante,,185,,,1995-02-05,0.0,0,0.0,0,0.0,0,0,0.0
bbfca6d5c27d9cd8,Edwin Figueroa,El Feroz,"5' 7""",135,69,Orthodox,1984-07-31,2.57,39,3.06,51,0.2,100,37,0.6
aa72b0f831d0bfe5,Deiveson Figueiredo,Deus da Guerra,"5' 5""",135,68,Orthodox,1987-12-18,2.57,53,3.43,49,1.61,34,57,1.2
35e3a24591f4e2cd,Anthony Figueroa,,,155,,,,0.0,0,0.0,0,0.0,0,0,0.0
2abdead94ce73552,Paulo Filho,,"5' 8""",185,,Southpaw,1978-05-24,1.86,48,1.67,66,2.4,32,42,1.6
5517bd590dbbe1f8,Bryanna Fissori,,"5' 4""",145,,,,1.4,46,1.2,57,2.0,25,50,0.0
bebb4ae55ac2bf6f,Chris Fishgold,,"5' 8""",145,68,Orthodox,1992-06-06,2.01,32,2.7,46,2.59,46,44,1.3
3317823959d32a05,Jan Finney,Cuddles,"5' 8""",135,,Orthodox,1980-04-18,2.16,28,8.75,42,0.77,11,25,0.0
0496cdac0bc9edd8,Jesse Finney,,"6' 0""",170,,,1974-07-11,0.0,0,0.0,0,0.0,0,0,0.0
fbb60f24af5d5a02,Torrez Finney,The Punisher,"5' 8""",185,75,Orthodox,1998-10-24,1.78,54,3.34,40,6.86,59,75,0.8
9583662df31d943f,Luigi Fioravanti,,"5' 8""",170,70,Orthodox,1981-01-22,2.23,42,2.21,69,3.76,63,67,0.9
c32fb8c0f6471a4d,Mirko Filipovic,Cro Cop,"6' 2""",230,73,Southpaw,1974-09-10,2.11,50,1.89,63,0.19,40,78,0.3
036e96c1c12b8a59,Nick Fiore,,"5' 10""",155,72,Orthodox,1997-12-10,2.83,46,7.93,42,2.5,45,71,0.0
997b4f52f76a0b53,Brady Fink,,"6' 0""",183,,Orthodox,1981-05-23,1.69,41,1.69,61,3.63,25,0,3.6
34ff304266360297,Manon Fiorot,The Beast,"5' 7""",125,65,Orthodox,1990-02-17,5.66,42,3.58,66,1.05,29,87,0.0
65adf3856c4d9256,Jafel Filho,Pastor,"5' 7""",125,68,Orthodox,1993-05-05,1.78,40,1.76,50,2.4,47,50,1.8
16d09e800ad7ec79,Luiz Firmino,Buscape,"5' 6""",154,,Orthodox,1982-03-18,1.23,50,1.22,51,3.86,45,20,0.9
f34312c2ccfa0e00,Spencer Fisher,The King,"5' 7""",155,68,Southpaw,1976-05-09,3.17,43,3.03,64,0.67,30,60,0.8
8fd808923cffff82,Andre Fili,Touchy,"5' 11""",145,74,Orthodox,1990-06-25,3.89,37,4.55,49,2.24,46,71,0.2
b8dc5fbf8338adc5,Isi Fitikefu,Doxz,"5' 10""",205,,,,0.0,0,0.0,0,0.0,0,0,0.0
6f018c039b4d5d80,Jon Fitch,,"6' 0""",170,74,Orthodox,1978-02-24,2.61,50,1.65,54,3.6,51,56,0.8
7d09200f6a77b20e,Colin Fletcher,The Freakshow,"6' 2""",155,,Orthodox,1983-01-08,3.1,34,2.97,62,0.0,0,27,0.0
c814b4c899793af6,Rafael Fiziev,Ataman,"5' 8""",155,71,Switch,1993-03-05,4.71,52,4.81,50,1.0,71,90,0.0
a2d342ffc83913ed,Nathan Fletcher,,"5' 7""",135,70,Orthodox,1998-01-03,3.41,59,2.16,57,3.37,38,50,0.7
725b1abc9a39d873,AJ Fletcher,The Ghost,"5' 10""",170,67,Switch,1997-02-18,3.36,49,4.61,46,1.54,35,33,0.9
d23d5960ac5e117c,Alejandro Flores,El Gallito,"5' 10""",145,73,Orthodox,1991-08-06,3.66,40,2.02,54,0.0,0,0,0.0
4bb0f74d5e26f89a,Ty Flores,Big Medicine,"6' 3""",205,73,Switch,1993-12-22,2.0,37,7.8,25,1.0,9,0,0.0
b5f44dcb863f595b,Luke Flores,,"6' 0""",155,73,Southpaw,1988-03-17,1.56,44,1.88,60,0.0,0,40,1.2
65db4065e2bc107d,Darrius Flowers,Beast Mode,"5' 9""",155,71,Orthodox,1994-08-25,3.13,50,5.35,42,1.65,44,66,0.4
09e62c450e754913,Jimmy Flick,The Brick,"5' 7""",125,68,Orthodox,1990-09-07,1.67,50,4.7,43,2.36,33,0,3.5
cb139171ed1b69fe,Kenny Florian,KenFlo,"5' 10""",145,74,Southpaw,1976-05-26,2.41,40,1.85,63,2.22,33,60,1.3
8164250600b7c91b,Cody Floyd,,,,,,1988-07-18,0.0,0,0.0,0,0.0,0,0,0.0
01d2ed8c502e3828,Caros Fodor,The Future,"5' 9""",155,74,Orthodox,1984-01-07,2.76,54,2.83,54,2.1,25,50,0.0
fa534853eb195270,Mal Foki,Twin Tiger,"5' 7""",220,,Orthodox,1976-03-16,2.86,14,14.29,54,0.0,0,0,0.0
5de61b03868035ff,Matt Foki,Twin Tiger,"5' 7""",220,,Orthodox,1976-03-16,0.0,0,3.37,56,0.0,0,0,0.0
7a82635ffa9b59fe,Claudionor Fontinelle,,"5' 5""",185,,Orthodox,,2.62,42,10.25,28,0.0,0,0,0.0
c97fc5fbf7d32b8a,Bobby Flynn,,,170,,,,0.38,25,0.77,0,0.0,0,0,0.0
0adf1aacda5e26ac,AJ Fonseca,,"5' 4""",145,,,,0.0,0,0.0,0,0.0,0,0,0.0
05339613bf8e9808,Rob Font,,"5' 8""",135,71,Orthodox,1987-06-25,5.11,45,3.53,57,0.7,29,37,0.3
5340123d826ceadb,Codale Ford,Crunch Time,"5' 9""",170,,,1979-05-13,0.0,0,0.0,0,0.0,0,0,0.0
90390dd1b0791e7f,Raheam Forest,Rambo,"5' 11""",170,73,Switch,1997-07-11,5.32,38,12.15,42,0.0,0,0,0.0
a71ce6ff0b4a9dbb,Sterling Ford,,"5' 10""",155,,,1986-03-12,0.0,0,0.0,0,0.0,0,0,0.0
947eccadb72f4f6f,Jesse Forbes,Kid Hercules,"6' 2""",185,75,Southpaw,1984-10-24,2.11,24,4.06,53,1.79,75,66,1.2
77ba5b2939c4018b,Carol Foro,Anabelle,"5' 2""",115,61,Orthodox,1997-03-21,7.43,57,5.7,55,0.0,0,77,0.0
b102c26727306ab6,Jussier Formiga,,"5' 5""",125,67,Orthodox,1985-04-14,1.42,39,2.34,64,1.82,35,87,0.6
44bc27bfa76dcd9e,Renee Forte,,"5' 7""",155,71,Orthodox,1987-03-27,2.08,32,2.12,63,2.32,58,66,0.0
d761b3766e38c5db,Marcel Fortuna,,"6' 1""",205,74,Orthodox,1985-10-22,3.83,46,4.52,64,0.45,8,75,0.5
b53c46f613f6f248,Brianna Fortino,The Bull,"5' 0""",115,62,Southpaw,1993-08-04,3.53,41,3.23,57,2.5,45,66,0.0
bc7f4b2d4c2724a2,Tyrell Fortune,,"6' 3""",259,75,Orthodox,1990-07-04,1.91,49,4.31,50,1.72,42,100,0.0
3dc3022232b79c7a,Brian Foster,The Foster Boy,"5' 9""",170,71,Orthodox,1984-04-03,3.3,39,1.63,65,3.67,60,37,1.8
d745d4146be48679,Mason Fowler,,"5' 11""",170,,,,0.0,0,0.0,0,0.0,0,0,0.0
ec33146e43e58933,Xavier Foupa-Pokam,Professor X,"6' 1""",185,,Open Stance,1982-07-03,1.47,43,2.5,49,0.0,0,16,0.0
f65a0eb902f9476b,Brandon Foxworth,,"5' 11""",145,,Orthodox,1979-04-28,1.33,32,4.59,50,0.0,0,0,0.0
00a3ff40c4b2cf21,Glaico Franca Moreira,Nego,"6' 0""",155,77,Orthodox,1991-02-28,2.35,42,3.46,47,2.68,42,76,0.3
ecfdbf38681a59ba,Francisco France,Kiko,"6' 0""",205,,,1983-01-21,0.54,33,3.51,27,0.0,0,0,6.1
e0ec3c3b6b611f7e,Hermes Franca,,"5' 6""",155,71,Orthodox,1974-08-26,1.78,39,2.85,55,1.53,36,37,2.4
fee02819a271c050,Stephanie Frausto,Lil Bovy,"5' 2""",115,61,Orthodox,1990-09-20,1.43,21,3.57,60,0.0,0,0,0.0
040d3b4c735541aa,Zoila Frausto,Warrior Princess,"5' 4""",135,,Orthodox,1983-12-10,0.77,31,1.64,53,0.0,0,57,0.0
90957a918e26bf9c,Xavier Franklin,Mr. Benjamin,"5' 6""",135,66,Southpaw,1996-10-15,3.07,33,5.27,50,0.0,0,100,0.0
b9532d815060de7f,John Franchi,,"5' 6""",145,67,Orthodox,1982-07-16,1.83,48,2.59,48,2.68,80,40,0.3
e564146b9cf6dbef,Felipe Franco,,"6' 1""",205,76,Orthodox,2001-01-22,2.55,57,2.39,43,3.7,40,87,0.0
d3711d3784b76255,Zane Frazier,Nasty,"6' 5""",250,,Orthodox,,0.0,0,0.0,0,0.0,0,0,0.0
3beeeafcbc8b4cbc,Gary Frazier,,"6' 0""",245,,Orthodox,1988-03-31,1.5,39,2.77,46,0.0,0,100,0.0
d897897060f10a3a,Rich Franklin,Ace,"6' 1""",185,76,Southpaw,1974-10-05,4.1,44,2.07,62,1.31,66,63,0.7
78863e4a28204a6b,Justin Frazier,The Grizzly Bear,"6' 0""",265,75,Southpaw,1989-06-15,1.11,66,6.11,4,0.0,0,0,0.0
5870bd1eadf4f322,Jason Freeman,,"6' 2""",225,,,1976-09-02,0.0,0,0.0,0,0.0,0,0,0.0
63d071997c75e3fd,Kennedy Freeman,The Machine 2.0,,125,,,1996-11-26,0.0,0,0.0,0,0.0,0,0,0.0
b5c19c34f12c917e,Denzel Freeman,Luke Fox,"6' 1""",265,77,Southpaw,1991-11-10,2.45,56,3.4,50,0.0,0,50,0.0
b4bc2e3353a770b5,Ian Freeman,The Machine,"5' 11""",225,,Orthodox,1966-11-10,2.54,48,3.11,44,1.44,40,80,0.7
f1f37d667bcd0d27,Willamy Freire,Chiquerim,"5' 8""",155,,Orthodox,1987-07-28,1.53,37,0.93,62,0.5,100,73,0.0
90e6dde9113830bd,Patricky Freire,Pitbull,"5' 7""",155,71,,1986-06-01,3.06,44,3.34,69,1.26,33,100,0.0
14b9e0f2679a2205,Rafael Freitas,Capoeira,,205,,Orthodox,,2.0,29,8.0,51,11.25,50,0,0.0
a47e9ec288c91067,Jeremy  Freitag,,"6' 1""",205,,,,0.0,0,8.37,19,0.0,0,33,1.9
d05cb1e8d1b885d8,Jinh Yu Frey,,"5' 3""",115,65,Southpaw,1985-05-20,2.97,43,4.23,52,1.02,36,90,0.3
73321668ff977f1b,Clay French,,"5' 7""",161,,Southpaw,1980-10-07,1.52,50,1.27,16,0.0,0,100,0.0
9aa56f004b2bca07,Donavon Frelow,,"5' 7""",135,,Orthodox,1985-01-20,2.4,27,3.2,52,1.0,100,26,0.0
ca43de99b07b6b40,Josh Fremd,,"6' 4""",185,76,Orthodox,1994-01-15,2.52,44,2.23,47,0.66,25,30,1.1
756f45905fb20cb5,Mike French,,"5' 10""",145,,,1975-05-29,0.23,23,2.17,42,0.0,0,22,1.0
73a78713bd899f4c,Allen Frye Jr.,,"6' 5""",265,80,Orthodox,1998-04-15,2.2,38,4.27,36,0.0,0,0,0.0
271fe91f4ba9d2c5,Don Frye,The Predator,"6' 1""",219,,Orthodox,1965-11-23,2.87,64,3.57,37,0.91,57,45,0.7
a01a62132460a98d,Adam Fugitt,,"6' 1""",170,77,Southpaw,1989-01-12,4.88,46,5.33,51,1.63,22,50,0.0
253de74457bd6374,Tony Fryklund,The Freak,"6' 0""",185,,Orthodox,1971-03-26,3.49,39,6.5,43,0.0,0,66,0.5
ee704df0afd74558,Artem Frolov,,"5' 10""",185,,,1991-09-07,0.0,0,0.0,0,0.0,0,0,0.0
dccb63727f2f5f74,Matt Frevola,The SteamRolla,"5' 9""",155,71,Orthodox,1990-06-11,3.3,39,3.76,56,2.34,41,40,0.8
1641ef250e9de19b,Sarah Frota,A Treta,"5' 6""",125,69,Southpaw,1987-04-14,4.52,52,2.57,55,0.0,0,53,0.0
7cec3c4a5e7b6d68,Daniel Frunza,,"6' 1""",170,73,Orthodox,1994-04-13,3.25,38,4.32,50,0.0,0,50,0.0
fb6c531726447ff3,Megumi Fujii,Mega Megu,"5' 3""",113,,,1974-04-26,2.4,42,0.0,100,0.0,0,0,12.0
ccd58ff71e260ed5,Keisuke Fujiwara,,"5' 6""",139,,Switch,1982-09-17,0.73,44,1.2,47,0.0,0,23,2.5
b1605ea39fba6af6,Kazuyuki Fujita,Ironhead,"6' 0""",235,,Orthodox,1970-10-16,1.05,49,1.99,52,2.78,36,85,0.6
d71d968dc6ecfdaf,Katsuhisa Fujii,Shamoji,"6' 0""",205,,Orthodox,1972-08-15,4.0,50,4.43,64,2.14,25,50,2.1
c3c38c86f5ab9b5c,Jesse Fujarczyk,The Ronin,"6' 4""",225,,Southpaw,1983-01-28,1.03,33,4.91,38,0.0,0,25,0.0
42189c98d434a413,Machi Fukuda,Kakutou Komachi,"5' 0""",115,61,Southpaw,2003-06-03,2.03,60,1.16,50,19.61,90,100,0.0
7c35f869033901ae,Riki Fukuda,,"6' 0""",185,73,Southpaw,1981-01-06,4.24,43,3.71,64,2.17,43,70,0.0
4638cc6479cc0afe,Masio Fullen,Lobo,"5' 10""",145,70,Orthodox,1986-10-06,2.46,32,3.5,54,0.47,33,69,0.0
911fb265462f0d94,Travis Fulton,The Ironman,"6' 0""",240,,Orthodox,1977-05-29,0.0,0,0.0,0,0.0,0,0,0.0
c3e2eca94b2320bc,Katsuaki Furuki,,"6' 0""",168,,,1980-11-10,0.27,10,2.67,39,0.0,0,0,3.0
1f5f75658551f2d3,Sam Fulton,,,,,,,0.0,0,0.0,0,0.0,0,0,0.0
aa3153a9941b4d44,Masakatsu Funaki,,"6' 0""",185,,Southpaw,1969-03-13,1.82,68,2.92,35,0.0,0,0,5.5
e9e1acc96536bb4f,Ricardo Funch,Golden Boy,"5' 10""",170,74,Southpaw,1980-08-14,2.61,65,3.57,40,1.24,18,60,0.0
fe98f86284a6eeb3,Gustavo Gabriel,,"5' 6""",125,,Orthodox,1994-04-01,4.06,65,4.26,46,0.0,0,50,0.0
fcd8b623892b9a10,James Gabert,,,178,,,,0.0,0,0.0,0,0.0,0,0,0.0
ec34349e7dffcde7,Claudia Gadelha,Claudinha,"5' 4""",115,63,Orthodox,1988-12-07,3.31,41,4.57,57,3.03,42,58,0.7
a7a79b8efbceaaac,Alavutdin Gadjiev,,"6' 2""",185,,Orthodox,1982-06-23,0.99,27,0.99,57,0.0,0,50,0.0
6e344b71421103da,Magomed Gadzhiyasulov,,"6' 2""",205,75,Orthodox,1993-11-04,2.89,49,1.64,62,3.67,73,61,0.0
9e8f6c728eb01124,Justin Gaethje,The Highlight,"5' 11""",155,70,Orthodox,1988-11-14,6.29,57,6.83,50,0.3,26,73,0.0
837d30395faca41e,Sheila Gaff,The German Tank,"5' 5""",135,,Orthodox,1989-12-29,1.6,50,2.89,28,0.0,0,20,0.0
a54660deb6a8489c,Muin Gafurov,Tajik,"5' 7""",135,68,Orthodox,1996-05-17,3.36,47,2.51,55,1.57,28,70,0.0
06dc1a58663579d2,Travis Galbraith,The Gladiator,"6' 0""",170,,Orthodox,1981-05-18,2.21,40,3.45,48,1.33,25,0,1.3
b8592b4a383696cd,Mitch Gagnon,,"5' 5""",135,65,Southpaw,1984-10-10,2.76,46,2.21,61,1.16,25,65,1.9
96706c75a2b14164,Daniel Gallemore,Big Kansas,"6' 5""",265,,,,3.1,41,6.0,52,0.0,0,0,0.0
cc81c92fe2254935,Tom Gallicchio,Da Tank,"5' 10""",170,,Southpaw,1986-09-23,3.53,26,7.07,43,1.0,11,0,0.0
8988705468d04ef7,Nicholas Galanti,,,185,,,1998-06-18,0.0,0,0.0,0,0.0,0,0,0.0
0876d21328cf4a45,Dave Galera,Scarecrow,"5' 11""",135,,Orthodox,1978-01-12,1.67,69,0.53,33,0.0,0,14,2.0
8e6cfbd455f0f9c2,Brandon Gaines,,"6' 3""",185,,,1982-02-24,0.0,0,0.0,0,0.0,0,0,0.0
8a1b4330c7957961,Zelg Galesic,Benkei,"6' 2""",185,,Orthodox,1979-02-16,4.86,62,0.61,66,1.3,100,20,1.3
9e50097a89442158,Mickey Gall,,"6' 2""",170,74,Switch,1992-01-22,3.5,49,4.72,49,1.15,32,37,1.6
cc6f9d1e89f3449a,Manvel Gamburyan,The Anvil,"5' 5""",135,67,Orthodox,1981-05-08,2.13,41,2.83,55,3.26,34,69,0.7
7e654edcddd71550,Turrell Galloway,,"5' 3""",145,,,1976-08-11,0.0,0,0.0,0,0.0,0,0,0.0
ad3fdba28a7540cf,Eric Galvan,,,155,,,,0.0,0,0.0,0,0.0,0,0,0.0
e15d0a2519d6a0b5,Marcos Galvao,Loro,"5' 7""",135,,Orthodox,1981-06-23,1.97,32,3.86,61,2.27,28,88,1.1
45fe6765c56d8018,Andre Galvao,,"5' 7""",168,,Orthodox,1982-09-29,2.34,52,1.56,58,2.02,27,0,2.8
10559c53de0b950e,Joey Gambino,The Raging Warrior,"5' 7""",145,,Orthodox,1988-10-26,2.47,35,2.53,51,0.0,0,42,0.8
289a3b69b85da7cd,Lucas Gamaza,,,170,,,,7.57,31,6.99,45,0.0,0,0,0.0
72db2a14ffa73ece,Mateusz Gamrot,Gamer,"5' 10""",155,70,Southpaw,1990-12-11,3.14,51,2.79,60,5.08,38,76,0.4
0d980975001ae3d8,Shamil Gamzatov,,"6' 2""",205,76,Orthodox,1990-08-09,5.35,48,3.46,51,0.0,0,50,0.0
e463ce0a2ca474f4,Ryan Gandra,Problema,"6' 1""",185,74,Orthodox,1995-05-08,11.71,50,2.3,73,0.0,0,100,0.0
41904fc4d3f5bffc,Ariel Gandulla,,"5' 11""",205,,Orthodox,1968-05-07,1.95,23,2.07,72,1.88,66,0,0.0
6d7886b094b471ac,Sean Gannon,The Cannon,"6' 3""",265,,Southpaw,,0.0,0,6.38,28,0.0,0,50,0.0
8b27d25ce0221d60,Junye Gao,,,125,,,,0.0,0,0.0,0,0.0,0,0,0.0
de83f920fd302871,Tommy Gantt,,"5' 11""",155,76,Orthodox,1993-01-09,2.92,75,0.85,43,11.29,36,100,1.4
787bb1f087ccff8a,Ciryl Gane,Bon Gamin,"6' 4""",247,81,Orthodox,1990-04-12,5.4,61,2.31,60,0.66,23,47,0.6
7bde387d50829adf,Eduardo Garagorri,,"5' 9""",145,70,Orthodox,1989-05-28,3.42,51,2.36,58,0.48,100,61,0.0
d8c7c61b176e3994,Cody Garbrandt,No Love,"5' 8""",135,65,Orthodox,1991-07-07,2.82,40,3.69,58,0.84,22,81,0.0
e5dc36e0aba7e9da,Alejandro Garcia,Alex,"5' 7""",145,,,1980-10-20,1.22,62,1.14,65,8.55,87,66,0.0
8d49545dadf9b919,Edgar Garcia,,"5' 10""",170,71,Orthodox,1984-02-22,3.16,29,4.23,60,2.21,57,50,0.6
917e53fa0adea0d3,Leonard Garcia,Bad Boy,"5' 10""",145,68,Orthodox,1979-07-14,2.77,24,4.79,52,0.3,26,42,0.5
a2b12c3f3d60ff69,Alex Garcia,The Dominican Nightmare,"5' 9""",170,72,Orthodox,1987-07-14,1.81,31,3.03,59,3.72,52,66,0.1
8a04d94dfcfab159,Nick Garcia,Nitro,"5' 4""",125,,,,0.67,25,3.03,50,0.0,0,83,5.1
ac5a7400da3a9a41,Elias Garcia,,"5' 5""",125,67,Southpaw,1992-09-13,1.59,27,5.05,50,0.68,14,33,1.4
97cf1a2c7c5e7889,Steve Garcia,Mean Machine,"6' 0""",145,75,Southpaw,1992-05-22,5.46,48,2.22,59,0.77,40,89,0.4
e132d47bd9efbbe0,Rafa Garcia,Gifted,"5' 7""",155,70,Orthodox,1994-08-05,4.28,44,4.42,61,3.22,45,77,0.4
4f7e290e71d60f87,Rulon Gardner,,"6' 3""",265,,Orthodox,1971-08-16,2.05,25,1.45,60,0.75,100,100,0.0
a54b961a1f8be1d5,John Garza,Mowgli,"5' 7""",135,68,Orthodox,2002-10-30,5.47,43,5.73,35,0.0,0,77,0.0
70167689d6a01793,David Gardner,,"5' 11""",155,,Orthodox,1977-05-17,0.17,100,0.34,0,0.0,0,66,0.0
9e92e1ca498d7244,Fernie Garcia,,"5' 7""",135,67,Orthodox,1992-04-12,2.04,34,3.79,48,0.28,50,50,0.6
8e5bfd4e82352340,Pablo Garza,The Scarecrow,"6' 1""",145,73,Orthodox,1983-09-16,3.37,44,2.7,50,0.94,25,15,1.3
30ba4c2779e68a1e,Magomedrasul Gasanov,,,170,,,1994-10-23,0.0,0,0.0,0,0.0,0,0,0.0
e4770d5ed44a3970,Brian Gassaway,,"6' 1""",170,,Orthodox,1972-08-07,0.34,26,3.65,44,0.0,0,42,0.0
a1b0715c4fd2dbd3,Azamat Gashimov,,"5' 6""",125,,Orthodox,1990-04-07,1.24,21,4.75,53,1.69,25,0,0.0
6ded9184b2284645,Willie Gates,,"5' 8""",125,72,Orthodox,1987-01-21,1.8,38,4.28,38,0.0,0,67,0.4
8c0580d4fff106c1,Kelvin Gastelum,,"5' 9""",185,71,Southpaw,1991-10-24,3.65,42,3.52,57,1.04,35,60,0.1
d758f272d94f5866,Sean Gauci,,"5' 5""",125,64,Switch,1996-10-07,5.07,59,5.8,68,4.0,44,100,0.0
a4a80dd7336ffd59,Melissa Gatto,,"5' 5""",125,69,Orthodox,1996-05-02,3.47,49,2.67,54,1.77,27,58,0.4
b72a60a0cadff408,Louis Gaudinot,Goodnight,"5' 3""",125,63,Orthodox,1984-08-28,2.34,37,6.42,48,0.57,40,31,1.1
2f815ed5f8278ba6,Ateba Gautier,The Storm,"6' 4""",185,81,Switch,2002-04-10,4.32,43,2.6,54,0.41,100,93,0.0
618643d0d5c0631d,Manuel Gaxhja,,"5' 8""",155,,Switch,1997-07-23,0.0,0,0.0,0,0.0,0,0,0.0
2f1700b3a4a09bc7,Paul Georgieff,,"6' 2""",170,,Orthodox,1982-09-22,2.55,40,2.34,35,0.0,0,0,0.0
effd0b70e6749ab2,Charlene Gellner,Princess,"5' 2""",125,,,,2.01,42,3.24,43,0.0,0,0,1.7
15edcf67ccf5be84,Brian Geraghty,Duke,"5' 7""",155,,Orthodox,1980-11-04,0.47,25,9.77,36,0.0,0,50,0.0
42883268854b78be,Derek Getzel,The Pretzel,"6' 0""",155,,,,0.0,0,0.0,0,0.0,0,0,0.0
6747ccd6d1acd266,Shamil Gaziev,,"6' 4""",265,78,Orthodox,1990-02-10,2.94,46,4.92,45,1.06,33,83,0.3
14e797332ea32cdb,Chad George,Savage,"5' 6""",135,68,Southpaw,1982-04-30,1.26,50,1.11,65,3.08,46,0,1.3
2db0c114414d4f06,Karine Gevorgyan,The Princess,"5' 4""",125,63,,1989-03-09,1.2,20,1.8,76,0.0,0,0,0.0
eb70e786bbdf1d16,Yanis Ghemmouri,The Desert Warrior,"5' 9""",135,69,Orthodox,1995-01-24,2.29,38,5.14,35,0.0,0,0,0.0
a24e080000fa7a35,Darrel Gholar,,"5' 8""",194,,Orthodox,1962-11-07,0.0,0,0.0,0,0.0,0,0,0.0
cb6783c39c01d896,Tiki Ghosn,,"5' 10""",170,,Orthodox,1977-02-09,2.78,46,2.94,58,0.41,50,61,0.0
de45aaae23dfa392,Christos Giagos,The Spartan,"5' 10""",155,71,Orthodox,1990-01-23,3.03,41,3.21,50,2.84,36,52,0.4
f74e037b97917027,James Giboo,,"5' 11""",170,,Orthodox,1978-01-06,1.2,27,7.08,39,0.0,0,0,0.0
946db8a378903cc3,Joe Giannetti,,"6' 0""",155,74,Southpaw,1995-07-05,1.93,38,2.8,40,1.0,16,0,0.0
69db199087a1a792,Lee Gibson,Lethal,"5' 7""",155,,,1976-06-20,0.0,0,0.0,0,0.0,0,0,0.0
63eedfcc73071d41,Lance Gibson,Fearless,"5' 9""",185,,Orthodox,1970-11-20,1.21,75,6.44,20,0.0,0,0,0.0
700a674c042b7a96,Cody Gibson,The Renegade,"5' 10""",135,71,Orthodox,1987-09-11,3.59,46,3.42,54,2.01,37,68,0.9
db8b800176d26f6e,Kenny Giddens,,"5' 11""",155,,,1985-01-24,0.0,0,0.0,0,0.0,0,0,0.0
e7f51d9f9e9259e7,Thomas Gifford,The Young Lion,"6' 1""",155,75,Orthodox,1992-07-26,3.97,37,6.45,37,0.5,33,33,0.0
6bb1d2b714d4b3bc,Joey Gilbert,,"5' 11""",155,,Orthodox,1976-06-05,0.61,42,4.44,31,0.0,0,0,0.0
83825fad27ab3581,Joseph Gigliotti,Capo,"5' 11""",185,,Orthodox,1993-08-13,1.04,39,2.92,45,1.56,100,50,0.8
b27a1fcb56a3035a,Trevin Giles,,"6' 0""",170,74,Orthodox,1992-08-06,3.17,54,2.39,58,1.07,50,72,0.3
96a221341035b701,Nick Gibbons,,"5' 10""",155,,,,0.0,0,0.0,0,0.0,0,0,0.0
42c96a9c4802e2e1,Kultar Gill,Black Mamba,"6' 0""",154,,Orthodox,1979-03-24,1.14,50,0.4,41,1.71,66,38,0.0
07bc580bdf3eb9c8,Lance Gibson Jr.,Fearless,"5' 9""",155,72,Switch,1995-02-02,2.4,45,4.24,56,1.67,66,75,0.0
91720876db0ee468,Jason Gilliam,,"6' 0""",170,,Orthodox,1972-10-31,0.79,33,3.14,42,0.0,0,0,0.0
84ff027394f7e470,Gregor Gillespie,The Gift,"5' 7""",155,71,Orthodox,1986-11-13,3.74,52,2.3,57,6.86,48,100,0.8
ce175eaafe867d1f,Micheal Gillmore,The Gentleman,"5' 11""",170,72,Orthodox,1987-03-28,2.04,57,3.02,43,0.0,0,50,0.0
09439946214993bc,Chase Gibson,El Guero,"5' 10""",155,72,Orthodox,1990-02-07,3.13,54,6.4,52,0.0,0,0,0.0
10ccdcd14c3dfcf1,Krishaun Gilmore,,,,,,,0.0,0,0.0,0,0.0,0,0,0.0
762c69860eef65d8,Alex Gilpin,,"5' 7""",145,,Orthodox,1992-03-26,6.8,54,12.29,42,2.17,25,0,2.2
160b931119c1bf91,Jesse Gillespie,,,185,,,,0.0,0,0.0,0,0.0,0,0,0.0
c96518b7f6881004,Bob Gilstrap,,"6' 3""",200,,Orthodox,,0.0,0,0.0,0,0.0,0,0,0.0
6a311920edd73c85,Max Gimenis,,"6' 2""",256,75,Orthodox,1993-04-14,3.21,42,9.64,47,0.0,0,0,0.0
bad8ed7d714f1493,Eperaim Ginting,The Wolfman,"5' 4""",135,64,Orthodox,1995-11-30,0.0,0,0.0,100,15.52,100,0,0.0
a58114c6dd0add64,Demetrius Gioulacos,,"5' 11""",185,,,,0.0,0,0.0,0,0.0,0,0,0.0
c1ea31a904fe08a9,Billy Giovanella,Wolverine,"5' 8""",125,,,1985-08-20,1.27,40,2.02,52,0.87,12,100,1.7
4b4f6abdce986be6,Israel Giron,El Rojo,"5' 8""",155,,,1974-01-16,0.0,0,0.0,0,0.0,0,0,0.0
3e03cec9767d37e6,He-Man Gipson,,,,,,,0.0,0,0.0,0,0.0,0,0,0.0
81f1810f72df8f25,Brandon Girtz,Cold Roll,"5' 7""",155,,,1985-03-06,2.5,60,1.92,47,5.76,100,100,0.0
fda067e842b07466,Jason Glaza,,"6' 0""",230,,,,4.34,54,0.43,40,4.34,100,0,4.3
ed133185689088b3,Mike Glenn,,,205,,,1977-10-09,0.0,0,0.0,0,0.0,0,0,0.0
057a241e4ba90c4d,Ivan Gnizditskiy,,,205,,,1996-05-10,0.0,0,0.0,0,0.0,0,0,0.0
814ff3018127e8fc,Ricky Glenn,The Gladiator,"6' 0""",170,70,Southpaw,1989-04-12,3.79,42,4.3,51,0.72,13,69,0.4
ad56b3f00ca38dfd,Mark Godbeer,The Hand Of,"6' 4""",240,77,Orthodox,1983-11-22,3.97,53,3.3,54,0.0,0,28,0.0
bd85ca0bb4f26cfc,Clint Godfrey,,"5' 6""",135,,Southpaw,1982-10-21,0.57,31,0.96,65,0.85,25,50,0.0
8e5d953bdb9ae5e7,Loopy Godinez,,"5' 2""",115,61,Orthodox,1993-09-06,4.43,49,3.94,62,2.99,42,76,0.8
5ca158b1cc9cb242,Jason Godsey,,"6' 2""",230,,Orthodox,1964-01-01,0.0,0,0.0,0,0.0,0,0,0.0
e62b36885ecdac27,Allan Goes,,"6' 0""",205,,Orthodox,1971-04-20,0.64,52,1.35,41,1.75,40,0,2.6
5d1636b6c1688502,Amiran Gogoladze,,"6' 1""",170,74,Switch,1997-12-09,1.64,66,0.82,0,0.0,0,0,0.0
e86af30738a5452a,Jonny Goh,,"5' 11""",155,,,,0.0,0,0.0,0,0.0,0,0,0.0
fa07345cc9db5cc9,Billy Ray Goff,,"5' 10""",170,72,Switch,1998-06-18,6.06,46,7.29,51,1.25,11,66,0.0
ac29d508d78384c9,Marcelo Golm,,"6' 3""",249,75,Orthodox,1992-09-15,4.27,58,4.3,45,0.45,50,87,0.5
26e3f3928b1891d9,Hannah Goldy,24K,"5' 4""",115,61,Orthodox,1992-05-18,5.19,47,4.67,50,0.66,12,54,0.2
cffb87059e645bd1,Denise Gomes,Dee,"5' 2""",115,63,Orthodox,1999-12-30,4.43,49,3.16,51,1.45,34,66,0.7
b3db81defb03d7af,Severino Apollo Gomes,Deus Da Guerra,,145,,,2000-07-10,0.0,0,0.0,0,0.0,0,0,0.0
af1e5c64b8663aa0,Sergio Gomez,,"5' 6""",155,,Orthodox,1982-04-29,1.5,42,1.16,56,2.57,66,31,0.0
a0a680fe2f6cc8e6,Frank Gomez,,"5' 10""",135,67,Orthodox,1986-03-31,1.52,48,0.79,66,1.14,60,70,0.8
0a66de3a797cf73a,Alan Gomez,,,155,,,,0.0,0,0.0,0,0.0,0,0,0.0
489413d3be819647,David Gomez,,,155,,,1983-08-08,0.0,0,0.0,0,0.0,0,0,0.0
0778f94eb5d588a5,Joey Gomez,KO King,"5' 10""",135,73,Orthodox,1986-07-21,2.44,28,4.46,55,0.62,100,50,0.0
513e84bfe65ff509,Luis Gomez,Tiger Junior,"5' 7""",145,68,Orthodox,1995-01-28,1.57,33,4.03,55,4.48,50,33,0.0
1e35aa8955794580,Ulysses Gomez,Useless,"5' 6""",125,,Orthodox,1983-05-25,2.72,25,3.57,68,0.0,0,0,0.0
e1d40e8782d80bc2,William Gomis,Jaguar,"6' 0""",145,73,Southpaw,1997-06-13,3.2,48,2.6,61,0.73,38,77,0.3
3be081c29bf734d9,Takanori Gomi,The Fireball Kid,"5' 7""",155,70,Southpaw,1978-09-22,3.81,41,3.52,60,1.23,65,63,0.8
270b89c00ef0c55c,Gabriel Gonzaga,Napao,"6' 2""",242,76,Orthodox,1979-05-18,2.12,45,2.94,57,2.8,39,66,1.1
e90f4291f93708e6,Edson Gomez,,"5' 8""",170,69,Switch,1991-02-23,2.66,32,8.78,45,0.0,0,0,0.0
3a28e1e641366308,Joey Gomez,,"5' 10""",155,71,Orthodox,1989-08-29,3.73,49,3.33,50,2.0,28,0,0.0
b4880ef2f838d4e1,Silvana Gomez Juarez,La Malvada,"5' 3""",115,65,Orthodox,1984-12-06,4.26,32,4.04,61,0.0,0,30,0.0
b2acebbef8da14ea,Akihiro Gono,,"5' 7""",170,68,Switch,1974-10-07,2.18,48,2.67,63,1.01,84,46,0.5
94535f76f43b466a,Justin Gonzales,J-Train,"5' 9""",145,72,Orthodox,1991-04-28,6.67,80,0.87,43,14.0,73,100,0.0
be5aab761c40ef35,Fernando Gonzalez,The Menifee Maniac,"5' 9""",170,68,Southpaw,1983-09-15,4.47,47,4.03,65,0.86,33,43,1.4
28d8638ea0a71908,Nick Gonzalez,The Ghost,"5' 6""",155,,Orthodox,1981-03-03,0.59,20,2.35,33,0.0,0,50,0.0
69c071bc2621e8b0,Fabian Gonzalez,,"5' 10""",135,,,,3.9,48,4.39,51,0.0,0,66,0.0
e45cfa47f504033a,Jason Gonzalez,Nicoya,"6' 2""",155,74,Southpaw,1990-02-28,3.06,39,3.13,58,0.0,0,30,1.0
1bda4867f1baceac,Kier Gooch,,,155,,,1986-04-21,0.0,0,0.0,0,0.0,0,0,0.0
4f1a48f4e6ffb007,Jennifer Gonzalez,Jefa,"5' 2""",125,,,1986-03-22,0.0,0,0.0,0,0.0,0,0,0.0
a2ccf35a88346a91,Erick Gonzalez,The Ghost Pepper,"5' 11""",155,75,Orthodox,1992-01-20,2.4,36,8.08,40,6.0,55,50,0.0
4e0692ad070976e4,Lyman Good,Cyborg,"6' 0""",170,74,Orthodox,1985-05-26,5.34,48,4.01,63,0.27,100,75,0.0
ff175a137b395e2b,Jorge Gonzalez,Street,"6' 2""",205,76,Orthodox,1984-02-29,0.0,0,0.0,0,0.0,0,0,0.0
1ebdcb7488d0ebee,Pearl Gonzalez,,"5' 4""",115,,Orthodox,1986-08-12,2.23,37,4.07,57,1.04,11,0,0.5
2ff2e6e5abea3e53,Lewis Gonzalez,Lethal,"5' 10""",170,,Orthodox,1987-09-19,1.4,37,1.87,41,2.0,33,62,0.0
de47c33e48b0ce38,Mikey Gonzalez,Rolls,"5' 11""",155,74,Orthodox,1985-08-13,0.91,16,14.55,11,0.0,0,0,0.0
dee294e9717012c2,Malcolm Gordon,X,"5' 7""",125,71,Switch,1990-05-19,2.5,45,2.0,43,1.72,35,26,1.0
c730a0be691dc081,Jared Gooden,NiteTrain,"6' 0""",170,77,Orthodox,1993-12-05,4.4,48,6.74,45,0.91,45,65,0.4
fbbde91f7bc2d3c5,Gary Goodridge,Big Daddy,"6' 3""",249,,Orthodox,1966-01-17,1.84,56,2.14,48,0.4,100,53,0.8
7f98d9d5a10fa25c,Jordan Goodwin,,,155,,,,0.0,0,0.0,0,0.0,0,0,0.0
8cad40a75e5c97f5,Eddie Gordon,Truck,"6' 0""",185,76,Orthodox,1983-07-22,2.03,32,2.57,60,1.93,83,63,0.0
68c4ca70067bf282,Tebaris Gordon,Boom,"6' 1""",265,,Orthodox,1988-07-19,3.53,16,49.41,22,0.0,0,0,0.0
279093302a6f44b3,Gerard Gordeau,,"6' 5""",216,,Orthodox,1959-03-30,0.0,0,0.0,0,0.0,0,0,0.0
803bebcfb6d6f506,Alex Gorgees,Hitman,"6' 2""",155,74,Switch,1995-08-11,0.67,32,2.27,38,0.0,0,54,0.0
147e70aa6cc48cfc,Tresean Gore,Mr. Vicious,"6' 0""",185,75,Switch,1994-06-21,3.41,49,7.0,40,1.91,72,83,1.0
7026eca45f65377b,Jared Gordon,Flash,"5' 9""",155,68,Orthodox,1988-09-06,5.57,53,4.11,55,1.91,34,60,0.0
40f3cb27fc7305a1,Themba Gorimbo,Mamba,"6' 1""",170,77,Orthodox,1991-01-23,2.7,56,1.75,51,4.52,62,73,0.4
052ceb8976695342,Chase Gormley,,"6' 3""",265,,Orthodox,1983-08-11,3.6,42,6.03,44,3.12,42,0,1.0
c10eb2f12c489f6d,Tim Gorman,The Psycho,"5' 5""",135,,Southpaw,1983-04-29,2.73,31,5.57,46,1.0,9,33,0.0
51e86de150ee8be6,Thibault Gouti,GT,"5' 10""",155,72,Orthodox,1987-02-27,3.68,34,5.64,50,1.23,80,83,0.3
fb1538b46877a695,Jonathan Goulet,The Road Warrior,"6' 0""",170,73,Orthodox,1979-07-13,1.61,41,2.01,46,4.17,70,45,0.6
af5b208e97f5d382,Wilson Gouveia,,"6' 1""",185,76,Orthodox,1978-10-03,3.02,39,4.06,56,0.9,66,57,2.2
2391a73686200c5d,Hugo Govea,,,,,,,0.0,0,0.0,0,0.0,0,0,0.0
c44acf87e376c62b,Todd Gouwenberg,,"6' 1""",205,,Orthodox,1974-09-25,0.52,23,2.93,42,1.57,33,50,0.0
4e163b53d1de1fbc,Patryk Grabowski,Czapla,,205,,,1995-11-12,0.0,0,0.0,0,0.0,0,0,0.0
3f11b5d4bd76a6d9,Damian Grabowski,The Polish Pitbull,"6' 1""",241,75,Orthodox,1980-05-12,4.0,36,7.65,51,0.0,0,0,0.0
52d92050a046bc17,Crosley Gracie,,"5' 9""",190,,Orthodox,1979-07-18,1.69,37,1.54,60,3.46,85,50,0.6
ae954fd497025462,Justin Governale,The Therapist,,145,,,,0.0,0,0.0,0,0.0,0,0,0.0
429e7d3725852ce9,Royce Gracie,,"6' 1""",175,,Southpaw,1966-12-12,0.88,41,1.13,37,0.0,0,66,0.8
a9c45a8b21eabadc,Ralph Gracie,,"5' 9""",183,,Orthodox,1971-05-25,0.86,37,1.72,31,0.0,0,25,4.0
82d6a9ae41aac3f7,Daniel Gracie,,"6' 2""",225,,Orthodox,1972-06-28,1.9,38,1.33,59,0.36,100,80,2.1
194fc025f9355db6,Rickson Gracie,,"5' 10""",185,,Switch,1958-11-20,0.0,0,0.0,0,0.0,0,0,0.0
36877f0e62b25b96,Rodrigo Gracie,,"6' 0""",183,,Orthodox,1975-04-11,1.34,51,0.86,46,1.49,50,75,0.4
aae0897825336b1a,Renzo Gracie,,"5' 10""",185,,Orthodox,1967-03-11,1.71,41,1.67,55,1.13,20,40,0.8
0c3838c8f7c620c2,Ryan Gracie,,"5' 9""",200,,Orthodox,1974-08-14,0.82,61,0.5,40,2.83,75,25,0.9
b807814d977682eb,Royler Gracie,,"5' 8""",150,,Southpaw,1965-12-06,0.0,0,0.0,0,0.0,0,0,0.0
84283233ec42be5f,Ralek Gracie,,"6' 2""",210,,Orthodox,1985-10-04,1.61,46,1.05,55,2.5,75,0,1.7
e4a9dbade7c7e1a7,Rolles Gracie,,"6' 4""",242,,Orthodox,1978-07-14,2.3,32,3.38,55,2.3,10,0,0.0
722b870449243083,Igor Gracie,,"5' 11""",170,,,1980-02-04,1.86,60,0.99,50,3.72,50,0,3.7
079488710f012779,Cesar Gracie,,"5' 10""",181,,Orthodox,,0.0,0,17.14,50,0.0,0,0,0.0
a6bbd3df469c6bea,Roger Gracie,,"6' 4""",185,79,Orthodox,1981-09-26,1.78,35,1.79,61,1.87,53,60,1.9
12d855d12a624da2,Neiman Gracie,,"6' 0""",170,,,,0.77,100,0.38,75,5.77,100,0,5.8
242d36d241b43c12,Kron Gracie,,"5' 9""",145,70,Southpaw,1988-07-11,2.95,42,5.73,51,0.35,25,0,0.7
6e4acc2c115215b5,Scott Graham,,"6' 4""",185,,Orthodox,,0.91,42,2.27,28,0.0,0,0,0.0
3e514f437c51ce0a,Steven Graham,,"6' 1""",290,,Orthodox,,0.0,0,0.0,0,0.0,0,0,0.0
fb37795db81f93f3,Bogdan Grad,The Unleashed,"5' 8""",145,70,Orthodox,1995-09-28,4.16,53,5.02,49,4.57,38,75,0.5
7559395ad833c074,Miranda Granger,Danger,"5' 7""",115,68,Orthodox,1992-04-13,2.79,47,2.57,57,0.0,0,33,0.0
a26198ba5093147e,TJ Grant,,"5' 10""",155,72,Orthodox,1984-02-26,3.95,54,3.21,56,1.63,43,36,0.6
113df4fde64735c6,Davey Grant,Dangerous,"5' 8""",135,69,Orthodox,1985-12-18,5.58,45,4.04,54,0.95,38,65,0.2
8be158ca1e5ea6a0,Dwight Grant,The Body Snatcher,"6' 1""",185,76,Switch,1984-09-14,3.29,36,2.66,60,0.61,100,66,0.0
e8b731feff72294b,Alexa Grasso,,"5' 5""",125,66,Orthodox,1993-08-09,4.11,41,3.71,58,0.4,35,54,0.7
3f1d23b01c552a13,Michael Graves,,"5' 10""",170,71,Orthodox,1991-01-08,1.25,54,1.47,58,4.8,52,66,0.4
601964f9654f911a,Tony Gravely,,"5' 5""",135,69,Orthodox,1991-09-28,3.82,48,4.47,44,5.4,41,52,0.3
642862d6d63605cd,Shelton Graves,The Gravedigger,"6' 2""",255,76,Southpaw,1985-10-23,2.19,69,0.81,33,4.86,57,0,0.0
6d12031661db8ac8,Sam Greco,,"6' 2""",205,,Orthodox,1967-05-03,2.4,75,1.33,53,0.0,0,25,1.0
bb0d290026d7681d,Kevin Gray,Pocket Herc,"5' 4""",125,67,Orthodox,1985-05-03,3.45,62,4.48,66,0.0,0,0,0.0
bfc2fc38a0e20211,Matt Grice,The Real One,"5' 8""",145,70,Orthodox,1981-07-29,4.09,53,2.69,56,2.19,37,82,0.5
2db65fc038c0018e,James Gray,The Phenom,"5' 9""",135,,Orthodox,1987-10-25,2.61,50,18.26,44,0.0,0,0,0.0
5eb50529a8418b77,Gabe Green,Gifted,"5' 10""",155,73,Switch,1993-05-02,5.6,45,6.19,47,0.71,50,50,0.5
f046d724d2a84ac5,Desmond Green,The Predator,"5' 10""",155,73,Southpaw,1989-10-11,3.7,46,2.51,69,1.62,50,75,0.0
887961364be5ceb3,King Green,,"5' 10""",155,71,Orthodox,1986-09-09,6.49,53,3.63,62,1.32,43,71,0.3
7fb4234670271505,Chuck Grigsby,The Reverend,"6' 6""",205,,Orthodox,1972-08-15,0.71,16,3.29,46,0.0,0,66,0.0
68b8ebdfce9dbb61,Charalampos Grigoriou,Ferocious,"5' 7""",135,67,Orthodox,1992-03-31,2.62,48,3.97,46,2.62,80,90,0.0
068f8a189a47fea6,Maurice Greene,The Crochet Boss,"6' 7""",258,80,Orthodox,1986-07-05,3.28,45,3.61,45,0.0,0,27,0.4
1e7483dbff40b84b,Vik Grujic,The Spartan,"5' 11""",170,73,Orthodox,1977-02-06,2.24,48,3.39,41,1.18,33,26,0.4
fdf18227faa596dd,Chad Griggs,The Grave Digger,"6' 1""",205,73,Orthodox,1978-05-15,2.67,50,2.22,46,1.51,66,41,0.0
56fcb2c4d99f9d1b,Mike Grundy,,"5' 7""",145,72,Orthodox,1987-01-03,2.09,45,4.45,56,4.06,28,50,0.4
ebef46976554f975,Jordan Griffin,Native Psycho,"5' 10""",145,73,Southpaw,1990-02-28,2.52,46,3.02,50,1.45,35,42,1.9
20205040232ed0f3,Tyson Griffin,,"5' 6""",145,68,Orthodox,1984-04-20,3.71,41,2.3,65,1.87,46,59,0.9
b0d6a1d8ac3d563d,Max Griffin,Pain,"5' 11""",170,76,Orthodox,1985-11-29,3.7,47,3.69,58,1.44,41,69,0.2
fcffee71cff5530e,Forrest Griffin,,"6' 3""",205,77,Orthodox,1979-03-16,4.38,36,2.81,61,1.05,48,57,0.7
6741218640534d8b,Garrett Gross,,"5' 9""",155,,Orthodox,1988-08-08,2.39,45,1.67,46,0.0,0,52,0.0
36a432f22144843e,Neil Grove,Goliath,"6' 6""",265,,Orthodox,1971-01-18,0.0,0,0.0,0,0.0,0,100,14.3
60ba33c3f555a7a3,Josh Grispi,The Fluke,"5' 11""",145,74,Orthodox,1988-10-14,1.44,41,3.71,50,1.97,36,16,2.2
feaf00f3373435d6,Chris Gruetzemacher,Gritz,"5' 8""",155,68,Orthodox,1986-06-16,6.18,57,4.96,52,0.21,50,65,0.0
234f3767ff0e5701,Kendall Grove,Da Spyder,"6' 6""",185,79,Orthodox,1982-11-12,2.31,41,2.4,54,0.49,45,56,1.7
dde70a112e053a6c,Rodrigo Gripp de Sousa,Riscado,"5' 11""",205,,Orthodox,,0.48,23,4.81,52,0.0,0,0,9.6
950d0ef5c17157c5,Maxim Grishin,Maximus,"6' 3""",205,78,Orthodox,1984-05-02,3.26,52,2.27,58,0.21,16,66,0.0
b4e8867d60ef0e69,Piero Guaylupo,El Lobo,,155,,,2004-10-29,0.0,0,0.0,0,0.0,0,0,0.0
1abfb658cd4f8533,Nandor Guelmino,The Hun,"6' 3""",230,,,1975-12-20,3.62,56,3.16,33,0.0,0,42,0.0
dd12382f28296f7b,Wang Guan,The Dongbei Tiger,"5' 9""",145,71,Orthodox,1986-03-14,4.73,43,3.27,60,0.0,0,0,0.0
dc052ab64be66e1d,Anthony Guarascio,The Daywalker,"6' 2""",233,72,Orthodox,1994-02-26,7.5,28,41.25,35,0.0,0,0,0.0
2963369e327e1979,Fabricio Guerreiro,,"5' 10""",145,,,1990-07-24,1.87,31,2.2,67,2.0,50,0,0.0
6266abf6e4245c72,Noah Gugnon,Guns,"5' 11""",155,71,Orthodox,2000-10-18,3.7,45,4.44,68,0.0,0,0,11.1
8300a47f6fd6fe4f,Rainn Guerrero,Purple Rainn,"5' 6""",125,65,Orthodox,1992-05-13,0.65,33,0.87,50,3.27,100,0,0.0
ce25b4ed82b1811b,Jason Guida,,"5' 10""",214,,,1977-08-04,1.87,40,3.33,52,1.0,14,50,1.0
aabf33d691f64d61,Hugo Guillon,,,185,,,1997-04-12,0.0,0,0.0,0,0.0,0,0,0.0
da0f33e4255f99eb,Chris Guillen,,"6' 0""",240,,Orthodox,1972-12-09,0.82,27,1.91,36,0.0,0,0,0.0
9f1641c08cf8fbe2,Shannon Gugerty,,"5' 10""",155,71,Orthodox,1981-12-30,1.25,39,1.88,58,2.13,27,50,3.4
ccd1299e0345e0ce,Melvin Guillard,The Young Assassin,"5' 9""",155,71,Orthodox,1983-03-30,2.96,40,1.85,66,1.3,63,61,0.2
c47df9303d318c67,Clay Guida,The Carpenter,"5' 7""",155,70,Orthodox,1981-12-08,2.63,33,3.0,61,3.1,35,66,0.6
04d5718ed2661e8c,Jorge Gurgel,,"5' 7""",155,69,Orthodox,1977-01-25,3.37,32,3.62,62,0.81,23,60,0.5
29162be25ebef5f0,Luis Gurule,Grim,"5' 5""",125,64,Orthodox,1993-11-16,5.44,43,5.35,57,0.64,15,60,0.2
e34e3b1fffa13a6a,Gugun Gusman,The Tiger,"5' 7""",135,68,Orthodox,1990-03-03,0.88,27,6.18,41,0.0,0,33,0.0
8377c5572cb356f3,Fabio Gurgel,,"6' 0""",205,,Orthodox,1970-01-18,0.0,0,0.0,0,0.0,0,0,0.0
4d74641fac830182,Brad Gumm,,"5' 11""",170,,Orthodox,,0.0,0,0.0,0,0.0,0,0,0.0
ef5dcb10d2bd4b0f,Bogdan Guskov,Hitman,"6' 3""",205,76,Orthodox,1992-09-12,3.6,56,3.5,46,0.0,0,54,0.7
cc98d857b148e33a,Leonardo Guimaraes,Leleco,"6' 0""",185,,Orthodox,1982-04-15,2.35,56,2.99,44,0.0,0,52,1.0
0c9c0a43d3f3f49d,Marcelo Guimaraes,Magrao,"6' 0""",185,73,Orthodox,1983-06-25,4.67,51,4.41,62,1.99,13,0,0.0
cc300e9aa3063431,Andre Gusmao,,"6' 0""",205,,Orthodox,1977-05-19,2.79,43,3.28,60,0.0,0,60,0.0
a0c139b34f11421a,John Gunderson,Quick Guns,"5' 9""",155,69,Orthodox,1979-01-05,1.04,27,1.71,58,1.67,33,11,2.0
3956bdc8ab2e54b3,John Gunther,The Machine,"5' 9""",155,72,Orthodox,1985-11-24,1.65,37,3.72,46,7.08,42,0,0.0
2caf993f53541fa1,Andreas Gustafsson,Bane,"6' 1""",170,73,Orthodox,1991-02-20,5.82,71,3.63,45,6.19,58,100,0.0
a789defa9086da46,Justin Guthrie,,"6' 1""",170,,,1981-01-19,0.16,33,3.74,14,2.44,25,0,4.9
cd85b48dc880fabd,Horacio Gutierrez,The Punisher,"5' 10""",145,,,1990-09-15,0.86,26,2.91,46,0.0,0,50,0.0
5f33ae0620e050c5,Mando Gutierrez,El Toro,"5' 6""",135,70,Southpaw,1997-02-24,0.8,75,1.33,50,1.0,100,40,1.0
45f0cc9d18f35137,Chris Gutierrez,El Guapo,"5' 9""",135,67,Orthodox,1991-04-22,4.4,57,2.65,63,0.3,30,67,0.1
3c6976f8182d9527,Alexander Gustafsson,The Mauler,"6' 5""",205,79,Orthodox,1987-01-15,4.03,40,3.53,51,1.53,39,83,0.4
eaea0fc7b76525a8,Mike Guymon,The Joker,"6' 0""",170,74,Orthodox,1974-09-17,2.75,65,0.79,66,1.87,37,54,1.2
bf12aca029bfcc47,Keith Hackney,The Giant Killer,"5' 11""",200,,Sideways,1958-04-15,0.0,0,0.0,0,0.0,0,0,0.0
8e6654e9f0461b8f,Cody Haddon,,"5' 7""",135,69,Orthodox,1998-09-08,8.84,56,2.72,62,2.96,35,83,0.6
60a42bf82447c919,Jake Hadley,White Kong,"5' 7""",135,70,Southpaw,1996-08-03,3.8,43,4.16,61,0.33,11,54,1.1
8a213af406eb2dd4,Theo Haig,,"6' 2""",185,77,Orthodox,1996-08-23,0.0,0,28.33,0,0.0,0,0,0.0
219a254e15d60135,Tim Hague,The Trashing Machine,"6' 4""",260,76,Orthodox,1983-05-09,2.79,47,4.14,46,1.72,33,85,0.9
4955c524c2a71469,Yazan Hajeh,Yazzle Dazzle,"5' 9""",145,,Orthodox,1992-09-04,1.54,25,17.44,44,0.0,0,100,0.0
99793cf88c5adeee,Steve Hadsel,,"5' 8""",170,,,,0.0,0,0.0,0,0.0,0,0,0.0
184b7a36d50dcc5e,Chelsea Hackett,Hammer,"5' 4""",125,66,Switch,1998-08-16,2.58,51,4.85,46,0.0,0,57,0.0
f4d92416da98804b,Bassil Hafez,The Habibi,"5' 11""",170,72,Orthodox,1992-01-31,3.71,38,5.68,41,2.21,24,50,0.0
38c626ca912c7bac,Damir Hadzovic,The Bosnian Bomber,"5' 9""",155,70,Orthodox,1986-08-08,3.34,47,3.74,59,0.91,54,34,0.1
206a7d47eb62170e,Stoney Hale,The Skuller,"6' 0""",,,,1979-10-18,0.0,0,0.0,0,0.0,0,0,0.0
439d4bbefd4e6940,Kevin Haley,The North Woods Nightmare,"6' 2""",205,,,,0.87,59,0.87,64,3.0,100,0,2.0
18524b46c570730b,Mark Hall,,"6' 0""",190,,Orthodox,1961-01-26,0.0,0,0.0,0,0.0,0,0,0.0
8866c6f509c19089,Ryan Hall,The Wizard,"5' 10""",145,70,Southpaw,1985-02-22,2.38,50,1.33,65,0.22,9,0,2.2
65578a75fa7900e3,Uriah Hall,Prime Time,"6' 0""",185,79,Orthodox,1984-07-31,3.23,48,3.85,54,0.54,38,64,0.1
8a8a84b743ae7699,Dennis Hallman,Superman,"5' 9""",155,72,Orthodox,1975-12-02,1.12,44,1.96,43,1.79,30,25,2.1
a3be148af5c7b088,Piotr Hallmann,Pletwal,"5' 9""",155,71,Orthodox,1987-08-25,3.98,45,3.17,58,2.55,44,70,0.4
e763679f15326ae1,Brandon Halsey,Bull,"6' 0""",185,,,1986-09-16,1.74,47,0.87,65,4.98,53,100,1.2
88c8f47241d90040,John Halverson,The Hurricane,"5' 9""",155,,Southpaw,1972-09-08,2.94,43,5.29,47,0.0,0,66,2.0
bad28b7b34f334de,Tony Halme,,"6' 3""",300,,Orthodox,1963-01-06,0.0,0,0.0,0,0.0,0,0,0.0
165c244bcca3ed26,Seo Hee Ham,,"5' 2""",115,62,Southpaw,1987-03-08,4.2,39,5.15,61,0.0,0,66,0.2
c3c23c99477c041b,Frank Hamaker,,,,,,,0.0,0,0.0,0,0.0,0,0,0.0
1b4d6971bb18b82c,Kazuhiro Hamanaka,,"6' 0""",185,,Southpaw,1978-10-24,1.7,37,0.91,60,0.0,0,50,0.0
7ada6ea792a34424,Jeremy Hamilton,Hawk,,185,,,1984-11-14,0.0,0,0.0,0,0.0,0,0,0.0
98b80a717b9bda17,Matt Hamill,The Hammer,"6' 1""",205,76,Orthodox,1976-10-05,3.69,42,3.8,61,3.0,34,91,0.0
a59017211b775b5d,Rami Hamed,,"6' 1""",170,71,Orthodox,1991-04-25,3.87,51,3.4,50,0.0,0,50,0.0
7da5839b223f3728,CJ Hamilton,The Autobot,"5' 7""",125,68,Switch,1986-10-07,2.47,31,3.93,58,0.0,0,62,0.0
c727c7d31c50c4cf,Anthony Hamilton,Freight Train,"6' 5""",260,76,Orthodox,1980-04-14,3.91,65,3.02,45,2.62,42,78,0.0
4100c7a09497ad41,Kay Hansen,,"5' 2""",115,63,Orthodox,1999-08-14,3.01,50,3.19,51,1.83,22,37,0.8
05b17ae24e6bba81,Shin Haraguchi,,"5' 5""",145,68,Switch,1998-11-27,2.02,63,1.84,43,12.32,51,0,0.0
86e388ed20761ad9,Joachim Hansen,Hellboy,"5' 7""",150,,Southpaw,1979-05-26,2.01,43,2.04,58,2.21,58,34,1.9
b7b84ccd221be298,Nasrat Haqparast,,"5' 10""",155,72,Southpaw,1995-08-22,6.36,45,6.0,63,0.34,20,86,0.0
24e9d6b0a24cff9d,Dean Hancock,The Hammer,,155,,,,7.97,63,1.94,67,1.71,33,75,1.7
98533a2738124a0d,Chad Hanekom,Superman,"6' 4""",185,74,Orthodox,1990-04-20,0.73,47,1.47,33,0.0,0,71,1.0
1f77fce698e80488,James Hammortree,The Sledge,"6' 3""",185,,Orthodox,1983-11-29,1.93,30,4.13,44,2.0,50,100,1.0
23459ee7e373b98f,Jared Hamman,The Messenger,"6' 3""",185,75,Orthodox,1982-03-07,5.15,42,3.93,55,1.57,46,30,0.0
f55a6807b6bb853d,George Hardwick,King,"5' 10""",155,72,Orthodox,1996-12-06,3.6,38,4.6,71,0.0,0,83,0.0
b9c3ee342eb72100,Janay Harding,Hollowpoint,,135,,,,0.0,0,0.0,0,0.0,0,0,0.0
14a433bccba87016,Scott Harper,,"6' 0""",185,,Orthodox,1972-04-14,1.3,54,4.98,47,3.25,100,0,0.0
85073dbd1be65ed9,Greg Hardy,Prince of War,"6' 5""",265,80,Orthodox,1988-07-28,4.79,50,3.31,55,0.2,33,64,0.0
4d1e92b61bcef308,Tobias Harila,Bad Intention,,,,,1994-01-13,0.0,0,0.0,0,0.0,0,0,0.0
2dbc60c52de126d8,Harry Hardwick,Houdini,"5' 8""",145,71,Switch,1994-09-29,5.47,42,8.54,44,0.0,0,0,0.0
69b69c0178c4004d,Antoni Hardonk,,"6' 4""",245,78,Orthodox,1976-02-05,3.4,61,3.07,46,0.0,0,40,0.9
4798e823ada58fe9,Veronica Hardy,,"5' 4""",125,64,Southpaw,1995-10-30,3.06,45,3.24,50,0.82,41,51,0.3
473ce3aa581251a2,Dan Hardy,The Outlaw,"6' 0""",170,74,Orthodox,1982-05-17,2.46,35,3.44,51,0.73,35,35,0.4
848809f3986b4977,Baru Harn,Seiryu,,265,,,1977-10-24,0.0,0,0.0,0,0.0,0,0,0.0
e5864a42c80294f6,Josiah Harrell,The Muscle Hamster,"5' 7""",170,68,Southpaw,1998-11-13,2.32,50,10.94,29,0.0,0,0,0.0
30cd319d39ee689b,Gerry Harris,,"6' 8""",270,,Orthodox,,0.0,0,0.0,0,0.0,0,0,0.0
ba043b03eb799063,Phil Harris,Billy,"5' 4""",125,65,Orthodox,1983-09-04,2.34,26,3.16,68,1.76,21,60,0.0
c4b81cdecd5d6abe,Gerald Harris,,"5' 11""",185,77,Southpaw,1979-11-19,1.41,29,1.58,62,2.96,54,72,0.0
03f982ca3735070c,Walt Harris,The Big Ticket,"6' 5""",250,77,Southpaw,1983-06-10,3.05,39,3.33,54,0.29,28,70,0.1
0e96af5220d27ed4,Dhafir Harris,Dada 5000,,257,,,1977-08-04,0.0,0,0.0,0,0.0,0,0,0.0
0e98b05d3cf6d271,Trevor Harris,,"5' 6""",145,,,,1.73,50,0.43,75,0.0,0,50,6.5
e03187ec8b5b6abc,RJ Harris,The Hammer,"6' 3""",258,78,Orthodox,1998-10-01,9.0,57,6.6,56,0.0,0,0,0.0
5182316da3c1d891,Bilal Hasan,The IndoNinja,"5' 7""",125,70,Switch,2001-07-16,0.0,0,0.0,0,0.0,0,0,0.0
a53d30163304aa6e,Carlston Harris,Mocambique,"6' 0""",170,76,Orthodox,1987-07-09,3.34,42,3.5,51,1.13,20,55,0.5
6412da484125716b,Joey Hart,The Hitman,"6' 3""",170,79,Orthodox,1997-06-24,4.53,34,4.53,45,0.0,0,40,0.0
16bf6a73bdd302cd,Collin Hart,,"6' 1""",185,,Orthodox,1989-10-12,6.33,44,7.53,51,2.0,16,50,0.0
1af1170ed937cba7,Kayla Harrison,,"5' 8""",135,66,Southpaw,1990-07-02,4.29,62,1.1,66,2.84,37,100,0.9
34f3869747bf8fa9,Luke Hartwig,,,,,,,0.0,0,0.0,0,0.0,0,0,0.0
83a477a7dba1ca58,Clay Harvison,Bushwacker,"6' 1""",170,74,Orthodox,1980-09-25,3.29,48,3.91,58,0.66,100,68,1.3
ae4343d29c68e9d0,Takayo Hashi,,"5' 4""",135,,Orthodox,1977-10-02,2.84,26,6.56,61,0.0,0,0,0.0
058e4e08a1ad8aba,Dale Hartt,,"5' 10""",155,69,Orthodox,1979-04-04,1.14,35,1.55,66,1.22,100,25,2.5
77940e45bc86208e,Justin Haskins,,"5' 10""",170,,Orthodox,1979-08-30,1.51,33,2.65,54,1.62,40,52,0.8
c88f8a9c1ea7165d,Farman Hasanov,The Lion,"5' 11""",170,74,Orthodox,1995-08-01,1.4,51,1.0,70,17.0,62,0,0.0
2a2eeee20ef049cf,Hidehiko Hasegawa,,"5' 9""",170,,,1978-07-13,0.0,0,0.0,0,0.0,0,0,0.0
5bd533d50c8e7b8a,Chris Haseman,The Hammer,"5' 11""",205,,Orthodox,1969-06-02,0.93,70,4.67,28,0.0,0,40,2.0
a890f9a791ed615d,Tomohiko Hashimoto,,"6' 0""",250,,Orthodox,1977-08-16,0.0,0,11.67,30,0.0,0,0,0.0
cf615eb4b7862c76,Hayder Hassan,Hulk,"5' 10""",170,,,1982-10-20,2.11,46,3.16,48,0.0,0,25,0.0
c76ceda100ac0fad,Daiki Hata,DJ Taiki,"5' 6""",139,,Orthodox,1982-08-24,1.44,39,1.42,55,0.67,100,35,0.7
bf7a64d9ae343e86,Ahmad Hassanzada,Lion of the Ring,"6' 1""",155,75,Orthodox,1996-11-20,3.16,39,4.42,38,2.43,19,0,1.2
547afe1017e72dbe,Phil Hawes,No Hype,"6' 0""",185,77,Orthodox,1989-01-08,5.33,59,3.72,55,2.11,34,90,0.2
5c7fc58e782b6842,Justin Hawes,The Hawk,"5' 11""",205,,,1979-01-13,0.0,0,3.41,37,0.0,0,0,0.0
9460c867aae1987e,Chris Hawk,,"6' 1""",205,,,1985-12-20,0.0,0,0.0,0,0.0,0,0,0.0
885e7f70dcac0007,Del Hawkins,The Filipino Delight,"5' 5""",135,,Orthodox,,1.15,27,2.01,46,0.0,0,0,0.0
0871254cd790c250,Tommy Hayden,Wild Card,"5' 9""",145,,Southpaw,1986-03-11,1.48,27,2.05,55,3.42,33,66,0.0
a620638435de0628,Ryan Hayes,,,,,,,0.0,0,0.0,0,0.0,0,0,0.0
0cfbbfa0ba6d9855,Mike Hayes,,"6' 4""",230,,Orthodox,1980-10-16,4.87,55,1.47,77,0.0,0,75,4.0
28f3c2258a1d8874,John Hathaway,The Hitman,"6' 1""",170,75,Orthodox,1987-07-23,3.4,40,1.8,62,2.61,43,60,0.9
7d6a3546c988cdc0,Gerric Hayes,,"5' 10""",,,,1980-10-29,0.0,0,0.0,0,0.0,0,0,0.0
6ef58dabef8beb15,Josh Haynes,Bring the Pain,"5' 9""",170,,Orthodox,1977-07-30,1.25,22,4.03,52,0.94,18,42,0.0
a149d6bc670cdb60,Dustin Hazelett,McLovin,"6' 1""",170,76,Orthodox,1986-04-29,2.24,40,3.51,46,0.55,50,25,4.1
d85cf12439945941,Spencer Hearns,,"5' 11""",185,,,,0.0,0,0.0,0,0.0,0,0,0.0
19a8cce18a1cef9e,James Head,,"6' 1""",170,73,Orthodox,1984-02-09,2.75,48,3.11,49,0.41,100,66,0.8
50d2f0018bcf9eef,Pat Healy,Bam Bam,"6' 0""",155,72,Orthodox,1983-07-20,2.57,36,2.57,50,3.08,37,55,1.1
f3eb664db7fb1df3,Ryan Healy,The Irish Assassin,"6' 1""",155,,Orthodox,1983-07-20,1.67,35,3.0,38,3.0,50,40,1.0
4f95f74620a6b7a4,David Heath,,"5' 11""",205,72,Orthodox,1976-02-10,1.48,30,5.16,49,0.33,50,57,1.0
bad8be5827ea1bf1,Chris Heatherly,Stump,"5' 9""",155,,Orthodox,1987-11-24,1.08,45,2.67,52,3.39,50,100,0.7
e57fdbea1b828202,Jake Hecht,Hitman,"6' 0""",170,73,Orthodox,1984-02-09,3.26,47,2.76,56,2.04,37,40,0.0
2816ced060a21be3,Nick Hein,Sergeant,"5' 6""",155,66,Southpaw,1984-04-24,2.65,35,3.61,59,0.86,33,83,0.0
1004099ab87faa8d,Donavon Hedrick,,"5' 11""",185,76,Orthodox,1997-03-21,2.7,47,1.77,61,3.12,33,42,0.0
2e585c701f72fe55,Ian Heinisch,The Hurricane,"5' 11""",185,72,Orthodox,1988-08-05,3.25,50,2.98,59,1.02,17,59,0.7
970beed85bc46b63,Delson Heleno,Pe De Chumbo,"5' 11""",185,,Orthodox,1977-11-16,0.69,75,4.83,19,0.0,0,0,0.0
bf43fed8f29e1671,Marcin Held,,"5' 9""",155,71,Orthodox,1992-01-18,1.41,34,2.02,47,2.46,46,37,1.3
cacfd51b8e97ace0,Matt Helm,,,155,,,,0.0,0,0.0,0,0.0,0,0,0.0
0971be7d94e109e1,Elisha Helsper,Knuckles,"5' 6""",135,,Orthodox,1983-02-06,0.0,0,0.0,0,0.0,0,0,0.0
498f0d066396ec59,Ron Henderson,,"5' 10""",125,,,,2.53,25,3.6,48,1.0,20,0,0.0
7649c4c95b824488,Josh Hendricks,,"6' 2""",235,,Southpaw,1976-08-28,0.98,20,11.8,29,0.0,0,0,0.0
1ccf4e7caff270df,Dan Henderson,Hendo,"5' 11""",185,74,Orthodox,1970-08-24,2.44,47,2.7,51,1.52,52,57,0.3
2676b28836a5a836,Benson Henderson,Smooth,"5' 9""",170,70,Southpaw,1983-11-16,2.93,45,1.79,63,2.4,45,63,0.8
9ab9912e0f8fa6d6,Cory Hendricks,,"6' 3""",205,,Switch,1988-05-10,3.13,39,4.07,42,0.0,0,100,0.0
3fe8ad7e1594537a,Paulo Henrique,PH,"5' 7""",125,69,,2002-07-03,0.93,32,1.87,61,0.0,0,50,0.0
e5bda12faabfc850,Luis Henrique,KLB,"6' 2""",243,74,Orthodox,1993-08-21,1.81,43,2.22,47,3.09,36,50,1.0
0941df56f6ac954b,Johny Hendricks,Bigg Rigg,"5' 9""",185,69,Southpaw,1983-09-12,3.49,45,3.99,53,3.83,46,63,0.3
1649770c649db6a5,Diego Henrique da Silva,Gaucho,"6' 2""",185,,Orthodox,1986-08-22,2.53,57,3.27,30,0.0,0,63,0.0
f7d73e452b064bf2,Danny Henry,The Hatchet,"6' 0""",145,73,Orthodox,1988-07-17,5.2,51,4.16,45,0.74,33,50,2.2
eb8d8c2a95cfccb8,Victor Henry,La Mangosta,"5' 7""",135,68,Switch,1987-05-04,7.17,53,5.19,48,1.04,42,81,0.3
e1acbb6352ca3551,TJ Hepburn,The Carnivore,"5' 7""",155,,,,0.73,37,0.13,81,2.0,40,60,0.0
093e1f5bb73850be,Anthony Hernandez,Fluffy,"6' 0""",185,75,Orthodox,1993-10-18,4.57,60,3.1,51,5.88,48,68,1.6
4c88a1db5a46c6a4,Jai Herbert,Black Country Banger,"6' 1""",155,77,Orthodox,1988-05-13,3.19,41,3.34,52,0.42,21,66,0.0
262a7d06203657e6,Alexander Hernandez,El Gran Chango,"5' 9""",155,72,Orthodox,1992-10-01,4.23,40,4.45,59,1.05,35,68,0.1
cbd6f1abf955e628,Dave Herman,,"6' 4""",242,77,Orthodox,1984-10-03,4.98,60,3.78,48,1.49,100,58,0.0
06f36cf4bd97ec77,Ed Herman,Short Fuse,"6' 1""",205,77,Orthodox,1980-10-02,3.31,48,3.71,42,1.96,47,59,1.0
0a1942069c9ad6b6,Jack Hermansson,The Joker,"6' 1""",170,77,Orthodox,1988-06-10,5.15,45,3.72,56,1.48,29,80,0.4
df2cf66d8c0123db,Noe Hernandez,,,,,Orthodox,,0.0,0,0.0,0,0.0,0,0,0.0
f97c5433c77522d3,Nohelin Hernandez,Suave,"5' 10""",135,71,Orthodox,1994-03-01,1.32,34,2.63,52,0.71,50,37,0.0
798e48f9e7f6ba22,Carlos Hernandez,,"5' 8""",125,67,Orthodox,1993-10-25,3.83,45,3.5,50,1.56,21,65,0.2
5dad1e8a516e6477,Luis Hernandez,The Stache,,185,,,1996-08-22,0.0,0,0.0,0,0.0,0,0,0.0
440c9dbab63528fb,Paul Herrera,The Bone Crusher,"5' 10""",185,,Orthodox,1964-02-21,0.0,0,0.0,0,0.0,0,0,0.0
fc8610cc15674ae2,Leslie Hernandez,Dora The Destroyer,"5' 3""",115,64,Orthodox,1997-12-29,3.6,58,2.53,55,0.0,0,54,0.0
4a76daef28549957,Joe Hernandez,,,,,,,0.0,0,0.0,0,0.0,0,0,0.0
915c8d39d4a0e7d1,Ramiro Hernandez,Junior,"5' 9""",135,,Orthodox,1986-07-22,2.72,28,5.51,64,0.0,0,0,0.0
f71028a6e5128856,Chris Herrera,The Crusher,"5' 10""",185,,,,2.04,37,3.35,48,1.8,100,100,0.0
c169545ab0825f44,Geane Herrera,La Pulga,"5' 5""",125,66,Orthodox,1990-05-27,1.51,31,5.07,52,0.83,37,38,0.6
13150cf89a5b81e0,Brandon Hester,The Beast,"6' 1""",205,,,,3.53,53,0.4,68,4.0,80,0,0.0
32a3025d5db456ae,Jon Hess,,"6' 7""",295,,,,0.0,0,0.0,0,0.0,0,0,0.0
74d35fbc9c6a61bd,Alvaro Herrera Mendoza,Chango,"6' 0""",155,74,Orthodox,1990-05-14,1.89,38,3.4,55,0.0,0,33,1.1
fdb02029556ff4ed,Conor Heun,Hurricane,"5' 10""",155,,Orthodox,1979-02-11,2.92,36,3.66,54,2.45,31,33,0.3
92b62174c175ce19,Clint Hester,Headbussa,"6' 2""",205,77,Orthodox,1986-11-21,3.36,42,3.44,56,1.02,35,60,0.0
b6850671a008bf9a,Felice Herrig,Lil Bulldog,"5' 4""",115,65,Orthodox,1984-09-18,3.84,37,5.19,48,1.08,28,75,0.8
893d51aaf024eddd,Jimy Hettes,The Kid,"5' 9""",145,71,Southpaw,1987-06-09,3.47,57,3.5,57,5.2,44,61,1.4
7450525c7ba032a0,Heath Herring,The Texas Crazy Horse,"6' 4""",250,78,Orthodox,1978-03-02,2.37,50,1.77,54,1.22,50,32,0.7
e69c5ce12f4e762b,Marcus Hicks,The Wrecking Ball,"5' 6""",155,64,Southpaw,1975-11-25,1.42,43,3.06,61,2.7,53,25,4.0
86b30a86664cb6e4,Isaiah Hill,,"5' 10""",155,,,,4.84,50,0.97,80,0.0,0,66,14.5
318e629d1eb7aa49,Richie Hightower,The Dirty Samurai,"5' 8""",170,,Orthodox,1974-11-26,4.62,35,6.92,21,3.46,100,100,0.0
2af2d675f7d847e3,Alex Higley,,"5' 10""",145,,,,0.29,100,1.74,60,0.0,0,0,0.0
88432fe79d5091d9,Lee Higgins,,,155,,,1980-07-14,1.02,26,3.68,40,0.0,0,0,0.0
5bb0a618ad03ac64,Jay Hieron,The Thoroughbred,"6' 0""",170,75,Orthodox,1976-07-29,1.66,32,1.89,61,4.05,60,66,1.0
7af33fc4435017f1,Brady Hiestand,Bam Bam,"5' 8""",135,71,Orthodox,1999-04-30,2.7,50,3.75,51,4.8,46,42,1.1
e5d03e4d966126bd,Jason High,The Kansas City Bandit,"5' 8""",155,73,Southpaw,1981-10-12,1.28,42,1.56,48,2.36,63,37,2.8
006efbb0c1621fd7,Tyler Hill,,"6' 3""",170,,Switch,1991-08-10,3.64,39,5.33,47,0.0,0,0,0.0
abbc737317f66b81,Corey Hill,,"6' 4""",155,80,Orthodox,1978-10-03,3.57,46,1.61,70,3.02,80,100,0.0
bc7efc037c5f6550,Kailan Hill,,"6' 1""",185,77,Southpaw,1994-12-01,2.6,53,4.8,37,3.0,42,0,0.0
5444c5a201d3ee5a,Jamahal Hill,Sweet Dreams,"6' 4""",205,79,Southpaw,1991-05-19,6.19,51,4.03,44,0.0,0,73,0.0
f0feeb2192937424,Angela Hill,Overkill,"5' 3""",115,64,Orthodox,1985-01-12,5.46,50,5.0,60,0.76,30,72,0.2
ab2a4b5e04dc5fe9,Alvin Hines,Goozie,"6' 2""",265,74,Orthodox,1991-10-20,5.58,32,7.62,38,0.9,10,0,0.0
ef7fa30364cbe7f2,Hatsu Hioki,,"5' 11""",145,73,Orthodox,1983-07-18,2.42,42,2.12,65,2.55,56,54,0.6
06f0ffa6446c5b6d,Branden Lee Hinkle,The Iron Lion,"6' 3""",235,,Orthodox,1973-07-29,2.61,69,3.91,26,4.34,57,66,4.3
483b3170b3c05cf0,Alan Hiro,Yamaniha,"5' 5""",135,,Orthodox,1986-04-04,0.0,0,0.0,0,0.0,0,0,0.0
9d4522df6fc49a47,Kuniyoshi Hironaka,,"5' 10""",168,70,Orthodox,1976-06-17,1.98,40,3.01,54,1.91,30,25,0.6
c13042265355a290,Kwan Ho Kwak,,"5' 5""",135,,Switch,1989-06-18,3.29,41,3.45,47,0.78,100,26,0.0
afaad7d6a581e307,Bobby Hoffman,The Truth,"6' 2""",245,,Orthodox,1968-10-28,2.02,70,1.32,19,1.17,50,0,1.2
8332a607df696345,Yuji Hisamatsu,,"5' 10""",185,,,1971-09-18,0.0,0,0.0,0,0.0,0,0,0.0
6c9384138c82962f,An Tuan Ho,Highlight,"5' 6""",125,66,Switch,2000-09-27,1.95,35,2.81,55,1.72,25,16,0.0
b57edace7b647f07,Matt Hobar,The Crowbar,"5' 10""",135,70,Southpaw,1987-01-07,3.23,42,4.27,52,3.66,44,50,0.0
35faad160d346839,Mizuto Hirota,Pugnus,"5' 7""",155,67,Orthodox,1981-05-05,3.36,40,3.5,54,1.36,50,58,0.1
acbb9c76f5894e36,Sean Holden,,"5' 10""",170,,,1984-09-17,2.4,59,0.6,59,5.0,83,0,2.0
33fb306278dbb3e5,Chris Hofmann,,"6' 0""",170,72,Orthodox,1989-11-18,4.78,45,4.63,35,3.42,42,0,0.0
66ab58d0b3783607,Andrew Holbrook,,"5' 11""",155,70,Southpaw,1986-02-06,2.2,49,3.0,54,0.85,18,10,2.1
84a067c46306a737,Sam Hoger,The Alaskan Assassin,"6' 2""",205,,Orthodox,1980-06-28,1.07,25,2.25,57,1.12,38,29,1.3
955da1675ad58a50,Josh Hokit,,"6' 1""",235,73,Orthodox,1997-11-12,9.29,64,5.28,48,3.73,47,77,0.4
fc60ecf0671b9489,Chris Holdsworth,,"5' 11""",135,,,1987-10-24,1.85,29,1.94,58,3.38,62,100,2.0
27d65e9d0fba61ea,Roger Hollett,The Hulk,"5' 11""",205,,Orthodox,1978-10-08,1.83,47,6.47,34,1.0,28,30,0.0
150ff4cc642270b9,Max Holloway,Blessed,"5' 11""",155,69,Orthodox,1991-12-04,6.92,48,4.6,58,0.22,53,81,0.3
3a46b268013afede,Kevin Holland,Trailblazer,"6' 3""",170,81,Orthodox,1992-11-05,4.24,49,3.21,50,0.79,36,57,0.6
ee28aa7f1043756c,Jeremie Holloway,Hit Em,"6' 0""",170,,,1984-09-29,0.81,50,0.51,79,0.0,0,0,0.0
e30715382f42b772,Gabrielle Holloway,Gabanator,"5' 3""",145,,,1990-04-15,0.7,42,3.07,34,3.0,35,16,1.0
b5ea750025697880,Rex Holman,Big Dog,"6' 3""",205,,Southpaw,,2.75,34,7.25,40,0.0,0,100,0.0
8d20d76af3f213ce,Joseph Holmes,Uglyman Joe,"6' 4""",185,80,Orthodox,1995-07-04,2.88,53,3.08,54,1.49,40,50,0.8
634e2fb70bde3fd5,Holly Holm,The Preacher's Daughter,"5' 8""",135,69,Southpaw,1981-10-17,3.13,40,2.92,55,0.87,30,76,0.1
f295d50c56339ab6,Brandon Holmes,,"6' 2""",185,74,Orthodox,1997-02-05,4.72,45,8.76,50,0.0,0,50,0.0
6e7c758f5cdec01a,Paddy Holohan,The Hooligan,"5' 10""",125,69,Orthodox,1988-05-03,2.13,46,2.81,46,2.88,47,71,1.3
a7151778b3381036,Kurt Holobaugh,The Hurt,"5' 11""",155,70,Orthodox,1986-09-08,4.58,44,4.24,49,0.65,33,38,0.8
6070f16bcfd89fcf,Ben Holscher,The Teacher,"5' 11""",155,,,,0.0,0,0.0,0,0.0,0,0,0.0
7f9abc4db2d05764,Lorenzo Hood,Dream Killer,"6' 3""",265,80,Southpaw,1989-03-02,2.64,61,4.66,11,0.0,0,100,0.0
c11f50e9c1513ce9,Mark Holst,Boots,"6' 0""",155,,Orthodox,1985-08-14,0.25,19,1.67,47,0.76,100,60,2.3
472f6f6e6d962f40,Barb Honchak,Little Warrior,"5' 4""",125,65,Orthodox,1979-08-30,4.04,30,4.67,66,0.0,0,0,1.3
10d4575f497face4,SeongChan Hong,Honey Badger,"5' 7""",155,69,Orthodox,1989-11-28,6.57,55,8.76,47,0.0,0,0,0.0
b24666e26bd750a3,JunYoung Hong,Drunken Red,"5' 9""",145,69,Orthodox,1990-12-18,2.1,39,2.3,48,0.0,0,35,0.0
71f048adbfed5b49,Sabah Homasi,,"6' 0""",170,72,Orthodox,1988-10-19,4.98,48,6.91,47,2.8,50,66,0.0
0a97691039c4bbfb,Mark Hominick,The Machine,"5' 8""",145,68,Orthodox,1982-07-22,4.08,42,4.18,69,0.25,66,71,0.9
df1eb4354d18a906,Scott Holtzman,Hot Sauce,"5' 9""",155,69,Orthodox,1983-09-30,4.32,47,3.66,55,1.88,56,67,0.2
4d2e3320d815f687,Chris Honeycutt,The Cutt,"5' 10""",170,73,,1988-07-25,2.99,44,1.41,66,3.4,45,75,0.0
5af480a3b2e1726b,David Hood,,"6' 0""",200,,,,0.0,0,0.0,0,0.0,0,0,0.0
6142edbd477d20c9,Dakota Hope,Huracan,"5' 6""",155,68,,1997-01-29,7.07,41,7.0,33,1.0,33,100,0.0
d2b1c1317a39f6c6,Satoshi Honma,,"6' 1""",205,,Orthodox,1968-05-19,0.0,0,0.0,0,0.0,0,0,0.0
971246648e162f0d,Chase Hooper,The Dream,"6' 1""",155,74,Southpaw,1999-09-13,4.44,49,2.97,39,2.5,32,55,2.2
193b9d1858bc4df3,Dan Hooker,The Hangman,"6' 0""",155,75,Switch,1990-02-13,4.82,48,4.94,49,0.68,33,77,0.6
e29cf523ebd155c5,Chris Horodecki,The Polish Hammer,"5' 9""",155,69,Orthodox,1987-09-24,4.59,41,3.16,65,1.52,55,37,0.9
8d26912cd2aeb366,Jeremy Horn,Gumby,"6' 1""",185,74,Orthodox,1975-08-25,1.19,39,1.99,55,1.83,38,29,1.1
baf942f4bcb09894,Moti Horenstein,,"6' 4""",230,,Orthodox,1964-03-23,0.0,0,0.0,0,0.0,0,0,0.0
3fa7688bfe48a493,Yoshinori Horie,,"5' 8""",145,70,Orthodox,1995-05-10,2.76,49,5.65,48,0.0,0,0,0.0
18e8b7070228e728,Darrell Horcher,The Saint,"5' 10""",155,70,Southpaw,1987-07-28,2.05,44,4.21,39,0.35,50,47,0.7
98aa60cf58071fd6,Kyoji Horiguchi,Karate Kid,"5' 4""",125,63,Orthodox,1990-10-12,3.64,47,2.08,64,1.67,40,61,0.1
57591bbf1623574e,John Hosman,,"5' 10""",135,,Southpaw,1980-11-13,1.11,38,1.52,45,0.0,0,46,0.0
5c637af9472ae7cc,Jamey-Lyn Horth,,"5' 7""",125,66,Orthodox,1990-03-30,3.8,47,2.64,63,0.98,42,80,0.2
97a8f39186f489db,Jeff Hougland,Hellbound,"5' 7""",135,68,Orthodox,1978-08-02,1.86,48,3.46,47,0.86,18,0,1.1
21f2974fd08085e3,Saeed Hosseini,,,,,,,0.0,0,0.0,0,0.0,0,0,0.0
f6c1ce7cfd600662,Yuma Horiuchi,Ichiban,"5' 6""",125,67,Switch,1997-09-22,3.73,30,5.0,35,2.0,16,0,2.0
21632ba272c0785a,Matt Horning,Horndog,"5' 4""",125,,,1976-08-18,0.0,0,0.0,0,0.0,0,0,0.0
049d698d773eb3e1,Matt Horwich,Suave,"6' 1""",185,,Orthodox,1978-10-02,1.11,62,2.16,38,0.33,9,28,2.7
c6668eeb261588d3,Trey Houston,,"5' 11""",185,,,1988-06-08,0.0,0,0.0,0,0.0,0,0,0.0
4b1896310a907656,Jamie Houston,,,185,,,,0.0,0,0.0,0,0.0,0,0,0.0
a2b06ca02bca14c0,Harold Howard,,"6' 2""",240,,Orthodox,,0.0,0,0.0,0,0.0,0,0,0.0
36fbaa49a09ff997,Brian Houston,B-Hue,"6' 2""",185,,Orthodox,1981-04-26,1.9,35,3.67,53,0.95,100,87,0.0
a7de976620f2ed13,Shane Howell,,"5' 8""",125,,Orthodox,1983-11-28,1.27,32,2.55,42,0.0,0,20,0.0
fc31f896cde2bc2e,John Howard,Doomsday,"5' 7""",170,72,Orthodox,1983-03-01,2.15,50,3.08,51,2.7,49,53,0.4
1c8b9f4d89b92e1b,Yuele Huang,,,145,,,2000-07-04,0.0,0,0.0,0,0.0,0,0,0.0
225def29ecfe0fc1,Carlos Huachin,Perro Malo,"5' 4""",135,67,Southpaw,1996-06-04,2.1,21,4.8,50,0.0,0,66,0.0
f1175ea3aafbf351,Hu Yaozong,Totoro,"6' 3""",185,72,Orthodox,1995-04-07,3.35,48,5.09,35,0.0,0,33,0.4
e71c75f533a30daa,Huang Feier,Muscle Barbie,"5' 5""",115,65,Orthodox,1994-03-12,0.0,0,0.0,0,0.0,0,0,0.0
1ec1b6a7a29ffc71,Brady Huang,The Kung Fu Warrior,"5' 9""",135,69,Orthodox,1992-12-16,4.62,37,10.77,30,0.0,0,0,0.0
d2cd7a69cc55e7ed,Austin Hubbard,Thud,"5' 10""",155,71,Orthodox,1991-12-22,3.97,42,4.1,55,1.63,28,68,0.1
f372a848d250e006,Collin Huckbody,All In,"6' 3""",185,76,Orthodox,1994-09-29,2.05,60,2.73,42,10.23,100,0,20.4
8b9197746bd3e005,Alex Huddleston,The Shaved Gorilla,"6' 7""",254,,,1986-08-11,2.47,42,2.59,67,0.0,0,0,0.9
737d93a42b8c2e94,Casey Huffman,Hellbent,"6' 3""",185,,,,0.0,0,0.0,0,0.0,0,0,0.0
daf1b84aebd6602b,Roger Huerta,El Matador,"5' 9""",155,70,Orthodox,1983-05-20,3.64,36,2.33,56,2.13,46,52,0.5
621a6c59f88a44fe,Matt Hughes,,"5' 9""",170,73,Switch,1973-10-13,2.14,53,1.36,53,2.95,50,35,1.2
6a11e325aa60ad02,Jeff Hughes,Lights Out,"6' 2""",250,77,Orthodox,1988-05-17,3.95,51,3.67,60,0.71,50,45,0.0
e94085e821bd81de,Sam Hughes,Sampage,"5' 5""",115,64,Orthodox,1992-06-28,4.41,47,4.69,58,1.12,29,63,0.2
d62bb4d84a7267ba,Mark Hughes,,"5' 9""",205,,Southpaw,1973-10-13,0.9,47,0.4,42,3.0,50,0,4.5
b0718335e9868cfd,David Hulett,Hollywood,"5' 10""",170,,,1980-09-07,0.0,0,0.0,0,0.0,0,0,0.0
f264ba50b007f39e,Victor Hugo,Striker,"5' 7""",135,71,Orthodox,1992-11-22,3.27,44,2.95,56,0.81,33,73,1.2
e4cbc82c36e47299,Dominik Humburger,,,185,,,1996-01-03,0.0,0,0.0,0,0.0,0,0,0.0
15e0d2df09025bda,Ronald Humphrey,,,170,,,2000-09-20,0.0,0,0.0,0,0.0,0,0,0.0
b9c75e7fc910f587,Bryan Humes,,,265,,,,0.0,0,0.0,0,0.0,0,0,0.0
cb1b4d237b0079e6,Abongo Humphrey,,"5' 11""",205,,Orthodox,1977-05-27,1.45,40,3.83,46,1.41,37,33,3.8
da27d061bad0f341,Zevan Hunt,Cheese,,170,,,1998-12-08,0.0,0,0.0,0,0.0,0,0,0.0
f703250471acaf96,Harry Hunsucker,The Hurricane,"6' 2""",205,75,Orthodox,1989-01-03,3.54,52,6.53,42,0.0,0,0,2.0
baa5358456803df8,Alex Hunter,,"5' 9""",226,,Orthodox,,0.0,0,0.0,0,0.0,0,0,0.0
eef9b891edbd4604,Mark Hunt,Super Samoan,"5' 10""",265,72,Orthodox,1974-03-23,2.81,43,2.9,51,0.51,55,64,0.2
edc9eb3051f444fa,Adam Hunter,Warhammer,"6' 1""",185,,Orthodox,1983-10-16,0.0,0,0.0,0,0.0,0,0,0.0
21b54430c8eeb9cc,Joe Hurley,,"5' 8""",155,,,1978-06-24,1.12,45,3.35,56,0.0,0,20,0.0
0e6bc8d1d6c0ad90,Abdul Hussein,King,"5' 7""",135,67,Orthodox,1997-08-02,4.96,65,3.35,45,1.14,50,66,3.4
155bfc7ed36622df,Solomon Hutcherson,King,"5' 11""",185,,Southpaw,1972-08-31,2.59,39,2.59,64,3.53,100,0,0.0
8588d14c4952b9fa,Young Hwang,,"5' 9""",135,,,1988-09-02,0.0,0,0.0,0,0.0,0,0,0.0
968764372c49eab6,Abdul Azeem Badakhshi,The Afghan Lion,,145,,,,0.0,0,0.0,0,0.0,0,0,0.0
1c01d986283e6acb,In Su Hwang,Legendary,"5' 11""",185,74,Orthodox,1994-01-18,2.47,46,6.2,44,0.0,0,50,0.0
39cc64bf0a269db9,Niklas Backstrom,,"6' 1""",145,,Orthodox,1989-08-22,1.12,41,3.65,40,2.92,80,72,2.2
fd5b6598a3b70c0a,Seth Baczynski,The Polish Pistola,"6' 3""",170,75,Orthodox,1981-10-26,3.08,31,3.14,51,0.89,16,48,0.8
a52bc1e62cf0b7c6,Melsik Baghdasaryan,The Gun,"5' 9""",145,70,Southpaw,1992-01-28,4.98,58,3.15,56,0.0,0,70,0.0
c0ab242c40decc55,Ryan Bader,Darth,"6' 2""",205,74,Orthodox,1983-06-07,2.82,43,1.39,71,3.37,44,80,0.4
8f313e9c3a39c06e,Bahatebole Batebolati,Lion King,"5' 8""",170,71,Southpaw,1997-09-12,4.02,45,4.83,61,1.34,66,100,0.0
aec185309b4843d0,Siyar Bahadurzada,The Great,"5' 11""",170,73,Orthodox,1984-04-17,2.91,40,3.23,49,1.32,61,62,0.3
e4a47b07044ddd72,Ignacio Bahamondes,La Jaula,"6' 3""",170,75,Orthodox,1997-08-27,5.99,46,4.07,55,0.0,0,70,0.6
4fcf6e0c4e0e6664,Izabela Badurek,,"5' 5""",115,,Orthodox,1991-07-11,3.74,71,4.9,32,1.75,12,100,0.0
3dd92ff9fb0412b3,Ali Bagautinov,Puncher,"5' 4""",125,65,Orthodox,1985-06-10,2.85,42,3.09,52,2.51,36,65,0.3
82d4c957649faf9b,Miguel Baeza,Caramel Thunder,"6' 2""",170,74,Orthodox,1992-08-23,4.09,49,5.92,46,0.36,22,54,2.0
e4d2564ea0e34e2b,Mehdi Baghdad,The Sultan,"6' 1""",155,,Orthodox,1985-04-13,3.13,30,4.56,46,0.0,0,33,0.0
34dbcd4dbaf21a36,Jordan Bailey,,"5' 9""",145,,,,1.74,40,0.29,0,4.35,100,0,4.3
e2b8186b618b00c4,Shamar Bailey,,"5' 9""",155,75,Southpaw,1982-09-22,1.56,20,3.91,69,1.5,33,37,0.0
7d5b12de1625984e,Scott Baker,,"6' 0""",210,,,,0.0,0,0.0,0,0.0,0,0,0.0
3497f4c29654862c,Eros Baluyot,,"5' 4""",125,65,Orthodox,1992-10-23,2.31,75,1.54,60,0.0,0,0,0.0
04b39f4e8eb59d7c,Oluwale Bamgbose,Holy War Angel,"5' 11""",185,78,Switch,1987-08-04,2.45,48,2.7,55,0.94,33,37,0.0
623f2eed9e1495af,Gary Balletto,Batman,,170,,,1995-01-20,0.0,0,0.0,0,0.0,0,0,0.0
371efa53bd0cf669,Jin Bala,,"5' 9""",155,,,,0.0,0,0.0,0,0.0,0,0,0.0
e626e92a8f2a9737,Balajin,The Snow Leopard,"5' 9""",145,72,Orthodox,1992-03-31,1.4,33,2.73,50,2.0,20,66,0.0
898337ef520fe4d3,Bryan Baker,The Beast,"6' 3""",185,,Orthodox,1985-10-13,1.78,52,2.83,45,0.44,50,37,0.9
c50ea21fe9ef478d,Yohan Banks,,,,,,,0.0,0,0.0,0,0.0,0,0,0.0
4c4b44e3cf5815b3,Stephen Banaszak,,"6' 0""",145,,,1990-12-07,4.2,47,1.15,66,0.0,0,100,1.9
2c2caf2f2bab9df5,Humberto Bandenay,,"5' 11""",145,71,Southpaw,1994-09-04,2.22,41,4.79,41,2.9,46,62,0.5
5c2ce761399dc9c5,Marcin Bandel,Bomba,"5' 10""",155,,Orthodox,1989-10-10,0.79,50,5.26,23,0.0,0,0,0.0
9a2d3567abc02e34,Tae Hyun Bang,Supernatural,"5' 9""",155,71,Switch,1983-04-15,2.72,38,2.07,66,0.49,33,57,0.5
9c442aaf149ea982,Shauna Bannon,Mama B,"5' 5""",115,65,Switch,1993-10-23,3.85,44,3.25,45,0.0,0,47,0.5
9ddfb3369a3b0394,Antonio Banuelos,,"5' 5""",135,63,Orthodox,1979-09-23,2.69,33,3.15,58,1.62,62,86,0.4
1c23ec2f1b71be40,Iwo Baraniewski,Rudy,"6' 0""",205,73,Orthodox,1998-11-20,11.35,57,8.65,52,0.0,0,100,0.0
06dced58ca24a6bd,Junior Barata,,"5' 10""",170,,Orthodox,1982-01-25,4.03,33,8.46,34,0.0,0,0,0.0
2c99576fefe53c7c,Renan Barao,The Baron,"5' 6""",145,70,Orthodox,1987-01-31,3.78,36,3.9,57,1.49,41,91,0.5
a331233f597090a5,Bryan Barberena,Bam Bam,"6' 0""",185,72,Southpaw,1989-05-03,5.35,48,4.59,44,0.13,22,50,0.3
d4baaa0630bf5798,Djani Barbir,,"6' 3""",185,79,Orthodox,1997-08-09,3.64,40,4.55,66,0.0,0,0,0.0
27b388f0aab49780,Dione Barbosa,The Witch,"5' 6""",125,66,Orthodox,1992-05-08,2.15,45,2.29,64,2.47,44,63,2.1
b9f28e7045fdfce7,Raoni Barcelos,,"5' 7""",135,67,Orthodox,1987-05-01,4.65,51,4.24,60,2.51,31,87,0.7
c06a5c95f1169c0b,James Barnes,Mooka,"5' 8""",135,71,Orthodox,1982-05-28,0.57,34,3.02,39,1.08,16,40,0.0
172c2135e70f87b7,Luke Barnatt,The Bigslow,"6' 6""",185,77,Orthodox,1988-04-13,4.43,36,3.87,59,0.63,42,63,0.4
c85bad793cd14e28,Marcio Barbosa,Ticoto,"5' 6""",145,70,Orthodox,1998-05-22,7.01,47,6.65,52,0.0,0,100,0.0
e8fe9c15d348e778,Daniel Barez,,"5' 6""",125,66,Orthodox,1988-12-10,4.6,48,6.93,50,1.71,29,80,0.5
6a740daf1b279661,Maycee Barber,The Future,"5' 5""",125,65,Switch,1998-05-18,4.56,53,2.78,55,1.56,45,51,0.1
b7c5eb7cdbac6a63,Danny Barlow,LeftHand2God,"6' 2""",185,79,Southpaw,1995-08-02,5.81,51,4.65,52,0.0,0,100,0.0
7a5e8c94a86f9895,Chris Barnett,Beastboy,"5' 9""",261,75,Orthodox,1986-06-14,3.36,47,6.55,36,0.0,0,35,0.0
64a50dad704d1d49,Edson Barboza,Junior,"5' 11""",155,75,Orthodox,1986-01-21,4.14,44,4.68,55,0.43,50,73,0.1
ad3f53c454cbbead,Josh Barnett,The Warmaster,"6' 3""",250,78,Orthodox,1977-11-10,3.2,50,2.11,57,1.26,55,55,1.4
78a5eea49638685d,Nick Barnes,,"5' 11""",170,,,,2.86,29,8.93,51,5.36,100,100,5.4
a220be6d41d6f97d,Carlos Barreto,,"6' 4""",230,,Orthodox,1968-07-22,0.0,0,0.0,0,0.0,0,0,0.0
e575b6ff678c1aca,Shonte Barnes,Shyne,"5' 11""",185,76,Southpaw,1987-02-09,2.32,38,1.55,67,0.0,0,60,0.0
91e69a1c3c87325b,Chris Barnhizer,,,,,,1987-10-25,0.0,0,0.0,0,0.0,0,0,0.0
80c0bed43da0e27b,David Baron,,"5' 6""",155,,Switch,1973-02-15,1.17,30,2.1,56,0.0,0,14,0.7
f12f979b657ab876,Dan Barrera,The Fireman,"5' 9""",170,,Orthodox,1980-12-23,0.8,70,1.2,28,1.0,8,0,0.0
d21113c9ff3788ae,Peter Barrett,Slippery,"5' 10""",145,73,Southpaw,1986-08-10,4.18,61,4.32,42,1.39,22,66,0.0
1652f3213655b935,Phil Baroni,The New York Bad Ass,"5' 9""",170,72,Orthodox,1976-04-16,2.77,45,3.93,40,1.46,47,60,0.5
c32eab6c2119e989,Jose Barreto,,,185,,Southpaw,,0.0,0,0.0,0,0.0,0,0,0.0
8e9eb3fc86db0f7d,Marc-Andre Barriault,Powerbar,"6' 1""",185,74,Orthodox,1990-02-18,5.65,47,5.94,49,0.34,28,68,0.1
e6015889f50075d2,David Barrios,,"5' 6""",145,,,,0.0,0,0.0,0,0.0,0,0,0.0
d26394fc0e8e880a,Ricardo Barros,,"6' 1""",205,,,1976-03-22,0.0,0,8.22,31,0.0,0,100,0.0
8fd1f27e86661ede,Alexandre Barros,Baixinho,"5' 9""",170,,Southpaw,1976-11-19,0.98,40,4.05,36,1.84,50,100,0.0
658c3465581ae46b,Pat Barry,HD,"5' 11""",235,74,Orthodox,1979-07-07,2.72,52,3.54,59,0.0,0,76,0.2
a6f3d15cb84334bb,Dean Barry,The Sniper,"5' 10""",170,72,Orthodox,1992-07-03,9.31,40,4.66,51,0.0,0,100,0.0
be0b310a12eb80b4,Enrique Barzola,El Fuerte,"5' 7""",145,70,Orthodox,1989-04-28,3.91,41,2.97,68,4.2,45,66,0.3
bbab3baf66128ae2,Javid Basharat,The Snow Leopard,"5' 9""",135,69,Orthodox,1995-09-07,5.18,54,2.75,63,1.83,40,83,0.1
d3f89fa685bd8420,Austin Bashi,,"5' 6""",145,70,Orthodox,2001-09-29,1.89,42,2.34,52,6.09,35,63,1.4
b69f24c500d783e7,Francimar Barroso,Bodao,"6' 1""",205,75,Orthodox,1980-02-28,2.77,52,3.07,59,2.22,24,83,0.0
e1f8beeb6d2d871a,Namsrai Batbayar,Steppe Warrior,"5' 4""",125,68,Orthodox,2000-12-29,4.44,45,3.42,48,2.85,30,100,0.9
a09ed60aa67a3f67,Farid Basharat,Ferocious,"5' 8""",135,71,Orthodox,1997-08-02,4.46,54,3.24,60,3.57,37,54,0.3
29508aff4d93cbbe,Ryan Bastianelli,Relentless,"5' 5""",135,,,1979-09-07,0.0,0,0.0,0,0.0,0,0,0.0
1cecc8fe6748a532,Stephen Bass,Bigfish,"5' 9""",145,,Orthodox,1982-11-14,4.87,52,5.87,55,0.0,0,0,0.0
2c733e059462c1dc,Sean Bassett,,,155,,,,0.0,0,0.0,0,0.0,0,0,0.0
55f446032177b119,Chris Beal,Real Deal,"5' 7""",125,69,Orthodox,1985-08-06,3.45,35,3.18,61,1.6,58,78,0.2
74f13066b1417ef3,Rudy Bears,,"5' 11""",170,,Southpaw,1979-01-19,1.27,29,2.53,50,0.0,0,0,0.0
8ef4a91ac694b7ce,Shayna Baszler,The Queen of Spades,"5' 7""",135,,Orthodox,1980-08-08,2.49,30,6.36,51,0.67,18,44,1.3
bc711b6dd95c1af6,Mario Bautista,,"5' 9""",135,69,Switch,1993-07-01,5.52,50,4.17,54,2.49,38,57,1.1
3a6ac598320ca7f2,Donovan Beard,The Highlight Reel,"6' 2""",185,78,Orthodox,1989-11-05,0.0,0,5.77,28,0.0,0,0,0.0
34218661c44ed55d,Michel Batista,,"6' 3""",260,,Orthodox,1984-04-20,0.0,0,4.03,40,6.72,50,0,0.0
4fd76e7ba8313457,Salvador Becerra,,"5' 9""",155,,,,4.57,31,3.83,58,0.0,0,66,0.0
c9a94278df042f46,Alan Baudot,The Black Samourai,"6' 3""",243,79,Orthodox,1988-02-01,5.36,58,4.82,46,0.0,0,62,0.0
f626118b6da0e020,Bryan Battle,The Butcher,"6' 1""",185,77,Orthodox,1994-09-21,5.12,52,4.11,44,0.77,17,53,0.4
b96939f2b8d88e82,Ariel Beck,,"5' 6""",125,66,Southpaw,1990-09-16,4.44,34,4.31,64,0.0,0,0,0.0
93bf96be327fcd98,Jeff Bedard,Little Popeye,"5' 6""",145,,Orthodox,1970-02-06,0.8,51,0.0,100,3.43,66,100,2.6
b5a379583673510a,Jack Becker,,"5' 10""",155,71,Orthodox,1992-12-20,1.01,39,5.82,26,1.68,50,0,0.0
ce05955c26c3c090,Eric Bedard,Lucky Strikes,"6' 2""",239,,,1984-09-11,6.37,35,8.54,52,0.0,0,0,0.0
ffc3e6daaa6da0b7,Johnny Bedford,Brutal,"5' 10""",135,71,Orthodox,1983-01-06,4.53,50,1.75,63,1.83,62,62,0.0
d6ed764f8b78d32a,Allan Begosso,Mini,"5' 5""",135,66,Orthodox,1995-11-23,1.8,40,7.73,34,0.0,0,25,2.0
b16a7e6a627e9789,Chase Beebe,,"5' 7""",135,67,Orthodox,1985-03-29,2.17,38,1.64,69,2.49,42,41,0.9
40a456a25d52ee65,Rolando Bedoya,The Machine,"5' 11""",155,74,Orthodox,1997-01-13,6.23,47,5.5,52,0.0,0,75,0.2
babc6b5745335f18,Lyle Beerbohm,Fancy Pants,"5' 10""",155,,Southpaw,1979-02-05,1.98,55,1.61,54,2.1,23,64,0.3
3bc3f60b21cddc6a,Azamat Bekoev,Iron,"6' 0""",185,72,Orthodox,1995-12-30,4.57,52,6.83,31,3.48,43,62,0.0
d7e40dca3ae125be,Diana Belbita,The Warrior Princess,"5' 7""",125,68,Orthodox,1996-06-26,6.45,41,6.55,51,0.86,62,64,0.0
cbd3e590a85b18c5,Mirsad Bektic,,"5' 8""",145,70,Orthodox,1991-02-16,2.43,41,1.8,57,3.98,52,92,0.4
7674b836ce0698a0,Yousri Belgaroui,,"6' 6""",185,79,Orthodox,1992-06-02,6.1,64,2.17,63,0.29,100,66,0.0
0ee783aa00e468f0,Vitor Belfort,The Phenom,"6' 0""",185,74,Southpaw,1977-04-01,1.59,46,2.83,50,1.02,60,53,0.6
69898645d600abdb,Rodolfo Bellato,Trator,"6' 3""",205,75,Orthodox,1996-02-05,5.37,60,5.86,46,1.38,35,94,0.2
c3f6db17cea09ca7,Danilo Belluardo,Caterpillar,"6' 0""",155,74,Southpaw,1994-07-21,1.52,61,4.79,41,3.5,100,50,0.0
4130a743d9d22163,Alan Belcher,The Talent,"6' 2""",185,75,Orthodox,1984-04-24,2.7,41,3.1,59,0.44,26,55,0.9
a71feb7ea7592a71,Mike Bencic,Batman,"6' 0""",215,,Orthodox,1966-07-03,0.0,0,3.32,53,0.0,0,0,0.0
436f970c9ea9169c,Gabriel Benitez,Moggly,"5' 8""",155,71,Southpaw,1988-06-15,5.26,41,4.49,63,0.22,50,55,0.9
6104730621ff318d,Karla Benitez,,"5' 3""",113,,,1979-02-15,0.0,0,2.4,57,0.0,0,100,0.0
9fd1f08dd4aec14a,Dave Beneteau,Dangerous,"6' 2""",250,,Orthodox,,0.0,0,0.0,0,0.0,0,0,0.0
46baf0f57edfa4df,Joey Beltran,The Mexicutioner,"6' 1""",185,75,Orthodox,1981-12-08,4.92,36,5.27,54,0.48,18,75,0.0
8dc4f34c1f50d00d,Charles Bennett,Krazy Horse,"5' 8""",155,,Orthodox,1979-11-23,1.39,39,1.35,64,2.02,100,36,2.0
80eacd4da0617c57,Joseph Benavidez,,"5' 4""",125,65,Southpaw,1984-07-31,3.52,34,2.67,61,1.41,30,62,0.6
ec71a892fada28c7,Marco Beltran,Psycho,"5' 8""",125,69,Orthodox,1986-05-18,2.07,37,1.93,63,0.7,50,46,0.2
404ecb2700844072,DeAnna Bennett,The Argentine Assassin,"5' 4""",125,68,Orthodox,1984-11-18,3.13,58,3.27,58,0.0,0,0,1.0
c3ac8d0da7b05772,Josh Bennett,,"6' 4""",259,,Orthodox,,2.9,40,5.8,43,1.5,100,100,0.0
a30f6d375dea5f9b,Joe Benoit,,"5' 9""",170,,Orthodox,1982-03-12,0.0,0,0.0,100,0.0,0,0,0.0
7030c27fc9778964,Benjamin Bennett,Mr. Alaska,"6' 0""",170,73,Switch,1994-05-08,4.53,54,4.53,65,6.0,60,0,0.0
5431dccc09118234,Lance Benoist,,"5' 11""",170,72,Southpaw,1988-08-26,3.68,51,2.7,56,1.5,33,61,0.0
a25f3dc0df974597,Pat Benson,,"5' 9""",155,,,1974-07-14,0.0,0,0.0,0,0.0,0,0,0.0
20999e27ddd94bda,Ryan Benoit,Baby Face,"5' 5""",125,68,Orthodox,1989-08-25,2.88,39,3.65,58,0.28,22,72,0.4
3138df4d117ebc12,Delphine Benouaich,,,115,,,1995-03-21,0.0,0,0.0,0,0.0,0,0,0.0
21b1132949f2a9b0,Steve Berger,The Red Nosed Pitbull,"5' 11""",170,,Orthodox,1973-05-20,1.0,27,3.26,36,0.84,40,16,1.7
feef5f8f5629e5e7,Theodor Berggren,Simba,"5' 11""",170,75,Switch,2000-04-09,3.49,35,10.78,33,0.0,0,0,0.0
592d23aed850e652,Len Bentley,,"5' 9""",155,,,1982-11-30,0.0,0,0.0,0,0.0,0,0,0.0
aa8189053b3a8994,Kenneth Bergh,,"6' 2""",205,74,Orthodox,1989-06-26,4.56,75,1.27,28,0.0,0,0,0.0
364e7a7a1ea5e200,Arlind Berisha,,,205,,,2000-11-05,0.0,0,0.0,0,0.0,0,0,0.0
2891c9f7b26b26fc,Bret Bergmark,The Angry Hick,"5' 9""",170,,,1973-11-24,2.78,52,2.78,37,4.17,100,50,4.2
e3779ef06e98f185,Keith Berish,Sha Bang Bang,"6' 0""",205,,Orthodox,1985-11-14,3.58,36,4.81,62,1.76,40,0,0.0
2dc1bc1a02961656,Manny Bermudez,The Bermudez Triangle,"5' 10""",145,71,Orthodox,1994-07-16,2.92,61,2.68,46,3.06,54,0,3.1
6f242453c91a5af0,Dennis Bermudez,The Menace,"5' 6""",155,66,Orthodox,1986-12-13,4.42,46,3.07,59,3.89,40,82,1.1
5b2325cd70dbe2ea,Talita Bernardo,,"5' 4""",135,68,Orthodox,1987-03-04,3.12,42,4.04,55,1.62,22,28,0.5
0b935b9bbbe5fc07,Keith Berry,,"6' 1""",185,,,1987-10-25,0.27,12,6.27,28,0.0,0,0,0.0
b3bbe88fecd6a0d2,Dave Berry,,,,,,,0.0,0,0.0,0,0.0,0,0,0.0
aebfb84d1f6d2d8c,Allen Berube,Monstah Lobstah,"5' 8""",155,,Orthodox,1974-08-25,0.92,80,0.92,33,6.87,100,0,3.4
66766984842c13dc,Edson Berto,Little Tiger,"5' 6""",155,,Orthodox,1983-07-05,1.76,36,4.62,47,5.47,40,0,2.7
8ba8e8d7eafa7267,Anton Berzin,The Body Snatcher,"6' 2""",205,,Orthodox,1989-09-29,4.4,46,6.8,67,2.0,28,0,1.0
3f24c96753dbd9f9,Scott Bessac,,"6' 4""",245,,,1965-10-05,0.0,0,0.0,0,0.0,0,0,0.0
0db70ca89e1c7374,Dieusel Berto,,"5' 9""",200,,,,0.0,0,0.0,0,0.0,0,0,0.0
8a22c6b4d29880a3,Chris Birchler,The Big Buck,"6' 3""",205,,Switch,1987-06-05,9.35,46,14.83,35,0.0,0,0,0.0
87f19d19f4cb73f8,Magomed Bibulatov,Chaborz,"5' 5""",125,65,Orthodox,1988-08-22,3.6,51,1.83,52,2.85,40,75,0.0
e05f4ce199baca91,Khadzhi Bestaev,Best,"6' 6""",185,76,,1988-07-16,6.15,29,10.0,43,0.0,0,0,0.0
0b8d512c79b4baf3,Matt Bessette,The Mangler,"5' 10""",145,70,Orthodox,1984-12-28,4.36,41,4.45,58,0.64,28,61,0.3
ebbf571f349e79d9,Jonas Bilharinho,,"5' 11""",145,75,Switch,1990-05-22,3.71,60,3.36,57,0.0,0,100,0.0
7e511f8d842a109d,Arjan Bhullar,,"6' 1""",245,75,Orthodox,1986-05-13,2.33,56,3.25,59,1.73,75,100,0.0
9cd047a828dd7515,KB Bhullar,The Bengal,"6' 4""",185,78,Switch,1991-10-12,4.31,49,5.39,45,0.0,0,0,0.0
a524710c3ef918fa,Fernando Bettega,,,170,,,1980-03-10,0.0,0,0.0,0,0.0,0,0,0.0
7b4ae3fd439a05b6,Angad Bisht,,"5' 7""",125,67,Orthodox,1995-06-05,3.91,51,4.56,33,2.41,37,100,0.0
1efa064872f089d0,David Bielkheden,,"5' 10""",155,71,Orthodox,1979-06-06,1.11,57,1.64,54,2.65,63,14,0.0
f2da98858f61ca78,Alivia Bierley,,,135,,,1996-09-20,0.0,0,0.0,0,0.0,0,0,0.0
b3b6e80b7d5f8f0d,Jeremiah Billington,,"5' 9""",205,,Orthodox,1977-11-14,1.6,62,7.06,35,0.0,0,50,0.0
5095b0920a3602aa,Blake Bilder,El Animal,"5' 8""",145,68,Switch,1990-07-12,3.81,48,4.15,53,0.31,7,71,0.6
53f02bbc41d99432,Scott Bills,,"5' 10""",170,,,,0.0,0,0.0,0,0.0,0,0,0.0
2b93ebd9f5417ad2,Michael Bisping,The Count,"6' 1""",185,75,Orthodox,1979-02-28,4.33,38,2.71,65,1.05,43,63,0.3
27ab7257bf6a3b65,Simon Biyong,,,205,,,1991-04-05,0.0,0,0.0,0,0.0,0,0,0.0
a653cb5eb4b39339,Caio Bittencourt,Leao,"6' 0""",185,75,Orthodox,1991-05-22,0.29,16,0.57,33,0.0,0,0,0.0
dd6ec6f941c3a414,Davi Bittencourt,The Black,"5' 5""",135,65,Orthodox,1994-10-12,4.15,66,1.51,46,14.15,33,0,0.0
7a359ef685a304a7,Amaury Bitetti,,"5' 9""",185,,Orthodox,1969-04-14,0.0,0,0.0,0,0.0,0,0,0.0
c5a126ace82a6025,Anthony Birchak,El Toro,"5' 8""",135,69,Orthodox,1986-05-16,3.93,36,3.67,56,0.48,14,61,0.5
99df7d0a2a08a8a8,Jan Blachowicz,,"6' 2""",205,78,Orthodox,1983-02-24,3.53,50,3.23,51,0.97,48,70,0.4
b2f743746e8dcfa2,Jason Black,The Black Legion,"5' 8""",155,,Orthodox,1972-07-15,1.06,47,2.6,45,0.48,33,28,6.2
7e69a4b0961aa555,Brad Blackburn,Bad Brad,"5' 10""",170,73,Orthodox,1977-05-25,4.55,35,3.59,65,0.93,50,76,0.7
619d807fa54ae8f7,Jason Blackford,,,,,,,0.0,0,0.0,0,0.0,0,0,0.0
2adb11835acd815b,Tom Blackledge,,,205,,Orthodox,,2.91,61,2.55,46,0.0,0,75,0.0
0e5c79b3594ff0ad,Sherrard Blackledge,The Thriller,"5' 11""",155,75,Orthodox,1993-08-16,3.7,49,3.13,55,4.0,33,42,0.0
0f4a536507f33576,Chasen Blair,Mestizo,"5' 10""",155,71,Orthodox,1998-10-14,4.31,39,5.39,55,0.0,0,100,0.0
da22387a0407a2dc,Da'Mon Blackshear,The Monster,"5' 10""",135,72,Switch,1994-08-12,4.33,45,4.19,52,1.48,33,71,1.5
669970f7feba8ecd,Erin Blanchfield,Cold Blooded,"5' 4""",125,66,Orthodox,1999-05-04,5.24,44,4.25,58,1.96,34,78,0.9
4a1329cc8eb0928a,Maximo Blanco,Maxi,"5' 8""",145,71,Orthodox,1983-10-16,4.11,44,3.19,66,1.85,36,63,0.3
ebf298f8ac7e232b,David Blanco,,"5' 7""",145,,,,0.0,0,0.0,0,0.0,0,0,0.0
59c438c81fbf3ece,Tereza Bleda,,"5' 9""",125,71,Orthodox,2001-11-30,2.92,51,2.14,43,1.72,22,83,0.7
35d6337320a4ae48,Arlene Blencowe,Angerfist,"5' 5""",145,,,1983-04-11,2.31,43,2.1,43,0.0,0,55,0.6
ecdf14f4f8643d39,Byron Bloodworth,,"5' 8""",135,,Orthodox,1983-08-16,1.82,28,5.18,50,0.0,0,0,0.0
fa6796c55d6c5440,Curtis Blaydes,Razor,"6' 4""",265,80,Orthodox,1991-02-18,4.18,52,2.76,53,5.12,47,35,0.0
046a85108610c0d2,Dashawn Boatwright,"Buck, the 400-pound Silverback","6' 0""",205,,Orthodox,1988-02-29,0.0,0,52.5,12,0.0,0,0,0.0
f348d05403fad037,Dan Bobish,,"6' 2""",345,,Southpaw,1970-01-26,2.06,44,1.74,34,2.44,42,0,1.6
cf9d24e4bd0cf2ce,Mark Bocek,,"5' 8""",155,75,Orthodox,1981-10-24,2.34,43,2.32,60,3.65,36,31,1.3
1afd74f8cb0719f3,Jeremy Boczulak,,,,,,,0.0,0,0.0,0,0.0,0,0,0.0
984d15d5dc7bfcf9,James Bochnovic,,"6' 4""",205,81,Orthodox,1989-02-13,0.65,26,3.64,21,0.0,0,0,0.0
c5af5750e8bae4f0,Kyle Bochniak,Killer B,"5' 7""",145,70,Orthodox,1987-02-05,2.63,31,5.11,58,1.14,15,62,0.0
53c21779d84ceb75,Jay Bogan,,,145,,,,0.0,0,0.0,0,0.0,0,0,0.0
70a1c7626b5e0599,Derek Bohi,Marshmallow,"6' 4""",260,,,,0.0,0,0.0,0,0.0,0,0,0.0
8a56ea383fd26e52,Galore Bofando,,"5' 11""",170,72,Switch,1982-05-22,3.63,45,3.63,54,2.37,100,50,0.0
c80095f6092271a7,Tim Boetsch,The Barbarian,"6' 0""",185,74,Orthodox,1981-01-28,2.93,50,2.9,57,1.45,34,59,0.8
d61316139d68dbe3,Roman Bogatov,,"5' 8""",155,73,Orthodox,1990-12-15,3.33,42,4.4,44,1.0,9,50,0.0
93892752c5fc23ca,Jerry Bohlander,,"5' 11""",199,,Orthodox,1974-02-12,0.0,0,0.0,0,0.0,0,0,0.0
d227958e8a0c1466,Kotetsu Boku,,"5' 9""",154,,Orthodox,1977-05-27,2.47,42,2.8,53,0.0,0,0,0.0
3f773caad71c4131,Otgonbaatar Boldbaatar,Conqueror,"5' 5""",125,67,Orthodox,2002-12-25,3.26,29,7.83,52,0.0,0,0,0.0
297a2b35444c245b,Mandy Bohm,Monster,"5' 7""",125,71,Orthodox,1989-07-30,2.51,45,3.24,60,0.72,18,75,0.7
96924b0019b3aff1,Gaston Bolanos,The Dreamkiller,"5' 7""",145,69,Orthodox,1992-09-14,3.91,47,3.54,54,0.75,75,50,0.0
2526be54e6a0e62a,Denys Bondar,Psycho,"5' 6""",125,69,Orthodox,1992-06-27,4.59,50,5.16,56,3.99,58,62,0.0
9d455d5cfe6a0e35,Kyle Bolt,,"6' 2""",185,,,,7.27,52,7.27,45,0.0,0,0,0.0
01641ba5df0c69b0,Gabriel Bonfim,Marretinha,"6' 1""",170,72,Orthodox,1997-08-20,4.76,47,3.61,64,2.57,53,78,1.0
8691881b31c16b88,Luc Bondole,,"6' 2""",205,,,,3.35,51,2.04,62,0.0,0,0,1.8
702a72aa7a266d86,Tony Bonello,The Gun,"6' 2""",185,,,1972-10-20,0.62,33,12.62,10,0.0,0,0,0.0
eb393afdbe3293d5,Ismael Bonfim,Marreta,"5' 8""",155,71,Orthodox,1995-12-28,5.1,54,3.96,62,1.22,33,76,0.0
0313bf497de9c470,Igor Borisov,,"6' 0""",235,,Orthodox,1964-05-18,0.0,0,0.0,0,0.0,0,0,0.0
934de214814b8ff4,Jesse Bongfeldt,Water,"6' 0""",185,,Orthodox,1980-08-28,2.91,62,1.01,50,1.51,33,33,0.0
a4de54ea806fb525,Ray Borg,The Tazmexican Devil,"5' 4""",135,63,Orthodox,1993-08-04,1.52,52,1.93,48,3.89,50,46,1.0
d311fbefff44a39b,Marcos Bonilla,Murder Marx,"5' 10""",145,,,,0.47,12,0.47,94,0.0,0,0,0.0
c6a33ff198aaaeeb,Stephan Bonnar,The American Psycho,"6' 4""",205,79,Orthodox,1977-04-04,2.76,38,3.01,52,1.32,40,60,1.0
07a2bdaa0afdd831,Rogerio Bontorin,,"5' 5""",125,67,Orthodox,1992-04-25,2.63,52,3.27,50,2.9,60,51,1.0
34b96d52db1d26e6,Kevin Borjas,El Gallo Negro,"5' 5""",125,68,Orthodox,1997-12-06,3.87,42,5.27,50,0.0,0,72,0.0
3c85e04b08a05751,Calen Born,,"5' 8""",170,72,Switch,1988-05-24,0.0,0,0.0,0,0.0,0,0,0.0
19c591115a58982c,Viacheslav Borshchev,Slava Claus,"5' 11""",155,69,Orthodox,1992-01-08,5.1,50,4.46,57,0.0,0,43,0.1
4126a78111c0855a,Caio Borralho,The Natural,"6' 1""",185,75,Southpaw,1993-01-16,3.47,56,2.61,60,1.25,50,76,0.4
5c126c6aac3ef364,Poliana Botelho,,"5' 8""",125,67,Orthodox,1988-12-15,2.9,58,2.8,54,0.85,57,76,0.0
59851163aaf1aed8,Gregory Bouchelaghem,,"6' 2""",183,,Switch,1978-03-23,0.27,21,1.53,36,0.0,0,50,0.0
2aaf0181432adf0b,Roy Boughton,Black Dynamite,"6' 0""",205,,,,0.0,0,0.0,0,0.0,0,0,0.0
545d549d6bf87187,Francois Botha,White Buffalo,"6' 2""",260,,Orthodox,1968-09-28,0.0,0,1.05,77,0.0,0,0,0.0
d5e929c26f25f0d3,Ilian Bouafia,The Gorilla,"6' 5""",185,78,Southpaw,1996-11-13,2.0,47,1.67,65,0.0,0,100,0.0
b8fdb2903a2582a8,Zachary Borrego,The Dragon,"6' 2""",185,78,Switch,1996-07-18,0.0,0,1.94,33,0.0,0,0,0.0
e023fa2e648ea0f1,Steve Bosse,The Boss,"5' 11""",205,72,Orthodox,1981-07-29,5.99,52,5.38,50,0.92,33,100,0.0
04c8b08b16a5b99e,Tanner Boser,The Bulldozer,"6' 2""",205,75,Orthodox,1991-08-02,4.82,53,3.0,57,0.0,0,69,0.0
e8fb8e53bc2e29d6,Marcus Bossett,The Grasshopper,"6' 1""",215,,Orthodox,,0.0,0,0.0,0,0.0,0,0,0.0
239224bedeb2c7a4,Chris Bostick,,,,,,,0.0,0,0.0,0,0.0,0,0,0.0
dfdd0c5dd0d4bc23,Mike Bourke,The Rhino,"6' 0""",275,,Orthodox,1968-11-25,0.0,0,0.0,0,0.0,0,0,0.0
611b9c068c9e2c44,Rich Bouphanouvong,,"5' 7""",170,,,,0.0,0,0.0,0,0.0,0,0,0.0
38b1417ec17072da,Jess Bouscal,,,155,,,,0.0,0,0.0,0,0.0,0,0,0.0
2efbc83a6b9b7f86,Tai Bowden,,"5' 11""",230,,,,0.0,0,0.0,0,0.0,0,0,0.0
81ca2c245b19b3c5,Melton Bowen,The Punisher,"6' 0""",225,,Orthodox,1969-07-16,0.0,0,0.0,0,0.0,0,0,0.0
5488b3c67600333a,Kyron Bowen,Bullseye,"6' 3""",185,73,Orthodox,1993-12-22,2.73,57,2.05,40,0.0,0,0,0.0
a95a0504fd73bd3e,Blake Bowman,,"6' 2""",170,,,,0.0,0,0.0,0,0.0,0,0,0.0
3b9f723e2720a238,Roger Bowling,Relentless,"5' 9""",155,68,Orthodox,1982-12-05,3.9,47,3.86,51,3.09,43,27,0.9
b26d3e3746fb4024,Brian Bowles,,"5' 7""",135,70,Orthodox,1980-06-22,2.36,26,2.98,64,1.39,70,54,1.4
8a0a35e7c74bebcc,Ashe Bowman,The Archer,"5' 9""",155,,,1976-11-17,2.43,42,4.86,57,0.0,0,0,0.0
1433786ac76cf777,Colley  Bradford,,"5' 7""",145,,,,0.43,25,1.73,50,19.42,50,100,0.0
45f7cb591c3ab00b,Sean Brady,,"5' 10""",170,72,Orthodox,1992-11-23,4.08,53,2.77,59,3.58,51,86,0.8
dc950d59dc590aca,Ebenezer Fontes Braga,Pitbull,"6' 0""",199,,Orthodox,1969-04-14,2.42,50,0.42,71,0.0,0,90,0.6
3d074044a33825e7,Ramiz Brahimaj,,"5' 10""",170,72,Orthodox,1992-11-17,2.29,48,3.27,47,1.99,34,44,1.6
4a191f4ea2fce7fc,Anvar Boynazarov,The Uzbek,"5' 9""",145,,Orthodox,1989-01-10,0.0,0,7.83,29,0.0,0,0,0.0
013da757877044a2,Joe Brammer,The South Side Strangler,"5' 8""",155,,Orthodox,1983-08-23,2.15,31,2.8,56,0.81,50,50,0.0
c7011de4765d2497,Paul Bradley,The Gentleman,"5' 9""",170,,Orthodox,1983-06-13,2.26,32,4.13,56,1.12,16,100,0.0
3c99bd6cb5d835ef,Adam Bramhald,Samurai,"5' 10""",135,70,Orthodox,1994-03-24,7.65,45,8.05,33,0.0,0,100,0.0
d2c55d1d2e67773b,David Branch,,"6' 1""",185,78,Orthodox,1981-09-26,1.66,39,1.91,56,2.55,32,43,0.0
a6959da32f0e6b5d,Kyle Bradley,,"5' 9""",155,71,Orthodox,1982-08-19,1.99,40,3.45,58,0.65,50,40,0.0
edae6db2b3453632,Billy Brand,,"5' 6""",135,65,Orthodox,1996-07-03,2.86,25,8.57,40,0.0,0,75,0.0
c2e3e67b5911bfb7,Diego Brandao,DB,"5' 7""",145,64,Orthodox,1987-05-27,2.94,47,3.38,62,3.21,68,80,0.6
dc63542668295c23,Michael Bravo,,,155,,,,0.0,0,0.0,0,0.0,0,0,0.0
9c44f290f5726d95,Martin Bravo,El Toro,"5' 8""",145,71,Southpaw,1993-09-21,7.66,39,5.72,51,2.6,35,85,0.0
7138a15258dabf20,Bruna Brasil,,"5' 6""",115,65,Orthodox,1993-09-07,2.56,57,3.75,52,1.23,52,57,0.1
37ce890a4670b287,Roman Bravo-Young,,,205,,,,0.0,0,0.0,0,0.0,0,0,0.0
d80ee110748171ac,Mike Breeden,Money,"5' 10""",155,70,Orthodox,1989-04-21,5.75,45,7.28,42,0.98,30,67,0.0
48a9a128784d53d1,Elves Brener,,"5' 10""",155,72,Orthodox,1997-09-27,4.76,47,5.86,50,0.99,16,76,0.0
1588b787bda7b540,Tom Breese,,"6' 3""",185,73,Southpaw,1991-09-26,3.34,50,2.81,60,0.0,0,70,1.1
98f6da59d765ec94,Charlie Brenneman,The Spaniard,"5' 10""",155,70,Orthodox,1981-02-09,1.52,56,1.55,46,4.23,42,72,0.0
11547e29f253fb89,Marcos Brigagao,Ironside,"6' 3""",205,76,Southpaw,1996-04-01,3.07,43,3.27,25,0.0,0,36,0.0
33a8708747b7f943,Lucas Brennan,Skywalker,"5' 10""",155,72,Southpaw,2000-06-03,0.6,25,2.2,52,0.0,0,33,1.0
e319d6697d41f3cf,Robert Breslin,The Bullet,"5' 11""",155,,,,2.21,46,3.5,66,1.38,100,50,0.0
b19fc66613dc75b9,Chris Brennan,The Westside Strangler,"5' 8""",170,,Orthodox,1971-10-12,0.6,40,0.97,50,0.0,0,25,2.1
497ba5b12a4bfc47,Jason Brilz,Hitman,"5' 11""",205,71,Orthodox,1975-07-07,2.66,40,1.78,65,2.37,25,25,1.3
106a925d947a0de9,Mack Brewer,,,205,,,,0.0,0,6.67,36,0.0,0,0,0.0
01fcef7e3d051722,Henry Briones,Bure,"5' 8""",135,69,Orthodox,1980-10-22,3.47,42,4.68,53,0.0,0,52,0.6
81801f57bd0a7c41,Marcus Brimage,The Bama Beast,"5' 4""",135,71,Southpaw,1985-04-06,3.97,35,3.64,56,0.56,100,80,0.0
cf1a88371c8cb690,Aaron Brink,,"6' 3""",205,,Orthodox,1974-11-12,3.49,42,5.71,57,0.0,0,0,0.0
791c8437b341fba5,Joanderson Brito,Tubarao,"5' 8""",145,72,Orthodox,1995-02-11,2.38,50,2.28,43,3.23,67,57,1.2
06dd61c8d545c63f,Icaro Brito,,,145,,,1999-03-09,0.0,0,0.0,0,0.0,0,0,0.0
3a97fda0de6f1fa4,Marcelo Brito,Jungle Boy,"6' 1""",170,,Orthodox,1977-11-27,0.6,20,3.53,55,0.0,0,50,0.0
b07f14fc0e53f8bd,Kaik Brito,,"5' 11""",170,72,Orthodox,1997-03-26,2.8,38,3.87,55,0.0,0,55,2.0
2833f50b20e96e52,Antwain Britt,The Juggernaut,"6' 1""",205,77,,1978-05-09,1.46,39,2.81,44,1.56,40,50,0.0
aa571d75f80fde7d,Drew Brokenshire,,,,,,,0.0,0,0.0,0,0.0,0,0,0.0
df3c39573d01f55b,Mike Bronzoulis,The Greek,"6' 0""",155,,,1979-01-05,1.13,34,2.54,37,0.0,0,33,0.0
b0a6124751a56bc4,Jonathan Brookins,,"6' 0""",145,74,Southpaw,1985-08-13,2.69,39,3.63,56,1.94,17,80,0.3
b6e6c3b1dcaae0a1,Will Brooks,Ill,"5' 10""",155,72,Orthodox,1986-10-08,4.26,59,2.54,56,2.08,51,82,0.3
0974d8d4053a7237,Lee Brousseau,Manimal,"6' 1""",205,,,1974-10-04,0.0,0,0.0,0,0.0,0,0,0.0
81d9df19e255b8b6,Jarred Brooks,The Monkey God,"5' 3""",125,62,Switch,1993-05-02,2.12,46,1.66,62,4.54,57,69,0.6
a7d687e6ecb30981,Rob Broughton,The Bear,"6' 2""",265,74,Orthodox,1983-03-03,2.83,60,2.54,51,0.0,0,26,3.2
31123249b0bbf52e,Matt Brown,The Immortal,"6' 0""",170,75,Orthodox,1981-01-10,3.76,55,2.92,55,1.68,46,63,1.3
52b3ec072ad497a4,Dominic Brown,,"5' 11""",190,,,1982-06-04,0.0,0,0.0,0,0.0,0,0,0.0
e0b74df14f52cd15,Mike Brown,,"5' 6""",145,70,Orthodox,1975-09-08,2.98,44,2.45,60,3.23,40,66,0.6
9b68bf67c5695185,Todd Brown,Bulldog,"5' 11""",205,,Orthodox,1976-12-13,2.15,45,3.85,48,0.0,0,50,0.0
880c6b788266a3ef,Frederick Brown,,"6' 0""",235,,,,0.0,0,0.0,0,0.0,0,0,0.0
85df85a4e276c90e,Terrell Brown,,,185,,,1983-04-13,0.0,0,0.0,0,0.0,0,0,0.0
9e2624ac992660c6,Chris Brown,,,170,,,,0.0,0,0.0,0,0.0,0,0,0.0
d31cbcdd7d69536d,TJ Brown,Downtown,"5' 9""",145,72,Switch,1990-05-22,3.37,44,2.89,49,3.41,57,36,1.3
d024ed963e8bf7ea,Damien Brown,Beatdown,"5' 10""",155,68,Orthodox,1984-12-25,3.66,38,4.86,50,0.68,27,53,0.7
c6aee362c7a7d482,Randy Brown,Rudeboy,"6' 3""",170,78,Orthodox,1990-07-08,4.39,47,3.35,53,0.71,34,74,0.5
e9e7e1c8ff289e1b,Humberto Brown Morrison,,"5' 10""",145,,,1984-11-03,1.71,50,2.19,62,1.43,25,0,0.0
d74cba8566291bfa,Junie Browning,,"5' 9""",155,,Orthodox,1984-05-12,3.76,48,1.76,66,3.53,66,0,3.5
3236bf606fe9fa5b,Travis Browne,Hapa,"6' 6""",255,79,Orthodox,1982-07-17,2.93,41,4.31,42,1.21,68,75,0.2
d1dcd4e96464a53d,Jules Bruchez,,"6' 0""",205,,Southpaw,1977-08-16,0.69,50,5.52,46,0.0,0,0,0.0
5f8e00c27b7e7410,Justin Bruckmann,Loaf,"5' 9""",170,,Orthodox,1974-07-23,0.59,66,5.91,16,0.0,0,33,0.0
231926533134ec1f,Justin Buchholz,,"6' 0""",155,73,Orthodox,1983-08-22,2.35,26,4.14,51,0.0,0,33,0.8
2f3f12002564bb55,Steve Bruno,Hollywood,"5' 10""",170,,Orthodox,1981-11-03,0.96,52,3.38,36,1.94,25,46,0.4
095854a135e6db55,Marcus Buchecha,,"6' 2""",255,77,Orthodox,1990-01-08,1.59,50,2.15,50,2.02,16,0,0.4
f14f644d41ade29f,Cody Brundage,,"6' 0""",185,72,Orthodox,1994-05-16,2.5,51,2.95,50,1.8,41,66,0.5
b8c0f30ee9a98b69,Fernando Bruno,Acougueiro,"5' 6""",145,,,1982-02-24,1.75,39,1.78,48,2.02,22,56,0.5
01f022fa494188e2,Josh Bryant,The Beast,"5' 10""",185,,Orthodox,1980-04-23,1.1,20,6.1,43,0.0,0,0,0.0
6bbb8dc6e128779e,Zak Bucia,,"5' 10""",170,,,1984-09-27,0.0,0,0.0,0,0.0,0,0,0.0
b1a3e0aca758b322,Derek Brunson,The One,"6' 1""",185,77,Southpaw,1984-01-04,3.51,47,3.05,51,3.14,33,85,0.6
3b17353b8002c7d0,Dennis Bryant,The Beard,"6' 0""",205,,Orthodox,1985-10-18,10.56,59,10.56,13,0.0,0,0,0.0
f96856f9d69fd7e4,Robert Bryczek,,"6' 0""",185,75,Orthodox,1990-07-04,2.8,37,4.51,55,0.36,100,71,0.4
0c25d0a5e8cdbf19,Lukasz Brzeski,The Bull,"6' 3""",236,78,Orthodox,1992-05-17,4.9,50,3.65,54,0.41,33,35,0.4
3feed7d02711d8b7,Courtney Buck,,"5' 10""",135,,Orthodox,1982-03-19,1.49,28,3.24,54,0.0,0,33,0.0
b9437600497350f3,Joaquin Buckley,New Mansa,"5' 10""",170,76,Southpaw,1994-04-27,3.62,36,3.1,58,1.43,45,70,0.1
8eb046f83e82bf26,Martin Buday,Badys,"6' 4""",265,77,Orthodox,1991-11-11,4.39,53,4.49,55,0.15,20,93,0.1
a72d260b436924c4,Francisco Bueno,,"5' 9""",225,,Orthodox,1972-12-23,0.0,0,0.0,0,0.0,0,0,0.0
dcdc4503b9d49977,Julia Budd,,"5' 7""",145,67,,1983-07-04,2.42,74,1.18,47,3.6,57,83,0.0
a817e238b2747404,Dylan Budka,The Mindless Hulk,"6' 0""",185,75,Switch,2000-01-14,1.06,38,1.8,42,1.93,38,76,0.4
b98209144b63ae26,Mike Budnik,,"5' 9""",145,68,Orthodox,1974-08-08,0.65,52,0.95,53,0.0,0,0,3.4
cc8c623cca88f54f,Mayra Bueno Silva,Sheetara,"5' 6""",135,66,Orthodox,1991-08-22,3.52,56,4.71,51,0.46,23,64,1.3
ac0874309da489b9,Marek Bujlo,Bujdzilla,"6' 4""",265,77,Orthodox,1992-10-10,2.07,38,3.27,37,0.0,0,0,0.0
f0abbb6f3444dae7,Paul Buentello,The Headhunter,"6' 2""",245,77,Orthodox,1974-01-16,3.29,45,3.83,52,0.19,33,39,0.4
c0342805a1948cbb,Lee Kwan Bum,,"6' 2""",286,,Orthodox,1986-10-12,0.71,14,0.0,100,0.0,0,0,0.0
476fe566d2df676e,Modestas Bukauskas,The Baltic Gladiator,"6' 3""",205,76,Switch,1994-02-10,3.14,43,3.86,50,0.23,66,82,0.1
6e9af164ab91a229,Shawn Bunch,Bunch the Great,"5' 5""",135,,,1983-03-19,0.0,0,1.55,55,0.0,0,50,0.0
9900ab86a4c458bd,Josh Bumgarner,,"6' 1""",170,,,1981-05-21,0.0,0,0.0,0,0.0,0,0,0.0
53c10176e3bc7416,Felipe Bunes,Felipinho,"5' 7""",125,69,Orthodox,1989-10-29,3.17,46,4.57,47,1.08,25,40,1.4
98d961097baaf308,Shane Burgos,Hurricane,"5' 11""",145,75,Orthodox,1991-03-19,7.4,52,6.78,56,0.43,44,91,0.4
1e092415a7eeaf65,Josh Burns,The Hammer,"6' 1""",244,,,1978-05-15,2.4,48,5.73,32,0.0,0,100,0.0
2213330f082f82d5,Derrick Burnsed,,,155,,,1980-06-09,0.0,0,0.0,0,0.0,0,0,0.0
4f140403000158b5,Herbert Burns,The Blaze,"5' 9""",145,73,Orthodox,1988-02-02,1.86,36,5.17,41,2.94,34,66,1.8
4c805f5f58a75df0,Mikey Burnett,The Eastside Assassin,"5' 6""",170,,Orthodox,1974-04-12,0.0,0,0.0,0,0.0,0,0,0.0
dadd80ef954e54ed,Justin Burlinson,,"6' 1""",170,74,Switch,1997-05-19,1.24,40,3.09,61,0.0,0,100,9.3
a6d8bfe9e0c8153b,Kevin Burns,The Fire,"5' 10""",170,74,Orthodox,1980-03-03,2.74,38,4.3,52,0.28,50,47,0.8
69f01b25dfabaf6b,Mads Burnell,,"5' 8""",145,69,Orthodox,1994-03-06,1.28,41,2.71,51,3.45,47,22,0.4
6da99156486ed6c2,Joshua Burkman,The People's Warrior,"5' 10""",170,72,Orthodox,1980-04-10,2.69,43,3.13,51,2.53,36,72,0.3
8fc30d8cebb17116,Martin Buschkamp,,"5' 9""",145,,Orthodox,1991-01-06,0.0,0,0.0,0,0.0,0,0,0.0
23024fdfc966410a,Gilbert Burns,Durinho,"5' 10""",170,71,Orthodox,1986-07-20,3.16,48,3.68,52,2.04,35,53,0.4
2c64c035485906aa,Nah-Shon Burrell,The Rock n Rolla,"5' 11""",170,,Orthodox,1990-02-05,4.83,47,3.45,56,0.0,0,52,0.3
51b1ca2a4b064101,Nick Bustamante,,"5' 9""",170,,,,0.0,0,0.0,0,0.0,0,0,0.0
f273f1b8df04c8a1,Eduardo Bustillos,,"5' 8""",135,,,1987-06-02,2.61,59,6.22,35,0.0,0,100,0.0
132505067f08c54d,Bubba Bush,The Fightin' Texas Aggie,"6' 0""",185,,Orthodox,1985-07-24,0.63,55,7.01,25,2.82,50,60,0.0
f0c779dc2ca3816c,George Bush,,"6' 1""",205,,,,6.35,64,2.31,55,17.31,66,0,0.0
3033c1c080672475,Dakota Bush,,"5' 10""",155,73,Orthodox,1994-06-09,2.77,38,4.42,41,2.4,33,0,0.0
85d905f7c4f5a1af,Murilo Bustamante,,"6' 2""",183,,Orthodox,1966-07-30,1.33,32,1.9,60,2.46,33,54,1.2
30e39145fec48d25,Jason Butcher,,"6' 3""",185,,,1984-10-23,1.82,40,2.73,25,13.64,50,0,0.0
6b8fd98eb52363d1,Ian Butler,,"5' 8""",155,,,,2.09,14,6.69,36,0.0,0,50,0.0
e2d5072048b825b1,Goldman Butler,,,,,,,0.0,0,0.0,0,0.0,0,0,0.0
3fed746acfd026dd,Todd Butler,,"6' 1""",200,,Southpaw,,0.0,0,0.0,0,0.0,0,0,0.0
f941505e35fb1eae,Raphael Butler,The Silencer,"6' 3""",261,,,1984-01-04,4.69,45,0.94,91,0.0,0,100,14.1
a75a48bfe776b2c2,Jesse Butler,,"5' 10""",135,73,Orthodox,1992-05-24,2.02,34,4.62,39,0.0,0,0,0.0
0b362247806341e5,JP Buys,Young Savage,"5' 5""",135,67,Orthodox,1996-04-30,1.88,39,3.02,40,1.55,25,25,2.3
c4d039123e62f6a9,Dennis Buzukja,The Great,"5' 9""",145,70,Switch,1997-10-01,4.28,44,4.76,48,0.55,27,72,0.2
76ee3d666c648f6b,Charles Byrd,Kid Dynamite,"5' 10""",185,73,Orthodox,1983-10-11,3.43,55,2.63,55,2.5,50,40,1.5
b1e5bcaad32a3cac,Priscila Cachoeira,Zombie Girl,"5' 7""",135,65,Orthodox,1988-08-19,4.35,44,7.45,45,0.37,50,69,0.0
43612456979e5d5e,Steve Byrnes,The Sergeant,"6' 0""",170,,Orthodox,1979-08-26,1.2,51,2.67,27,3.0,60,0,4.0
87f0b37f153cf497,Michael Byrnes,,"5' 11""",155,,,1990-07-17,0.0,0,0.0,0,0.0,0,0,0.0
7cdd3e5d3aa9cb39,Yan Cabral,,"5' 11""",155,73,Orthodox,1983-05-13,2.02,47,1.98,62,2.89,35,37,1.2
601f8439a0277670,Juan Cabrera,Papi Juancho,,185,,,2004-02-19,0.0,0,0.0,0,0.0,0,0,0.0
ed2a8cc402173781,Vince Cachero,The Anomaly,"5' 6""",145,68,Orthodox,1989-11-07,3.29,45,6.51,43,0.0,0,18,0.5
7aa3d6964eff4877,Alex Caceres,Bruce Leeroy,"5' 10""",145,73,Southpaw,1988-06-20,4.21,49,3.09,62,0.54,68,64,0.7
8c457cf7da551d4b,Yudi Cahyadi,Prabu Gagak Lumayung,"5' 6""",145,68,Orthodox,1992-04-01,4.8,62,6.72,48,0.0,0,0,0.0
ce7871949b0ed2bf,Alvin Cacdac,,"5' 6""",125,,Orthodox,,1.21,66,0.61,0,0.0,0,0,0.0
90d28fee0af74f2d,Travis Calanoc,The Dark Knight,"5' 8""",145,,Orthodox,,0.0,0,0.0,0,0.0,0,0,0.0
800feaa25700a85f,Ricky Calatayud,,"5' 9""",125,,,1982-10-10,0.0,0,0.0,0,0.0,0,0,0.0
7d4d7583df7eebf9,Carlos Calderon,Chief,"5' 11""",145,71,Southpaw,1996-02-10,4.85,42,4.98,33,3.93,33,0,0.0
b7dc25ee40ee8334,Darrion Caldwell,The Wolf,"5' 10""",135,,,1987-12-19,0.85,34,0.57,60,3.41,66,100,0.8
8661578c8bb80f51,Lucas Caldas,,"5' 8""",155,70,Orthodox,1996-05-22,4.8,41,15.67,39,0.0,0,0,0.0
53d471e9bf5f2fc8,Taylor Callens,,"5' 10""",155,,,1991-05-21,0.0,0,0.0,0,0.0,0,0,0.0
fc0a4053eb8a3a59,Nicolle Caliari,,"5' 3""",115,62,Orthodox,1996-11-04,2.88,39,5.59,52,3.38,29,50,1.0
71d25689f70e4036,Lucas Camacho,,"6' 4""",265,80,Orthodox,1992-12-15,4.08,38,8.16,6,0.0,0,0,0.0
dfb965c9824425db,Joe Camacho,,"5' 9""",155,,Orthodox,1972-03-10,0.31,17,5.0,42,0.0,0,0,0.0
764342d39cdaa54a,Frank Camacho,The Crank,"5' 10""",155,73,Orthodox,1989-05-18,6.56,46,7.44,51,1.11,31,73,0.0
98215d037be5bcb7,Cynthia Calvillo,,"5' 4""",115,64,Orthodox,1987-07-13,4.41,38,4.12,64,1.8,44,77,0.8
72f890c5d421e705,Matheus Camilo,Jaguar,"5' 10""",155,69,Orthodox,2001-01-02,2.22,43,3.05,66,4.16,53,0,0.6
1999ffb5cebc314f,Brian Camozzi,Mantis,"6' 2""",170,78,Orthodox,1991-06-24,3.15,26,6.39,54,0.0,0,0,0.7
f5585e675af7afd4,Mike Campbell,The Beast,"5' 9""",155,,Southpaw,1982-11-15,1.4,26,1.4,63,5.26,100,0,0.0
4a99978a0366bb29,Ricky Camp,2 Slick,"5' 7""",135,,,,0.0,0,0.0,0,0.0,0,0,0.0
7abe471b61725980,Fabricio Camoes,Morango,"5' 10""",155,71,Orthodox,1978-12-23,1.29,33,1.85,61,2.34,32,20,1.5
6c2030e0a143a94b,Chris Camozzi,,"6' 2""",185,75,Orthodox,1986-11-20,3.57,44,2.96,56,0.27,19,57,0.5
d060014a5a039829,Thomas Campbell,,,,,,,0.0,0,0.0,0,0.0,0,0,0.0
b39f7a6c2be17ee8,Charlie Campbell,The Cannibal,"6' 0""",155,72,Orthodox,1995-07-03,5.23,51,4.17,55,2.45,36,62,0.0
784285b7ae7dd85f,Shane Campbell,Shaolin,"6' 0""",155,71,Orthodox,1987-01-21,3.99,59,3.19,55,1.36,28,82,0.0
903ef36a6adc09a3,Kitt Campbell,The Killer,"6' 1""",170,73,Orthodox,1994-06-26,5.4,53,2.51,60,0.94,10,50,0.0
9d51798e61f2e0c7,Kurtis Campbell,The Pink Panther,"5' 9""",145,72,Switch,2002-07-29,3.5,48,2.63,51,8.76,40,50,0.0
31bbd46d57dfbcb7,John Campetella,,"5' 9""",235,,Orthodox,,0.0,0,0.0,0,0.0,0,0,0.0
db6d5f691aea3fd3,Wagner Campos,Galeto,"5' 6""",145,,Southpaw,1981-07-31,1.54,41,2.53,51,2.71,100,0,0.0
aa8dc72b3a1f761c,Derek Campos,The Stallion,"5' 9""",155,,,1988-04-01,2.41,23,10.34,44,0.0,0,0,0.0
901cddcbfa079097,Will Campuzano,,"5' 9""",125,70,Orthodox,1986-05-27,2.43,31,3.82,57,0.88,45,48,0.2
2a7afe14b3a0a058,Asbel Cancio,,"5' 10""",225,,,,0.0,0,0.0,0,0.0,0,0,0.0
c2a670b22d2e196f,Aleksa Camur,,"6' 1""",205,74,Orthodox,1995-09-25,4.73,57,4.26,54,0.46,22,50,0.0
23fbe02caabcd214,Ronaldo Candido,Pacman,"5' 6""",125,,Southpaw,1989-04-24,1.67,42,3.87,52,8.0,53,0,5.0
760a55d5b6098cbe,Carlos Candelario,The Cannon,"5' 8""",125,68,Southpaw,1991-06-04,3.97,46,5.17,44,2.28,36,53,0.3
32be4b7f7de1c905,Chico Camus,The King,"5' 6""",125,66,Orthodox,1985-01-26,2.58,41,2.46,64,0.77,40,72,0.4
24b033b3daf1c9df,Luiz Cane,Banha,"6' 2""",185,77,Southpaw,1981-04-24,4.79,41,5.0,60,0.56,28,100,0.3
d05412b513b19621,Guido Cannetti,Ninja,"5' 6""",135,68,Southpaw,1979-12-19,3.44,55,2.84,51,2.27,55,64,0.4
03da33a102d9a45f,Jose Canseco,,"6' 4""",240,,Orthodox,1964-07-02,0.78,10,4.68,62,0.0,0,0,0.0
23100e8f71f25a4a,Cody Canterbury,,"5' 8""",155,,,,0.0,0,0.0,0,0.0,0,0,0.0
13a0275fa13c4d26,Jared Cannonier,The Killa Gorilla,"5' 11""",185,77,Switch,1984-03-16,4.25,49,4.36,55,0.77,45,64,0.0
6750e338922a099d,Bo Cantrell,Redrum,"6' 2""",235,,Orthodox,1969-02-08,3.16,16,12.63,0,0.0,0,0,0.0
651d209fa8c8cd83,Gigi Canuto,Diamond,"5' 2""",115,64,Orthodox,2002-11-16,3.73,52,7.07,38,4.0,57,0,1.0
44f9c777fed7ca03,Frank Caracci,,,,,,1970-02-16,0.0,0,0.0,0,0.0,0,0,0.0
bd81a97864acf098,Phil Caracappa,The Hitman,"5' 8""",135,70,Orthodox,1992-06-05,2.93,50,4.07,29,1.0,8,100,1.0
f1f9e48a0d150757,Steve Cantwell,The Robot,"6' 2""",185,75,Orthodox,1986-12-08,3.63,34,5.76,55,0.65,30,80,0.7
83b8fe74224dd642,Paul Capaldo,,"5' 7""",135,,,1996-12-27,0.0,0,0.0,0,0.0,0,0,0.0
899eaba48fa864a6,Gina Carano,Conviction,"5' 8""",145,,Orthodox,1982-04-16,4.5,47,2.66,64,1.24,66,85,1.6
155a02a8b4311057,Dos Caras Jr.,,"6' 4""",225,,Orthodox,1977-05-25,0.77,23,1.2,59,0.0,0,72,0.0
e5512a6aed150d8f,Remo Cardarelli,,,135,,,,2.27,47,1.47,59,0.0,0,100,0.0
99a86b134dccc166,Edgar Cardenas,Kitty Katt,,145,,,,0.0,0,0.0,0,0.0,0,0,0.0
5ef0088c1b19beeb,Bryan Caraway,Kid Lightning,"5' 8""",135,68,Orthodox,1984-08-04,2.53,34,3.61,54,2.57,25,80,0.8
f6a7b02c42e9fc5b,Phil Cardella,,"5' 11""",155,,,1976-07-09,2.47,50,2.0,57,0.0,0,11,2.5
cbd022eaf2ac546a,Ronald Carillo,,,125,,,,0.0,0,0.0,0,0.0,0,0,0.0
b2e3aca4cd363477,Chris Cariaso,Kamikaze,"5' 3""",125,64,Southpaw,1981-05-27,3.35,43,2.23,61,1.11,39,57,0.8
08a7080ff5904661,Rafael Carino,,"6' 8""",245,,Orthodox,,0.0,0,0.0,0,0.0,0,0,0.0
f59a6de8a5dfe297,Don Carlo-Clauss,,,170,,,,1.44,30,7.68,43,0.0,0,66,0.0
be68b375707dcb85,Spike Carlyle,Alpha Ginger,"5' 8""",145,71,Switch,1993-05-06,2.55,54,3.85,30,3.34,36,57,0.5
52e76bb4b3e852f3,Antonio Carlos Junior,Cara de Sapato,"6' 2""",185,79,Orthodox,1990-03-16,1.95,42,2.14,52,3.42,39,53,0.8
51a0c09cbe9b8472,Liz Carmouche,Girlrilla,"5' 6""",125,66,Orthodox,1984-02-19,2.78,54,2.51,61,2.57,51,65,0.3
3591d0d5d382a381,Francis Carmont,Limitless,"6' 3""",205,78,Orthodox,1981-10-11,2.22,42,1.64,59,1.79,36,73,0.6
1c86754617d9813a,Roan Carneiro,Jucao,"5' 11""",170,76,Orthodox,1978-06-02,1.46,46,1.82,62,3.05,42,83,1.4
b80ea4880f25c187,Tim Caron,The Bear,"6' 1""",185,,Orthodox,1987-07-24,0.59,50,6.9,12,0.0,0,0,0.0
c0d5c0c95c59050b,Ariane Carnelossi,Sorriso,"5' 2""",115,61,Orthodox,1992-11-17,2.68,38,4.69,43,1.06,50,22,0.2
528b071cf3da7c56,Luana Carolina,Dread,"5' 6""",135,69,Orthodox,1993-06-11,4.65,51,3.46,51,0.3,37,68,0.6
b62d5280966b2460,Clayton Carpenter,,"5' 6""",125,66,Orthodox,1996-06-09,3.88,50,4.47,49,1.75,35,50,1.0
89ed44801968b8e3,Gabriel Carrasco,,"5' 6""",135,,,,4.15,37,1.53,80,0.0,0,100,0.0
9346efb4bbaedd08,Cody Carrillo,,"5' 10""",155,,,,0.0,0,0.0,0,0.0,0,0,0.0
064b7dc68d786254,Cain Carrizosa,The Insane,"5' 8""",155,,Orthodox,1986-07-22,2.72,42,5.8,51,0.0,0,14,0.0
572a89dbe1f76761,Roger Carroll,The Leprechaun,"5' 10""",170,,,,7.62,61,10.48,43,0.0,0,100,0.0
1e3302f9ab6f549a,Scott Carson,,"6' 2""",215,,,,0.62,66,6.22,23,0.0,0,0,0.0
0d49ddc07bd8c747,Jonny Carson,,"5' 10""",155,,,,0.0,0,0.0,0,0.0,0,0,0.0
7b6e40a73b567072,Shonie Carter,Mr. International,"5' 10""",170,,Southpaw,1972-05-03,1.62,36,2.32,47,0.75,66,75,0.0
456c02115efc4a01,Bruno Carvalho,,"5' 8""",154,,,1982-06-07,0.6,45,0.93,53,0.0,0,66,4.0
620d8710e89cfeae,Rafael Carvalho,,"6' 3""",185,,,1986-07-27,1.94,50,1.84,54,2.77,40,70,0.0
fef3d17e27e916e7,Antonio Carvalho,Pato,"5' 9""",145,70,Orthodox,1979-05-30,3.03,29,3.62,64,0.0,0,100,0.0
1f592bfefb0d62a3,Jack Cartwright,,"5' 9""",135,68,Orthodox,1994-05-26,0.8,38,3.33,29,6.0,66,0,2.0
68dd7b3783c19f9c,Shane Carwin,The Engineer,"6' 2""",265,80,Orthodox,1975-01-04,4.38,47,3.53,53,1.42,33,42,0.0
1f4b04a926ef1287,Johnny Case,Hollywood,"5' 10""",155,72,Orthodox,1989-06-28,3.95,38,2.66,61,1.7,45,72,0.2
8d9586726252dbf7,Kevin Casey,King,"5' 11""",185,77,Southpaw,1981-06-15,2.27,53,3.76,46,0.79,22,27,0.4
3993f7dcb7caf42a,Brandon Cash,Money,"6' 5""",255,,Orthodox,,5.42,72,0.68,33,10.17,66,0,0.0
5f179af5fffeb9f6,Cortney Casey,Cast Iron,"5' 7""",125,67,Orthodox,1987-05-05,4.29,39,4.0,55,0.39,31,39,0.5
ec7ac09293d26c05,Bendy Casimir,,"5' 5""",145,,Southpaw,1980-06-10,0.74,27,3.42,54,0.0,0,100,0.0
2b1c6f28039efe36,Joe Cason,,"6' 3""",205,,,1988-01-19,4.17,55,10.83,23,0.0,0,0,0.0
31c01fbc2586a5eb,Dwayne Cason,,"5' 10""",212,,Orthodox,,0.0,0,0.0,0,0.0,0,0,0.0
5fa2974cbd18e05c,John Castaneda,Sexi Mexi,"5' 6""",135,71,Switch,1991-12-18,4.95,51,5.07,54,1.49,37,75,0.1
a0a69dc9914ef6e1,Eric Castile,,"5' 8""",145,,,,0.0,0,0.0,0,0.0,0,0,0.0
e680418329c84ec4,Jenna Castillo,,"5' 2""",125,,,1982-05-05,3.24,56,2.01,57,1.68,100,100,0.0
feeae92f951f49a9,Raul Castillo,,"5' 11""",185,,Orthodox,,1.47,48,3.27,60,0.0,0,0,0.0
31ceaf0e670c1578,Gil Castillo,,"5' 9""",170,,Southpaw,1965-10-21,0.6,45,2.22,44,3.33,45,50,0.0
d1e7fc58d4225cdf,Danny Castillo,Last Call,"5' 9""",155,71,Orthodox,1979-08-25,2.57,42,1.96,62,2.95,38,63,0.2
6ca68b636fbc1f18,Tim Catalfo,Obake,"5' 11""",235,,Orthodox,,0.39,100,0.77,33,0.0,0,0,0.0
f8fe2053d73d7bcf,Nick Catone,The Jersey Devil,"6' 0""",185,72,Southpaw,1981-09-01,2.11,44,2.32,63,3.71,44,83,0.5
68d76fd9ecf7431d,Luke Caudillo,Lil' Hulk,"5' 7""",155,,Orthodox,1980-11-30,1.97,28,5.07,55,0.44,20,85,0.0
e3964ece586e0635,Jacqueline Cavalcanti,,"5' 8""",135,70,Orthodox,1997-08-29,5.3,46,2.98,68,0.0,0,85,0.0
9c3de7f8966326de,Igor Cavalcanti,Jacare,"5' 11""",170,79,Orthodox,1997-10-10,3.33,42,3.6,48,1.0,50,66,0.0
2a74bbba57058f12,Gesias Cavalcante,JZ,"5' 8""",155,71,Orthodox,1983-07-06,1.98,35,3.11,51,1.25,36,66,1.1
0e21976afc92e4d1,Magnus Cedenblad,Jycken,"6' 5""",185,79,Orthodox,1982-04-10,2.38,51,3.02,40,2.87,64,66,1.0
5c1ca0c72b599a3c,Rafael Cavalcante,Feijao,"6' 1""",205,74,Orthodox,1980-04-14,2.71,53,3.62,49,0.6,40,63,0.1
056c493bbd76a918,Henry Cejudo,Triple C,"5' 4""",135,64,Orthodox,1987-02-09,3.83,47,3.84,57,1.78,29,72,0.1
b27b8881d7444114,Adam Cella,El Naturel,"6' 2""",170,,,1985-06-26,1.91,42,2.61,51,3.92,75,50,1.3
f21a152aaa3e95c6,Vinicius Cenci,Chambinho,"6' 1""",155,74,Orthodox,1995-11-24,2.9,48,2.69,62,1.61,50,0,0.0
025c1ee70b2cedf4,Vlasto Cepo,El Chapo,"6' 0""",185,73,Orthodox,1995-01-25,6.89,29,29.51,37,0.0,0,0,0.0
3e61082025db8137,Yosdenis Cedeno,Pink Panther,"5' 8""",155,69,Orthodox,1985-02-12,1.64,29,1.6,67,0.0,0,31,0.3
e872e9a9a902c045,Katlyn Cerminara,Blonde Fighter,"5' 9""",125,68,Orthodox,1988-12-28,4.58,34,4.48,62,0.31,15,50,0.3
fdf59144e535bc38,Jared Chaffee,,"5' 10""",155,,,1984-12-15,0.0,0,0.0,0,0.0,0,0,0.0
09a4447655fd4b7b,Rafael Cerqueira,The Lion,"6' 3""",205,76,Southpaw,1990-03-15,1.56,43,5.05,36,0.0,0,36,0.0
9ccf8371fd80d45d,Luan Chagas,Tarzan,"6' 0""",170,75,Orthodox,1993-06-17,4.16,47,3.19,62,0.32,12,85,0.3
7342fcc41a4817fa,Ansar Chalangov,,"5' 9""",170,,Orthodox,1979-10-30,0.68,66,1.69,54,0.0,0,0,7.6
70186298465de3f3,Dagiisuren Chagnaadorj,,"5' 8""",145,71,Orthodox,1999-12-31,3.13,26,3.53,58,4.0,44,100,0.0
5ef94841c4bc3f86,Edgar Chairez,Puro Chicali,"5' 7""",125,71,Orthodox,1996-01-27,3.76,46,4.71,46,0.0,0,47,1.4
1d00756835ca67c9,Donald Cerrone,Cowboy,"6' 1""",155,73,Orthodox,1983-03-29,4.41,46,4.48,53,1.16,33,73,1.2
62f3039da2f92a8c,Eduardo Chapolin,,"5' 7""",125,67,Orthodox,1995-11-23,2.47,40,1.6,64,5.0,83,75,0.0
8788beb528894f33,Donnie Chappell,,"5' 11""",178,,Southpaw,,0.0,0,0.0,0,0.0,0,0,0.0
5b03b61f9d90125e,Morgan Charriere,The Last Pirate,"5' 8""",145,69,Orthodox,1995-10-26,4.02,50,4.51,53,2.06,46,83,0.3
26b63bc5c0c1f65d,Alex Chambers,Astro Girl,"5' 3""",115,63,Southpaw,1978-10-25,2.97,54,5.1,50,2.31,41,53,1.0
af9efbfd63d39734,Chelsea Chandler,,"5' 8""",135,68,Southpaw,1990-11-23,3.52,45,4.27,40,0.81,60,25,0.3
4b93a88f3b1de35b,Michael Chandler,Iron,"5' 8""",155,71,Orthodox,1986-04-24,3.91,49,4.51,43,1.88,37,61,0.5
84e8920e59ff14a7,Emilio Chavez,,"5' 9""",145,,,,2.73,48,1.53,54,3.0,50,0,0.0
9c5f7d5c6d084b35,Gabriel Checco,Zangief,"6' 1""",185,,Switch,1986-04-03,0.0,0,0.0,0,0.0,0,0,0.0
0de720c0f1d4ab9c,Danny Chavez,The Colombian Warrior,"5' 8""",145,67,Orthodox,1987-03-14,2.86,38,3.83,50,1.95,60,87,0.0
19ffeb5e3fffd6d5,Joe Charles,The Ghetto Man,"6' 1""",260,,Southpaw,,0.0,0,0.0,0,0.0,0,0,0.0
32a4f1235f0dad73,Dan Charles,The Man,"6' 2""",228,,,1985-09-24,2.82,45,3.51,44,0.0,0,31,0.0
c713a845360d604b,Ion Cherdivara,,,205,,,,0.0,0,0.0,0,0.0,0,0,0.0
8061a3136026a673,Jeisla Chaves,A Braba,"5' 6""",115,68,Orthodox,1997-02-02,4.97,56,4.2,53,1.5,37,62,0.5
b406da701c479076,Ernest Chavez,EJ,"5' 8""",145,70,Orthodox,1983-06-27,2.79,40,3.89,59,0.89,33,50,0.0
79a193111e3bc99b,Mark Cherico,The Pride of Bloomfield,"5' 7""",145,69,Orthodox,1986-05-12,3.69,34,7.37,56,5.03,50,0,0.0
9560ff14eb3129f7,Giga Chikadze,Ninja,"6' 0""",145,74,Orthodox,1988-08-25,3.75,42,3.47,59,0.18,33,65,0.2
767755fd74662dbf,Khamzat Chimaev,Borz,"6' 2""",185,75,Orthodox,1994-05-01,4.01,54,2.98,52,5.32,58,87,1.4
9cdd2da1a9104a0b,Macy Chiasson,,"5' 11""",135,72,Orthodox,1991-07-27,3.21,46,2.76,44,1.87,35,62,0.4
c58f51dedb310998,Michael Chiesa,Maverick,"6' 1""",170,75,Southpaw,1987-12-07,2.02,40,1.73,57,3.11,47,65,1.0
d8d7b24d276c8cb0,Albert Cheng,,"5' 11""",170,,Orthodox,1985-02-07,1.0,41,2.6,71,0.0,0,0,0.0
78a68f1dade6aaf7,Fabio Cherant,Water Buffalo,"6' 1""",205,74,Southpaw,1994-11-25,1.35,40,4.89,38,0.0,0,0,0.0
371a1c91b24dec2b,Mu Bae Choi,,"6' 2""",230,,Orthodox,1970-06-27,1.55,49,3.65,44,3.12,75,60,1.0
a68575214ecad140,SeungWoo Choi,Sting,"6' 0""",145,74,Orthodox,1992-11-03,3.56,38,3.16,47,0.83,54,70,0.0
9f7787e56a6bc0f4,Sako Chivitchian,,"5' 11""",155,,Orthodox,1984-03-11,2.4,27,4.8,46,0.0,0,100,0.0
2c104b7e59a72629,Hong Man Choi,Techno Goliath,"7' 2""",330,,Orthodox,1980-10-30,1.32,26,1.46,36,0.71,100,84,0.0
e93b04e308913c2e,Dooho Choi,The Korean Superboy,"5' 10""",145,70,Orthodox,1991-04-10,5.0,55,4.43,57,1.26,53,59,0.5
3be16d817b36098b,DongHun Choi,,"5' 5""",125,66,Switch,1999-01-02,4.54,66,3.13,58,0.46,14,81,0.0
a69a7120cf26669d,Levan Chokheli,,"5' 11""",170,72,Orthodox,1996-10-02,15.65,54,0.0,100,0.0,0,0,0.0
001eb2ab0f30e7ea,Mark Choinski,The Shark,"5' 8""",155,69,Orthodox,1995-10-22,3.87,50,7.33,33,2.0,18,0,0.0
03c9994c5b8958ec,John Cholish,,"5' 11""",155,74,Orthodox,1983-12-17,2.65,49,2.29,73,1.82,31,78,0.4
adccbc19b22e19af,SeungGuk Choi,,"5' 6""",125,64,Orthodox,1996-12-26,2.69,42,2.69,65,1.02,27,74,0.0
db5dc7cb80d7d418,Will Chope,The Kill,"6' 4""",145,,Switch,1990-09-08,4.43,27,9.93,46,0.0,0,0,0.0
55a7b2d4e54ffac9,Ryo Chonan,Piranah,"5' 9""",170,70,Orthodox,1976-10-08,2.57,43,2.25,60,0.61,41,39,0.3
2d447cc91bdaa545,Joachim Christensen,,"6' 3""",205,76,Orthodox,1978-11-07,3.78,41,3.29,46,0.0,0,0,0.0
3c4320a1b6106611,Cody Chovancek,The Best Fisherman in MMA,"5' 8""",135,67,Switch,1998-07-24,2.85,50,2.46,51,0.0,0,83,0.0
7e9b36a9847db116,Kevin Christian,,"6' 7""",205,80,Orthodox,1995-01-21,2.19,58,3.54,40,0.0,0,50,1.9
4f11e9ce318ffbcb,Anthony Christodoulou,,"5' 9""",155,,Orthodox,1987-07-30,2.19,26,5.9,45,0.0,0,40,0.0
d4a12dfa4067742f,Murad Chunkaiev,,"5' 11""",185,,Orthodox,,0.85,16,3.41,66,8.53,100,0,0.0
b369533a577fa97c,Dan Christison,The Sandman,"6' 8""",265,,Orthodox,1972-04-26,4.23,51,3.88,54,0.0,0,37,1.1
f197ce0cbe69996d,Cameron Church,,"5' 11""",155,72,Orthodox,1990-09-27,4.0,40,4.93,50,0.0,0,60,1.0
67f272324a030d00,Misha Cirkunov,,"6' 3""",205,77,Orthodox,1987-02-27,3.86,51,3.06,57,4.15,39,76,1.7
eaebaa6801338ea1,Steven Ciaccio,Stryker,"6' 0""",170,,,,0.0,0,0.0,0,0.0,0,0,0.0
4e5bbc4566049cbf,Branko Cikatic,,"6' 1""",215,,Orthodox,1954-10-03,0.0,0,0.0,0,0.0,0,0,0.0
3f3550bf126a5721,Nikolajus Cilkinas,,,,,Orthodox,,0.0,0,5.88,16,0.0,0,0,0.0
51b0bb73a1da34bc,Mike Ciesnolevicz,,"6' 0""",235,,Orthodox,1979-10-28,0.51,50,4.62,57,0.0,0,20,5.1
2244d9a2b64b8c3b,Hannah Cifers,Shockwave,"5' 1""",115,62,Orthodox,1992-06-26,4.99,44,5.39,52,0.26,100,64,0.3
6776260cb0aef647,Logan Clark,,"6' 2""",185,,Orthodox,1985-02-16,2.2,54,1.49,53,0.31,100,30,2.1
69108cb8b32efe04,Mychal Clark,,"6' 3""",224,,Orthodox,,5.8,56,2.9,59,0.0,0,0,0.0
42611508ba8c3298,Johnny Cisneros,The Tattooed Terror,"5' 11""",170,,,1980-02-05,0.0,0,0.0,0,0.0,0,0,0.0
60098849c703e389,Mark Climaco,,"5' 4""",125,65,Southpaw,1997-11-06,4.13,59,2.9,57,3.5,36,46,0.0
c02862a5f6d3fbd0,Sean Clancy Jr.,The One,,170,,,2002-11-25,0.0,0,0.0,0,0.0,0,0,0.0
1c2f2571b18791b6,Laverne Clark,,"5' 11""",170,,Orthodox,1973-12-02,0.0,0,0.0,0,0.0,0,0,0.0
7ae36b3791e0969a,Shannon Clark,MMA Barbie,"5' 5""",125,64,Orthodox,1992-07-07,11.51,58,20.55,35,0.0,0,0,0.0
cc7040fe76f0ef91,Devin Clark,Brown Bear,"6' 0""",205,75,Orthodox,1990-04-12,3.03,54,3.24,44,2.17,32,58,0.1
8a64b3f87ad29d1e,Dominic Clark,,"5' 10""",155,,,1985-08-01,0.0,0,0.0,0,0.0,0,0,0.0
a221b4812b0e7364,Charlie Cleveland,The Reaper,,248,,,1997-12-30,0.0,0,0.0,0,0.0,0,0,0.0
dd4c16777fb2ccf9,Heather Clark,Hurricane,"5' 6""",115,64,Orthodox,1980-09-19,3.69,49,5.62,50,0.33,4,80,0.3
6c8072b61c276e67,Jessica-Rose Clark,,"5' 5""",135,64,Orthodox,1987-11-28,3.73,51,3.51,58,1.66,42,62,0.3
e5ecaf884b6da2bc,Chris Clements,The Menace,"5' 10""",170,70,Orthodox,1976-02-09,3.2,49,2.37,44,0.0,0,32,0.3
48e96d9cea6d4ab0,Josh Clopton,The Gentleman,"5' 6""",145,,Orthodox,1981-07-11,1.6,64,2.87,50,2.0,66,75,0.0
8e32bfcff3ec1717,RJ Clifford,,,160,,,,0.0,0,0.0,0,0.0,0,0,0.0
3138fab619faf4d1,Brian Cobb,,"5' 11""",155,,Orthodox,1980-09-03,0.0,0,3.68,55,5.81,50,0,0.0
a77c71a574132188,John Clarke,,,170,,,1977-08-15,0.0,0,0.0,0,0.0,0,0,0.0
7d21de9c6d7c98b2,Rich Clementi,No Love,"5' 9""",155,72,Southpaw,1976-03-31,1.43,37,2.29,60,1.72,42,25,1.1
dc6d8256ee3dfba5,Darryl Cobb,,"5' 9""",185,,,1980-08-04,0.0,0,0.0,0,0.0,0,0,0.0
c76ec2bc3a57666a,Mitch Clarke,Danger Zone,"5' 10""",155,73,Orthodox,1985-11-24,2.35,34,3.27,47,0.64,15,50,0.4
8fa7e0bc052185ce,Dakota Cochrane,,"5' 8""",155,,,1986-05-01,2.66,75,2.66,30,4.43,33,0,0.0
6dbb1107de9a4a08,Dave Cochran,,"5' 6""",155,,,1973-05-10,0.0,0,0.0,0,0.0,0,0,0.0
e90d9d0681270953,Marc Cofer,,,185,,,1972-03-03,0.0,0,0.0,0,0.0,0,0,0.0
0b77a05bcbd2de74,Marloes Coenen,,"5' 9""",145,67,,1981-03-31,2.15,51,1.9,67,0.82,30,41,2.5
8b260672a21d1fd6,John Cofer,The Potter,"5' 9""",155,,Southpaw,1984-04-29,2.73,41,3.43,62,1.22,50,64,0.0
a0c29b13f7a5df32,Chris Coggins,,,,,,,0.0,0,0.0,0,0.0,0,0,0.0
2eab7a6c8b0ed8cc,Wayne Cole,,"6' 1""",205,,Orthodox,1971-01-06,0.57,20,8.33,27,4.31,25,0,4.3
dbac0a413af64bbe,Felipe Colares,Cabocao,"5' 8""",145,69,Orthodox,1994-03-31,2.17,45,4.65,36,1.88,24,43,0.5
987b80f57190d6d0,Ivan Cole,JP,"5' 9""",135,,,1990-11-30,2.68,36,4.69,46,0.0,0,0,0.0
cecd72feb0d640e3,Coltin Cole,,,185,,,1989-04-24,0.0,0,0.0,0,0.0,0,0,0.0
5d8a9c95af50280a,Chandler Cole,The Hammer,"5' 10""",264,72,Orthodox,1995-01-09,2.45,60,3.59,26,0.0,0,0,0.0
1174782eacde9b0c,Devin Cole,,"6' 4""",240,,Orthodox,1976-10-01,3.5,55,2.14,48,2.18,42,66,0.0
ffb20ae0db47ebe6,Cortez Coleman,Hollywood,"6' 1""",185,,,1982-01-28,0.0,0,0.0,0,0.0,0,0,0.0
21b8a0f5c231096f,Mark Coleman,The Hammer,"6' 1""",205,75,Orthodox,1964-12-20,1.88,52,2.62,40,3.89,40,50,0.8
b4ebc1539a08054b,Roque Conceicao,,"5' 4""",125,67,Orthodox,1999-10-27,2.73,40,9.09,41,0.0,0,0,0.0
70fc8214822b5a85,Shane Collins,Hollywood,"5' 9""",145,71,Orthodox,2000-03-08,5.07,55,3.87,34,0.0,0,44,3.0
dfc7f0a2d91ad337,Willian Colorado,,"5' 10""",135,72,,1986-06-21,0.0,0,0.0,0,0.0,0,0,0.0
cc900c6a71ed23f3,Clay Collard,Cassius,"5' 11""",145,73,Orthodox,1993-03-10,4.22,32,5.0,50,2.81,39,71,0.5
9123c54d0a2b72dd,Christian Colombo,,"6' 5""",265,,Orthodox,1980-07-01,2.76,44,4.02,42,0.0,0,33,0.0
6b64db453edf4c50,Jamie Colleen,,"5' 3""",115,65,Orthodox,1985-11-02,3.11,61,5.66,33,0.52,33,50,1.6
92fa1401b7927da3,Jake Collier,The Prototype,"6' 3""",230,78,Orthodox,1988-10-25,5.8,44,5.08,50,0.71,33,67,0.6
a85998eb79650b2c,Wes Combs,The Soldier,"6' 2""",205,,Orthodox,1973-06-18,2.14,48,4.73,45,0.0,0,0,0.0
a76c07e8e4c76e9a,Rose Conceicao,,"4' 7""",115,65,Orthodox,1997-05-13,3.07,28,6.73,60,0.0,0,0,0.0
c44530d3969134a3,Jack Congdon,.50 Cal,"6' 2""",170,75,Switch,1997-05-21,5.29,35,9.71,21,0.0,0,100,0.0
f9f07bb5a43535ed,Carlos Condit,The Natural Born Killer,"6' 2""",170,75,Orthodox,1984-04-26,3.66,39,2.67,55,0.59,46,38,1.0
1c061eb6e29eaa0a,Bob Cook,Crazy,"5' 9""",170,,Orthodox,,0.0,0,0.0,0,0.0,0,0,0.0
41e77dc504a192c6,Chris Condo,,"6' 0""",335,,Orthodox,,0.0,0,0.0,0,0.0,0,0,0.0
e6daf9cdbf0da889,Chad Cook,,"6' 2""",205,,,1979-11-07,0.0,0,0.0,0,0.0,0,0,0.0
3ab0df1ddd5f1dc2,Mike Cook,,"6' 1""",205,,Orthodox,1981-10-07,1.72,49,2.4,46,1.03,33,55,2.1
5efaaf313b652dd7,Dewey Cooper,The Black Cobra,,205,,,1974-11-10,0.0,0,0.0,0,0.0,0,0,0.0
d450769115a193c2,Marcos Conrado Jr.,,"6' 2""",220,,Orthodox,1982-03-14,1.6,34,9.69,35,1.84,14,0,0.0
06d4eb8123087123,Jonathan Contrestano,JT,,155,,,,0.0,0,0.0,0,0.0,0,0,0.0
2ebfbe72ed703925,Tristan Connelly,Boondock,"5' 10""",145,68,Orthodox,1985-12-12,3.31,51,2.96,50,0.33,14,60,0.3
18f5669a92e99d92,Jeremiah Constant,,"6' 1""",240,,Orthodox,1974-07-19,1.5,75,3.25,43,0.0,0,0,7.5
6ab620a6b7e80a72,Callum Connor,007,,155,,,,0.0,0,0.0,0,0.0,0,0,0.0
fa238ecfd048f7d8,TJ Cook,,,205,,,1982-09-08,2.3,47,3.18,54,1.01,50,0,0.0
88ffe9745e218dd8,Brett Cooper,,"6' 0""",170,,Orthodox,1987-07-02,0.0,0,0.0,0,0.0,0,0,0.0
3aa794cbe1e3484b,Josh Copeland,Cuddly Bear,"6' 1""",265,,Orthodox,1982-10-20,1.03,31,3.01,55,0.0,0,57,0.0
2b91eff985b532cd,Michael Cora,Kookie Monster,"6' 1""",170,77,Southpaw,1989-08-24,0.8,28,0.13,66,0.0,0,25,0.0
3f52ce18fb98008f,Akira Corassani,,"5' 8""",145,68,Orthodox,1982-08-27,3.25,45,4.91,50,0.7,28,86,0.0
1b51895e5572cfda,Bobby Cooper,Super Duper,"6' 1""",155,,,,2.87,25,3.4,59,0.0,0,40,1.0
78bd6940d093fd33,Bill Cooper,,,155,,,1984-05-05,0.0,0,0.0,0,0.0,0,0,0.0
ce47f49e5c386a9c,Kit Cope,Havoc,"6' 0""",170,,Orthodox,1977-03-17,1.18,52,2.12,35,0.0,0,50,3.5
d4a31850a7457f1b,Amanda Cooper,ABC,"5' 3""",115,64,Switch,1991-10-22,3.55,44,3.2,51,1.53,38,28,1.8
8c8c92a12621d7e0,Chris Cope,C-Murder,"6' 0""",170,72,Orthodox,1983-03-05,3.96,26,4.82,50,0.0,0,80,0.0
1f9344211ca7fd60,Muhsin Corbbrey,,"5' 10""",155,,Orthodox,1978-05-18,2.02,34,5.41,53,0.0,0,80,0.4
5e9ca8dd7d783a75,Alden Coria,Cobra,"5' 8""",125,67,Orthodox,1998-04-24,4.05,41,2.21,69,2.21,54,56,1.5
f2b3f4ef3f780168,Nora Cornolle,,"5' 7""",135,67,Orthodox,1989-12-06,2.73,55,2.04,56,0.22,11,47,0.2
d967f0128c323de6,Daniel Cormier,DC,"5' 11""",235,72,Orthodox,1979-03-20,4.25,52,2.92,54,1.83,44,80,0.4
7cb0946d51b8cde7,Henry Corrales,,"5' 9""",145,,,,4.12,41,5.84,55,0.0,0,69,0.0
fe67cd6423f7a8ad,Clint Coronel,,,155,,,1981-06-15,4.93,32,5.6,66,0.0,0,66,0.0
4e9fb05d7e5e61b8,Wesley Correira,Cabbage,"6' 3""",260,,Orthodox,1978-11-11,2.6,36,8.8,40,0.0,0,90,0.0
673ea7dcc786b1b3,Bethe Correia,Pitbull,"5' 5""",135,64,Orthodox,1983-06-22,4.37,43,4.93,56,0.39,18,85,0.0
68d4a891e5cf2029,Tracy Cortez,,"5' 5""",125,65,Orthodox,1993-12-10,3.95,48,3.61,53,2.04,40,59,0.3
1a7d44196949577c,Reyes Cortez Jr.,,"5' 7""",135,68,Orthodox,1992-07-31,4.1,45,7.43,52,1.5,11,100,0.0
1267b631db78665a,Chad Corvin,The Brave Warrior,"6' 5""",255,,,,0.0,0,0.0,0,0.0,0,0,0.0
fc08099550072fe4,Waldo Cortes Acosta,Salsa Boy,"6' 4""",260,78,Orthodox,1991-10-03,5.34,48,3.63,54,0.4,50,73,0.1
2c010b26a3306969,Orion Cosce,Galaxy,"5' 11""",170,71,Switch,1994-07-15,2.77,53,4.02,44,1.92,40,61,0.0
afe8d5b39ff7fca2,Louis Cosce,,"5' 9""",170,71,Orthodox,1995-08-27,4.31,45,5.35,47,1.04,20,50,0.5
d150c6fbdb7687f4,Miguel Cosio,,"6' 4""",205,,,1981-02-18,0.0,0,0.0,0,0.0,0,0,0.0
222d6b547de2e035,Jadson Costa,,"5' 7""",155,,Orthodox,1980-11-18,0.2,50,3.05,50,0.0,0,0,0.0
28877eddb1c0b967,Guilherme Costa,The Prodigy,,155,,,,0.0,0,0.0,0,0.0,0,0,0.0
0aa92558424ced9e,Randy Couture,The Natural,"6' 1""",205,75,Orthodox,1963-06-22,2.85,57,1.53,59,2.78,46,58,0.5
325ad0dd9126d3df,Randy Costa,The Zohan,"5' 9""",135,73,Switch,1994-07-06,6.53,46,7.58,58,0.0,0,50,0.0
2e5c2aa8e4ab9d82,Paulo Costa,The Eraser,"6' 1""",205,72,Orthodox,1991-04-21,6.15,59,5.96,49,0.3,42,77,0.0
f584a6e0b5b74604,Oscar Cota,Elevation,"6' 0""",230,72,Orthodox,1984-10-15,0.33,41,2.47,41,0.0,0,60,1.0
20bccc9bb4ceb23e,Melquizael Costa,The Dalmatian,"5' 10""",145,71,Southpaw,1996-09-14,4.29,47,3.19,50,1.53,35,50,0.8
3fa97913cfd205d3,Alessandro Costa,Nono,"5' 4""",125,67,Orthodox,1996-01-28,3.77,46,3.71,57,0.7,26,87,0.7
9fa3bd637edd9aa2,Patrick Cote,The Predator,"5' 11""",170,75,Orthodox,1980-02-29,2.81,48,3.21,48,0.68,20,43,0.2
8112c9a23dccc759,JR Coughran,Bam Bam,"5' 6""",145,,Orthodox,1994-05-17,12.29,57,6.8,45,0.0,0,75,0.0
3ec1e4ba98c9c85a,JC Cottrell,,"5' 9""",155,,Orthodox,1989-11-04,0.79,25,2.75,45,0.79,100,50,0.0
c41cbb5bf944ca54,Vitor Costa,,"6' 2""",185,75,Orthodox,2000-09-19,7.36,54,9.62,50,0.0,0,0,0.0
d1528ac5675558b1,Rashad Coulter,Daywalker,"5' 11""",205,76,Orthodox,1981-11-27,4.82,56,6.68,50,0.0,0,62,0.0
79ab17db3b40831a,Dave Courchaine,,"5' 8""",170,,,1983-02-08,0.0,0,0.0,0,0.0,0,0,0.0
15ec018d144710db,Nathan Coy,Soulforce,"5' 10""",170,69,Southpaw,1978-07-24,3.88,52,2.4,61,3.17,47,50,0.0
3c26c420584d912d,Hailey Cowan,All Hail,"5' 8""",135,67,Southpaw,1992-02-12,2.72,41,3.12,41,1.8,37,80,0.0
84c43f0d25f15b0b,Kim Couture,Sugar Free,"5' 8""",135,,Orthodox,1975-12-18,12.12,80,2.31,69,0.0,0,0,0.0
c9bbf1a0285a8076,Jeff Cox,The Grinder,"5' 10""",155,,Orthodox,1968-08-02,0.56,25,1.69,33,4.23,50,80,0.0
400c7b43c86d27d3,Nikk Covert,The Brick,"5' 8""",185,,,1969-08-04,0.0,0,0.0,0,0.0,0,0,0.0
46fd223e3ced39b3,Ryan Couture,,"5' 10""",155,73,Orthodox,1982-08-27,3.54,45,2.87,54,1.55,29,46,1.3
dc9572dd6ec74859,Colby Covington,Chaos,"5' 11""",170,72,Orthodox,1988-02-22,3.81,38,3.09,54,3.64,42,68,0.2
480b702debcb5433,Dan Cramer,,"6' 2""",170,,Orthodox,1985-10-31,0.97,30,2.1,31,0.0,0,66,0.5
25433871e4eee0f4,Alberto Crane,,"5' 5""",155,,Orthodox,1976-07-14,0.43,25,2.61,57,0.0,0,50,4.0
8a70ceb3edbe757b,Andrew Craig,Highlight,"6' 1""",170,76,Orthodox,1986-01-15,2.39,40,3.01,50,0.53,37,72,0.0
89b8d1bf1ff09d1d,Tim Credeur,,"6' 3""",185,75,Orthodox,1977-07-09,3.59,30,3.13,57,0.41,100,50,3.3
eabf206b162b3b83,Paul Craig,Bearjew,"6' 3""",205,76,Orthodox,1987-11-27,2.5,45,3.04,43,1.43,18,35,1.3
a8c3ce469cb8b130,Helena Crevar,,,,,,,0.0,0,0.0,0,0.0,0,0,0.0
ed73c85164a5f5a4,Paul Creighton,,"5' 6""",155,,Southpaw,1970-06-04,0.72,75,4.65,30,5.37,37,0,0.0
15dedd05f8bcb475,Alexander Crispim,,,145,,,,0.0,0,0.0,0,0.0,0,0,0.0
51e2f44a8dbf6984,Melissa Croden,Scare,"5' 9""",135,68,Orthodox,1991-04-12,4.27,47,2.13,59,2.02,50,66,0.3
98601a40e9d96047,Jeff Crotty,,,155,,,,0.93,35,3.33,54,5.0,38,0,1.0
8944a0f9b2f0ce6d,Alex Crispin,,,155,,,,0.0,0,0.0,0,0.0,0,0,0.0
35b3772629e27a49,Kevin Croom,Crash,"5' 11""",135,73,Orthodox,1987-07-15,2.65,34,3.1,41,0.48,5,30,0.5
a9d6e047ce48ab63,Allen Crowder,Pretty Boy,"6' 3""",245,76,Orthodox,1989-11-08,2.95,51,2.95,56,1.85,33,100,1.2
923767209632e08a,Ken Cross,The Boss,"6' 0""",155,72,Southpaw,1994-10-04,2.2,57,1.4,55,1.0,12,66,0.0
4729c93ba705a3bf,Kiefer Crosbie,BDK,"5' 11""",170,70,Switch,1990-04-05,4.46,64,5.8,46,0.0,0,40,0.0
003d82fa384ca1d0,Aalon Cruz,,"6' 0""",145,78,Switch,1989-09-20,7.58,39,8.88,58,0.0,0,0,0.0
6aa1cbc1466e9a0b,Marcio Cruz,Pe de Pano,"6' 4""",232,,Orthodox,1978-04-24,2.92,46,1.51,68,0.53,7,37,1.6
0e46690e55a8df75,Timmy Cuamba,Twilight,"5' 9""",135,71,Orthodox,1999-02-08,2.88,42,3.72,55,1.18,31,71,0.0
70e1f8a821b72c8b,Jimmy Crute,,"6' 2""",205,74,Orthodox,1996-03-04,4.15,52,3.65,42,4.39,52,58,2.0
10f3ba6cd2f44a97,Dominick Cruz,The Dominator,"5' 8""",135,68,Orthodox,1985-03-09,3.91,33,2.61,70,2.82,42,83,0.1
6751eacd16bd59bc,Josh Culibao,Kuya,"5' 10""",145,73,Orthodox,1994-05-24,3.41,44,3.04,59,0.0,0,65,0.3
22ee260735da0d58,Richard Crunkilton,Cleat,"5' 7""",155,,Orthodox,1979-11-25,1.72,41,1.45,58,4.08,61,65,1.3
5f99b2bafb10305f,Daron Cruickshank,Detroit Superstar,"5' 8""",155,72,Switch,1985-06-11,2.88,38,2.98,57,2.04,41,60,0.2
e59b13321562eed3,Chris Culley,,,145,,,1986-03-25,0.0,0,0.0,0,0.0,0,0,0.0
2f8f3c69522db931,Abel Cullum,The Silent Assassin,"5' 7""",139,,Orthodox,1987-04-21,1.82,40,1.23,46,4.01,52,0,2.8
683ea28a198936fe,Jay Cucciniello,,"5' 7""",155,,Orthodox,1986-07-23,0.93,21,4.73,36,0.0,0,71,0.0
3aeb69b4a13ff0e8,Emilio Cuellar,Show Kid,,125,,,,0.0,0,0.0,0,0.0,0,0,0.0
46a17755f80f63e8,Hugo Cunha,Silverback,"6' 3""",263,79,Orthodox,1993-02-04,0.6,30,3.01,34,0.0,0,0,0.0
eb49fe2f85ae9526,Tommy Cuozzi Jr.,Little T,"5' 9""",145,71,Orthodox,1999-08-31,2.43,17,14.22,34,0.0,0,0,0.0
b8b765e320a8db39,Santo Curatolo,,"5' 3""",125,62,Southpaw,1995-01-18,1.4,39,6.07,34,2.0,33,100,0.0
305bde44ff664788,Alton Cunningham,The Bo-Man,"6' 2""",205,77,Orthodox,1993-06-24,3.33,75,4.94,20,1.67,10,100,0.0
d1053e55f00e53fe,AJ Cunningham,The Savage,"5' 10""",135,71,Orthodox,1994-09-07,4.22,29,6.31,48,0.0,0,46,0.5
46f11d15c0134fe3,Larry Cureton,,"6' 2""",240,,Orthodox,,0.0,0,0.0,0,0.0,0,0,0.0
05e4be525cb3578c,Everett Cummings,,,205,,,,0.43,60,4.34,45,0.0,0,0,2.2
a8ea84cbe1655f0a,Jeff Curran,Big Frog,"5' 6""",135,69,Orthodox,1977-09-02,1.54,31,2.48,60,0.35,12,35,1.2
4ba8d454f762005d,Zak Cummings,,"6' 0""",205,75,Southpaw,1984-08-02,2.96,35,2.91,55,0.62,28,66,0.6
93ce4ac89e3d7652,Luke Cummo,,"6' 0""",170,74,Orthodox,1980-04-27,1.74,43,1.5,59,0.89,55,42,1.4
e51e5cb722bd47a8,Patrick Cummins,Durkin,"6' 2""",205,76,Orthodox,1980-11-16,4.26,50,3.35,55,4.49,41,28,0.1
d8291d0dd63da29c,Pat Curran,Paddy Mike,"5' 9""",145,,,1987-08-31,4.7,58,4.4,63,2.5,62,66,0.0
05b43e0ead3df345,Kailin Curran,,"5' 4""",115,65,Orthodox,1991-04-11,3.89,43,4.75,53,2.0,57,61,0.6
4565d435005319c0,Minoki Ichihara,,"5' 7""",178,,Orthodox,1968-06-30,0.0,0,0.0,0,0.0,0,0,0.0
30cad5a751adcb48,Alibi Idiris,,"5' 6""",125,68,Orthodox,1994-10-22,2.51,44,2.64,60,3.25,31,66,0.0
c3218c810959d279,Khadis Ibragimov,,"6' 3""",205,78,Orthodox,1995-05-21,3.55,49,4.26,47,0.97,30,80,0.3
59279a7c978f7da0,Al Iaquinta,Raging,"5' 10""",155,70,Orthodox,1987-04-30,4.06,40,4.53,61,0.63,18,74,0.2
b8ff02d5703eca3a,Will Currie,Drago,"6' 3""",185,76,Switch,1998-11-12,2.73,47,5.67,44,2.0,13,50,0.0
5442f1bc4b47eaf3,Chris Curtis,Action-Man,"5' 10""",170,75,Orthodox,1987-07-15,5.52,50,5.75,54,0.0,0,64,0.0
031c06c8210e357c,Matty Iann,Ironside,,135,,,2000-10-26,0.0,0,0.0,0,0.0,0,0,0.0
44a94bbde42246e4,Gleidson Cutis,Poney,"5' 9""",155,,Orthodox,1989-02-07,2.99,52,8.28,59,0.0,0,0,0.0
cd13728ae1151f46,Ion Cutelaba,The Hulk,"6' 1""",205,75,Southpaw,1993-12-14,4.13,43,3.42,46,4.02,51,76,0.3
df9e9c1f65805d29,Sergey Ignatov,,"5' 9""",210,,Orthodox,1971-10-13,0.35,50,3.25,42,0.0,0,0,0.0
7b6ce3a9460565b5,Valeri Ignatov,,"5' 9""",170,,Orthodox,,0.0,0,0.0,0,0.0,0,0,0.0
a4dd5c9a75763295,Masakazu Imanari,,"5' 4""",139,,Southpaw,1976-02-10,0.55,30,1.74,57,0.0,0,0,2.1
82a5152216251682,Dan Ige,100K,"5' 7""",135,71,Orthodox,1991-08-06,3.6,45,3.56,56,0.93,26,56,0.2
b71667c778b6d9e5,Mikhail Iloukhine,,"5' 9""",205,,Orthodox,1966-11-21,0.16,20,2.95,26,0.0,0,0,7.0
7f0f171414d0a287,Zelim Imadaev,,"6' 0""",170,76,Orthodox,1995-01-25,2.91,36,4.35,43,0.38,50,60,0.0
3abe2b6b2d9b7efc,Kento Imai,,,125,,,1999-08-10,0.0,0,0.0,0,0.0,0,0,0.0
81f38d1640c4e70d,Seichi Ikemoto,,"5' 11""",168,,Orthodox,1975-08-24,2.59,32,3.74,57,1.23,26,60,0.0
263ebd4a669e1e98,Fabiano Iha,,"5' 8""",155,,Orthodox,1970-07-28,1.73,47,2.49,42,2.88,40,50,2.9
2ce6541127b0e232,Yusuke Imamura,,"5' 8""",220,,Orthodox,1976-08-08,0.18,50,1.83,52,2.75,50,0,0.0
b5882371e2a3900d,Katsuya Inoue,,"5' 9""",168,,Southpaw,1979-08-10,3.41,24,12.89,51,0.0,0,66,0.0
f0a381ba65d2a933,Chris Inman,,,,,,,0.0,0,0.0,0,0.0,0,0,0.0
e7fe5315b1efeb92,Guto Inocente,,"6' 3""",205,,Orthodox,1986-05-29,4.13,66,2.92,54,0.67,33,66,0.7
37a6c95201592fea,Egan Inoue,,"5' 9""",190,,Southpaw,1965-07-04,1.66,36,3.31,57,0.0,0,0,0.0
d5b7fac960e58920,Chris Indich,,"5' 10""",170,,,1987-04-22,1.31,30,4.32,43,0.75,50,50,1.5
0cf935519d439ba6,Enson Inoue,Yamato Damashii,"5' 10""",210,,Orthodox,1967-04-15,1.7,63,1.88,30,0.0,0,33,0.0
59e52d56bab2b1ee,Michael Imperato,,"5' 7""",135,66,Switch,1989-09-01,1.93,48,2.67,60,1.0,12,0,1.0
bb56173e2275e622,Rui Imura,,"5' 10""",135,69,Southpaw,1999-03-24,1.65,33,4.19,33,1.65,20,0,0.0
4908c5ee68a50ee5,Brad Imes,Hillbilly Heartthrob,"6' 7""",265,,Orthodox,1977-03-13,2.73,31,4.24,49,1.72,71,0,1.0
a61a0cd2829e5d4e,Takeshi Inoue,Lion,"5' 8""",145,,,1980-03-18,2.54,44,3.32,61,0.0,0,47,0.0
881bf86d4cba8578,Nassourdine Imavov,The Sniper,"6' 3""",185,75,Orthodox,1996-03-01,4.28,54,3.17,58,0.74,32,81,1.0
199eb7cf6ae90294,Naoki Inoue,,"5' 9""",125,71,Orthodox,1997-06-14,3.67,35,3.37,60,0.0,0,60,2.5
1e75e6c9de99fa76,Jorge Interiano,,"6' 1""",205,,,,0.0,0,0.0,0,0.0,0,0,0.0
05a0556072931f01,Jason Ireland,The Irish Tornado,"5' 9""",161,,Southpaw,1979-12-30,1.2,25,2.07,51,3.59,75,0,1.2
a7f4d0902bb64092,James Irvin,The Sandman,"6' 2""",205,75,Orthodox,1978-09-12,2.03,48,3.86,35,0.0,0,36,0.5
a47c2a6e24757932,Eric Irvin,,"5' 8""",155,,,1986-01-10,3.27,42,4.47,36,4.0,30,33,0.0
e9095aeb36f2aeb8,Issa Isakov,Determinator,"5' 9""",155,70,Orthodox,1989-10-22,1.93,36,5.78,40,0.0,0,0,0.0
88cd34d836b4ebcd,Teruto Ishihara,Yashabo,"5' 7""",135,69,Southpaw,1991-07-23,3.26,44,3.63,53,0.5,16,30,0.0
82f5c81f4e3c3eb5,Mitsuhiro Ishida,The Endless Warrior,"5' 6""",154,,Southpaw,1978-12-29,1.46,41,1.13,61,4.76,53,33,0.7
eb89dc31949a1427,Eiji Ishikawa,,"5' 10""",170,,,1979-10-12,1.2,29,4.07,60,1.0,9,0,0.0
119ebea97e914dcf,Yuki Ishikawa,,"5' 11""",205,,Orthodox,1967-02-08,1.07,28,8.57,11,0.0,0,50,0.0
c8a49ff2acb6f3c5,Satoshi Ishii,,"5' 11""",240,,Orthodox,1986-12-19,1.41,36,1.58,63,3.47,52,100,1.6
f3155a94ca420126,Tokimitsu Ishizawa,Kendo Ka Shin,"6' 0""",185,,Orthodox,1968-08-05,1.34,30,2.99,59,2.74,18,0,0.0
d1e1fdcea7c8a90a,Leandro Issa,Brodinho,"5' 7""",135,69,Orthodox,1983-09-19,2.08,37,3.17,58,2.38,22,50,1.2
da6dfd09cca1d705,Wallid Ismail,,"5' 7""",205,,Orthodox,1968-02-23,0.92,31,0.83,44,1.85,28,0,0.5
135d124172a0bea3,Damir Ismagulov,Qazaq,"5' 10""",155,74,Orthodox,1991-02-03,3.36,42,2.44,61,1.0,28,70,0.0
f647247f0d9f3b50,Kuya Ito,Psycho Zombie,"5' 5""",135,66,Orthodox,1996-10-07,3.4,39,3.13,55,0.0,0,62,1.0
3c5005b66696d790,Anthony Ivy,Aquaman,"6' 2""",185,74,Orthodox,1990-01-23,2.5,42,4.57,51,4.69,20,100,0.0
1788eee370f077b7,Blagoy Ivanov,Baga,"5' 11""",250,73,Southpaw,1986-10-09,3.25,40,4.2,53,0.69,40,61,0.1
ac5f67109accb482,Tomomi Iwama,,"5' 3""",155,,Orthodox,1977-02-07,1.0,20,3.0,70,0.0,0,0,0.0
5b08af4fbc987f9c,Taiga Iwasaki,,"6' 1""",185,73,Orthodox,1997-07-07,1.99,33,7.08,32,0.0,0,0,0.0
afc2a7ce0c763bd5,Yoislandy Izquierdo,Cuba,"5' 11""",155,,Southpaw,1984-01-09,2.93,52,1.4,26,0.0,0,50,0.0
243b07fc65ccbb16,Tatsuya Iwasaki,,"5' 9""",205,,Orthodox,1969-06-20,0.79,100,8.68,38,0.0,0,0,0.0
de26d906f2874dd4,Saygid Izagakhmaev,,"6' 0""",170,74,Orthodox,1994-09-03,1.77,45,1.77,60,3.0,35,66,1.5
53e4e21f4c688801,Hiroshi Izumi,,,205,,Orthodox,1982-06-22,1.95,37,2.65,66,3.35,70,100,0.5
7be328bb3c2ea22e,Yukiya Naito,,"6' 1""",205,,Orthodox,1977-02-28,1.54,33,5.13,60,0.0,0,0,0.0
d5ae8074631762fc,Katsuhiko Nagata,,"5' 7""",154,,Southpaw,1973-10-31,1.05,19,1.5,63,0.98,28,28,0.0
e49c2db95e572dc8,Yuji Nagata,,"6' 0""",225,,Orthodox,1968-04-24,1.45,40,14.46,4,0.0,0,0,0.0
342422bb6ced1e8d,Greg Nagy,,"6' 1""",210,,Orthodox,1983-10-18,0.41,50,2.69,37,0.0,0,0,1.2
47e0b5833e6bc91a,Logan Nail,,,185,,,1989-06-20,1.93,51,2.27,39,0.0,0,37,0.0
50c469e0cb73be10,Yura Naito,2 FACE,"6' 0""",185,74,Orthodox,1996-04-26,1.22,44,5.33,28,1.67,9,0,0.0
8d11d9c13e2ccdf7,Muhammad Naimov,Hillman,"5' 9""",145,70,Orthodox,1994-08-07,2.51,40,3.35,44,1.49,30,68,0.2
7a9ca95a92d7b64c,Andrews Nakahara,,"6' 1""",185,,Orthodox,1983-03-12,2.68,44,1.9,57,0.0,0,72,0.4
f9ae6914f604aa9f,Rin Nakai,,"5' 1""",135,,Orthodox,1986-10-22,1.57,33,3.9,60,3.0,18,75,0.5
03e8df49c4a059ba,Yusaku Nakamura,,"5' 5""",145,,,1986-06-21,1.72,45,3.67,55,0.0,0,83,0.0
a196332ee4aa8a82,Daisuke Nakamura,,"5' 7""",154,,Orthodox,1980-06-10,0.94,30,1.38,61,0.46,40,30,3.6
65ddc8a9ac4e8531,Keita Nakamura,K-Taro,"5' 11""",170,73,Southpaw,1984-05-22,2.23,36,3.2,58,1.65,48,63,0.3
b034747dc1d15491,Kazuhiro Nakamura,Kaz,"5' 11""",205,70,Orthodox,1979-07-16,1.56,37,1.83,59,1.73,36,42,0.6
d8c811df0386d5e8,Rinya Nakamura,Hybred,"5' 7""",135,68,Southpaw,1995-03-23,3.27,52,1.72,63,2.58,81,100,1.4
776a58a67665a171,Nad Narimani,Smiler,"5' 8""",145,70,Orthodox,1987-04-14,3.33,42,3.0,58,1.92,41,70,0.0
8f4528c10bd34fab,Mandel Nallo,Mango,"6' 0""",155,75,Orthodox,1989-07-26,8.26,58,5.03,54,0.0,0,100,0.0
e18012194473e8b0,Yoshihiro Nakao,Kiss,"6' 0""",220,,Southpaw,1972-06-25,1.73,35,2.06,64,2.69,46,0,0.5
eb9446a4f44e19cf,Tokitaka Nakanishi,Toky,"5' 6""",135,66,Orthodox,1996-07-28,1.1,44,1.57,45,3.0,37,0,0.0
3618e0632ecdba9c,Keiichiro Nakamura,,"5' 10""",145,70,Southpaw,1998-12-02,4.48,41,4.28,63,0.0,0,78,0.0
a00ec21cfbba17b6,Yui Chul Nam,The Korean Bulldozer,"5' 9""",145,,Orthodox,1981-07-16,3.53,51,2.0,48,1.33,16,57,0.3
253076a23d03dcd0,Allan Nascimento,Puro Osso,"5' 8""",125,69,Orthodox,1991-09-11,3.2,51,2.53,53,1.04,20,41,0.9
95eb112a85601a0a,Jutaro Nakao,,"5' 9""",170,,Southpaw,1970-11-30,0.53,38,1.06,44,0.38,50,56,0.0
4b85abc5abbe657c,Jefferson Nascimento,Toddynho,"5' 8""",170,70,Orthodox,1998-11-19,2.42,48,2.56,57,0.0,0,66,0.0
d31a5546c0e9b213,Rodrigo Nascimento,Ze Colmeia,"6' 2""",246,80,Orthodox,1992-11-26,3.71,47,4.34,44,1.02,37,60,0.5
6e00cfffd54653c4,Tyson Nam,,"5' 7""",125,68,Orthodox,1983-10-06,3.87,33,4.97,65,0.0,0,87,0.0
6083f497c22cc075,Yasuhito Namekawa,,"5' 9""",205,,Orthodox,1974-10-27,0.14,50,3.65,38,2.11,25,0,4.2
3a12a2f096a6d975,Roger Narvaez,Silverback,"6' 3""",185,,Southpaw,1983-09-09,2.12,37,3.32,64,0.0,0,50,0.9
47b63240018d5d86,Rose Namajunas,Thug,"5' 5""",125,65,Orthodox,1992-06-29,3.5,41,3.38,63,1.47,48,62,0.3
d41937647eae9a34,Reza Nasri,,"5' 11""",205,,Orthodox,,0.0,0,0.0,0,0.0,0,0,0.0
154a6b3ffae264cd,Pawel Nastula,,"6' 0""",230,,Southpaw,1970-06-26,1.3,43,1.73,50,3.0,60,0,1.5
0dba4df5f34d5ff0,Rafael Natal,Sapo,"6' 0""",185,77,Orthodox,1982-12-25,3.1,47,2.48,57,2.55,34,77,0.5
769fa803bf9d2e3b,Nasrudin Nasrudinov,,"6' 0""",205,71,Orthodox,1991-10-06,1.03,87,0.29,75,2.2,50,40,0.0
307064d3e0f036c2,Fabio Nascimento,Negao,"5' 10""",185,,Orthodox,1981-03-18,2.94,38,4.63,55,0.0,0,55,0.8
1d4bbaabd8b60173,Stanislav Nedkov,Stucky,"5' 11""",205,71,Orthodox,1981-12-09,3.33,43,5.39,43,2.77,41,0,0.0
618f72750ec50b05,Danny Navarro,,"5' 10""",155,,,1983-05-27,3.83,32,4.62,57,2.17,25,100,0.0
7dfb56f24fe5ddea,Bobby Nash,,"6' 0""",170,74,Orthodox,1990-03-26,3.42,37,3.95,51,2.37,33,100,1.6
6a96ad1bc34fb113,Ismail Naurdiev,,"5' 10""",185,74,Orthodox,1996-08-18,3.66,52,1.75,64,1.48,40,73,0.2
6aae253467e8f9ce,Tafon Nchukwi,Da Don,"6' 0""",185,77,Orthodox,1994-10-14,5.57,52,4.11,54,0.76,57,64,0.0
0c258d1d8e16e5f1,Kevin Natividad,Quicksand,"5' 6""",135,70,Orthodox,1993-04-02,2.68,34,4.29,47,3.66,50,83,0.0
5751267660c734cb,Joe Neal,Nine Lives,"5' 6""",135,,,1986-07-29,1.87,19,3.8,66,0.0,0,0,0.0
d1a1314976c50bef,Josh Neer,The Dentist,"5' 11""",170,72,Orthodox,1983-03-24,3.29,46,3.63,58,1.09,34,46,1.3
52f7d300738961ac,Marcio Navarro,The Locomotive,"6' 0""",155,,,1978-09-17,0.0,0,0.0,0,0.0,0,0,0.0
e503aa5c252a1b4d,Dustin Neace,The Beast,"5' 9""",145,69,,1986-09-12,2.08,32,2.66,56,0.0,0,0,1.7
0b534765dca35e71,Josh Neal,,"6' 0""",185,,,,0.0,0,0.0,0,0.0,0,0,0.0
1209b5134401ca53,Mario Neto,Sukata,"6' 0""",229,,Orthodox,,1.89,50,1.89,70,2.84,100,0,0.0
b997be68943010fc,Geoff Neal,Handz of Steel,"5' 11""",170,75,Southpaw,1990-08-28,5.02,50,5.5,57,0.54,45,87,0.1
8c57c7b8c3bab0eb,Nicolae Negumereanu,,"6' 0""",205,78,Orthodox,1994-09-04,3.58,41,5.56,39,1.02,28,62,0.0
13e62d766b709aa6,Steve Nelmark,The Sandman,"6' 0""",240,,Orthodox,,0.0,0,0.0,0,0.0,0,0,0.0
2db7fa8db6bc9632,Shane Nelson,Sugar,"5' 9""",155,70,Southpaw,1984-11-29,1.38,31,2.84,61,1.31,18,54,1.6
fd55393021a8c255,Gunnar Nelson,Gunni,"5' 11""",170,72,Switch,1988-07-28,1.77,61,3.06,48,2.0,52,68,1.0
3f7c14c7eca7195d,Roy Nelson,Big Country,"6' 0""",263,73,Orthodox,1976-06-20,2.18,36,4.79,46,1.14,27,65,0.1
f4db63258ecf0613,Lissette Neri,,"5' 2""",145,,,1987-08-05,0.0,0,0.0,0,0.0,0,0,0.0
34d4cae19105eb68,Cameron Nelson,,,170,,,1998-07-28,0.0,0,0.0,0,0.0,0,0,0.0
31f8081c7600da93,Kyle Nelson,The Monster,"5' 11""",155,71,Switch,1991-04-20,3.6,45,4.58,53,1.18,23,66,0.5
195d0d3e14a2e256,Julio Cesar Neves Jr.,Morceguinho,"5' 8""",145,,,1994-04-25,1.98,35,4.81,51,1.06,25,76,0.0
94609dd91731d428,Jeff Newton,,"6' 2""",205,,Sideways,1966-12-11,0.28,20,1.41,52,0.0,0,0,8.5
fae67903c4fe636b,Antonio Braga Neto,,"6' 3""",185,77,Orthodox,1987-10-29,1.36,33,3.92,45,3.07,37,0,0.5
8d03ce87ca14e778,Francis Ngannou,The Predator,"6' 4""",250,83,Orthodox,1986-09-05,2.33,41,2.16,41,0.76,62,71,0.3
f562238becb9ec50,Nick Newell,Notorious,"5' 10""",155,,Southpaw,1986-03-17,3.53,46,4.07,36,0.0,0,33,0.0
1d688fa375d9431c,Eduardo Neves,Bebezao,"6' 2""",263,78,Orthodox,2000-03-16,7.69,65,6.15,55,5.77,66,0,0.0
78f485f851891d68,Journey Newson,,"5' 5""",135,67,Orthodox,1989-03-07,2.64,32,2.57,64,0.56,16,43,0.3
2b6d855c6e280fb1,Alex Nicholson,The Spartan,"6' 4""",185,77,Orthodox,1990-05-02,4.12,43,4.65,47,0.0,0,50,0.5
35673bf5204524ee,Bo Nickal,,"6' 1""",185,76,Southpaw,1996-01-14,3.36,61,1.93,60,3.12,57,100,2.3
952f6fa06f25a0ec,Carlos Newton,The Ronin,"5' 9""",170,,Orthodox,1976-08-17,0.65,41,1.55,44,2.47,70,43,0.9
fbbbc68d368832fa,Emanuel Newton,The Hardcore Kid,"6' 1""",205,,,1984-01-02,1.92,49,1.35,51,2.02,100,0,0.0
fd08d6536b7b91f0,Nghiem Van Y,,"5' 7""",135,68,Orthodox,1999-05-15,3.84,54,1.83,71,0.0,0,90,0.0
2bd98ab77a8daa75,Stewart Nicoll,Kakamora,"5' 5""",125,65,Orthodox,1994-11-04,3.01,37,4.81,54,2.82,22,33,0.0
840d2c82ea68b9aa,Ben Nguyen,Ten,"5' 5""",125,65,Switch,1988-08-03,3.51,40,3.01,59,0.25,33,63,1.0
69037fc7730e4225,Steven Nguyen,The Ninja,"5' 11""",145,73,Switch,1993-05-19,7.47,42,7.1,60,0.24,100,88,0.0
52a003d768f10d91,Khomkrit Niimi,The Bumblebee,"5' 2""",125,,,,0.0,0,5.73,44,0.0,0,0,0.0
3edf45e1717fa764,Jaimelene Nievera,Queenie,"5' 5""",125,,Orthodox,1984-10-28,1.67,53,8.73,33,1.79,16,0,0.0
5fceb45939fc0c8a,Tom Niinimaki,Stoneface,"5' 9""",145,69,Orthodox,1982-07-25,1.91,54,2.31,58,2.97,46,33,0.5
1a31ef98efce7a79,Matheus Nicolau,,"5' 6""",125,66,Orthodox,1993-01-06,3.31,51,2.98,65,1.22,43,90,0.8
5f926979c980b87e,Borislav Nikolic,Zombee,"5' 9""",135,72,Orthodox,1993-01-29,3.8,38,2.8,58,1.0,100,62,2.0
a9bcf8717dd12532,Mats Nilsson,,"6' 1""",170,,Orthodox,1983-12-05,2.99,39,5.62,63,3.87,83,44,2.3
346f789951e85f3f,Fedor Nikolov,,,,,,,0.0,0,0.0,0,0.0,0,0,0.0
330ec26453c44a59,Mike Nickels,,"6' 4""",205,,Orthodox,1971-12-13,4.44,52,1.11,64,11.11,80,0,2.8
53e533db1b8e9712,Jack Nilson,,,,,,,0.0,0,0.0,0,0.0,0,0,0.0
4956f60b7fa57c1a,Hans Nijman,,"6' 0""",250,,Switch,1959-10-23,0.0,0,0.0,0,0.0,0,0,0.0
22aa91e402d0fe1f,Ramsey Nijem,,"5' 11""",155,75,Orthodox,1988-04-01,3.05,44,1.62,62,5.32,62,55,1.1
7beecbe0a08cf002,Yamato Nishikawa,,"5' 7""",155,,Orthodox,2002-12-06,0.0,0,0.0,0,0.0,0,0,0.0
6c9383ffab2725a5,Akiyo Nishiura,Wicky Akiyo,"5' 8""",139,,Southpaw,1983-08-08,1.59,57,1.26,57,0.0,0,52,0.3
5cde96e0a1a1fffe,Yosuke Nishijima,,"5' 9""",205,,Orthodox,1973-05-15,1.72,37,5.59,56,0.0,0,0,0.0
6bf5a7d3e081ade2,Anthony Njokuani,The Assassin,"6' 1""",155,75,Orthodox,1980-03-01,3.94,46,2.41,65,0.5,45,53,0.2
2c1170b825f58e57,Guangyou Ning,Smasher,"5' 4""",145,64,Southpaw,1981-12-15,2.66,41,1.91,61,1.09,50,62,0.3
6810d8d2dd557cf9,Soichi Nishida,,"5' 11""",320,,Orthodox,1967-03-02,0.0,0,0.0,0,0.0,0,0,0.0
4acf03bdec2025d7,Kyle Noblitt,,"6' 2""",243,,,1989-12-26,0.0,0,0.0,0,0.0,0,0,0.0
21321cdfba797c52,Derrick Noble,The Eraser,"5' 9""",170,,Southpaw,1978-08-14,6.21,40,3.79,59,0.0,0,0,0.0
c68c68efaa5ca6ef,Chidi Njokuani,Bang Bang,"6' 3""",170,80,Orthodox,1988-12-31,5.16,61,3.32,57,0.0,0,75,0.1
e983c62faf677ab2,Pedro Nobre,The Rock,"5' 5""",135,,,1986-02-13,1.37,30,9.16,35,0.0,0,0,0.0
a3d1d060f9af97fe,Talita Nogueira,Treta,"5' 10""",145,,,1985-10-13,0.0,0,0.0,0,0.0,0,0,0.0
4c27ca8c8481f79a,Alexandre Franca Nogueira,Pequeno,"5' 7""",145,,Orthodox,1978-01-15,0.6,20,4.18,57,0.0,0,0,0.0
9bff1b4c37ebbede,Jacob Noe,Psycho,,205,,,1980-07-29,0.0,0,0.0,0,0.0,0,0,0.0
7339d340aa2889cb,Kyle Noke,,"6' 1""",170,76,Southpaw,1980-03-18,3.23,50,2.09,64,1.53,54,66,0.8
73e09f837f3b5ecc,Rogerio Nogueira,Minotouro,"6' 2""",205,75,Southpaw,1976-06-02,2.43,35,2.34,59,0.64,44,62,0.8
ee9d73f4fee9cbdd,Antonio Rodrigo Nogueira,Minotauro,"6' 3""",240,77,Orthodox,1976-06-02,1.95,42,2.4,55,1.3,29,36,2.4
6c3b2525436cf5d4,Tom Nolan,Big Train,"6' 3""",155,73,Southpaw,2000-03-08,4.84,45,3.74,48,1.08,26,58,1.4
d665de9b4da87c22,Nick Nolte,,"6' 0""",170,,,1981-03-04,0.0,0,0.0,0,0.0,0,0,0.0
64b12fe31be7560c,Eric Nolan,Night Time,"6' 2""",170,74,Orthodox,1997-09-13,1.68,34,2.59,44,0.0,0,44,0.0
f21a3d68fb9df387,Scott Norton,Hollywood,"5' 10""",170,,Orthodox,1973-03-15,0.67,30,0.34,60,2.52,25,0,0.0
ed9d8ee3a4239b1c,Sage Northcutt,Super,"6' 0""",170,71,Orthodox,1996-03-01,3.58,52,1.96,58,1.81,34,41,0.6
80fa8218c99f9c58,Amanda Nunes,The Lioness,"5' 8""",135,69,Orthodox,1988-05-30,4.55,51,2.62,57,2.73,54,82,0.7
b7ffa72aa148599a,KJ Noons,King,"5' 10""",155,70,Orthodox,1982-12-07,3.68,35,3.78,65,0.08,20,68,0.0
770108c77e4bcfd8,Norbert Novenyi,Magic,,185,,,1999-10-06,0.0,0,0.0,0,0.0,0,0,0.0
459e4dc69ec669b2,Jason Novelli,Flipside,"6' 0""",155,,Orthodox,1979-06-08,1.73,24,3.55,66,0.7,33,100,0.0
64360e618823a8e4,Phillipe Nover,The Filipino Assassin,"5' 9""",145,72,Orthodox,1984-02-03,1.79,35,2.48,56,0.99,28,44,0.7
0a73acff6325c1e2,Shayilan Nuerdanbieke,Wolverine,"5' 8""",145,69,Orthodox,1994-05-04,1.95,45,2.64,50,3.3,35,28,0.2
bd4389b71fdc0ce2,Jan Nortje,The Giant,"6' 1""",310,,Southpaw,1975-04-11,3.32,51,4.5,32,0.0,0,66,2.9
3a24769a4855040a,Diego Nunes,The Gun,"5' 6""",145,67,Orthodox,1982-11-30,2.72,43,2.59,58,1.18,44,65,0.6
9e8e5c529057fe60,Jonatas Novaes,,"5' 11""",170,,,1981-03-02,0.0,0,0.0,0,0.0,0,0,0.0
6b0e83b094f816ac,Shohei Nose,,"5' 6""",135,68,Switch,1997-10-19,1.52,37,2.17,52,2.23,17,14,3.6
efc67b07eed39794,Istela Nunes,,"5' 4""",115,66,Orthodox,1992-07-23,4.28,47,4.07,59,0.0,0,47,0.0
68d35296f566792b,Josiane Nunes,Josi,"5' 2""",135,67,Southpaw,1993-12-23,5.65,43,5.76,51,0.0,0,58,0.0
d343df8ba11f4c4e,Nina Nunes,,"5' 5""",125,64,Orthodox,1985-12-03,4.39,45,3.47,55,0.24,33,73,0.5
b37321c0bb9e8570,Azamat Nuftillaev,Dragon,"6' 0""",234,77,Orthodox,1994-01-01,0.6,56,1.6,25,4.0,44,0,0.0
0fd5f4b838e890cc,Said Nurmagomedov,,"5' 8""",135,70,Orthodox,1992-04-05,3.08,48,2.05,55,0.86,15,63,1.1
032cc3922d871c7f,Khabib Nurmagomedov,The Eagle,"5' 10""",155,70,Orthodox,1988-09-20,4.1,48,1.75,65,5.32,48,84,0.8
709fadb644ee3f51,Diyar Nurgozhay,,"6' 2""",205,74,Southpaw,1997-04-22,5.19,61,2.81,59,1.19,75,72,0.0
689502703bbfe5f2,Adilet Nurmatov,Kok-Zhal,,155,,,1997-08-02,0.0,0,0.0,0,0.0,0,0,0.0
029e1293e609fd74,Abubakar Nurmagomedov,,"5' 11""",170,72,Orthodox,1989-11-13,2.78,53,2.61,65,1.25,22,88,0.0
2b6fc1c02736833d,Umar Nurmagomedov,,"5' 8""",135,69,Orthodox,1996-01-03,3.86,56,1.86,61,4.03,46,79,0.2
0565706b1e7f7e7c,Kaiwen,The Underdog,"5' 8""",145,71,Switch,1995-10-16,3.73,42,4.72,54,1.41,26,92,0.0
c1ea9d56cd953586,Emily Kagan,,"5' 3""",115,,,1981-07-14,2.6,36,5.29,38,1.86,14,50,0.0
b180f05acb24d430,Patrick Kaase,Kamikaze,"5' 9""",185,,,,4.4,67,0.53,50,0.0,0,50,0.0
00a35c92b03992b0,Oron Kahlon,,"5' 8""",135,70,Orthodox,1984-11-04,0.85,37,4.93,36,0.0,0,40,0.0
8667caa0451d245b,Kennedy Nzechukwu,Chosen,"6' 5""",236,83,Southpaw,1992-06-13,4.96,46,4.58,51,0.5,45,80,0.2
2525a853486ee670,Sirwan Kakai,Zohan,"5' 5""",135,,Orthodox,1989-10-03,3.57,41,4.63,62,4.0,42,83,0.0
50a28b9f8314e008,Saidyokub Kakhramonov,,"5' 8""",135,69,Orthodox,1995-11-14,2.05,51,0.88,58,6.63,48,83,1.9
a7897d200692ab64,Kyung Ho Kang,Mr. Perfect,"5' 9""",135,73,Orthodox,1987-09-09,3.13,47,3.32,54,1.97,50,68,0.8
9336e86cfd4ceaa1,Bryson Kamaka,,"5' 11""",170,,Orthodox,,9.47,60,12.63,0,0.0,0,100,0.0
304fcd812f12c589,Geza Kalman,,"6' 1""",200,,,,0.0,0,0.0,0,0.0,0,0,0.0
eda579d906cf0ca2,Hiromitsu Kanehara,,"5' 10""",200,,Orthodox,1970-10-05,0.76,22,4.39,40,0.0,0,40,0.4
f3a078277b3b8ff4,Masanori Kanehara,,"5' 7""",135,67,Orthodox,1982-11-19,1.88,49,1.63,62,1.44,50,63,0.9
eee0ef3e2b14816b,Kai Kamaka III,Da Fighting Hawaiian,"5' 7""",145,69,Orthodox,1995-01-05,5.49,59,6.03,55,1.45,53,55,0.2
a46ab6c64d321c2d,Shah Kamali,,,265,,,1998-10-25,0.0,0,0.0,0,0.0,0,0,0.0
5345f86680378fc1,Ken Kaneko,,"6' 0""",161,,Orthodox,1976-10-19,0.0,0,0.94,42,0.0,0,0,3.5
efd2b3e9bb7965a4,Bharat Kandare,Daring,"5' 7""",135,72,Orthodox,1987-06-20,0.7,10,1.88,72,0.0,0,0,0.0
a46fa1c7972548d0,Shuya Kamikubo,Stealth,"5' 5""",135,68,Switch,1993-04-12,3.83,54,4.9,47,1.5,15,0,0.5
a497e228cce8a64f,Daichi Kamiya,,"5' 8""",155,68,Southpaw,1999-04-19,1.69,53,4.5,35,5.07,27,100,0.0
3c241737a6069b9f,Denis Kang,,"5' 11""",185,77,Orthodox,1977-09-17,2.27,35,1.65,67,2.51,65,38,1.2
b42d3a1469dab722,Koya Kanda,Bushido,"5' 9""",145,75,Southpaw,1995-12-20,3.63,41,2.9,53,2.0,18,100,0.0
8b69839f3555a67b,Martin Kampmann,The Hitman,"6' 0""",170,72,Orthodox,1982-04-17,3.22,42,3.28,62,1.86,41,78,2.0
5669b828e7e11329,David Kaplan,Diamond,"5' 7""",155,,Orthodox,1979-11-16,2.88,46,4.32,67,4.88,43,0,0.7
5d1b7e3dd9e11074,Manel Kape,StarBoy,"5' 5""",125,68,Southpaw,1993-11-14,4.68,55,3.88,57,0.36,30,78,0.2
43292ecf0e72c143,Georgi Karakhanyan,Insane,"5' 8""",145,,,1985-05-29,4.49,39,5.0,54,1.41,50,33,1.9
e361e5c858af6ff1,Alex Karalexis,The Assassin,"5' 8""",155,66,Orthodox,1977-09-20,2.57,42,2.39,54,2.7,45,86,0.9
853eb0dd5c0e2149,Kai Kara-France,Don't Blink,"5' 4""",125,69,Orthodox,1993-03-26,4.46,40,3.24,64,0.56,30,83,0.0
e4faa79383c9f214,Ernesta Kareckaite,Heavy-Handed,"5' 9""",125,71,Orthodox,1998-07-05,7.28,42,6.47,49,0.75,60,81,0.0
257b0c8d6f199895,Impa Kasanganay,Tshilobo,"5' 11""",170,75,Orthodox,1994-01-17,4.96,48,3.66,58,1.75,58,66,0.2
4a9120fa47bafef0,Jinnosuke Kashimura,,"5' 7""",155,71,Southpaw,2001-08-12,0.21,50,7.37,25,3.16,100,0,6.3
3058888c33149a53,Yusuke Kasuya,,"5' 7""",155,,Southpaw,1989-11-16,2.17,44,4.34,48,1.36,33,0,0.0
6e7506127408aa9e,Nadia Kassem,,"5' 5""",125,66,Southpaw,1995-11-15,3.13,41,4.48,48,0.46,33,40,2.8
542db012217ecb83,Tetsuji Kato,,,155,,Orthodox,1977-12-05,1.2,29,2.1,70,2.0,57,80,0.5
ebf1c247b2cba375,Hisaki Kato,,"6' 0""",185,,,1982-09-17,2.8,48,1.72,68,1.62,100,0,0.0
bb2c3c3a466224af,Lone'er Kavanagh,,"5' 6""",125,67,Orthodox,1999-06-09,4.13,50,3.94,53,1.12,46,82,0.4
7b433309b0fd12aa,Brad Katona,Superman,"5' 6""",135,64,Orthodox,1991-12-19,4.81,52,4.75,50,1.86,34,61,0.0
36df8e119aec6175,Sarah Kaufman,,"5' 5""",135,66,Orthodox,1985-09-20,6.65,46,4.0,62,0.38,57,81,0.0
751de04455cfaac0,Calvin Kattar,,"5' 11""",145,72,Orthodox,1988-03-26,4.41,37,6.55,54,0.34,29,77,0.1
fa2320781bfe4f49,Yusuke Kawaguchi,,"6' 0""",255,,,1980-08-14,2.87,47,3.93,50,0.0,0,72,0.0
58d42b9e920b25fc,Canaan Kawaihae,,"6' 0""",145,71,Southpaw,1997-08-26,2.83,51,4.59,36,0.0,0,100,0.0
9e91d7fd2720e241,Ryo Kawamura,,"5' 11""",205,,Orthodox,1981-06-29,0.6,16,3.93,39,0.0,0,6,0.0
80d918336163b80c,Tatsuya Kawajiri,Crusher,"5' 7""",145,69,Orthodox,1978-05-08,2.04,44,2.01,50,3.63,48,63,1.1
1a08b01fdabb6ae2,Tony Kelley,Primetime,"5' 9""",135,70,Switch,1987-01-21,5.55,47,4.85,45,0.0,0,52,1.4
547c5611bd366988,Doug Kay,,,,,,,0.0,0,0.0,0,0.0,0,0,0.0
49f4171f14f54220,Masuto Kawana,Mast,"5' 6""",145,69,Orthodox,1995-01-30,2.54,41,3.79,41,11.67,55,100,0.0
148bb103cfbf123e,Toshiomi Kazama,,"5' 7""",135,69,Orthodox,1997-05-15,1.49,53,4.56,38,1.94,16,66,1.0
56c9acc4e86046a2,Chris Kelades,The Greek Assassin,"5' 7""",125,68,Orthodox,1981-02-21,2.4,43,2.64,48,1.04,18,53,0.3
c788481ae19e798d,Mayana Kellem,,"5' 5""",135,,Orthodox,1981-07-07,1.94,22,2.9,62,0.0,0,0,0.0
a72b20136239ba39,Ryan Keenan,,"5' 10""",170,,,1985-06-15,0.0,0,0.0,0,0.0,0,0,0.0
981ab7a0576f76a0,Julie Kedzie,,"5' 5""",135,,Orthodox,1981-03-18,2.9,36,3.18,46,1.14,23,78,0.0
7be14eaed4c74856,Brian Kelleher,Boom,"5' 6""",135,66,Switch,1986-08-19,3.31,41,4.59,54,1.68,41,60,0.7
c0eecd851dbf3146,CJ Keith,,"6' 0""",155,,Orthodox,1986-08-09,0.86,50,1.82,50,0.0,0,62,0.0
5b43d68174b6e2ab,Losene Keita,Black Panther,"5' 7""",145,72,Orthodox,1997-12-30,3.47,43,4.47,62,0.0,0,100,0.0
aac5ac38148f0528,Paul Kelly,,"5' 9""",155,70,Orthodox,1984-09-12,3.22,37,2.61,59,1.34,60,30,1.5
ace83095105dd205,John Kelly,,"5' 9""",170,,,1978-08-02,0.0,0,0.0,0,0.0,0,0,0.0
bdcbb976816fd256,Daniel Kelly,,"6' 0""",185,70,Southpaw,1977-10-31,3.62,38,4.64,61,1.86,34,78,0.3
9b8a73b59be8d786,Waylon Kennell,,"6' 0""",185,,,,0.0,0,0.0,0,0.0,0,0,0.0
68f6e96c5fa6e044,Jeremy Kennedy,JBC,"5' 11""",145,71,Orthodox,1992-09-16,2.22,46,2.58,47,5.73,52,66,0.0
185fb0200a4605e6,Steve Kennedy,The Steamrolla,"5' 11""",170,,Orthodox,1983-03-07,2.28,35,5.52,45,2.51,33,0,0.0
3c660c90d48fc80d,Tim Kennedy,,"5' 11""",185,74,Orthodox,1979-09-01,2.78,47,1.84,62,2.58,35,70,0.7
772022b989534f0d,Maimaitituoheti Keremuaili,Kyrgyz Mountain Eagle,"5' 6""",135,66,Orthodox,1991-03-18,1.47,52,1.67,37,1.0,33,84,0.0
c1e4ae143cce7398,Aurelijus Kerpe,,,,,Orthodox,,1.26,16,8.21,31,0.0,0,0,0.0
e7bba7ce4d6c7b07,Casey Kenney,,"5' 7""",135,68,Southpaw,1991-03-20,4.85,42,4.67,58,1.09,35,61,0.4
b84f34b425dfd24b,Ron Keslar,,,185,,,1980-04-17,0.0,0,2.05,60,0.0,0,100,7.7
ef61d9f5176b3200,Will Kerr,,"5' 10""",155,69,Orthodox,1982-10-21,1.91,42,6.22,33,0.0,0,0,14.3
1aba18b5f15d4956,Adam Khaliev,,"6' 0""",170,,Orthodox,1984-04-16,0.0,0,0.0,0,0.0,0,0,0.0
a7b48e18ca27795d,Mark Kerr,The Smashing Machine,"6' 3""",266,,Switch,1968-12-21,0.28,41,0.89,28,2.92,77,0,0.4
9b7694d064a8a0ad,Rustam Khabilov,Tiger,"5' 8""",155,73,Orthodox,1986-11-04,1.98,34,2.16,65,3.95,41,61,0.1
90da09db03e41748,Sergey Khandozhko,Honda,"6' 1""",170,74,Orthodox,1992-05-19,3.41,41,2.37,60,0.76,28,61,0.0
3929efe0c0a83d07,Alfred Khashakyan,The Fearless,"5' 8""",135,70,Orthodox,1988-07-17,6.14,42,6.38,40,3.54,25,0,0.0
a072b512b6f4fc42,Aziz Khaydarov,,"5' 11""",155,72,Orthodox,1993-09-25,2.6,61,2.8,61,0.0,0,85,0.0
aaeb55084b198a39,WonBin Ki,The Danger,"5' 11""",155,73,Orthodox,1991-02-11,6.73,50,4.21,55,0.73,20,50,0.0
0693b2eab79198ea,Sergei Kharitonov,,"6' 0""",245,,Orthodox,1980-08-18,3.9,44,3.03,54,1.16,53,70,1.0
4bbd1e5c77ef3c2f,Mansher Khera,New Era,"5' 10""",155,68,Orthodox,1992-04-15,2.8,38,2.6,38,2.0,14,100,0.0
7ab478c397cd68ef,Aliaskhab Khizriev,Black Wolf,"5' 9""",185,74,Southpaw,1990-08-24,6.01,64,4.38,61,5.64,60,100,3.8
e4bde462b043d3e1,Sanae Kikuta,,"5' 9""",200,,Orthodox,1971-09-10,0.7,45,0.9,52,1.6,63,25,1.8
91dac5e69e28d5b5,Pannie Kianzad,Banzai,"5' 7""",135,66,Orthodox,1991-12-08,4.88,49,4.09,51,0.41,33,65,0.1
9c37681096c6f3a9,Akira Kikuchi,,"5' 8""",155,,Orthodox,1978-07-23,3.67,56,0.4,14,2.0,40,100,0.0
637bd06c32219f0b,Jacob Kilburn,The Killer,"5' 9""",145,72,Orthodox,1995-06-28,2.56,33,6.78,35,0.51,5,20,0.5
380e8b023290d091,Jong Wang Kim,,"6' 1""",240,,,,0.0,0,0.0,0,0.0,0,0,0.0
44470bfd9483c7ad,Katsunori Kikuno,,"5' 8""",145,66,Orthodox,1981-10-31,2.64,40,2.47,61,1.88,75,76,0.8
354808cf38d9d73c,Dae Won Kim,,"5' 11""",180,,Orthodox,1979-11-01,1.75,32,2.51,36,3.43,42,0,0.0
8d04923f2db59b7f,Jin Oh Kim,,"5' 9""",205,,Orthodox,1979-12-12,5.06,25,8.43,50,0.0,0,66,0.0
9e0f28d1f639ad73,Jong Won Kim,,"5' 7""",139,,Orthodox,1976-11-20,0.84,15,3.28,63,2.81,100,0,0.0
9bcf8603ceb25680,Dong Hyun Kim,Stun Gun,"6' 2""",170,76,Southpaw,1981-11-17,2.12,49,1.89,58,2.93,43,71,0.6
831b937811804dad,Min Soo Kim,,"6' 1""",255,,Southpaw,1975-01-22,0.87,100,3.48,20,0.0,0,0,0.0
dba230fe33011201,Jong Man Kim,Special Force,"5' 7""",139,,Orthodox,1978-03-03,1.33,21,3.0,60,0.0,0,0,0.0
6343a95f1d9e6a33,MinWoo Kim,Korean MOAI,"5' 8""",135,72,Orthodox,1993-07-21,0.0,0,0.0,0,0.0,0,0,0.0
a20f234df70f2182,Ji Yeon Kim,Firefist,"5' 7""",125,72,Orthodox,1989-10-18,5.37,36,5.41,56,0.0,0,50,0.1
2bc47c7cc6c05bd7,HanSeul Kim,Spade,"6' 1""",170,73,Southpaw,1990-06-19,5.79,42,5.68,52,0.0,0,50,1.7
054defd5420a551f,Rob Kimmons,The Rosedale Reaper,"5' 10""",185,73,Orthodox,1981-01-30,1.86,48,4.79,38,2.08,46,25,2.4
917a5cb9821df261,Jeremy Kimball,,"6' 0""",205,72,Switch,1991-01-03,2.81,46,3.84,49,1.41,20,50,0.0
fe91d254db77a7fc,Dustin Kimura,The Diamond,"5' 7""",135,71,Orthodox,1989-05-21,1.33,21,3.82,51,0.93,37,50,2.2
564c2f5f9eb45d67,Mike King,,"6' 3""",185,,,1983-08-04,4.44,58,1.29,72,1.75,25,40,3.5
c7ac79839e86ce33,Taiei Kin,,"5' 11""",185,,Orthodox,1970-07-08,2.71,60,1.33,52,0.0,0,55,0.0
a264d4e9a4d6bfe4,Sangwook Kim,Frogman,"6' 0""",155,71,Orthodox,1993-10-17,5.11,55,5.82,44,1.77,22,72,1.2
864c07a7ff90caae,So Yul Kim,,,115,,,1997-05-25,0.0,0,0.0,0,0.0,0,0,0.0
e7ecfab8fd86d3e1,KyuSung Kim,,"5' 11""",125,69,Orthodox,1992-11-05,1.53,53,0.87,69,0.0,0,33,0.0
e9712cad24948ce1,SangWon Kim,No Problem,"5' 9""",145,69,Orthodox,1993-09-01,3.18,57,3.73,58,0.69,25,72,0.0
5a9f7b5ffebdd6e7,KyeungPyo Kim,Redhorse,"5' 9""",155,71,Orthodox,1992-01-29,6.77,46,6.32,63,3.87,40,100,0.0
b959e8c7fd8390d2,Kyle Kingsbury,Kingsbu,"6' 4""",205,79,Orthodox,1982-03-22,2.97,40,3.81,51,2.64,41,52,0.0
21b5c82c1b89dab1,Yusaku Kinoshita,,"6' 0""",170,71,Southpaw,2000-08-21,4.65,50,5.12,51,0.0,0,50,0.0
51d2aaaca56e5b40,Yurij Kiseliov,Playboy,"5' 8""",185,,Orthodox,1976-07-29,4.88,87,0.0,0,0.0,0,50,0.0
c7d7fda69ec410d3,Kamuela Kirk,The Jawaiian,"5' 10""",155,75,Switch,1994-04-13,3.22,50,5.87,40,1.5,26,47,1.2
928ae2e5b5f7a9ec,Justine Kish,,"5' 5""",125,64,Orthodox,1988-04-13,4.51,48,4.59,57,0.87,33,50,0.1
2a6f8136da1e52c0,Koji Kitao,,"6' 7""",350,,Southpaw,1963-10-12,0.0,0,0.0,0,0.0,0,0,0.0
e2ac5bb645f33088,Satoru Kitaoka,,"5' 6""",154,,,1980-02-04,0.68,33,2.15,45,0.62,10,27,2.1
e065b4a42a6c2c79,Top Noi Kiwram,,"5' 5""",125,67,Southpaw,1992-08-15,4.47,59,3.23,66,2.72,85,74,0.0
7eaa5e31c2dd86aa,Nick Klein,Blue Collar,"6' 1""",185,77,Orthodox,1995-09-08,2.51,56,3.41,39,5.79,35,66,1.9
5b86d491d63890c5,Ludovit Klein,Mr. Highlight,"5' 7""",155,72,Southpaw,1995-02-22,3.83,53,3.57,53,1.29,50,76,0.0
8ad022dd81224f61,Seth Kleinbeck,Mass Destruction,"6' 2""",185,,,1973-07-25,2.55,33,2.42,40,0.98,25,90,0.0
bc3876891e155bb5,Stefan Klever,,,185,,Orthodox,,0.82,50,3.84,58,0.0,0,0,0.0
745fa7b605f8e2da,Fatima Kline,The Archangel,"5' 6""",115,67,Orthodox,2000-07-12,4.88,48,2.46,61,3.13,66,65,0.2
8276f28f1ad087de,Felix Klinkhammer,,"6' 0""",170,,,,0.0,0,0.0,0,0.0,0,0,0.0
7cbf7c78d3b34218,Drakkar Klose,,"5' 9""",155,70,Orthodox,1988-03-09,4.25,55,3.65,49,1.49,26,69,0.0
a02652d063ef5baa,Isao Kobayashi,,"5' 8""",145,,,1988-10-28,1.01,33,1.66,45,2.17,100,100,0.0
c398235fcaf8d71d,Kelly Kobold,Blood Red,"5' 6""",135,,Orthodox,1983-02-25,2.33,21,4.11,59,1.67,11,0,0.0
02f0e04acf102ea9,Michael Knaap,Hammer,"6' 2""",220,,Orthodox,1984-02-27,0.0,0,0.0,0,0.0,0,0,0.0
1fac46d466abd5b8,Kevin Knabjian,,"5' 10""",170,,Orthodox,1984-07-05,0.0,0,15.56,22,0.0,0,100,0.0
bb1a2cdad6ff34db,Jason Knight,The Kid,"5' 10""",145,71,Orthodox,1992-07-14,2.95,33,3.02,51,1.31,31,47,1.7
99bd87a300079ed9,Erik Koch,Phoenix,"5' 10""",170,71,Southpaw,1988-10-04,2.33,42,2.82,47,1.02,42,81,1.0
971dba22c622af12,Josefine Knutsson,Thunder,"5' 3""",115,60,Orthodox,1996-01-16,4.24,51,2.13,54,1.6,72,35,0.0
5da33b8fbfa5ee95,William Knight,Knightmare,"5' 10""",205,73,Orthodox,1988-04-03,2.62,56,3.3,35,1.78,40,48,0.4
4a07b1988477502c,Seokhyeon Ko,Technical,"5' 10""",170,71,Southpaw,1993-09-24,3.15,50,1.93,62,3.0,52,50,0.2
13c4313ed0f744f3,Brad Kohler,,"5' 9""",220,,Orthodox,1964-05-26,0.0,0,0.0,0,0.0,0,0,0.0
5717efc6f271cd52,Charlie Kohler,,"5' 9""",155,,Orthodox,1976-07-16,0.81,33,4.31,46,0.0,0,0,4.0
33de378ce1734638,Kaloyan Kolev,,"6' 2""",205,73,Orthodox,1992-10-17,1.12,45,4.49,42,10.11,60,0,0.0
b76ed59283d3559c,Tsuyoshi Kohsaka,TK,"5' 11""",225,,Orthodox,1970-03-06,1.88,38,4.41,54,1.32,20,33,0.4
6d8ef8706781c49e,Sokun Koh,,"6' 1""",205,,,,0.0,0,0.0,0,0.0,0,0,0.0
44c233770075cea1,Shingo Kohara,,"5' 6""",135,,,,0.0,0,0.0,0,0.0,0,0,0.0
5f6038bcdb95e3e4,John Kolosci,,"5' 11""",185,,Orthodox,1974-11-26,0.21,20,0.85,50,0.0,0,0,0.0
1fe7adb23b3eedfb,Yuki Kondo,,"5' 11""",183,,Southpaw,1975-07-17,1.14,42,2.57,51,0.76,41,37,0.5
a851c35f58199231,Syuri Kondo,,"5' 4""",115,66,Orthodox,1989-02-08,5.4,44,7.22,58,0.0,0,83,0.3
3cc506f115cbb9d5,Mantas Kondratavicius,,"6' 2""",185,75,Orthodox,1999-07-17,4.97,65,1.3,57,2.8,60,91,0.9
dd39f1ca787a3d9d,Andrei Kopylov,,"6' 2""",265,,Orthodox,1965-07-16,0.33,66,4.31,40,0.0,0,0,0.0
1eacf73d6a0055dc,Cheick Kongo,,"6' 4""",240,82,Orthodox,1975-05-17,3.33,56,1.28,54,2.3,56,52,0.2
6c011be66326ad97,Bruno Korea,,"5' 6""",135,65,,1991-06-28,2.12,34,3.96,42,0.0,0,25,0.0
aee885b8ca29ab4f,Andrey Koreshkov,Spartan,"6' 0""",170,,,1990-08-23,2.84,39,1.92,63,4.8,53,0,0.0
000774e57404d8c7,Chungreng Koren,The Indian Rhino,"5' 6""",135,67,Orthodox,1998-02-01,6.78,54,4.56,39,10.0,46,0,1.7
9d83f6da776ff7d6,Roman Kopylov,,"6' 0""",185,75,Southpaw,1992-05-04,4.54,50,5.08,53,1.12,50,88,0.0
a68d57ae177a5815,Ilya Kotau,,,170,,,,3.94,40,4.38,44,6.57,100,100,6.6
bc8f6b42767e28df,Naoyuki Kotani,,"5' 8""",155,66,Southpaw,1981-12-08,1.02,31,2.89,50,0.83,16,46,0.8
84512339473dd300,Steven Koslow,Obi Won Shinobi The Pillow,"5' 7""",125,69,Switch,1997-01-22,0.77,37,3.73,40,5.28,55,0,1.1
dd37fd509af89f15,Josh Koscheck,,"5' 10""",170,73,Orthodox,1977-11-30,1.79,36,2.27,63,2.46,48,64,0.4
8fbcd82bf7f352bf,Matt Kovacs,300,"6' 0""",244,,Orthodox,1981-05-09,1.47,22,4.87,44,1.0,25,0,0.0
c6becb722706c7d8,Iouri Kotchkine,,"6' 2""",235,,Orthodox,1969-12-21,0.67,38,4.92,15,0.0,0,25,0.0
d7c3816669784109,Karolina Kowalkiewicz,,"5' 3""",115,64,Orthodox,1985-10-15,5.54,42,5.77,56,0.36,23,74,0.2
ad0e42800a0d8977,Marcus Kowal,,,135,,,1977-03-29,0.0,0,0.0,0,0.0,0,0,0.0
716538be58c6c5e1,Martin Kozak,CEO,,185,,,2002-07-09,0.0,0,0.0,0,0.0,0,0,0.0
6071d786f6187810,Jorgen Kruth,The Last Viking,"6' 2""",205,,,1974-05-08,0.0,0,0.0,0,0.0,0,0,0.0
fc36e2352dccf2a4,Steve Kozola,,,155,,,,3.9,39,4.36,50,2.34,100,100,0.0
714e1e0681ddb703,Derrick Krantz,D-Rock,"5' 10""",170,72,Orthodox,1988-01-13,2.07,37,4.03,50,3.18,50,0,0.8
a01e84abefd85ec0,Pascal Krauss,Panzer,"6' 1""",170,,Orthodox,1987-04-19,5.45,47,3.88,59,1.53,50,60,0.9
8f6a18831a120817,James Krause,The,"6' 2""",170,73,Orthodox,1986-06-04,4.79,49,4.11,61,0.96,18,59,0.9
db05271715bb4874,Rene Kronvold,,"5' 8""",170,,Orthodox,1970-01-03,0.82,100,2.47,60,0.0,0,66,4.1
ab16537dd1e5e81d,Mariusz Ksiazkiewicz,The Iron Pol,"6' 3""",185,75,Southpaw,1989-10-04,0.93,45,3.4,39,4.0,100,0,2.0
1091d4d957141094,Nikita Krylov,The Miner,"6' 3""",205,77,Orthodox,1992-03-07,4.38,54,2.75,48,2.19,38,53,1.1
8a81a0707350c4a8,Joe Kropschot,The Land Animal,"6' 3""",185,79,Orthodox,1995-06-19,0.0,0,0.0,0,0.0,0,0,0.0
ca36633b80be4a78,Kaynan Kruschewsky,Bahia,"6' 0""",155,73,Orthodox,1991-04-04,5.67,50,5.71,46,2.74,100,75,2.1
706f8e2b34e8e18b,Anton Kuivanen,,"5' 8""",155,72,Orthodox,1984-05-01,2.27,38,1.63,67,1.2,100,71,0.4
487c170da059857d,Junya Kudo,,,135,,Orthodox,1983-03-24,1.85,71,4.44,33,0.0,0,0,0.0
a272656ad662ac53,John Kuhner,,,170,,,1982-10-12,0.0,0,0.0,0,0.0,0,0,0.0
66579081831db7b0,Eliezer Kubanza,,"5' 9""",170,74,Orthodox,1997-12-23,2.11,50,6.97,37,0.0,0,100,0.0
e2ccd9a9ace60de7,Aleksei Kunchenko,,"5' 8""",170,70,Orthodox,1984-05-02,3.67,44,2.83,63,0.25,33,80,0.0
782a2a17d3e38fdf,Keigo Kunihara,,"6' 0""",235,,Orthodox,,0.17,10,1.99,57,4.97,40,100,2.5
739fd4fbb5d862f4,Rizvan Kuniev,,"6' 4""",240,76,Orthodox,1992-03-10,4.32,54,2.22,49,0.79,75,93,0.0
b7f38813485745da,Michael Kuiper,,"6' 0""",185,73,Orthodox,1989-06-07,3.28,54,3.62,54,2.3,55,79,0.0
4e77d070239699e2,Maiju Kujala,,,135,,,1986-02-24,2.5,40,5.5,36,0.0,0,50,0.0
a0a625221e0dd339,Sumit Kumar,The Indian Kid,"5' 5""",125,66,Orthodox,2000-09-09,2.8,24,4.67,46,6.0,30,60,0.0
2694c4997a51ed01,Jon Kunneman,AK-47,"5' 9""",185,73,Orthodox,1999-07-14,0.0,0,0.0,0,0.0,0,0,0.0
6905d45bd71b50a9,Leo Kuntz,The Lion,"5' 10""",155,,Orthodox,1983-10-03,1.68,32,3.8,45,1.99,25,33,0.7
71df36d6d8cf0d74,Kiichi Kunimoto,Strasser,"5' 10""",170,71,Orthodox,1981-05-01,1.87,44,3.92,41,1.59,20,28,0.3
b6a73e6f11a8835c,Ramazan Kuramagomedov,,"6' 1""",170,73,Orthodox,1996-08-23,11.67,67,9.13,54,1.0,14,0,0.0
780a2897055e3ee3,Korey Kuppe,,"6' 5""",170,77,Switch,1989-01-23,0.73,73,1.33,31,0.0,0,69,1.0
032b65d5fff611b2,Tsuyoshi Kurihara,,"5' 10""",185,,Orthodox,1973-07-13,0.0,0,12.0,50,0.0,0,0,0.0
4c78fc005a53831d,Eldari Kurtanidze,,"5' 6""",235,,Orthodox,1972-04-16,0.47,20,3.72,60,0.0,0,0,0.0
b490def93478ae29,Kyle Kurtz,,,170,,,,1.31,36,2.95,52,1.23,20,0,2.5
7772b283d288dbe2,Guram Kutateladze,Georgian Viking,"5' 11""",155,72,Orthodox,1992-01-08,3.53,45,4.22,54,0.61,15,75,0.0
aeb2bcd4371f40d5,Vadym Kutsyi,,"6' 0""",170,71,Orthodox,1991-07-18,5.53,48,4.94,55,3.53,40,0,0.0
2545c7f47a65bca3,Kaleo Kwan,Leo Boy,"5' 7""",155,,,1970-08-01,0.0,0,0.0,0,0.0,0,0,0.0
843dd76c50cae0f6,Lina Kvokov,,"5' 9""",135,,Orthodox,,2.31,30,12.12,19,0.0,0,0,0.0
849d15ed7e3a0e97,Jarrod Kwitty,,"5' 8""",185,,,,0.53,50,4.4,32,8.0,50,0,2.0
56b8b24f65f9f057,Mike Kyle,MAK,"6' 4""",205,77,Orthodox,1980-03-31,3.93,51,3.35,49,1.33,62,50,0.8
b3fb8d2293e17a59,Achmed Labasanov,,"6' 3""",215,,Orthodox,1978-04-24,0.75,39,1.1,46,3.0,100,0,0.8
edbc609a3b0d2aba,Lisa Kyriacou,The Savage,"5' 5""",125,64,Orthodox,1993-11-17,4.67,41,4.4,47,0.0,0,33,0.0
5108b169b5fe1f86,Josh LaBerge,,"5' 10""",145,,,,2.53,36,5.33,44,0.0,0,71,0.0
6fc506e1099afe20,Luan Lacerda,,"5' 7""",135,71,Orthodox,1993-01-07,4.06,42,6.15,49,2.82,39,66,0.6
31bb0772f21cabd8,Daniel Lacerda,Miojo,"5' 6""",125,70,Switch,1996-06-05,3.95,45,8.28,34,2.32,50,0,1.2
eb84192d1a97f69e,Kemran Lachinov,,,170,,,,0.0,0,0.0,0,0.0,0,0,0.0
4fe1d105af549845,Jeremiah Labiano,The Kid,"5' 10""",135,,,,0.0,0,0.0,0,0.0,0,0,0.0
d4691518d012b9e7,Aspen Ladd,,"5' 6""",135,66,Orthodox,1995-03-01,3.78,47,4.65,47,1.56,47,62,0.6
4c7781da8c6cae93,Ryan LaFlare,,"6' 1""",170,74,Southpaw,1983-10-01,2.89,40,1.86,63,2.13,44,58,0.2
fbe9f4efc2153be2,Corinne Laframboise,,"5' 4""",125,65,Orthodox,1989-05-25,3.16,68,1.89,47,3.16,100,33,0.0
b40e65d71a8d4ce5,Ben Lagman,Bad News,"6' 2""",185,,,1986-09-04,0.0,0,0.0,0,0.0,0,0,0.0
7d06092326c52528,Todd Lally,,"5' 7""",145,,Orthodox,,0.0,0,0.0,0,0.0,0,0,0.0
e5ca2bc2451a5956,Tina Lahdemaki,Jelly Bean,"5' 2""",115,,Orthodox,1988-05-28,1.93,20,4.67,57,0.0,0,16,0.0
9f755fb04cc21499,Noad Lahat,Neo,"5' 9""",145,69,Orthodox,1984-06-08,2.79,46,1.47,63,2.37,26,16,2.4
f998f5c102250d6e,Yohan Lainesse,White Lion,"6' 1""",170,76,Orthodox,1992-08-14,2.22,41,3.38,58,0.94,28,72,0.5
c7e9d15cfce52f1d,Tim Lajcik,The Bohemian,"6' 1""",225,,Orthodox,1965-06-21,0.0,0,0.0,0,0.0,0,0,0.0
e62ce041bb7aeb1f,Sean Lally,The Unpredictable One,"6' 0""",170,,Orthodox,1990-11-04,5.34,39,7.23,30,0.0,0,0,0.0
5be86bb2f78fef2f,Jason Lambert,The Punisher,"6' 3""",185,75,Orthodox,1975-06-03,3.21,58,1.84,50,1.35,36,28,2.4
b8980dd7e8fc5976,Lionel Lanham,,,205,,,1980-08-31,0.0,0,0.0,0,0.0,0,0,0.0
7e062824c175f975,Jose Landi-Jons,Pele,"5' 11""",170,,Orthodox,1973-09-09,0.99,40,0.77,43,2.2,80,40,2.2
583ee11abddfc581,Nate Landwehr,The Train,"5' 9""",155,72,Orthodox,1988-06-06,5.55,45,5.96,51,0.73,41,71,0.7
d73e856f150744b2,Aaron Lanfranco,,,155,,,1986-08-26,0.0,0,0.0,0,0.0,0,0,0.0
be9bdec19b7e9ffe,Austen Lane,,"6' 6""",205,80,Orthodox,1987-11-09,2.7,50,2.45,39,1.5,28,33,0.0
3974fa35c917af1d,Ricardo Lamas,The Bully,"5' 8""",145,71,Orthodox,1982-05-21,3.13,47,2.87,57,1.84,33,46,0.9
09422812370fbdfe,Jeremy Lang,,"5' 11""",205,,Southpaw,1975-05-11,1.13,50,1.41,42,4.22,60,0,4.2
7107e53ebd7435fb,Ryan Larson,,,170,,,1980-12-30,0.0,0,0.0,0,0.0,0,0,0.0
f3a853544e4413c4,Anthony Lapsley,The Recipe,"5' 9""",170,,Southpaw,1980-02-13,0.53,34,0.58,66,0.0,0,20,0.0
62a72adeb0227603,Joseph Larcinese,Big Sexy,"5' 3""",125,64,Orthodox,1998-10-01,5.4,52,5.07,56,2.0,40,50,0.0
cd2e5a390821fb48,TJ Laramie,,"5' 6""",145,66,Orthodox,1997-10-15,1.49,50,2.64,38,1.44,33,40,0.0
8b1ed83b02303075,Taylor Lapilus,Double Impact,"5' 6""",135,73,Southpaw,1992-04-08,4.59,48,2.61,62,0.27,33,77,0.3
2eeaefbfc7f9fcff,Lina Lansberg,Elbow Queen,"5' 7""",135,65,Orthodox,1982-03-13,2.69,55,3.87,44,0.52,27,47,0.1
c03a5022f8439f2a,Chad Laprise,The Disciple,"5' 10""",170,71,Orthodox,1986-07-23,4.78,42,3.59,65,1.05,54,78,0.0
49efbdc6c9f650c4,Icho Larenas,,"6' 3""",235,,Orthodox,1980-03-12,0.17,15,2.5,28,0.0,0,14,0.0
ec664422b22d9787,Jenel Lausa,,"5' 5""",125,68,Orthodox,1988-08-01,1.44,42,3.53,53,0.55,66,51,0.8
9450848a71d53776,Lorenz Larkin,The Monsoon,"5' 11""",170,72,Orthodox,1986-09-03,3.53,46,2.74,63,0.27,42,79,0.1
a571770c4016736f,Muhammed Lawal,King Mo,"6' 0""",205,78,Southpaw,1981-01-11,3.79,52,1.61,66,5.96,75,87,0.0
3bad7ef643840f67,Joe Lauzon,,"5' 10""",155,71,Orthodox,1984-05-22,2.84,39,5.39,54,2.39,45,54,2.0
aa6da8cb3a26da04,Sandra Lavado,Peruvian Zombie,"5' 7""",115,66,Orthodox,1994-05-03,0.87,37,2.67,34,0.0,0,33,0.0
e3162dbdbfd78287,Cody Law,,,145,,,1995-03-24,0.0,0,0.0,0,0.0,0,0,0.0
5898357a45a73674,Sione Latu,,"6' 0""",215,,,,0.0,0,0.0,0,0.0,0,0,0.0
09224b76d27007ee,Phillip Latu,The Doctor,"6' 3""",205,76,Orthodox,1991-02-17,3.4,51,7.07,31,0.0,0,100,0.0
b0826525fa17231d,Bobby Lashley,,"6' 3""",255,78,Orthodox,1976-07-16,3.1,63,0.76,63,11.47,70,0,0.0
c3bd649a9194e50c,Jeremy Larsen,,"5' 10""",145,70,Orthodox,1984-05-18,4.87,48,5.75,57,2.49,33,0,0.0
5eedbf1e9601be35,Brock Larson,,"5' 11""",170,71,Southpaw,1977-08-23,1.39,46,1.5,55,2.67,34,43,2.0
e9a3aeb207578eea,Ilir Latifi,The Sledgehammer,"5' 10""",230,73,Orthodox,1982-07-28,2.05,45,2.93,56,2.11,35,100,0.3
879f6cae48d25baa,Justin Lawrence,The American Kidd,"5' 8""",145,67,Orthodox,1990-05-15,3.84,35,2.83,67,0.72,28,73,0.0
4d44f37107f01b9b,Tom Lawlor,Filthy,"6' 0""",205,74,Southpaw,1983-05-15,2.5,42,2.41,60,2.46,32,57,1.4
5449dcccd972ff83,Chatt Lavender,,"5' 8""",170,,,1976-05-24,0.0,0,0.0,0,0.0,0,0,0.0
4c8d6fde2dde07c4,Dan Lauzon,The Upgrade,"5' 10""",155,,Orthodox,1988-03-30,1.34,25,4.09,61,1.63,33,80,2.7
777dea713da2441d,Valmir Lazaro,Bidu,"6' 0""",155,73,Orthodox,1985-08-15,4.87,37,4.09,61,1.33,40,96,0.0
ce039df1994b18f0,Lance Lawrence,,"6' 1""",145,74,Orthodox,1993-06-26,5.87,50,9.8,24,1.0,100,50,0.0
e7e01e266a9d4342,Ronnie Lawrence,The Heat,"5' 8""",135,68,Switch,1992-06-13,2.78,56,1.75,52,6.75,77,45,0.2
f2925e6db404bf1d,Robbie Lawler,Ruthless,"5' 11""",170,74,Southpaw,1982-03-20,3.85,47,4.67,59,0.65,64,65,0.0
e43eefb10d440cb0,Jimmy Lawson,Greedy,"6' 0""",265,77,Orthodox,1991-11-13,0.07,8,1.6,44,0.0,0,0,0.0
41498c2d1a87b154,Zviad Lazishvili,,"5' 6""",135,69,Orthodox,1991-10-25,4.2,39,6.13,51,0.0,0,0,0.0
49ee5024966efc0d,Mounir Lazzez,The Sniper,"6' 1""",170,76,Orthodox,1987-11-16,7.49,55,5.42,53,1.8,57,71,0.0
d4f364dd076bb0e2,Cung Le,,"5' 9""",185,70,Southpaw,1972-05-25,4.36,48,2.98,66,1.37,71,88,0.3
38e5d9dcb0fddc42,Eric Lawson,,"6' 0""",185,,Orthodox,1981-02-12,1.58,57,1.97,44,8.88,42,0,3.0
28d421729451c8ca,Carlos Leal,The Lion,"5' 11""",170,74,Orthodox,1994-05-04,8.75,47,7.78,48,0.43,11,90,0.0
32feae6d9a1e5047,Quang Le,Bang,"5' 7""",135,70,Orthodox,1991-10-18,2.82,38,4.59,49,2.9,33,100,0.4
ac026518a9b4dc0f,Jordan Leavitt,The Monkey King,"5' 9""",145,71,Southpaw,1995-06-02,2.18,58,1.57,59,2.97,30,30,1.2
882b3f5a0774d575,Thanh Le,,"5' 9""",145,74,Orthodox,1985-08-28,1.97,40,1.82,70,0.0,0,100,0.0
2d0b10789feafddb,Jerome LeBanner,,"6' 3""",265,,Southpaw,1972-12-26,0.92,35,1.03,37,0.0,0,50,0.0
cd0dfd9846bd03b9,Julien Leblanc,,"6' 2""",185,74,Southpaw,1992-01-21,1.69,66,2.96,46,0.0,0,0,0.0
8caca5857ce0e30b,David Lee,,"5' 10""",155,,Orthodox,1978-04-12,1.49,50,3.31,42,0.0,0,50,0.0
863d06a7ef8bc98c,James Lee,,"5' 11""",205,,Southpaw,1973-09-22,1.4,42,3.72,27,13.95,50,0,7.0
a3dda21be645be93,Jean-Paul Lebosnoyani,Mufasa,"5' 11""",170,72,Switch,1999-01-27,4.14,46,4.05,57,2.89,42,100,1.9
ba1e6cb3d43f7430,Justin Ledet,El Blanco,"6' 4""",205,80,Orthodox,1988-09-28,3.35,39,4.82,49,0.23,50,42,0.2
d43a048a880efdff,Chris Leben,The Crippler,"5' 11""",185,73,Southpaw,1980-07-21,2.87,42,2.87,52,1.14,41,53,0.8
39c568f8c579913e,Eun Soo Lee,,"6' 1""",215,,Orthodox,1982-03-07,0.0,0,3.05,60,0.0,0,50,0.0
4985113c0928aa62,Jackie Lee,,,,,,,0.0,0,0.0,0,0.0,0,0,0.0
de99da2c0d18d34a,Tae Hyun Lee,,"6' 6""",295,,Orthodox,1975-01-17,1.37,31,3.89,54,5.15,100,0,0.0
c575ab451e3c5b1d,Mickael Lebout,Ragnar,"5' 11""",155,73,Orthodox,1987-08-16,2.6,34,2.98,54,0.0,0,60,0.0
56ec58954158966a,Stephen Ledbetter,,"5' 9""",145,,Orthodox,1982-06-30,1.2,38,1.6,57,5.0,45,100,0.0
117a06469813e4ef,ChangHo Lee,,"5' 8""",135,69,Orthodox,1994-05-09,3.88,66,2.13,37,3.2,34,40,0.3
8bb6f4479685bbcc,Vaughan Lee,,"5' 6""",125,66,Orthodox,1982-10-15,3.47,47,2.07,70,0.81,33,72,1.0
806975e1b4f47b27,Tommy Lee,,"5' 7""",145,,Orthodox,1977-01-20,0.0,0,0.3,75,4.57,33,0,0.0
d008d785f6347dc2,JeongYeong Lee,Korean Tiger,"5' 10""",145,73,Orthodox,1995-11-13,3.38,49,3.82,50,0.63,66,72,0.3
d9e3743bae8d703d,Matt Lee,,"5' 11""",155,,Orthodox,1971-07-09,0.0,0,9.68,21,0.0,0,0,0.0
e6666480a830f764,YiSak Lee,The Tank,"6' 0""",185,72,Orthodox,2000-01-01,2.73,40,5.73,47,0.0,0,0,0.0
5817df778cc27274,Ricky Legere Jr.,IE Bad Boy,"5' 8""",170,,,1985-12-21,1.07,41,1.53,60,5.0,41,0,0.0
9fd299c8356cbf0f,Macksom Lee,,"6' 1""",135,75,Orthodox,1999-01-06,0.87,44,2.13,50,0.0,0,63,1.0
0802be3516ef8f66,Imani Lee,,,,,Orthodox,1977-07-17,0.0,0,0.94,33,0.0,0,0,0.0
0d1c163b206e8c5f,Rocky Lee,,"5' 9""",145,,Orthodox,1987-04-08,2.47,51,5.33,44,1.0,10,33,0.0
b6033505c245e28b,JungHyun Lee,The Phenom,"5' 5""",125,65,Orthodox,2002-09-10,4.27,39,6.2,38,0.0,0,64,0.0
05fa626cb33d15b8,Andrea Lee,KGB,"5' 6""",125,69,Orthodox,1989-02-11,4.62,45,3.91,61,1.65,52,53,0.6
ee9ebceabfd16fa7,Kevin Lee,The Motown Phenom,"5' 9""",170,77,Orthodox,1992-09-04,3.88,42,3.6,50,3.18,43,75,0.8
4f670b7972fa0a2e,Sherron Leggett,Rob Roy,"5' 8""",155,,Southpaw,1978-10-27,2.86,51,2.08,47,5.19,80,33,0.0
98cbbc06074c68a4,Cheyden Leialoha,Steadfast,"5' 8""",135,73,Orthodox,1994-03-15,1.87,28,3.2,53,2.0,33,71,0.0
90550a08f0b02b6f,Claudia Leite,,"5' 3""",135,64,Orthodox,1996-11-04,1.27,47,1.73,57,1.0,25,0,1.0
d56bb6dff2ae77eb,Stefan Leko,Blitz,"6' 2""",215,,Orthodox,1974-06-03,2.4,43,6.17,68,0.0,0,0,0.0
cfb65863d5099327,Thales Leites,,"6' 1""",185,78,Orthodox,1981-09-06,2.13,40,2.99,52,2.1,27,30,1.1
182a73d5b4e57871,Jovan Leka,,"6' 4""",263,75,Orthodox,2002-03-15,1.96,70,0.98,50,0.86,100,55,0.9
3df5493bb279226f,Amanda Lemos,,"5' 4""",115,65,Southpaw,1987-05-22,2.84,55,3.22,44,0.93,57,63,0.7
f37822d5b3e47517,Giacomo Lemos,,"6' 3""",247,75,Orthodox,1989-06-23,0.0,0,0.0,0,0.0,0,0,0.0
7269329bd87eb479,Christophe Leninger,,"6' 0""",200,,Southpaw,,0.0,0,0.0,0,0.0,0,0,0.0
fd4578cac86d75ca,Gabe Lemley,,"5' 8""",155,,Orthodox,,0.82,35,6.03,45,0.0,0,0,0.0
3ae10ac4df3df05c,Jesse Lennox,The Ox,"5' 9""",170,72,Orthodox,1982-03-10,2.69,32,3.2,64,1.22,66,63,0.3
e60201cfab7d656d,Jean Francois Lenogue,,"6' 0""",185,,Orthodox,1972-11-29,1.13,34,0.27,60,0.0,0,33,0.0
6fb1ba67bef41b37,Nik Lentz,The Carny,"5' 8""",145,68,Orthodox,1984-08-13,3.44,47,3.25,50,3.3,32,43,1.2
6e02c318762f52f1,Alberta Cerra Leon,,"5' 8""",238,,,,0.0,0,0.0,0,0.0,0,0,0.0
657d0ed181f04215,Chad Leonhardt,The Boss,"6' 0""",170,,,1980-02-19,0.0,0,0.0,0,0.0,0,0,0.0
86b9b51a81e9c339,Anthony Leone,,"5' 6""",135,,Orthodox,1987-05-27,1.94,53,2.52,56,1.72,18,0,0.0
08ae5cd9aef7ddd3,Kimo Leopoldo,,"6' 3""",235,,Orthodox,1968-01-05,0.76,83,2.12,30,4.55,100,0,2.3
9dedfdd91070ddd8,Victoria Leonardo,Fury,"5' 5""",125,64,Orthodox,1990-02-16,3.22,38,4.81,47,1.57,27,71,0.0
49590e0508b2c19f,David Levicki,,"6' 5""",275,,,,0.0,0,0.0,0,0.0,0,0,0.0
81ddc98fceb30086,Kyle Levinton,,,,,,,0.0,0,0.0,0,0.0,0,0,0.0
182f2b78582de3d8,Marcus LeVesseur,The Prospect,"5' 9""",155,70,Southpaw,1982-07-17,2.55,64,3.7,37,3.89,36,83,0.6
f1fd8ec1023c89b3,Michael Lerma,,,,,,1973-11-18,0.0,0,6.47,45,0.0,0,0,0.0
5a8e30ed38a5bc6f,Lukasz Les,,,170,,,1981-11-05,0.0,0,0.0,0,0.0,0,0,0.0
edd8d5d8089a35f8,Frank Lester,,"5' 11""",170,,Orthodox,1984-06-10,2.18,36,3.82,53,0.0,0,0,0.0
8cb78f3a6c2a08f7,Leah Letson,Nidas,"5' 7""",145,71,Southpaw,1992-08-21,3.06,41,3.84,52,0.51,50,76,0.0
8c3f3c43c8ceb778,Justin Levens,The Executioner,"5' 11""",185,,Orthodox,1980-04-18,1.24,47,3.15,37,1.69,50,33,5.1
46a2f24feb258ae0,Valerie Letourneau,Trouble,"5' 7""",115,68,Orthodox,1983-04-29,4.51,37,5.4,58,0.77,45,66,0.3
513c6f1715e547a8,Brock Lesnar,,"6' 3""",265,81,Orthodox,1977-07-12,3.53,72,2.11,50,3.9,55,60,0.5
4a01dc8376736ef5,John Lewis,,"6' 0""",155,,Southpaw,,0.0,0,4.0,66,0.0,0,0,0.0
a29db9cd4f9ccea5,Natan Levy,Lethal,"5' 9""",155,71,Southpaw,1991-09-30,3.7,52,3.19,58,5.03,58,41,0.5
6623cb1c27025634,Brandon Lewis,,"5' 4""",135,70,Orthodox,1997-08-02,2.17,29,3.63,53,1.0,15,20,0.0
f60dbe6e05489c4f,Malik Lewis,Hard Knock,"6' 0""",155,75,Orthodox,1996-03-04,4.16,45,5.66,40,3.98,40,50,0.0
899923ff6ab13917,Bevon Lewis,,"6' 3""",185,79,Orthodox,1991-05-05,3.73,43,2.67,54,0.0,0,66,0.0
d3df1add9d9a7efb,Derrick Lewis,The Black Beast,"6' 3""",260,79,Orthodox,1985-02-07,2.41,48,2.79,38,0.53,25,51,0.0
a8aba6fd8a463043,Jess Liaudin,The Joker,"5' 9""",170,72,Orthodox,,2.46,51,2.76,41,3.28,53,30,1.6
a390eb8a9b2df298,Chuck Liddell,The Iceman,"6' 2""",205,76,Orthodox,1969-12-17,2.97,35,2.71,56,0.44,75,81,0.0
4c7afd56ef1947ac,Li Yunfeng,,"5' 8""",135,68,Orthodox,1999-03-08,0.53,29,2.55,35,0.0,0,50,0.0
a307a10414d0ad00,Chi Lewis-Parry,Chopper,"6' 9""",243,,,1983-08-10,0.0,0,0.0,0,0.0,0,0,0.0
e64b96c07d7ce999,Li Jingliang,The Leech,"6' 0""",170,71,Orthodox,1988-03-20,4.46,42,3.95,56,1.19,41,60,0.0
a1bf037613180253,Donnie Liles,,"5' 9""",170,,Orthodox,,2.25,41,1.75,65,2.5,28,0,1.2
998c8890a8dde1eb,Scott Lighty,,"6' 2""",205,,,1978-10-15,2.91,21,4.24,49,0.0,0,0,0.0
0e31bfd26cc8c503,Chris Liguori,,"5' 9""",185,,Orthodox,,0.29,33,1.44,0,0.0,0,50,0.0
421ccfc6ddb17958,Sam Liera,,,,,,1983-11-26,0.82,60,7.36,51,0.0,0,66,0.0
bbb15f301e4a490a,Jae Suk Lim,,"5' 9""",170,,Orthodox,1979-11-09,2.43,50,4.05,37,12.16,100,100,0.0
5d7c18191b8aa432,Zach Light,,"5' 8""",170,,Orthodox,1974-02-06,0.81,33,1.9,48,1.36,100,0,0.0
203c957eac95dd87,Hyun Gyu Lim,The Ace,"6' 3""",170,77,Orthodox,1985-01-16,4.45,41,5.07,51,0.23,100,73,0.2
11b5a809c3120e27,Rodrigo Lidio,Dynamis,"5' 11""",155,73,Orthodox,1989-07-07,0.97,50,0.0,100,0.0,0,50,0.0
ec0dcceace7d25a3,Liang Na,The Dragon Girl,"5' 5""",125,67,Orthodox,1996-07-27,1.99,42,3.95,36,3.6,58,25,0.5
a53657e43b00614e,GwanWoo Lim,The Giant,"6' 2""",145,74,Southpaw,2001-07-27,0.53,42,2.47,24,0.0,0,53,1.0
75a6a390fd5dca46,Juliana Lima,Ju Thai,"5' 5""",115,65,Orthodox,1982-03-15,1.94,44,2.11,55,1.72,31,70,0.0
a4ef92274a45143d,Emiliano Linares,Golden Bull,"5' 8""",145,72,Orthodox,1997-04-21,1.17,28,3.59,26,0.0,0,33,0.0
9256f591b30c073e,Felipe Lima,Jungle Boy,"5' 6""",145,68,Orthodox,1998-05-07,2.86,45,2.91,64,2.18,27,85,0.7
6135fd9665fbb74e,Mabelly Lima,,"5' 2""",135,,Orthodox,1994-01-25,3.07,63,5.67,44,0.0,0,100,0.0
18c49685296c60e6,Miguel Linares,,,,,,,6.51,50,8.84,36,0.0,0,0,0.0
b1f21ce050035d58,Andre Lima,Mascote,"5' 7""",125,67,Orthodox,1999-02-04,3.94,56,2.66,58,1.11,60,75,0.9
0e041d43a47d2e4b,Matt Lindland,The Law,"6' 0""",185,74,Southpaw,1970-05-17,2.62,50,1.56,52,3.01,48,60,1.3
e9213f53ddeca978,Dhiego Lima,,"6' 2""",170,75,Orthodox,1989-01-31,3.12,39,3.88,58,1.26,34,73,0.6
264111bf62662fbf,Douglas Lima,The Phenom,"6' 1""",170,,,1988-01-05,1.92,36,2.84,60,0.6,100,46,0.0
33e00249ef08d3a4,Jake Lindsey,The Librarian,"5' 11""",155,,Switch,1986-06-21,3.44,52,4.01,46,0.65,33,50,0.0
c268b2cfebccf652,John Lineker,Hands of Stone,"5' 3""",135,67,Orthodox,1990-06-12,5.36,40,4.27,56,0.56,58,67,0.6
a780d16cf7eed44d,Lucio Linhares,,"6' 2""",185,,Orthodox,1973-12-08,0.99,22,3.47,34,1.86,50,50,1.9
53c943c873cffe90,Philipe Lins,Monstro,"6' 2""",205,78,Orthodox,1985-08-17,3.8,49,3.59,46,1.65,33,100,0.0
2c5f5749569eef66,Tainara Lisboa,Thai Panther,"5' 7""",135,67,Orthodox,1991-03-02,2.01,44,2.88,45,1.67,31,53,0.3
305d73ede05e31ad,Austin Lingo,Lights Out,"5' 10""",145,70,Orthodox,1994-07-10,3.86,37,4.86,57,0.43,66,75,0.0
68c6cd5287b473a7,Dean Lister,The Boogeyman,"6' 1""",185,75,Orthodox,1976-02-13,1.26,35,1.89,61,1.58,15,50,1.1
6448e57a9533b7e4,Abner Lloveras,Skullman,"5' 11""",155,,,1982-09-04,6.27,49,6.87,43,2.0,20,0,0.0
515890922fe9ce96,Adam Livingston,Bomb,"6' 2""",155,71,Orthodox,2001-08-15,0.36,33,1.08,0,0.0,0,60,0.0
7abce81b72fbbd9b,Brian Lo-A-Njoe,,"5' 7""",155,,Orthodox,1976-01-22,3.87,42,0.0,0,0.0,0,66,0.0
a9936818d709e2d7,Liu Ce,,,205,,,1996-09-04,0.0,0,0.0,0,0.0,0,0,0.0
008c6e1a25751575,Wesley Little,,"6' 4""",205,,,,0.0,0,0.0,0,0.0,0,0,0.0
93b2b7caa457cbea,James Llontop,Goku,"6' 0""",155,73,Orthodox,1999-08-02,5.57,41,4.12,57,0.0,0,54,0.0
31652c9267606d54,John Lober,The Machine,"5' 11""",199,,Orthodox,1968-02-26,0.0,0,0.0,0,0.0,0,0,0.0
9caa254991a5a698,Dylan Lockard,,"5' 9""",145,72,Orthodox,1992-05-19,1.31,53,3.31,52,2.31,40,28,1.2
02f2a9702ba3d167,Artem Lobov,The Russian Hammer,"5' 9""",145,65,Southpaw,1986-08-11,3.52,41,4.82,50,0.39,25,52,0.0
d5bab53a1a603aac,Ryan Loder,Man of Steel,"6' 2""",185,76,Southpaw,1991-06-05,5.1,69,2.46,50,1.37,14,100,1.4
d3d1ff3f3dfa0931,Sean Loeffler,The Destroyer,"6' 3""",185,,Orthodox,1982-05-23,0.0,0,0.0,0,0.0,0,0,0.0
10e04e5e81f391a0,Rocky Long,,,145,,,1978-02-18,0.0,0,0.0,0,0.0,0,0,0.0
4ab36d70d1b28b58,Christian Lohsen,Hollywood,"6' 2""",155,77,Southpaw,1995-01-24,5.27,49,6.93,44,0.0,0,0,2.0
6d6b9a6cb063b60d,Michael Lombardo,The Don,"6' 0""",170,72,Orthodox,1990-04-03,1.47,62,2.63,31,2.5,21,60,0.0
22e47b53e4ceb27c,David Loiseau,The Crow,"6' 0""",185,76,Orthodox,1979-12-17,1.59,44,3.64,43,0.43,42,36,0.1
db1f2ed63b54b9a7,Hector Lombard,,"5' 9""",185,71,Southpaw,1978-02-02,3.02,46,3.35,53,1.69,48,77,0.5
1f70dd67ad507990,Lucas Lopes,,"6' 2""",185,,,1979-10-05,0.0,0,0.0,0,0.0,0,0,0.0
989be26791d0aad4,Thomas Longacre,,"5' 9""",145,,Orthodox,,0.0,0,0.0,0,0.0,0,0,0.0
8270c00fae24c922,Dileno Lopes,,"5' 5""",135,,,1984-09-26,2.37,36,3.33,53,2.5,31,100,1.5
1497e735d9f2560a,Ange Loosa,The Last Ninja,"5' 10""",170,74,Orthodox,1993-03-18,5.46,46,6.59,52,2.53,39,83,0.2
4e30e4250cb08b61,Loma Lookboonmee,,"5' 1""",115,61,Orthodox,1996-01-18,3.58,55,2.45,53,1.76,50,70,0.1
9681e0ce67dc978b,Federico Lopez,Kiko,"5' 4""",139,,Orthodox,1984-01-04,1.78,23,5.35,30,0.0,0,0,0.0
ee624ee2a18f2a43,Jorge Lopez,,"5' 10""",170,,Orthodox,1988-11-21,2.47,59,2.57,50,3.5,41,81,0.0
0db9d2486d564a3c,Ivan Lopez,,"5' 6""",135,,Southpaw,,0.9,26,2.24,65,0.0,0,30,0.0
5148a665aa527865,Christopher Lopez,,"5' 10""",170,,,1986-01-30,0.0,0,0.0,0,0.0,0,0,0.0
6085ceb59087514b,Steve Lopez,,"5' 11""",155,,Orthodox,1984-07-30,1.39,24,2.69,62,0.0,0,37,0.0
2fc7e9701642ca38,Matthew Lopez,,"5' 7""",135,69,Southpaw,1987-01-21,3.13,50,3.73,55,3.32,60,71,1.3
773f7feacf96153e,Benito Lopez,Golden Boy,"5' 10""",135,73,Switch,1994-04-06,4.39,45,5.18,56,0.0,0,73,0.3
4e30f2761b6bd3b5,Henrique Da Silva Lopes,Montanha,,265,,Orthodox,1985-03-08,0.0,0,0.0,0,0.0,0,0,0.0
2aa481e98185e261,Arthur Lopes,Demolidor,"6' 2""",234,77,Southpaw,1993-02-17,9.74,41,14.87,45,0.0,0,0,0.0
0abcf6bc47191219,Bruno Lopes,The Brazilian Cowboy,"6' 2""",205,74,Orthodox,1993-04-24,2.87,44,4.83,50,2.05,25,100,0.0
f166e93d04a8c274,Diego Lopes,,"5' 11""",145,72,Orthodox,1994-12-30,3.79,47,4.65,46,0.82,46,68,1.3
e3fc6c1fab298561,Gabriel Lorenco,Black Mamba,,,,,1999-09-30,0.0,0,0.0,0,0.0,0,0,0.0
93b62c5f2ba18e51,Gustavo Lopez,,"5' 5""",135,67,Orthodox,1989-06-27,2.48,40,3.87,57,1.74,41,31,0.7
b788862dd1c11eac,Brendan Loughnane,,"5' 10""",145,70,Switch,1989-12-05,6.23,63,6.7,53,1.5,30,92,0.0
cbf94e4c4af4ff6d,Nate Loughran,,"6' 2""",185,,Orthodox,1980-07-28,1.81,40,4.11,59,0.0,0,0,2.1
42ac4020cba261ad,Caolan Loughran,The Don,"5' 6""",135,68,Orthodox,1996-05-18,4.73,42,5.2,52,3.0,34,87,0.0
e601d71cf8e5be22,Rashard Lovelace,,,155,,,,0.0,0,0.0,0,0.0,0,0,0.0
ad044be25c94dcfd,Jakob Lovstad,The Striking Viking,"6' 3""",205,,Orthodox,1979-12-28,0.0,0,9.43,35,0.0,0,0,0.0
78ac94d54aa7f378,Brandon Lowe,,,155,,,,0.0,0,0.0,0,0.0,0,0,0.0
eea0274e153256a0,Ian Loveland,The Barn Owl,"5' 8""",145,,Orthodox,1983-09-07,2.71,40,2.36,64,1.0,37,69,0.3
28f62d866c59c709,Waylon Lowe,,"5' 7""",145,,Southpaw,1980-10-31,1.88,55,2.4,53,4.47,55,83,0.3
92b5f4ee9ff40321,Alik Lorenz,,"6' 2""",205,77,Orthodox,1997-01-25,2.0,33,32.0,11,0.0,0,0,0.0
1c01e9a0c44e3128,Colton Loud,,,125,,,2000-12-07,0.0,0,0.0,0,0.0,0,0,0.0
86248c84834238e7,Joe Lowry,,"5' 11""",155,73,Orthodox,1989-12-12,3.97,34,4.25,63,0.0,0,0,0.0
dc1bfd47c3b21ad3,Lu Zhengyong,,,125,,,,0.0,0,0.0,0,0.0,0,0,0.0
a2d23e684b3db732,Lu Kai,The Last Gladiator,"5' 9""",145,69,Orthodox,1994-03-01,3.76,43,5.51,55,2.62,50,100,2.6
668222c99c5c311d,Matt Lucas,Luke Duke,"6' 1""",205,,,1973-12-27,1.27,48,3.93,40,1.0,10,0,0.0
96087e90d900f0ef,Robert Lucarelli,,"6' 2""",245,,,,0.0,0,0.0,0,0.0,0,0,0.0
9bdebbf2735d14c2,Cleber Luciano,,"5' 6""",155,,,,0.0,0,0.0,0,0.0,0,0,0.0
1b35af4d1529adf6,Stephanie Luciano,Rondinha,"5' 6""",115,65,Orthodox,1999-12-16,5.25,42,3.29,63,1.47,66,80,0.5
abcf2cc6efc42031,Iasmin Lucindo,,"5' 3""",115,66,Orthodox,2002-01-08,3.22,45,2.8,62,2.28,55,68,0.1
a1ad35b98a9136e5,Lawrence Lui,Lok Yin,"5' 7""",135,72,Orthodox,1996-08-04,3.72,39,3.32,60,5.3,40,100,0.0
84ac950d4c1722dd,Duane Ludwig,Bang,"5' 10""",170,70,Orthodox,1978-08-04,4.62,44,3.05,57,0.43,25,59,0.1
e26882820f9e8df5,Mike Lullo,,"5' 8""",145,,Orthodox,1979-07-24,2.48,36,4.84,40,1.18,11,0,0.6
1fd9f744105024a8,Juan Andres Luna,,"5' 7""",125,72,Orthodox,1995-08-20,3.27,31,3.0,65,0.0,0,0,0.0
5b1effb0db45273a,Paula Luna,La Prodigia,"5' 2""",125,62,Orthodox,1999-07-05,0.65,50,6.2,17,0.0,0,0,0.0
6d4b63c767106d3a,Vicente Luque,The Silent Assassin,"5' 11""",185,75,Orthodox,1991-11-27,4.8,50,5.24,51,0.89,48,59,0.7
faf317c665546a36,Santiago Luna,BorderBoy,"5' 9""",135,74,Orthodox,2004-08-06,4.74,53,2.76,67,2.3,71,57,0.9
ce632027bf2a871b,Dalcha Lungiambula,Champion,"5' 8""",185,76,Orthodox,1987-07-31,3.07,45,3.93,52,2.14,45,77,0.0
7832f2f62f04178f,Tucker Lutz,Top Gun,"5' 8""",145,72,Orthodox,1994-07-12,3.74,46,3.25,44,1.99,44,69,0.2
4887e5bc4dbb73ff,Alexandru Lungu,,"6' 0""",385,,Orthodox,1974-09-03,3.61,66,7.22,40,0.0,0,0,0.0
5a4913108a3b9190,Lv Zhenhong,,"5' 8""",145,67,Switch,1993-06-25,0.0,0,0.0,0,0.0,0,0,0.0
edfe95e3c33a4bf8,Adam Lynn,,"5' 10""",155,,Orthodox,1977-11-16,1.47,63,6.95,10,0.0,0,50,0.0
505934897b8b4824,Thaddeus Luster,,"6' 3""",210,,,,0.0,0,0.0,0,0.0,0,0,0.0
12630a4aa0894da8,Joilton Lutterbach,Peregrino,"6' 1""",185,75,Orthodox,1992-11-05,0.0,0,0.0,0,0.0,0,0,0.0
622f015c81a9b13a,Travis Lutter,The Serial Killer,"5' 11""",185,75,Orthodox,1973-05-12,0.41,32,2.42,42,1.95,24,30,0.7
710d93f1508f7104,Stevie Lynch,,"5' 10""",170,,Orthodox,,2.47,25,7.06,41,0.0,0,0,0.0
91acd6910b802a9e,Chris Lytle,Lights Out,"5' 11""",170,68,Orthodox,1974-08-18,3.76,45,3.03,58,0.7,55,55,2.4
3b6d84343579fd33,Marcos da Matta,Parrumpinha,"5' 4""",145,,,1973-03-18,0.0,0,0.0,0,0.0,0,0,0.0
ac45450f75d14f16,Sarah D'alelio,The Monster,"5' 7""",145,,,1980-12-13,2.4,33,0.0,100,0.0,0,100,0.0
b0bd0c5425668b8f,Henrique da Silva,Frankenstein,"6' 3""",205,76,Orthodox,1989-09-01,3.89,60,5.28,40,0.25,14,22,0.2
c3ded6f7155f9ea4,Alex Da Silva,Leko,"5' 8""",155,73,Orthodox,1996-02-04,2.14,46,2.52,56,1.97,43,76,0.3
6551c64fbcd1a467,Ariane da Silva,Queen of Violence,"5' 6""",125,67,Orthodox,1994-01-26,4.05,41,4.4,50,0.47,38,68,0.3
d28bef63e7d8d536,Deni Daffa,,"6' 0""",155,74,Orthodox,1999-09-08,3.47,38,6.45,38,0.0,0,0,0.0
0d68c7bfdff1dc34,Radley Da Silva,Snake Eyes,"5' 9""",145,71,Orthodox,1995-06-20,0.27,22,0.93,48,6.0,100,100,0.0
6cd3dfc54f01287f,Richard Dalton,,"6' 1""",205,,Orthodox,1977-07-19,1.2,69,3.27,25,1.0,11,0,0.0
ddbd0d6259ce57cc,Dave Dalgliesh,,"6' 2""",205,,Orthodox,1978-04-05,0.0,0,1.85,50,0.0,0,0,0.0
9d19d9e4aa2662e8,Nicolas Dalby,Lokomotivo,"5' 11""",170,74,Orthodox,1984-11-16,3.88,43,3.51,52,0.9,26,59,0.1
23725c826c481e7f,Paul Daley,Semtex,"5' 9""",170,76,Orthodox,1983-02-21,3.14,47,2.37,60,0.91,40,64,0.0
acd870570949d8a2,Leonardo Damiani,Puppy,"5' 10""",170,69,Orthodox,1990-08-30,1.67,23,4.17,37,0.0,0,50,0.0
6e9b5c74c0860deb,Marko Damiani,,"6' 0""",170,,,,0.0,0,0.0,0,0.0,0,0,0.0
9eef6584fab21fbb,Cindy Dandois,Battlecat,"5' 7""",135,,Orthodox,1984-10-26,3.13,32,3.4,58,5.0,55,0,0.0
e50cd77732d39967,Aisling Daly,Ais the Bash,"5' 2""",115,64,Orthodox,1987-12-24,2.92,52,1.4,55,2.15,41,33,0.9
3b0a516d2921e0d6,Batgerel Danaa,Storm,"5' 7""",135,70,Orthodox,1989-07-04,5.38,36,4.21,47,0.52,50,62,0.0
5f119b24c0f9679c,Peter Danesoe,The Asian Viking,"5' 9""",135,68,Orthodox,2000-09-01,4.99,52,6.73,38,0.0,0,62,0.0
033343da4c0cff8a,Carina Damm,Beauty But the Beast,"5' 4""",135,,,,0.0,0,0.0,0,0.0,0,0,0.0
a20d7dfaba74c067,Rodrigo Damm,,"5' 7""",155,71,Orthodox,1980-02-03,3.5,36,5.61,57,0.44,16,80,0.3
676a2e5ec4d7338c,Eduardo Dantas,Dudu,"5' 10""",135,,,1989-02-03,3.33,60,3.0,60,4.0,23,100,0.0
8dc46e9a7895ce1a,Alexandre Dantas,Cafe,"6' 2""",238,,Orthodox,1979-03-01,0.21,25,1.87,60,0.0,0,0,3.1
859e0dafd04fe1ca,Anvarbek Daniyalbekov,,,185,,,1995-05-27,0.0,0,0.0,0,0.0,0,0,0.0
55a80a9365bc107d,Marques Daniels,,,155,,,1978-06-14,0.0,0,0.0,0,0.0,0,0,0.0
d2fa318f34d0aadc,Karen Darabedyan,,"5' 7""",155,68,Orthodox,1986-12-18,3.43,51,2.62,67,2.14,75,0,0.0
86f582852a5b240a,Mac Danzig,,"5' 8""",155,70,Orthodox,1980-01-02,3.39,48,3.44,57,1.2,37,46,0.6
fccb0fee256b7b4d,Raymond Daniels,,"6' 2""",185,,Southpaw,1980-04-29,0.0,0,2.61,38,0.0,0,33,3.0
8614b7134913f5d5,Jarjis Danho,Man Mountain,"6' 3""",265,74,Orthodox,1983-10-15,3.38,50,5.25,49,0.51,16,100,0.0
baa9be02c3e3e038,Jose Daniel Medina,Chicho,"6' 0""",185,74,Orthodox,1991-05-17,2.13,36,5.34,46,0.39,33,27,0.0
a4555c13e6257539,Adam Darby,The Plank,,170,,,1998-11-13,0.0,0,0.0,0,0.0,0,0,0.0
03c629aaa15a17ce,Alvi Dasuyev,Spartan,,170,,,,0.0,0,0.0,0,0.0,0,0,0.0
42775dc893603154,Brian Davidson,,"5' 6""",145,,,1975-11-22,0.0,0,0.0,0,0.0,0,0,0.0
2549d63da9c456cb,Rick Davis,The Flying Squirrel,"5' 9""",155,,Orthodox,,3.09,50,6.19,64,0.0,0,0,0.0
d0aaedcf7ccd0b45,Chris Daukaus,,"6' 3""",205,76,Orthodox,1989-09-25,6.05,50,4.64,55,0.0,0,100,0.0
a683f9ddb70aa4bd,Sean Daugherty,,"6' 0""",175,,,1975-12-04,0.0,0,0.0,0,0.0,0,0,0.0
08af939f41b5a57b,Beneil Dariush,,"5' 10""",155,72,Southpaw,1989-05-06,3.74,49,2.63,57,2.21,38,82,0.8
d6c0cdd7e467c440,Kyle Daukaus,,"6' 2""",185,76,Southpaw,1993-02-27,3.16,53,2.94,42,1.97,25,79,2.0
b7d524c77c27389b,Marcus Davis,The Irish Hand Grenade,"5' 10""",170,70,Southpaw,1973-08-24,2.72,39,2.79,65,1.6,48,47,1.4
a993ef2dd36cea5f,Lemont Davis,,"5' 8""",170,,Orthodox,,0.87,54,1.27,55,1.0,50,0,1.0
20697b334f6c0a45,Justin Davis,Dangerous,"5' 11""",205,,,1983-04-01,0.0,0,0.0,0,0.0,0,0,0.0
c8661e204c66f325,Mike Davis,,,,,,,0.0,0,0.0,0,0.0,0,0,0.0
6dab8ce5e4bffe77,LC Davis,,"5' 8""",135,69,Southpaw,1980-10-28,2.04,30,2.1,59,2.27,46,66,0.2
902ab9197b83d0db,Phil Davis,Mr. Wonderful,"6' 2""",205,79,Orthodox,1984-09-25,2.85,34,1.33,72,2.99,38,72,0.6
570d40f993171b19,Danny Davis,,"6' 2""",170,,,1982-07-28,0.0,0,0.0,0,0.0,0,0,0.0
4c2d90e335e6df19,Alexis Davis,,"5' 6""",135,68,Orthodox,1984-10-04,4.63,49,4.45,54,0.95,44,34,0.7
fb3e61720be4690c,Mike Davis,Beast Boy,"6' 0""",155,72,Orthodox,1992-10-07,4.3,53,4.66,54,2.09,44,52,0.9
1eff7bc0f815b270,Yorgan De Castro,The Mad Titan,"6' 0""",250,74,Orthodox,1986-12-19,2.46,43,3.85,53,0.0,0,77,0.0
9cfbfae5fa1fdd93,Geraldo de Freitas,Spartan,"5' 7""",135,72,Orthodox,1991-09-30,3.67,52,2.62,50,3.0,45,59,0.0
cc351e408bbb7d43,Brandon Davis,Killer B,"5' 10""",135,72,Orthodox,1990-05-08,4.68,35,4.62,58,0.74,42,57,0.1
2c9d00968f818270,Hakeem Dawodu,Mean,"5' 8""",145,73,Orthodox,1991-07-02,5.45,50,3.37,56,0.0,0,65,0.0
6ef65b6a152e49d5,Philip De Fries,,"6' 5""",250,79,Orthodox,1986-04-21,2.3,47,3.0,37,3.29,42,100,0.6
e51ee8ded927fc51,Chris de la Rocha,,"6' 3""",250,80,Orthodox,1979-05-15,4.08,45,6.37,43,2.02,30,33,1.0
99bd51917728c25d,Grant Dawson,KGD,"5' 10""",155,72,Switch,1994-02-20,3.14,51,2.14,44,3.58,39,66,1.4
f57dd0bfa8c17813,Mark De La Rosa,Bumblebee,"5' 6""",135,65,Orthodox,1994-08-31,3.13,35,5.0,48,0.54,13,40,0.2
4b450aa602611baa,Angel De Anda,The Dream,"5' 9""",225,,Orthodox,1985-05-28,5.68,46,6.32,47,0.0,0,0,0.0
a6fd2173d5e2d7f0,Jason Day,Dooms,"6' 0""",185,72,Orthodox,1981-05-19,3.61,54,3.46,47,1.13,100,0,0.0
ea3dcc417c322064,Martin Day,The Spartan,"5' 10""",145,73,Orthodox,1988-11-10,3.97,45,3.79,53,0.72,60,65,0.5
d549cefc7c54ab78,Reinier de Ridder,RdR,"6' 4""",185,78,Southpaw,1990-09-07,2.47,48,2.36,46,2.56,29,40,0.6
a4dc47001f202bcd,Rodrigo de Lima,Monstro,"5' 7""",155,,Orthodox,1991-03-12,1.29,33,5.5,32,2.66,36,0,1.3
f9aa6376ae16bfb4,Johil de Oliveira,,"5' 6""",170,,Orthodox,1969-08-07,0.51,34,0.73,58,1.1,50,44,0.6
afdb76fbd86f6d11,Edilberto de Oliveira,Crocota,"6' 0""",170,,Orthodox,1982-11-22,4.12,32,6.79,61,0.0,0,0,0.0
ddf3e0ea10ea6d8c,Jorge de Oliveira,Blade,"5' 8""",155,,Orthodox,1980-01-22,1.26,31,4.84,48,0.0,0,22,0.0
1971869b7e054261,Mike de la Torre,El Cucuy,"5' 11""",145,71,Orthodox,1986-09-22,3.21,39,4.75,51,0.36,16,83,0.0
80d8aed0ca9b00f3,Montana De La Rosa,,"5' 7""",125,68,Orthodox,1995-02-14,2.9,37,3.39,45,1.85,33,68,0.8
f14fbb2e55da044c,Jair De Oliveira,Mamute,"5' 9""",205,69,,1996-05-09,3.98,60,3.45,69,0.0,0,0,0.0
e0f959f65d0406b4,Isabela de Padua,Belinha,"5' 3""",125,64,Orthodox,1991-09-04,1.0,35,2.07,50,2.0,66,0,1.0
3746e21bb508391a,Crezio de Souza,,,170,,Orthodox,,0.0,0,0.0,0,0.0,0,0,0.0
5dd180c8b3196786,Gloria de Paula,Glorinha,"5' 5""",115,67,Orthodox,1995-06-10,4.89,53,3.77,66,0.74,37,65,0.5
1d239d571e342453,Germaine de Randamie,The Iron Lady,"5' 9""",135,71,Orthodox,1984-04-24,2.57,46,2.0,65,0.0,0,65,0.4
914a897455693650,Carl Deaton,The Anishinaabe Kid,"5' 7""",155,69,Orthodox,1989-11-24,1.53,31,1.85,61,0.0,0,50,0.0
85980f5da429c0a6,Shane del Rosario,,"6' 4""",250,,Southpaw,1983-09-23,3.93,60,2.97,54,1.2,40,16,2.4
0e2c2daf11b5d8f2,Issac DeJesus,,,145,,,,0.0,0,0.0,0,0.0,0,0,0.0
0bcfe2513cb3bc39,Tom DeBlass,,"6' 0""",185,,Orthodox,1982-05-14,1.5,35,4.43,37,1.0,50,28,0.5
e82b2adcaeff71ec,Rafael  Del Real,,"5' 11""",225,,,,5.58,40,0.0,0,20.93,100,100,0.0
0575068a0f83f963,Marcos Degli,Tailandes,,125,,,2000-05-13,0.0,0,0.0,0,0.0,0,0,0.0
a62f85f6a6c19a4c,Wallen Del Rosario,,"5' 4""",125,67,Orthodox,1993-03-18,1.4,32,4.73,40,1.0,16,100,0.0
01f4bcd26ac08ad5,Israel Delgado,,"5' 10""",155,,,,0.0,0,0.0,0,0.0,0,0,0.0
bfaf4c87936b4fae,Humberto DeLeon,,,135,,,1989-11-12,0.0,0,0.0,0,0.0,0,0,0.0
d7c4956d61ae76a9,Jose Delano,,"5' 8""",145,70,Orthodox,1996-09-11,8.43,64,3.5,68,0.0,0,75,0.0
70380ccdc81915b8,Yadier del Valle,The Cuban Problem,"5' 9""",145,69,Southpaw,1996-07-29,4.12,61,2.13,55,1.21,42,61,2.0
37b1696e6d115957,Rolando Delgado,Roli,"6' 3""",155,77,Orthodox,1981-11-22,1.56,40,1.83,62,1.17,22,0,3.5
7d8435c56043b0ae,Ante Delija,Walking Trouble,"6' 3""",239,78,Orthodox,1990-08-07,4.28,38,3.95,52,0.0,0,75,0.0
7d6ceff6747f2de2,Jose Delgado,,"5' 11""",145,73,Switch,1998-04-21,6.07,53,4.18,52,1.37,38,63,0.0
6b453bc35a823c3f,Jack Della Maddalena,,"5' 11""",170,73,Switch,1996-09-10,5.32,51,4.24,61,0.34,20,64,0.1
173acb3f920082b8,Roland Delorme,,"5' 9""",135,71,Orthodox,1983-12-18,2.28,44,4.32,40,2.51,34,42,1.6
0d0351c20169a499,Jon Delos Reyes,The Heat,"5' 6""",125,67,Orthodox,1987-08-19,2.99,38,4.14,51,3.2,83,55,1.9
6ceff86fae4f6b3b,Jason DeLucia,,"5' 11""",190,,Southpaw,1969-07-24,0.0,0,0.0,0,0.0,0,0,0.0
7447e9f28508106a,Mackenzie Dern,,"5' 4""",115,63,Orthodox,1993-03-24,3.47,41,3.93,51,0.93,18,37,1.1
f2c91b67f71bbeab,Booker DeRousse,,"6' 2""",205,,,1981-03-23,0.0,0,0.0,0,0.0,0,0,0.0
985bca5a097fb3f4,Justin DeMoney,,,170,,,1985-07-01,0.0,0,0.0,0,0.0,0,0,0.0
dfae5da5676e4194,Chris Dempsey,,"5' 10""",185,72,Orthodox,1987-09-08,2.25,32,2.82,65,2.64,23,16,0.0
2c483cf443f38ece,Vanessa Demopoulos,Lil Monster,"5' 2""",125,59,Orthodox,1988-09-22,3.37,39,5.39,41,0.32,9,26,0.4
e4aaaa34535e32b6,Nick Denis,The Ninja of Love,"5' 7""",135,,Orthodox,1983-10-11,6.54,53,5.42,36,2.8,100,80,0.0
fa8b9e6b0c2269f8,Jason Dent,Dynamite,"5' 10""",155,71,Orthodox,1980-06-12,2.01,39,3.7,62,0.0,0,26,1.4
b72f3cafa6376e35,Robert Densley,The Wrecker,"5' 9""",155,,,,1.81,47,0.4,60,0.0,0,50,0.0
a11a6ee8eeb03c18,Thomas Denny,The Wildman,"5' 10""",170,,Orthodox,1971-04-19,2.36,45,4.69,40,1.48,17,42,1.5
2bcc39af95d6f2e8,John Devine,,,,,,1978-01-17,1.52,18,2.28,57,0.0,0,0,0.0
9f8bd85aaeec2f56,Rabindra Dhant,,"5' 7""",135,69,Switch,1998-11-30,4.06,53,2.39,47,3.12,25,66,0.0
140567899d98978a,Robelis Despaigne,The Big Boy,"6' 7""",265,84,Orthodox,1988-09-09,2.11,59,2.54,46,0.0,0,50,0.0
75bbd2206a15319f,Edwin DeWees,Babyface,"6' 1""",185,,Orthodox,1982-08-07,1.53,33,6.19,39,2.18,66,0,3.3
48544433372ecfa6,Cory Devela,The One,"5' 0""",185,,Orthodox,1984-08-05,4.07,41,4.0,47,1.07,12,62,0.0
6ad9058b7c7898b0,Tony DeSouza,,"6' 0""",170,70,Southpaw,1974-07-26,1.12,52,1.57,41,2.25,42,40,1.5
f5f6419c5f00abad,Tyler Diamond,,"5' 7""",145,69,Orthodox,1991-03-18,3.4,47,2.53,44,3.0,75,70,0.0
8126e4dff0cdf69e,Micol Di Segni,,"5' 3""",115,60,Orthodox,1987-12-29,7.47,40,5.87,33,0.0,0,37,0.0
8567466ae167216b,Thomas Diagne,,"6' 1""",154,,,1983-09-03,4.53,48,4.53,63,2.0,100,66,0.0
77d7295d1b22c694,Alessio Di Chirico,Manzo,"6' 0""",185,74,Orthodox,1989-12-12,3.32,39,3.44,61,1.46,39,83,0.0
43563a32c3f10e95,Cyrille Diabate,The Snake,"6' 6""",205,81,Southpaw,1973-10-06,4.06,71,1.78,60,1.17,83,53,0.2
ee5df903f80c6816,Eldo Xavier Dias,,"5' 11""",180,,,1964-07-16,0.0,0,0.0,0,0.0,0,0,0.0
b5abaa65f87938eb,Rafael Dias,,"5' 9""",145,,Orthodox,1979-10-20,1.13,27,2.19,60,3.17,47,100,1.2
32c355b04fc57f3a,Marc Diakiese,Bonecrusher,"5' 10""",155,73,Orthodox,1993-03-16,2.54,40,2.64,52,3.29,43,66,0.0
f7202b3130421d27,Victor Dias,Crazy Horse,"5' 6""",125,69,Orthodox,1990-12-26,2.87,44,5.8,55,5.0,41,0,0.0
33a86e839ad202d8,Luis Felipe Dias,,"5' 10""",185,74,,1995-01-17,2.86,45,2.71,55,4.52,57,66,1.1
270e84d8174721d2,Magno Dias,The Violence,"5' 5""",135,67,,1995-11-30,2.44,45,7.32,50,1.41,33,0,1.4
9edf2c9082cc2cd8,Blood Diamond,,"5' 11""",170,76,Switch,1988-07-10,3.12,55,2.17,48,0.0,0,73,0.0
5e7a48e469770615,Michael Diaz,,,260,,,,0.0,0,0.0,0,0.0,0,0,0.0
ed209f6618c82e41,Hacran Dias,Barnabe,"5' 8""",155,69,Orthodox,1984-06-16,2.08,41,3.31,55,2.5,39,76,0.5
ceee5dd37253199a,Ryan Diaz,,,145,,,1979-02-06,0.0,0,0.0,0,0.0,0,0,0.0
8355922d564b152c,Nate Diaz,,"6' 0""",170,76,Southpaw,1985-04-16,4.57,45,3.77,52,1.05,30,41,1.3
f57a8a52ca401ed9,Nick Diaz,,"6' 1""",170,76,Southpaw,1983-08-02,5.71,42,3.84,59,1.28,32,60,1.0
2482ef3331a82e75,Mark Dickman,Tricky,"5' 9""",145,,,1984-07-19,0.0,0,0.0,0,0.0,0,0,0.0
74939a16c7b56f33,Juan Diaz,Pegajoso,"5' 8""",135,69,Orthodox,1998-06-03,3.72,41,3.4,59,5.5,50,0,0.8
bfa8f263815cfa2e,Adrian Diaz,,"5' 10""",145,,Southpaw,1988-04-26,0.48,42,3.84,51,2.4,50,0,0.0
6967153c7edb4d87,Ozzy Diaz,,"6' 4""",185,79,Orthodox,1990-11-22,5.33,49,6.52,61,0.0,0,50,0.0
31da66df48c0c1a0,Kyle Dietz,,"5' 8""",135,,Orthodox,1986-04-29,1.82,45,2.08,62,0.0,0,0,0.0
414bddf0c80c41e1,Josh Diekmann,The Freight Train,"5' 4""",246,,,1976-10-09,0.28,5,8.17,25,0.0,0,0,0.0
eb42d4febfafefd1,Seth Dikun,,"5' 10""",135,69,Orthodox,1980-08-05,1.45,26,2.18,55,0.0,0,45,0.9
b4f7a2d8ecc5e0c3,Ralph Dillon,Rage,"6' 2""",205,,Orthodox,,0.34,14,0.69,60,0.0,0,0,0.0
c849740a3ff51931,TJ Dillashaw,,"5' 6""",135,67,Orthodox,1986-02-07,5.09,41,3.47,62,1.56,30,77,0.8
2d2239d0f6fa83dd,Rodolfo Marques Diniz,,"5' 6""",135,,,1984-01-23,1.08,32,2.36,33,0.0,0,50,1.8
25f9a5f3e8a52618,Jhonata Diniz,,"6' 4""",254,79,Orthodox,1991-06-23,3.89,56,3.62,56,0.0,0,70,0.0
e0664abaa023fd6f,Ding Meng,,"6' 2""",170,73,Orthodox,1994-09-27,3.8,45,4.33,51,0.5,50,0,0.0
1db445a4468447d0,Matt Dixon,Magic,"5' 10""",170,75,Switch,1995-10-09,1.97,43,4.56,37,3.06,30,0,0.0
8730ab4b1057f925,Adama Diop,Blinde,,,,,,0.0,0,0.0,0,0.0,0,0,0.0
cc2ad11b1f9d818b,Drew Dimanlig,,,185,,,,3.7,73,3.17,20,0.0,0,0,0.0
7c9aeba0c4d4bd78,Anthony Do,,"5' 4""",125,,,,0.0,0,0.0,0,0.0,0,0,0.0
73eb2a552c92a821,Helio Dipp,,"6' 5""",185,,Orthodox,1979-12-12,0.6,25,1.8,62,0.0,0,50,0.0
009c4420727149ea,AJ Dobson,,"6' 1""",185,76,Orthodox,1992-01-18,4.29,46,5.31,46,1.67,75,65,0.3
f50d95223751e6ca,Russell Doane,,"5' 7""",135,70,Orthodox,1986-08-13,1.75,40,1.68,53,2.11,45,52,0.8
519e4fe37ce9ff75,Drew Dober,,"5' 8""",155,70,Southpaw,1988-10-19,4.48,41,4.33,53,0.61,16,58,0.1
c2a7623f398d9bd7,David Dodd,,"6' 2""",200,,Orthodox,1973-09-22,0.0,0,0.0,0,0.0,0,0,0.0
ec7f7263bf36579b,Rico DiSciullo,,"5' 8""",135,,Orthodox,1986-10-12,1.71,33,4.41,56,0.0,0,0,0.0
99506df1af6c8b3b,John Dodson,The Magician,"5' 3""",135,66,Orthodox,1984-09-26,3.2,40,3.58,61,0.71,28,82,0.0
ad4e9055bf8cd04d,John Dixson,Big John,"6' 0""",275,,Orthodox,1961-10-15,0.0,0,0.0,0,0.0,0,0,0.0
122ac9b816d8b71c,Shana Dobson,Danger,"5' 6""",125,69,Orthodox,1989-03-30,3.34,37,5.2,50,0.84,50,14,0.0
29b5791e51e7e832,Mike Dolce,Skull Cracker,"5' 11""",185,,,1976-04-15,0.0,0,0.0,0,0.0,0,0,0.0
dbaaf42313af90fa,Joe Doerksen,El Dirte,"6' 0""",185,75,Orthodox,1977-10-09,1.43,42,2.79,50,2.02,33,33,2.3
3bbcd63a016d9715,Cameron Dollar,,"5' 11""",155,,Orthodox,1987-05-12,5.04,38,2.94,61,0.0,0,0,0.0
327d5f279895110d,Roman Dolidze,,"6' 2""",185,76,Orthodox,1988-07-15,3.19,41,3.71,48,1.16,43,32,0.7
312f47c3d2f83ffa,Houston Dorr,,"6' 1""",210,,Orthodox,,0.0,0,0.0,0,0.0,0,0,0.0
4145caa2c999fbac,Dennis Dombrow,,,145,,,1986-03-17,0.0,0,0.0,0,0.0,0,0,0.0
bad82b681819b272,Dong Huaxiang,,"5' 3""",115,62,Switch,1998-08-21,3.22,53,3.44,65,4.0,35,66,0.0
5d7bdab5e03e3216,CB Dollaway,The Doberman,"6' 2""",185,76,Orthodox,1983-08-10,2.65,47,2.58,54,3.55,54,62,1.2
1c610f900f9884ab,John Donaldson,J.T.,"5' 8""",145,,,1992-07-09,1.21,23,4.22,51,0.0,0,0,0.0
1a50e734bb54861a,OJ Dominguez,,,,,,,0.0,0,0.0,0,0.0,0,0,0.0
70dd69b6a703257e,Daniil Donchenko,,"5' 11""",170,71,Orthodox,2001-08-04,8.07,62,2.8,70,0.58,33,75,0.0
b51f6791c794e289,Geronimo dos Santos,Mondragon,"6' 3""",264,,Orthodox,1980-08-17,1.09,33,8.73,41,0.0,0,33,0.0
81b8b3fb019dc69d,Antonio Dos Santos,Junior Alpha,"5' 10""",185,,Orthodox,1988-07-21,5.4,51,3.94,43,0.0,0,100,0.0
63def5a5662a6917,Junior Dos Santos,Cigano,"6' 4""",238,77,Orthodox,1984-01-30,4.49,47,3.33,56,0.3,50,81,0.1
6a2f7c151031653d,Rafael Dos Anjos,,"5' 8""",170,70,Southpaw,1984-10-26,3.48,47,3.23,60,1.95,35,54,0.6
7bc96507e4b38d3b,Cody Donovan,Donnybrook,"6' 3""",205,74,Orthodox,1981-02-20,5.61,59,5.44,45,1.67,28,0,1.7
957562fdf68a725a,Acacio Dos Santos,Pequeno,"6' 4""",205,79,Orthodox,1991-09-29,1.27,41,1.4,43,0.0,0,31,0.0
02bb48869eb7ac8f,Rayanne dos Santos,,"5' 2""",115,62,Orthodox,1995-06-08,4.57,40,6.47,59,0.5,14,80,0.0
5cdf5339728f580d,Felipe dos Santos,Lipe Detona,"5' 7""",125,70,Orthodox,2000-09-11,3.75,39,3.8,41,0.0,0,20,0.5
bbc9ab95fa766493,Anderson Dos Santos,Berinja,"5' 5""",135,70,Orthodox,1985-07-24,2.7,25,5.37,49,0.98,14,66,0.7
86cb6f5b1ca98dc0,Oleksandr Doskalchuk,,"5' 6""",125,,Southpaw,1990-03-13,0.0,0,0.0,0,0.0,0,0,0.0
ce3b669e39418414,Damion Douglas,,,170,,,1982-08-16,0.0,0,0.0,0,0.0,0,0,0.0
8ce87f7e3a9baed2,Tiago dos Santos e Silva,Trator,"5' 9""",145,70,Orthodox,1987-04-12,3.69,35,4.23,59,0.63,11,33,0.3
640a0f838f057a81,Lerryan Douglas,Gunslinger,"5' 9""",145,72,Orthodox,1995-04-27,8.67,64,4.82,63,0.0,0,0,0.0
7cf0944b88966118,David Douglas,Tarzan,"5' 11""",155,,,1981-08-16,0.0,0,0.0,0,0.0,0,0,0.0
5159e6ee100c717e,Cedric Doumbe,,"5' 10""",170,,,1992-08-13,0.0,0,0.0,0,0.0,0,0,0.0
e780ccc79a209985,John Dowdy,,,,,,,0.0,0,0.0,0,0.0,0,0,0.0
0d9312337fdce39a,Jordan Dowdy,,,170,,,,2.11,44,2.63,50,0.0,0,0,0.0
a66395395b5f1394,Danny Downes,,"6' 0""",155,72,Orthodox,1986-04-08,1.66,34,3.53,37,0.0,0,37,0.5
b05086131c6f5dc5,Derek Downey,,"6' 1""",185,,Orthodox,1980-04-27,0.32,100,3.36,12,2.4,16,0,0.0
e5e148d4363deff8,Kyle Driscoll,KD,"5' 11""",145,74,Orthodox,1994-09-23,2.73,32,2.6,58,2.0,18,0,0.0
c2c4052f58f54988,Anthony Drilich,,"5' 5""",125,65,Southpaw,1994-03-17,5.8,31,5.07,40,0.0,0,55,0.0
f9c7fe2682af3802,Edson Drago,,"6' 4""",220,,Orthodox,1977-08-29,1.16,40,2.39,36,0.0,0,55,0.0
d2a9be6bf2de624c,Robert Drysdale,,"6' 3""",205,,Orthodox,1981-10-05,0.0,0,0.0,0,7.32,100,0,21.9
cb4bf812d9cb78b4,Jimmy Drago,,"5' 10""",170,71,Orthodox,1995-02-18,3.8,29,5.6,65,1.0,50,0,0.0
0509b954421bb327,John Doyle,The Iron Bull,"5' 11""",205,,Orthodox,1976-11-21,3.5,44,10.51,27,0.0,0,0,0.0
454c3e9d4cd4a1b3,Joe Duarte,,,155,,,1977-01-25,2.27,38,4.0,53,3.0,50,69,1.0
706404da0775dcbc,Hugo Duarte,,"6' 0""",240,,Orthodox,1968-08-09,0.0,0,0.0,0,0.0,0,0,0.0
29b5d32584e02d8d,Antonio Duarte,Tigre,"5' 7""",135,,,1987-03-10,4.55,40,4.18,57,0.0,0,60,0.0
5fd834edd92c9e50,Chris Drumm,,"5' 8""",145,,,,0.0,0,0.0,0,0.0,0,0,0.0
679a9054e2815943,Tomasz Drwal,Gorilla,"6' 1""",205,76,Orthodox,1982-01-22,3.29,38,2.26,57,3.55,60,82,0.4
0d7b51c9d2649a6e,Dricus Du Plessis,Stillknocks,"6' 1""",185,76,Switch,1994-01-14,5.21,48,4.24,54,1.9,48,50,0.6
ec322adbabbfa6e7,Matthieu Duclos,,"6' 3""",185,77,Orthodox,1995-04-04,3.93,37,6.81,46,0.0,0,100,0.0
c3d2b9bcb4cead6b,Yuneisy Duben,,"5' 4""",125,65,Orthodox,1996-07-08,5.65,52,5.31,42,1.68,50,50,0.0
02f8fedc18cbd26c,Emily Ducote,Gordinha,"5' 2""",115,63,Orthodox,1994-01-01,7.45,52,7.84,57,0.2,14,94,0.0
cb6c45b26b0a877a,Adin Duenas,,"5' 6""",145,,,1988-07-02,0.0,0,0.0,0,0.0,0,0,0.0
6c9b66b43663f2f7,Viktoriia Dudakova,,"5' 5""",115,67,Orthodox,1999-01-26,2.87,47,3.4,50,2.73,35,33,0.0
bda04c573563cc2e,Todd Duffee,,"6' 3""",260,78,Orthodox,1985-12-06,5.93,37,2.87,56,0.72,25,90,0.0
cea51876d8a514a0,Jack Duffy,The Fury,"5' 7""",125,69,Switch,1995-10-02,5.07,69,2.13,52,0.0,0,62,0.0
072a10e85f7d4bff,Milana Dudieva,,"5' 3""",135,,Orthodox,1989-08-04,0.87,31,3.43,58,2.34,45,0,0.0
654ae722109a0d31,Joe Duffy,Irish,"5' 10""",155,73,Orthodox,1988-02-18,2.68,34,3.78,54,0.96,66,64,0.7
4ae4049426e0161d,Alexis Dufresne,Sneaky Zebra,"5' 9""",135,,Orthodox,1990-08-31,1.33,27,3.33,60,1.5,50,50,0.0
a7ddae0be8b78147,Jessamyn Duke,The Gun,"5' 11""",135,73,Orthodox,1986-06-24,4.83,53,4.43,57,1.27,36,50,1.9
e803242fb2e41112,Islam Dulatov,The Ripper,"6' 3""",170,75,Orthodox,1998-08-02,8.78,54,4.24,50,2.2,100,100,0.0
a57cb948c4c70a47,Isaac Dulgarian,The Midwest Choppa,"5' 7""",145,71,Orthodox,1996-07-04,2.99,63,1.65,40,4.57,50,0,1.8
1a225f04aa6e0739,Kelly Dullanty,Psycho,"5' 8""",155,,Orthodox,1977-11-04,0.0,0,0.67,75,0.0,0,66,0.0
a93f94c923c3a9cb,Christian Leroy Duncan,CLD,"6' 2""",185,79,Switch,1995-07-24,4.45,57,2.36,54,0.43,20,57,0.0
4e6738062d469256,Sedriques Dumas,The Reaper,"6' 2""",185,79,Orthodox,1995-08-06,1.97,44,2.64,53,1.3,31,33,0.2
e5c9de15bb58b1c6,Evan Dunham,,"5' 10""",155,70,Southpaw,1981-12-18,5.33,39,3.54,61,1.82,33,79,1.0
31732a614e7a3d1d,Alex Dunworth,,"5' 8""",155,,,,1.94,31,8.71,35,0.0,0,50,0.0
fd406a32a6fb3a29,Chris Duncan,The Problem,"5' 10""",155,71,Orthodox,1993-05-10,4.83,45,4.57,50,2.92,40,55,0.6
4417980b3e798abf,Reuben Duran,,"5' 7""",135,71,Orthodox,1983-07-02,3.19,49,2.61,50,0.98,23,25,0.7
6b7c7460855dbbb9,Albert Duraev,,"5' 11""",185,75,Orthodox,1989-01-05,2.99,40,3.01,59,1.97,29,66,0.6
d3f5d33d61cd00c9,Norma Dumont,The Immortal,"5' 7""",135,67,Orthodox,1990-10-01,3.85,50,2.33,64,1.43,54,71,0.0
e979c76341f19b22,Tom Duquesnoy,Fire Kid,"5' 7""",135,68,Orthodox,1993-06-21,3.83,45,5.3,62,0.42,25,46,0.0
2153a7f8396a46cc,Luiz Dutra,Besouro,"5' 11""",170,,Orthodox,1982-05-06,3.92,50,4.8,41,0.0,0,100,0.0
7f6ed67d3ed3c036,Cody Durden,Custom Made,"5' 7""",125,67,Southpaw,1991-03-29,3.27,44,3.89,51,3.82,48,56,0.6
43db649da89fac4b,Rilley Dutro,,"5' 8""",125,,Orthodox,1987-09-03,4.74,54,5.95,33,0.0,0,83,0.0
7df4d3c38792b083,Bill Duvall,,"6' 2""",185,,Southpaw,,0.0,0,2.4,40,0.0,0,0,0.0
15df64c02b6b0fde,Danny Abbadi,The Assassin,"5' 11""",155,,Orthodox,1983-07-03,3.29,38,4.41,57,0.0,0,77,0.0
4961467134abd8be,Darion Abbey,,"6' 2""",265,80,Orthodox,1993-02-25,8.44,50,14.06,28,0.0,0,0,0.0
59a9d6dac61c2540,Nariman Abbasov,Bayraktar,"5' 8""",155,66,Orthodox,1994-02-01,3.0,20,5.67,46,0.0,0,66,0.0
55ed59d541f8b90c,Rolando Dy,Dy Incredible,"5' 8""",145,69,Orthodox,1990-08-11,3.04,37,4.47,52,0.3,20,68,0.0
cfbb3edab781dfd2,Shanelle Dyer,The Nightmare,"5' 6""",115,65,Orthodox,2001-04-23,7.71,46,6.72,51,0.7,8,100,0.0
8f0d576beba1cfcd,Matt Dwyer,,"6' 4""",170,76,Orthodox,1989-12-17,2.57,34,3.24,54,0.44,10,60,0.0
9ada30894bf04e19,David Dvorak,Undertaker,"5' 5""",125,68,Orthodox,1992-06-05,3.48,43,3.29,59,0.58,30,70,0.2
c03520b5c88ed6b4,Merab Dvalishvili,The Machine,"5' 6""",135,68,Orthodox,1991-01-10,4.42,41,2.8,54,5.97,35,76,0.3
841695e02c99a521,Mansur Abdul-Malik,,"6' 2""",185,80,Orthodox,1997-10-07,3.28,44,4.49,46,1.65,41,83,0.3
93fe7332d16c6ad9,Tom Aaron,,,155,,,1978-07-13,0.0,0,0.0,0,0.0,0,0,0.0
8f3837b4c06f3d1e,Farida Abdueva,,"5' 3""",115,66,Orthodox,2004-05-15,5.41,57,6.89,48,0.0,0,0,0.0
3329d692aea4dc28,Hamdy Abdelwahab,The Hammer,"6' 2""",265,72,Southpaw,1993-01-22,4.27,55,3.67,51,3.25,65,100,0.0
b361180739bed4b0,David Abbott,Tank,"6' 0""",265,,Switch,1965-04-26,1.35,30,3.55,38,1.07,33,66,0.0
5140122c3eecd307,Daichi Abe,,"5' 11""",170,71,Orthodox,1991-11-27,3.8,33,4.49,56,0.33,50,0,0.0
f689bd7bbd14b392,Cyborg Abreu,,,,,,1980-12-20,0.0,0,0.0,0,0.0,0,0,0.0
aa6e591c2a2cdecd,Ricardo Abreu,Demente,"5' 11""",185,,Orthodox,1984-04-27,3.79,31,3.98,68,2.13,42,100,0.7
c9f6385af6df66d7,Papy Abedi,Makambo,"5' 11""",185,,Southpaw,1978-06-30,2.8,55,3.15,48,3.47,57,50,1.3
24cb8f04de1310cb,Akbar Abdullaev,Bakal,,155,,,1997-09-20,0.0,0,0.0,0,0.0,0,0,0.0
c0ed7b208197e8de,Hiroyuki Abe,Abe Ani,"5' 6""",145,,Orthodox,1970-02-09,1.71,36,3.11,63,0.0,0,33,0.0
e047d3b541afd4a7,Tahir Abdullayev,Tank,"5' 8""",170,73,Orthodox,1997-02-02,2.56,42,2.42,51,2.07,33,100,0.0
2f5cbecbbe18bac4,Shamil Abdurakhimov,Abrek,"6' 3""",235,76,Orthodox,1981-09-02,2.41,44,3.02,55,1.01,23,45,0.1
989b85f6540c86b1,John Adajar,The Outlaw,"5' 9""",170,75,Orthodox,1991-06-22,3.9,52,6.28,44,0.0,0,0,0.0
83b00f7597e5ac83,Juan Adams,The Kraken,"6' 5""",265,80,Orthodox,1992-01-16,7.09,55,4.06,34,0.91,66,57,0.0
2620f3eb21c79614,Scott Adams,,"6' 0""",225,,Southpaw,,0.0,0,0.0,0,0.0,0,0,0.0
a77633a989013265,Anthony Adams,Sugafoot,"6' 1""",185,76,Orthodox,1988-01-13,3.17,41,5.93,44,0.0,0,0,0.0
1c5879330d42255f,Daniel Acacio,,"5' 8""",180,,Orthodox,1977-12-27,3.52,36,2.85,62,0.33,20,81,0.0
7279654c7674cd24,Klidson Abreu,White Bear,"6' 0""",205,74,Orthodox,1992-12-24,2.05,40,2.9,55,0.64,20,80,0.0
79cb2a690b9ba5e8,Zarrukh Adashev,The Lion,"5' 5""",125,65,Southpaw,1992-07-29,3.65,40,3.04,64,0.0,0,100,0.5
7a846fcbf182a7c8,Mohamed Ado,,"5' 11""",170,76,Switch,2000-05-03,1.66,83,0.33,75,4.97,50,50,5.0
ebc5af72ad5a28cb,Nick Agallar,,"5' 8""",155,,Orthodox,1979-01-13,0.69,11,4.56,42,0.0,0,0,0.0
acff8cdcfc634cb5,Matt Adams,Bad,"5' 11""",235,75,Orthodox,1997-09-07,0.0,0,0.0,0,0.0,0,0,0.0
1338e2c7480bdf9e,Israel Adesanya,The Last Stylebender,"6' 4""",185,80,Switch,1989-07-22,4.03,48,3.22,55,0.05,9,76,0.1
26f4288e83188c61,Kantharaj Agasa,Kannadiga,,135,,,1992-02-16,0.0,0,0.0,0,0.0,0,0,0.0
44aa652b181bcf68,Marcelo Aguiar,,"5' 10""",170,,Orthodox,1969-01-20,0.0,0,0.0,0,0.0,0,0,0.0
0e9869d712e81f8f,Sam Adkins,The Experience,"6' 3""",225,,Orthodox,1965-04-26,0.0,0,0.0,0,0.0,0,0,0.0
a08ddd04eaffd81d,Mariya Agapova,Money Mashka,"5' 6""",125,68,Southpaw,1997-04-07,4.43,54,3.62,52,0.55,66,45,0.8
501821d7fb7b95c1,Fabio Aguiar,,"6' 0""",185,,,1988-02-10,0.0,0,0.0,0,0.0,0,0,0.0
6cadc0a0ba7dc015,Edwin Aguilar,Tigre,"5' 10""",185,,,1972-01-01,0.0,0,0.0,0,0.0,0,0,0.0
8f382b3baa954d2a,Jessica Aguilar,Jag,"5' 3""",115,63,Orthodox,1982-05-08,4.93,50,7.19,53,0.94,25,50,0.2
cf946e03ba2e7666,Kevin Aguilar,Angel of Death,"5' 7""",155,73,Orthodox,1988-09-07,3.96,40,4.81,52,0.16,16,78,0.0
c051c2e12d692b8a,Jesus Aguilar,,"5' 4""",125,62,Orthodox,1996-03-13,2.54,38,2.29,61,1.52,29,45,1.1
ae071698e1a3ccd4,Christian Aguilera,The Beast,"5' 9""",170,72,Switch,1991-11-25,2.54,37,4.04,48,0.0,0,60,0.0
0978385b2bd9ef9b,Nick Aguirre,Slick,"5' 9""",135,74,Southpaw,1996-01-15,0.73,33,2.89,45,1.16,20,33,0.6
b2efa582adf73604,Agulali,,"5' 9""",125,67,Switch,2005-04-07,2.74,60,2.19,59,0.0,0,100,0.0
ff584c17bccbae0b,Ahejiang Ailinuer,,"5' 9""",145,72,Southpaw,1998-09-08,2.47,75,0.53,57,6.0,46,100,0.0
9e3dbb9c68ed5d1a,Mike Aina,Iron,"5' 9""",155,,Orthodox,1980-12-25,2.87,33,6.33,59,0.0,0,71,0.0
49dea784f6cfed71,Ashiek Ajim,Peak Physique,"5' 8""",135,71,Switch,1994-06-19,5.0,40,11.25,25,0.0,0,0,0.0
2eada40ac8801559,Hitomi Akano,Girlfight Monster,"5' 4""",135,,Southpaw,1974-07-27,0.59,45,2.58,55,0.0,0,8,0.5
b0550072e5f0afa7,Yoshihiro Akiyama,,"5' 10""",170,75,Orthodox,1975-07-29,3.1,41,3.62,57,2.29,67,92,1.0
2144954270be834d,Javi Alanis,,"5' 6""",135,,,,0.0,0,0.0,0,0.0,0,0,0.0
1fc64507a0cb38cf,Rostem Akman,,"5' 10""",170,72,Switch,1991-12-19,1.8,25,3.97,57,1.0,40,87,0.0
1897b7b913736a7c,Alatengheili,The Mongolian Knight,"5' 5""",135,66,Orthodox,1991-12-14,2.82,32,5.12,57,1.74,43,75,0.0
16690d100f995f8f,Omari Akhmedov,Wolverine,"6' 0""",185,73,Orthodox,1987-10-12,2.97,34,2.84,55,2.58,45,65,0.2
38b50fd1e1b5b656,Razak Al-Hassan,,"6' 2""",205,,Orthodox,1982-05-14,3.27,39,3.14,60,0.65,14,57,0.0
1cf1310684a841f5,Mostapha Al-Turk,,"6' 2""",245,77,Orthodox,1973-07-14,1.36,19,3.61,53,0.0,0,0,0.0
7578cc6bd750206b,Herdem Alacabek,,"6' 2""",205,75,Orthodox,1991-06-07,3.84,65,6.66,23,2.06,50,42,0.0
597499ac7a5aac62,Abdul-Kareem Al-Selwady,Pride of Palestine,"5' 8""",155,69,Orthodox,1995-04-10,4.61,41,3.43,60,1.47,23,54,0.0
7bd94b60d7521e4a,John Albert,Prince,"5' 8""",135,68,Orthodox,1986-10-13,3.05,49,2.82,35,0.0,0,50,6.1
9b28292abe3166d5,Brett Albee,,,225,,,,0.0,0,0.0,0,0.0,0,0,0.0
6d35bf94f7d30241,Amir Albazi,The Prince,"5' 5""",125,68,Orthodox,1993-10-27,2.47,33,3.88,59,1.18,25,62,0.4
dd1b90eea08887f6,Israel Albuquerque,,,185,,Orthodox,,0.32,13,3.34,25,0.0,0,0,0.0
e76d9f656ceb82ab,Aleksandra Albu,Stitch,"5' 2""",115,63,Orthodox,1990-07-14,4.83,47,5.56,38,2.27,50,77,0.4
c482c8605455a213,Junior Albini,Baby,"6' 3""",264,74,Orthodox,1991-03-15,3.98,51,6.08,52,1.54,37,100,0.0
39f62b833e4cf126,Juan Alcain,,,,,,,0.0,0,0.0,0,0.0,0,0,0.0
184b955181bdef52,Wes Albritton,,"5' 10""",188,,Orthodox,,0.0,0,0.0,0,0.0,0,0,0.0
7c6e87729e824ef4,Ildemar Alcantara,Marajo,"6' 2""",185,78,Orthodox,1982-11-18,1.93,38,2.63,50,2.0,68,81,0.9
2f95a3c6d58b2aad,Iuri Alcantara,Marajo,"5' 9""",135,71,Southpaw,1980-08-04,2.72,45,2.79,49,1.44,62,60,0.8
1e38bba6738b7b10,Alfonso Alcarez,,"5' 3""",145,,,1970-06-10,0.0,0,0.0,0,0.0,0,0,0.0
d26934530dc5b248,Gilbert Aldana,El Peligro,"6' 1""",250,,Orthodox,1977-08-25,2.91,54,6.26,26,2.57,40,33,0.0
578ef12674df1e6a,Irene Aldana,,"5' 9""",135,68,Orthodox,1988-03-26,5.19,39,6.64,56,0.15,50,77,0.2
fe5a9547479396ab,Jim Alers,The Beast,"5' 9""",145,71,Orthodox,1986-10-14,2.9,40,4.38,56,2.26,41,80,0.3
c487223b0289bda9,Hector Aldana,,"5' 11""",170,72,Orthodox,1988-08-17,3.59,38,5.08,59,0.93,100,0,0.0
7a15f3694c5cbc02,John Alessio,The Natural,"5' 10""",155,72,Orthodox,1979-07-05,2.1,39,2.91,54,1.85,38,70,1.2
7460ddef986d3144,Jose Alday,Pochito,"5' 7""",135,68,Orthodox,1991-09-14,3.13,44,3.13,58,0.0,0,57,0.0
103e2e33a60683e1,Irina Alekseeva,Russian Ronda,"5' 8""",135,67,Orthodox,1990-06-27,3.42,38,5.02,45,0.38,20,50,0.4
6fd953151d981979,JJ Aldrich,,"5' 5""",125,67,Southpaw,1992-09-29,3.92,46,4.34,61,0.7,25,67,0.0
d0f3959b4a9747e6,Jose Aldo,,"5' 7""",135,70,Orthodox,1986-09-09,3.65,46,3.81,60,0.47,51,92,0.1
4b37a0bc2ab4cae1,Pablo Alfonso,The Hurricane,"5' 8""",145,,,1983-05-09,0.0,0,0.0,0,0.0,0,0,0.0
8fd76e1b49c00ae2,Kenneth Alexander,The Machine,"5' 9""",155,,Orthodox,1977-09-25,0.88,19,2.2,66,4.71,26,0,0.0
d53482bef23235ba,Marcio Alexandre Junior,Lyoto,"6' 0""",185,75,Southpaw,1989-05-05,1.61,45,2.89,42,0.35,20,66,0.7
0541480fbf719d86,Houston Alexander,The Assassin,"6' 0""",205,72,Orthodox,1972-03-22,3.06,54,3.2,52,1.19,57,33,0.0
11583163f45c7b31,Lucas Alexander,The Lion,"5' 11""",145,73,Orthodox,1995-07-28,4.69,57,2.87,56,0.0,0,60,0.0
d35298b6df168456,Talita Alencar,Problem Child,"5' 1""",115,58,Orthodox,1990-10-17,3.09,36,3.67,51,3.01,29,66,0.5
e17770faae3ca54c,Amir Aliakbari,,"6' 3""",250,,,1984-06-10,0.0,0,0.0,0,0.0,0,0,0.0
669a3cb6e394f515,Royce Alger,,"5' 10""",199,,Orthodox,1965-03-06,0.0,0,0.0,0,0.0,0,0,0.0
ca28cdf526d6b6e9,Nurullo Aliev,Tajik Eagle,"5' 10""",155,72,Orthodox,2000-12-08,2.29,44,1.59,55,3.48,51,80,0.5
e70de1859b7ee78e,Sultan Aliev,,"5' 11""",170,74,Orthodox,1984-09-17,1.41,45,2.2,56,1.76,38,100,0.0
9abc648e76c4493a,Bill Algeo,Senor Perfecto,"6' 0""",145,73,Switch,1989-06-09,5.88,51,4.38,47,1.03,50,55,0.1
41b34b7f11f6d085,Levi Alford,,,,,,,0.0,0,0.0,0,0.0,0,0,0.0
b757c73f443d4fca,Olaf Alfonso,,"6' 2""",170,,Orthodox,1974-08-06,1.65,38,4.77,53,0.37,7,22,0.7
6ebe96a116e79e52,John Allan,,"6' 1""",205,75,Orthodox,1993-02-22,3.56,42,5.74,52,1.4,71,50,0.8
6db394bf6c3b017c,Leon Aliu,The Albanian Lion,"6' 0""",185,74,Orthodox,1989-07-14,6.32,50,10.11,38,0.0,0,0,0.0
a075a34d7527fadf,Kimbert Alintozon,The Hunter,"5' 3""",135,65,Orthodox,1999-01-21,2.39,52,4.06,46,1.56,33,75,0.0
b07aed698fba8624,Ikram Aliskerov,,"6' 0""",185,76,Southpaw,1992-12-07,5.56,60,4.01,45,3.82,68,100,0.7
c4fe2e9a06ea5bcb,Ben Alloway,Blanco,"5' 11""",170,76,Orthodox,1981-02-19,1.28,49,1.9,59,0.62,50,26,0.0
a4dc0f2b95df4cc1,Bekzat Almakhan,The Turan Warrior,"5' 7""",135,68,Orthodox,1997-10-08,2.58,39,4.23,52,0.0,0,59,0.0
8d3273573b85be09,Asu Almabayev,Zulfikar,"5' 4""",125,65,Orthodox,1994-01-25,2.28,51,1.94,53,4.74,45,44,1.4
adf9a901308fb8e3,Daniel Allen,,"6' 0""",155,75,Southpaw,1992-08-10,7.6,51,5.87,53,2.0,66,100,0.0
1e13936d708bcff7,George Allen,,"6' 2""",205,,Open Stance,1967-01-13,0.8,38,3.1,43,0.0,0,50,0.0
040a74bb0a465c54,Arnold Allen,Almighty,"5' 8""",145,70,Southpaw,1994-01-22,3.52,43,3.15,60,1.24,60,73,0.3
2f181c0467965b98,Brendan Allen,All In,"6' 2""",185,75,Orthodox,1995-12-28,3.75,52,3.78,47,1.52,41,57,1.1
088aa1b19b2dc14a,John Dave Almanza,The Striker,"5' 7""",125,67,Southpaw,2004-03-22,1.92,41,5.75,27,0.0,0,0,0.0
91186547a7f3f758,Ricardo Almeida,Big Dog,"6' 0""",170,74,Orthodox,1976-11-29,2.02,49,1.2,61,3.74,38,31,1.2
d615d6a10a4704cd,Magno Almeida,,"6' 0""",155,,,1985-06-06,1.67,36,2.6,41,0.0,0,40,5.0
2b074403b7c6cdb4,Thomas Almeida,Thominhas,"5' 7""",145,70,Southpaw,1991-07-31,4.84,43,4.93,61,0.17,14,75,0.0
41e83a89929d1327,Jailton Almeida,Malhadinho,"6' 3""",225,79,Orthodox,1991-06-26,2.23,62,1.3,43,5.64,55,60,1.7
f16ddfa31236efed,Estefani Almeida,,"5' 4""",125,,Orthodox,1988-10-17,3.13,37,6.07,42,0.0,0,0,0.0
67a992d4cff22466,Ericka Almeida,,"5' 6""",115,,Orthodox,1989-03-05,1.07,39,3.33,43,0.5,33,37,0.0
64d47ef881a437a4,Cesar Almeida,Cesinha,"6' 1""",185,74,Orthodox,1988-03-28,3.73,60,2.23,44,0.2,33,53,0.2
c6bf75775b278ed8,Mauricio Alonso,,"6' 2""",170,,,1980-02-27,5.74,34,1.91,67,0.0,0,0,0.0
49b130de1da2e1bf,Sarah Alpar,Too Sweet,"5' 4""",135,63,Southpaw,1991-06-01,2.36,44,6.06,38,1.61,26,20,0.4
710f0f8c5d5c9d41,Lucas Almeida,,"5' 11""",145,71,Orthodox,1991-01-31,4.94,39,5.36,44,0.0,0,53,0.0
e87a13e02c01331d,Ali AlQaisi,The Royal Fighter,"5' 6""",135,68,Orthodox,1990-09-23,2.43,42,1.97,56,3.5,29,60,1.0
27a9ce2c04071efe,Abe Alsaghir,The Killer,"5' 8""",155,71,Orthodox,2001-07-01,0.0,0,0.0,0,0.0,0,0,0.0
e741536153227386,Sean Alvarez,,"6' 0""",235,,Orthodox,1971-07-14,0.89,37,3.25,47,0.0,0,0,0.0
dc7927cd622676a7,Victor Altamirano,El Magnifico,"5' 8""",125,70,Switch,1991-01-23,4.58,53,3.82,53,2.88,38,63,0.0
430c533614d45813,Patricia Alujas,The Angel,"5' 4""",115,64,Orthodox,1996-05-08,5.83,31,9.25,44,0.0,0,0,0.0
c61b49cec6abd6b9,Rico Altamirano,,"5' 10""",170,,,,0.0,0,0.0,0,0.0,0,0,0.0
c11036da9162cb5f,Mike Altman,,"5' 10""",185,,Orthodox,,1.56,20,2.08,75,0.0,0,0,0.0
d317a5e2b3f88c5f,Warlley Alves,,"5' 11""",185,72,Orthodox,1991-01-04,3.04,48,3.95,50,1.22,50,62,0.8
33a331684283900f,Eddie Alvarez,,"5' 9""",155,69,Orthodox,1984-01-11,4.32,41,4.39,55,2.92,36,92,0.5
4438482bd1d5a029,Jaime Alvarez,,"5' 8""",125,69,Orthodox,1988-03-08,2.73,40,4.53,56,1.0,33,50,0.0
bd92cf5da5413d2a,Anthony Alves,,,,,,,0.0,0,0.0,0,0.0,0,0,0.0
029afd138865d20a,Rafael Alves,The Turn,"5' 8""",155,68,Orthodox,1990-11-14,1.85,48,3.3,58,0.29,25,44,1.5
58bbef3770bb2dfc,Joel Alvarez,El Fenomeno,"6' 3""",170,77,Orthodox,1993-03-02,4.53,54,3.03,53,0.18,33,46,1.1
d156513a19acf856,Sam Alvey,Smile'N,"6' 2""",185,75,Southpaw,1986-05-06,3.28,44,3.63,52,0.06,14,82,0.1
31ee470ef5dc8d7f,Thiago Alves,Pitbull,"5' 9""",170,70,Orthodox,1983-10-03,3.73,41,3.42,62,0.71,60,63,0.3
dc5a6b2fdb27e7dc,Amilcar Alves,,"6' 0""",170,,Southpaw,1988-08-08,0.5,46,2.02,30,0.0,0,53,0.0
86c1441676af2c73,Mahamed Aly,,"6' 2""",205,78,Orthodox,1994-01-11,6.0,66,12.0,33,0.0,0,0,0.0
20821819c401ced8,Andre Amado,Dida,"6' 0""",154,,Orthodox,1983-10-09,2.27,24,5.91,63,0.0,0,20,0.0
1e327b281ef6a745,Adlan Amagov,Borz,"6' 2""",170,76,Orthodox,1986-10-30,3.29,47,0.82,78,5.84,56,100,0.0
247fbbfafea60bb1,Maiara Amanajas dos Santos,,"5' 5""",115,,Southpaw,1987-07-11,5.53,35,24.47,33,0.0,0,100,0.0
ee0b69e307c857e5,Chris Amarante,,,185,,,,0.0,0,0.0,0,0.0,0,0,0.0
d562b12b8fe88336,JJ Ambrose,,"5' 10""",170,,Orthodox,1987-02-06,3.16,69,6.32,33,0.0,0,50,0.0
f4abf9aeda861283,Christopher Alvidrez,The Newborn,"6' 0""",170,74,Orthodox,1996-12-27,6.97,62,2.11,50,0.0,0,100,0.0
c912f676692c353a,Jimmy Ambriz,The Titan,"6' 2""",315,,Southpaw,1970-01-26,0.83,29,3.76,40,3.13,57,100,0.8
70fa1c64a2c439ef,Alen Amedovski,,"5' 10""",185,74,Orthodox,1988-04-06,0.99,30,3.85,46,0.0,0,0,0.0
6c40705cf6c0d7e2,Hamid Amiri,The Storm,,145,,,2003-06-15,0.0,0,0.0,0,0.0,0,0,0.0
41cc71cbf210e0fe,Hyder Amil,The Hurricane,"5' 9""",145,70,Switch,1990-05-28,5.83,52,4.04,50,0.52,16,65,0.8
f139d6836efd43dd,Yaroslav Amosov,,"6' 0""",170,75,Orthodox,1993-09-09,2.65,53,1.38,60,11.11,53,0,3.2
23a8c33869bf5392,Karl Amoussou,The Psycho,"5' 11""",185,,Orthodox,1985-11-21,1.47,34,2.67,54,0.0,0,25,1.0
87a1dc546b1c5caf,Makwan Amirkhani,Mr. Finland,"5' 10""",145,72,Southpaw,1988-11-08,1.33,44,2.98,46,3.96,43,35,1.1
53adf5b845d91e4a,Bertrand Amoussou,,"5' 8""",190,,Orthodox,1966-05-28,6.75,39,2.01,83,0.0,0,0,0.0
bc7d1ad49fcb2d08,Jaqueline Amorim,,"5' 3""",115,68,Orthodox,1995-06-24,2.26,49,2.06,54,2.01,33,0,4.3
9199e0735b83dd32,Andy Anderson,The Hammer,"5' 6""",240,,,1974-07-16,0.0,0,0.0,0,0.0,0,0,0.0
8738eacd62e82a32,Matt Andersen,,"6' 2""",230,,Southpaw,1971-05-29,0.0,0,0.0,0,0.0,0,0,0.0
1ffc38f67785797b,Lowell Anderson,,"5' 6""",160,,Orthodox,,0.0,0,0.0,0,0.0,0,0,0.0
cad24459b28592ca,Eryk Anders,Ya Boi,"6' 1""",185,75,Southpaw,1987-04-21,3.44,47,4.03,50,1.83,25,80,0.1
19ba965651486013,Derek Anderson,Barbaric,"6' 0""",155,,,1990-02-02,3.97,37,3.08,61,0.34,14,60,0.0
5e4eec08896c9423,Corey Anderson,Overtime,"6' 3""",205,79,Orthodox,1989-09-22,4.43,46,2.22,59,4.89,50,83,0.0
00debc804e2b1cd4,Dylan Andrews,The Villain,"6' 1""",185,74,Switch,1979-11-15,2.21,50,2.72,46,2.83,50,57,0.4
a0e75f4a13eb73f1,Megan Anderson,,"6' 0""",145,72,Orthodox,1990-02-11,1.76,46,3.35,37,0.52,25,53,0.5
46e2ca71fd5089cb,Reese Andy,Riptide,"6' 0""",205,,Orthodox,1973-03-31,2.87,50,3.5,58,0.67,20,40,0.0
b03a0c78ca45facf,Liam Anderson,,"6' 3""",185,75,Orthodox,1995-01-13,3.0,52,6.53,31,1.0,20,50,0.0
17615148dd4be6f6,Tatsuya Ando,Kirinji,"5' 4""",145,68,Southpaw,1990-04-26,0.93,19,4.93,50,0.0,0,0,0.0
1562b12763cc8d67,Alex Andrade,El Toro,"5' 11""",200,,Orthodox,1974-05-14,0.2,36,2.6,53,0.0,0,25,0.8
df619b9a86ce0a9a,Damien Anderson,Demon Hands,"5' 8""",145,69,Southpaw,1997-01-04,0.47,35,0.4,45,0.0,0,33,1.0
9bad58fa651d6196,Jermaine Andre,,"5' 7""",200,,Orthodox,1973-07-16,0.0,0,0.0,0,0.0,0,0,0.0
d221ee27afc7a60e,Viscardi Andrade,,"5' 11""",170,75,Orthodox,1984-03-08,3.26,42,2.77,63,1.93,50,66,0.3
6a1901c62ab3870f,Jessica Andrade,Bate Estaca,"5' 1""",115,62,Orthodox,1991-09-25,6.37,48,5.58,54,2.1,54,75,0.3
d6a3e131ad4ba064,Angga,The Hitman,"5' 7""",145,68,Orthodox,1989-01-13,3.56,38,3.77,53,0.0,0,33,0.0
e20ad078a7d63361,Julius Anglickas,,"6' 3""",205,,Orthodox,1991-07-23,4.62,78,1.86,50,4.47,50,60,1.1
047a91d3d9c79b05,Collin Anglin,,"5' 9""",145,71,Orthodox,1993-02-20,4.59,48,5.54,51,2.28,66,100,0.0
7977fb0fd9c5955d,Fellipe Andrew,,,,,,1994-10-24,0.0,0,0.0,0,0.0,0,0,0.0
dbd198f780286aca,Angelo Antonio,,,205,,Orthodox,1998-10-04,1.09,50,7.64,50,0.0,0,0,0.0
25b31165758402dd,Adam Antolin,Captain Chaos,"5' 5""",125,63,Orthodox,1982-02-28,5.73,52,5.0,69,0.0,0,100,0.0
e06fd1260ac865a7,Yoji Anjo,Mr. 200%,"5' 11""",205,,Orthodox,1967-03-28,0.0,0,3.13,25,0.0,0,0,0.0
c7c39e2fb70248b3,Chad Anheliger,The Monster,"5' 6""",135,64,Orthodox,1986-12-01,3.11,46,2.76,53,0.68,30,38,0.5
af997f7611673880,Gadzhimurad Antigulov,,"5' 11""",205,70,Orthodox,1987-02-09,2.08,55,4.21,40,5.08,36,0,1.4
d802174b0c0c1f4e,Magomed Ankalaev,,"6' 3""",205,75,Orthodox,1992-06-02,3.52,52,2.49,55,0.85,24,87,0.2
78d48d3874dacafd,Azunna Anyanwu,Zulu,"6' 1""",251,,Orthodox,1981-08-05,2.47,42,2.47,69,0.65,100,0,0.0
cc49ada1ea955b13,Vanilto Antunes,,"6' 0""",170,72,Orthodox,1994-12-28,5.49,48,14.27,43,0.0,0,0,0.0
4665f9f909cd7214,Shinsho Anzai,Animal,"5' 7""",170,70,Orthodox,1985-12-01,3.23,58,3.75,45,1.83,16,75,0.0
14a48a86b2b57f0e,Alexis Apodaca,,,135,,,,0.0,0,0.0,0,0.0,0,0,0.0
031da10a00c8ccd4,Jin Aoi,,"5' 7""",145,67,Orthodox,1997-01-21,1.73,35,4.23,51,3.17,35,71,0.6
7d420039bbfe7c1a,Aoriqileng,The Mongolian Murderer,"5' 7""",135,69,Orthodox,1993-06-25,4.4,49,5.66,46,1.11,46,59,0.2
0c1a04afca64e38f,Josh Appelt,,"5' 10""",255,,Southpaw,1983-06-19,1.35,40,11.5,32,0.0,0,33,0.0
79ded75550efc139,Shinya Aoki,Tobikan Judan,"5' 11""",154,,Southpaw,1983-05-09,0.97,58,1.25,58,2.54,41,60,4.0
269d103c96a4c3a5,Kenji Arai,,"5' 10""",145,,Southpaw,1979-10-05,8.79,27,10.29,39,0.0,0,0,0.0
1ccff7f0cfdf85eb,Erik Apple,,"6' 0""",170,,Orthodox,1977-08-26,0.0,0,0.54,81,0.0,0,0,8.1
73ef22f25d0f70e2,Romie Aram,,"5' 10""",170,,Orthodox,1977-12-02,1.8,35,2.83,50,2.5,62,83,0.0
dbea8c1cb327ab3d,Igor Araujo,,"6' 1""",170,77,Orthodox,1980-12-06,1.52,42,2.86,49,0.86,15,22,0.6
71002dbc1743b9a7,Felipe Arantes,Sertanejo,"5' 8""",135,73,Orthodox,1988-02-09,2.37,45,2.66,64,0.93,47,41,0.7
e0e1801e8721af17,Ryoga Arimoto,,"5' 3""",125,63,Orthodox,1998-12-07,5.07,43,5.4,47,1.0,50,60,0.0
1291edf2d566a71a,Julio Arce,,"5' 7""",145,70,Southpaw,1989-10-27,4.36,36,3.05,68,0.46,28,96,0.3
36541f1e6c5d4955,Viviane Araujo,Vivi,"5' 4""",125,68,Orthodox,1986-11-21,3.84,47,4.83,55,1.72,43,75,0.6
db3c4a884d704efe,Gabriel Arges,,,170,,,1993-01-29,0.0,0,0.0,0,0.0,0,0,0.0
9c9455912d917e4e,Tristan Arenal,,,155,,,1985-03-06,0.0,0,0.0,0,0.0,0,0,0.0
d25e39e74efb0a77,Art Arciniega,King Arthur,"5' 8""",145,,,1981-10-15,1.53,46,2.73,51,0.0,0,50,1.0
87f8699fdcc2c404,Alice Ardelean,,"5' 3""",115,62,Orthodox,1992-04-19,7.0,46,4.97,61,1.08,50,85,0.2
30ad2050273d016a,Joey Armstrong,,,,,,,0.0,0,0.0,0,0.0,0,0,0.0
1effd880e1f1bb30,Garrett Armfield,,"5' 6""",135,70,Orthodox,1996-10-09,5.35,53,3.64,56,1.1,50,64,0.6
e4ba58725825412d,Dan Argueta,The Determined,"5' 7""",135,68,Southpaw,1993-08-13,2.48,43,3.44,50,4.36,35,55,1.4
a90c200c3fbb22c4,Eli Aronov,The Israeli Tank,"5' 10""",185,72,Orthodox,1996-06-06,8.92,68,6.49,38,12.16,100,0,0.0
90063913321e7670,Reza Arianto,The Crazy Lion,,155,,,,0.0,0,0.0,0,0.0,0,0,0.0
05fbfe628658c538,Ricardo Arona,The Brazilian Tiger,"5' 11""",205,,Orthodox,1978-07-17,1.66,48,1.15,57,2.41,48,58,1.2
9a7ffa80766caa51,Hashem Arkhagha,,"6' 2""",185,75,Orthodox,1989-09-11,1.84,44,8.97,43,0.0,0,50,0.0
770b9d4813c25902,Chalid Arrab,Die Faust,"5' 11""",205,,Orthodox,1975-05-28,1.56,34,1.63,56,3.05,75,37,1.0
bf0e700106d00e55,Austin Arnett,,"6' 0""",145,72,Orthodox,1991-10-22,4.52,41,6.38,62,0.44,18,57,0.2
3738e68d2261e60f,Andrei Arlovski,The Pitbull,"6' 3""",240,77,Orthodox,1979-02-04,3.82,45,3.22,57,0.37,35,76,0.2
91e3388e69060e69,Veta Arteaga,,"5' 7""",125,,,,3.2,36,1.92,65,0.0,0,40,0.0
de62052b2ede65ba,Matt Arroyo,No Regard,"5' 10""",170,72,Orthodox,1982-09-01,1.62,47,2.01,58,2.12,36,100,5.3
2dea80c069847321,Gilles Arsene,,"5' 9""",190,,Southpaw,1970-12-23,0.06,10,2.45,32,0.0,0,0,0.0
49f78022126bf4a4,Cesar Arzamendia,Goku,"5' 11""",155,,Orthodox,1991-01-31,5.37,45,5.2,56,7.32,75,0,2.4
61fb8098ccf81c7f,Antonio Arroyo,,"6' 3""",185,73,Orthodox,1989-07-01,2.82,66,2.02,50,1.14,41,41,0.2
a373085066dbfb54,Teddy Ash,Bear,"6' 1""",185,73,Switch,1989-12-27,7.27,61,6.8,28,0.0,0,100,0.0
d33da8a3d82bdb62,Kai Asakura,,"5' 8""",135,69,Orthodox,1993-10-31,2.53,34,3.34,52,0.0,0,50,0.0
8be9deb7d6b36354,Asjabharan,,"5' 6""",135,,,1992-07-31,0.0,0,0.0,0,0.0,0,0,0.0
c136b2a8852da5bd,Akbarh Arreola,El Caballero,"5' 10""",155,71,Southpaw,1983-01-14,2.32,45,4.01,56,1.07,100,33,0.4
c739c2995a275314,Yanal Ashmouz,Red Fox,"5' 9""",155,69,Orthodox,1995-03-31,2.88,50,4.78,50,3.24,38,64,0.0
d26a0988c9dc9886,Arman Ashimov,Mustafa Ozturik,"5' 6""",125,,,1992-01-14,0.0,0,0.0,0,0.0,0,0,0.0
06827d70c53ff0d9,Scott Askham,,"6' 3""",185,75,Southpaw,1988-05-20,3.03,46,3.52,52,0.44,18,65,0.7
0b31f87be71ebbb1,Ben Askren,Funky,"5' 11""",170,73,Orthodox,1984-07-18,3.64,49,5.66,36,4.33,55,0,0.9
5c10da56d712ac9c,Khusein Askhabov,Nohcho,"5' 8""",145,69,Orthodox,1995-02-13,2.0,26,4.13,56,0.0,0,66,0.0
9be6020024133293,Cyril Asker,Silverback,"6' 0""",247,74,Orthodox,1985-12-24,3.35,39,5.82,35,4.41,62,100,0.9
ff222167cce02919,Bruno Assis,Brunao,"6' 2""",185,,Orthodox,1992-05-23,1.27,43,3.2,36,2.0,50,66,1.0
e56cee1ad697db04,Steven Asplund,Concrete,"6' 5""",260,78,Orthodox,1998-07-16,7.88,53,5.25,48,0.0,0,100,0.4
6e8f1bcdda94ff45,Ibo Aslan,The Last Ottoman,"6' 3""",205,77,Orthodox,1996-04-23,5.75,48,3.96,56,0.0,0,87,0.0
399afbabc02376b5,Tom Aspinall,,"6' 5""",255,78,Orthodox,1993-04-11,7.63,67,3.62,56,2.62,80,100,1.3
b1d19449397541dc,Askar Askarov,Bullet,"5' 6""",125,67,Orthodox,1992-10-09,3.05,54,2.8,57,2.6,24,66,0.4
2abc414136504554,Askar Askar,AK-47,"5' 7""",145,69,Orthodox,1994-08-19,0.0,0,0.0,0,0.0,0,0,0.0
d0d7160824278840,Junior Assuncao,,"5' 9""",145,72,Orthodox,1981-06-24,3.31,62,2.06,44,2.43,24,66,0.7
2f13e4020cea5b38,Raphael Assuncao,,"5' 5""",135,66,Orthodox,1982-07-19,3.22,42,2.5,66,1.65,39,78,0.2
4d3b08ab127c7585,Jose Augusto,Gugu,"6' 3""",251,,,1992-03-28,0.0,0,0.0,0,0.0,0,0,0.0
fd7acf42bd6e7e95,Bazigit Atajev,Volk,"6' 1""",230,,Orthodox,1979-03-12,0.87,41,3.14,49,1.0,33,0,0.0
01c9e4013afce141,Michael Aswell Jr.,The Texas Kid,"5' 8""",145,69,Orthodox,2000-09-27,7.6,42,7.03,52,0.24,25,55,0.0
210935fd21670f6d,Rich Attonito,The Raging Bull,"5' 10""",170,72,Orthodox,1977-06-16,2.28,47,2.13,59,0.74,37,75,0.0
196ed28337adc630,Pat Audinwood,Awesomely Awesome,"6' 0""",155,,Orthodox,1986-04-16,1.17,12,4.31,41,0.8,50,0,0.0
8753e125f4499816,Blas Avena,The Disciple,"6' 0""",170,74,Orthodox,1983-06-30,2.34,47,3.36,43,2.37,80,50,1.8
956dcac65e7b34d6,David Avellan,,"5' 9""",185,,Orthodox,1981-07-07,3.33,25,10.0,57,0.0,0,0,0.0
04643fd03d9159cc,Marcus Aurelio,Maximus,"5' 10""",155,74,Orthodox,1973-08-18,1.42,33,2.27,59,1.69,27,27,1.3
55ee431411ccf07a,Olivier Aubin-Mercier,The Canadian Gangster,"5' 9""",155,70,Southpaw,1989-02-23,2.48,51,2.97,55,2.36,33,70,0.5
ba5c6eeb8ef45f5c,Levi Avera,,"6' 1""",170,,,1982-05-17,0.0,0,0.0,0,0.0,0,0,0.0
da603332ad41f165,Saad Awad,Assassin,"5' 11""",155,,,1983-06-07,2.13,26,1.87,60,0.5,16,100,0.5
4665cbf36b08193b,Chris Avila,,"5' 10""",145,,Orthodox,1993-01-16,2.37,30,4.17,48,0.0,0,46,0.0
86d9dbe1bfcbade7,Julia Avila,Raging Panda,"5' 7""",135,68,Orthodox,1988-05-11,2.81,42,3.28,55,0.63,37,52,0.2
033d19259f589457,Anthony Avila,,"5' 7""",145,,,1988-12-29,0.0,0,0.0,0,0.0,0,0,0.0
69ea0119f6f0dfe0,Dan O'Connor,Johnny Irish,"5' 4""",115,,,1982-11-17,4.0,56,5.1,54,0.0,0,100,0.0
26387c19f32dda0f,Javy Ayala,Eye Candy,"6' 1""",265,,,1988-08-20,0.83,25,5.0,33,0.0,0,0,0.0
d25b93992f285953,TJ O'Brien,The Spider,"6' 2""",155,,Orthodox,1987-01-01,3.77,46,4.78,57,0.94,100,0,0.0
6eaec40f724852f4,Jessin Ayari,,"6' 0""",155,73,Orthodox,1992-05-31,3.53,37,3.59,58,0.0,0,50,0.3
20bcc9966affb19c,Jake O'Brien,Irish,"6' 3""",205,76,Orthodox,1984-09-25,1.31,31,1.92,69,6.39,54,25,0.2
46d0a888d87d91ac,Abu Azaitar,Captain Morocco,"5' 9""",185,76,Orthodox,1986-03-10,4.38,43,4.32,51,1.0,37,42,0.0
9bcfb40dbcd50568,Luciano Azevedo,,"6' 3""",161,,Orthodox,1981-06-25,0.76,45,1.97,27,2.28,11,0,0.0
2af2f2e26c4c0402,Hunter Azure,,"5' 8""",145,69,Orthodox,1992-03-02,3.92,53,2.08,58,1.97,34,67,1.3
ee18ff42063174df,Ottman Azaitar,Bulldozer,"5' 8""",155,71,Switch,1990-02-20,4.43,44,4.11,52,0.0,0,100,0.0
063649e21bc9d6d5,Luiz Azeredo,,"5' 9""",154,,Orthodox,1976-06-10,2.16,39,2.76,57,1.07,50,45,0.3
56bc9ccb609df534,Chuck O'Neil,Cold Steel,"6' 2""",170,,,1985-09-22,3.13,37,4.4,72,0.0,0,0,0.0
338fda4ec7034c5d,Jeremiah O'Neal,,"5' 8""",260,,,1977-10-25,1.15,40,7.5,23,0.0,0,0,0.0
46effbd1135423c5,Sean O'Haire,,"6' 5""",270,,Orthodox,1971-02-25,8.28,57,22.76,21,0.0,0,0,0.0
04835018f90b118c,Casey O'Neill,King,"5' 6""",125,69,Orthodox,1997-10-07,7.89,52,5.53,57,1.4,34,70,0.7
b50a426a33da0012,Sean O'Malley,Suga,"5' 11""",135,72,Switch,1994-10-24,5.98,60,3.4,59,0.23,42,60,0.2
88be62d6c1e6dadb,Jose Ochoa,Kalzifer,"5' 7""",125,67,Southpaw,2000-12-31,5.16,47,2.99,58,0.3,25,65,0.9
494b0bfdbac74502,Brendan O'Reilly,Badger,"5' 7""",170,69,Orthodox,1987-06-24,1.9,47,2.77,39,2.22,43,36,0.6
cb52f9490c2dc069,Sean O'Connell,The Real OC,"6' 1""",205,74,Orthodox,1983-09-02,5.46,48,6.77,45,0.0,0,30,0.5
7139cd2ae4bf6a29,Takahiro Oba,,"5' 8""",200,,Southpaw,1976-08-14,0.23,25,1.82,69,0.0,0,0,0.0
6e3282d57d2467a0,Nobuhiro Obiya,,"5' 8""",145,,Orthodox,1981-01-15,0.63,28,2.53,55,0.5,50,41,0.5
629bac37f70891fb,Kaito Oda,,"5' 5""",125,63,Orthodox,1998-02-13,2.07,62,1.93,38,4.0,100,25,0.0
2d6d6ffe5a446ea2,Christian Ocon,,"5' 8""",135,69,Orthodox,1996-02-05,1.73,53,5.27,34,0.0,0,63,0.0
5c020ee6ab450870,Ho Taek Oh,Spider,,155,,,1993-07-20,0.0,0,0.0,0,0.0,0,0,0.0
cfc3e7bb44685289,Trey Ogden,Shamurai,"5' 11""",155,72,Orthodox,1989-11-14,3.2,50,3.49,55,1.89,32,100,0.7
f43907e75f8d9baa,Richard Odoms,The Black Eagle,"6' 5""",265,,Orthodox,1975-05-08,0.0,0,0.0,0,0.0,0,0,0.0
0845c81e37d3bcb3,Volkan Oezdemir,No Time,"6' 2""",205,75,Orthodox,1989-09-19,4.99,48,4.19,55,0.5,29,80,0.1
7facc9c45d792985,Kaan Ofli,Genghis,"5' 7""",145,66,Orthodox,1993-06-19,2.49,47,3.17,56,0.34,7,0,0.7
6a8a06b542e1516d,Michiyoshi Ohara,,"5' 10""",205,,Orthodox,1967-11-15,0.28,29,3.13,48,0.0,0,33,0.0
b6c4451cb13c9303,Andy Ogle,The Little Axe,"5' 8""",145,69,Orthodox,1989-02-16,2.24,44,2.23,50,1.44,26,58,0.0
4b2390cfaceb91d8,Naoya Ogawa,,"6' 4""",255,,Orthodox,1968-03-31,2.41,42,1.66,47,1.25,100,66,1.2
01daf32100ed7517,Koji Oishi,,"5' 8""",170,,Orthodox,1977-05-31,1.43,9,17.86,43,0.0,0,0,0.0
32541eb5d12668b4,Takayuki Okada,Giant Ochiai,"6' 1""",290,,Orthodox,1973-05-08,0.0,0,0.0,0,0.0,0,0,0.0
aa40fe6038db56cb,JJ Okanovich,The Bosnian Bomber,"5' 11""",155,76,Orthodox,1990-11-04,6.93,55,5.27,50,0.0,0,100,0.0
acff437707625fc7,Yushin Okami,Thunder,"6' 2""",170,75,Southpaw,1981-07-21,2.06,38,2.25,60,1.98,39,84,0.5
4bdedbdeedff7d1d,Bolaji Oki,The Zulu Warrior,"5' 10""",155,73,Orthodox,1995-11-15,6.42,45,5.12,61,1.02,57,75,0.0
33454ad90754cb49,Kazuki Okubo,,"5' 11""",175,,Orthodox,1979-06-30,1.53,38,1.97,46,0.51,25,36,2.0
02a65a55f25fb4f3,Masakatsu Okuda,,,,,,1976-01-16,0.0,0,4.27,34,0.0,0,0,4.3
98c23cb6da5b3352,Aleksei Oleinik,The Boa Constrictor,"6' 2""",240,80,Orthodox,1977-06-20,3.29,48,3.8,44,1.82,46,37,1.9
bec2746f033802c3,Jorge Oliveira,,"6' 1""",205,,,,0.0,0,0.0,0,0.0,0,0,0.0
084532da3d25f3b8,Cezary Oleksiejczuk,,"6' 3""",185,75,Southpaw,2000-01-06,1.99,86,0.77,47,5.77,85,100,0.0
15b1b21cd743d652,Rafaello Oliveira,Tractor,"5' 8""",155,71,Orthodox,1982-01-26,2.19,33,3.38,59,2.49,36,11,1.6
0d65c432720accb9,Michal Oleksiejczuk,Hussar,"6' 0""",185,74,Southpaw,1995-02-22,5.73,52,4.45,60,0.99,42,52,0.0
07225ba28ae309b6,Charles Oliveira,Do Bronxs,"5' 10""",155,74,Orthodox,1989-10-17,3.23,55,3.05,48,2.29,39,54,2.6
18d01f7f8338ae72,Vinicius Oliveira,LokDog,"5' 9""",145,70,Switch,1995-11-30,5.44,47,2.86,58,1.27,43,71,0.2
72ea1984c52019b5,Saimon Oliveira,,"5' 4""",135,72,Orthodox,1991-04-21,2.62,42,3.87,45,1.18,28,36,1.2
32c03df3c9760069,Wendell Oliveira Marques,The Machine,"5' 10""",170,,Orthodox,1983-06-01,3.77,47,4.4,47,0.0,0,100,0.0
037cfd34a27d59e9,Michael Oliveira,PQD,"6' 1""",170,78,Orthodox,1998-01-21,8.28,52,3.35,64,0.0,0,100,0.0
4948e412fa6ab67d,Ravena Oliveira,Kenoudy,"5' 5""",125,65,Orthodox,1997-02-20,1.77,31,3.71,46,0.74,50,47,0.0
948880beac71f028,Felipe Olivieri,,"5' 9""",155,,Orthodox,1985-04-12,6.68,58,4.6,57,0.0,0,71,0.0
1e85912c9bab7e2b,Bruno Oliveira,,"6' 4""",205,80,Orthodox,1984-05-02,3.44,33,4.92,54,0.0,0,0,0.0
acd9513399a8b09b,Ednaldo Oliveira,Lula,"6' 5""",205,,Orthodox,1984-02-19,1.03,22,1.8,52,0.0,0,42,0.0
37d752ec41ed84bb,Maria Oliveira,Spider-Girl,"5' 6""",115,69,Orthodox,1996-12-12,5.03,38,5.76,44,0.95,44,47,0.0
57b10fca4f9c9a7a,Alex Oliveira,Cowboy,"5' 11""",170,76,Orthodox,1988-02-21,2.99,51,2.55,46,2.35,38,63,0.6
dfbb95ca0c143988,Shana Olsen,Rock Solid,"5' 7""",145,,,1980-12-17,0.0,0,0.0,0,0.0,0,0,0.0
e96d8538d3f9d0ed,Andy Ologun,,"6' 0""",154,,Orthodox,1983-06-12,2.36,57,0.32,85,0.68,100,80,0.0
684d3aee255a3d09,Gadzhi Omargadzhiev,,"6' 1""",170,71,Switch,1993-02-24,1.8,39,2.2,39,1.35,30,60,0.5
7613773461b276f4,Casey Olson,The Underdog,"5' 7""",145,,Orthodox,,2.48,60,0.0,100,3.54,57,100,1.8
5a9104718439ef44,Cameron Olson,Cap'n Crunch,"6' 1""",205,75,Orthodox,1989-11-22,3.13,47,2.2,57,3.0,42,100,1.0
8e0709784259402d,Dennis Olson,,"6' 0""",170,,,,1.02,42,5.27,38,2.77,40,0,0.0
f2ad06f1007c481a,Alan Omer,,"5' 10""",145,,Orthodox,1988-09-14,3.49,55,2.21,64,1.69,42,66,0.0
470fedbc8563ac47,Daniel Omielanczuk,,"6' 0""",247,74,Southpaw,1982-08-31,3.09,57,3.29,47,0.56,26,68,0.1
9f842be1a5337be6,Michihiro Omigawa,,"5' 6""",145,68,Orthodox,1975-12-19,2.01,39,3.06,64,1.19,36,49,1.5
ffe9703408fb5964,David Onama,,"5' 11""",145,74,Orthodox,1994-06-07,5.07,50,4.89,51,1.05,30,52,0.5
887e09328cd63df1,Chibwikem Onyenegecha,,"6' 3""",185,,Orthodox,1994-04-18,5.6,55,3.4,52,0.0,0,100,0.0
318572f6f74b760d,Charlie Ontiveros,American Bad Boy,"6' 2""",155,74,Switch,1991-07-04,1.89,41,5.86,31,0.0,0,30,0.0
bf2c8e01b07d3eb1,Myktybek Orolbai,,"5' 10""",170,74,Orthodox,1998-02-10,2.78,50,2.7,51,8.77,59,40,0.5
6b8db407d49c6e4b,Sam Oropeza,,"6' 2""",170,,,1985-06-17,7.68,56,1.44,70,3.6,33,100,0.0
def8166ff24bd237,Brian Ortega,T-City,"5' 8""",155,69,Switch,1991-02-21,3.84,37,6.38,49,0.93,25,54,0.9
fc425affea8ca8cb,Jaden Ortega,,,170,,,2002-09-18,0.0,0,0.0,0,0.0,0,0,0.0
f84dfc5a8d178403,Kurt Osiander,,,185,,,,0.0,0,0.0,0,0.0,0,0,0.0
9c5828c6fd9dc948,Jorge Ortiz,The Naked Man,"6' 0""",185,,Orthodox,,3.53,58,2.8,73,0.0,0,0,0.0
f53c1f4ceeed8c08,Dustin Ortiz,,"5' 5""",125,65,Orthodox,1988-12-25,2.94,44,2.17,56,3.01,36,52,0.1
2f732dd9210d301f,Tito Ortiz,The People's Champ,"6' 3""",205,74,Orthodox,1975-01-23,2.59,46,2.88,60,2.47,35,54,0.6
8eb239a52fc4ec14,Kenji Osawa,,"5' 7""",135,66,Orthodox,1976-11-04,2.34,35,2.14,63,0.91,58,68,0.7
5b407acfe0ef9b76,Nick Osipczak,,"6' 2""",170,76,Orthodox,1984-12-30,2.83,50,3.77,50,1.2,45,71,1.0
6d68c1afe954f121,Ode Osbourne,The Jamaican Sensation,"5' 7""",125,73,Southpaw,1992-01-09,2.94,40,3.24,49,0.94,29,66,0.4
d632d156c0549e07,Nissen Osterneck,,"6' 2""",185,,Orthodox,1981-05-01,3.15,58,2.9,41,0.63,12,42,1.3
4512e46543b960ad,Pedro Otavio,Te Pedro,"6' 3""",245,,Orthodox,1967-12-17,0.0,0,0.0,0,0.0,0,0,0.0
01784fbc27c68b14,Rachael Ostovich,,"5' 3""",125,62,Orthodox,1991-02-25,2.54,43,3.97,57,2.03,83,66,0.8
20e403a1acfef130,Valentijn Overeem,,"6' 3""",230,,Orthodox,1976-08-17,0.93,34,1.49,58,1.86,50,0,4.7
865aa315ea62c511,Alexander Otsuka,The Diet Butcher,"6' 1""",205,,Orthodox,1971-07-17,0.9,55,1.16,51,1.51,43,53,0.8
7ce21433c2a53168,Quemuel Ottoni,,"6' 0""",155,72,Orthodox,1992-10-22,0.0,0,0.0,0,0.0,0,0,0.0
8997ee20b6a43d76,Ren Ozaki,,"5' 7""",135,68,Orthodox,2001-12-15,1.2,35,1.07,55,0.0,0,36,0.0
e18a19001a3f7c7d,Alptekin Ozkilic,The Turkish Delight,"5' 5""",125,65,Orthodox,1986-03-27,3.81,32,5.72,59,4.21,58,75,0.0
6b8f28da9a483049,Takafumi Otsuka,,"5' 6""",139,,Orthodox,1986-08-22,1.29,27,2.12,67,1.64,27,65,0.0
871ce0b4a01922b6,Sidney Outlaw,,"5' 8""",170,74,Orthodox,1992-04-11,0.13,33,0.8,71,3.0,75,0,3.0
1ef0eae31904e534,Artur Oumakhanov,,"5' 7""",154,,Orthodox,1979-02-27,1.2,33,1.67,82,3.0,75,33,0.0
47cd337b86b1af92,Zak Ottow,The Barbarian,"5' 11""",170,72,Orthodox,1986-12-22,2.63,36,2.73,58,0.97,29,57,0.4
4bb9d7a32d02a03e,Craig Oxley,,"5' 9""",155,,,1973-02-14,0.0,0,0.0,0,0.0,0,0,0.0
47b7e4e60813b7b2,Shungo Oyama,,"5' 11""",185,,Southpaw,1974-04-11,0.64,25,1.96,57,1.07,57,62,0.5
aa171d55d4b5208f,Billy Quarantillo,,"5' 10""",155,70,Orthodox,1988-12-08,7.18,52,6.02,44,1.42,24,60,0.9
2a8502954f49e682,Vinicius Queiroz,Spartan,"6' 7""",220,,Orthodox,1983-08-29,3.67,51,4.1,41,5.07,70,100,0.7
52cae54377b433b7,Nate Quarry,Rock,"6' 0""",185,72,Open Stance,1972-03-18,4.96,44,2.8,66,0.25,33,60,0.0
d365ee924f5cc3fc,Bao Quach,,"5' 3""",145,,Orthodox,1979-09-04,0.0,0,0.0,0,0.0,0,0,0.0
126bdc1710a8cbf4,Qiu Lun,Tibetan Knight,"5' 8""",125,66,Southpaw,1997-07-08,3.51,46,1.78,67,0.67,18,68,0.0
b4ad3a06ee4d660c,Alistair Overeem,The Demolition Man,"6' 4""",265,80,Orthodox,1980-05-17,3.67,64,2.44,57,1.42,55,73,0.8
f7b4cbe93f3bac06,Gary Quan,,"5' 8""",143,,,1971-04-11,0.0,0,0.0,0,0.0,0,0,0.0
ddbe4fa2ea573393,Jimmy Quinlan,Crash,"6' 0""",185,,Orthodox,1986-05-25,2.08,70,5.94,16,4.46,25,0,0.0
876f478f796495f7,Josh Quinlan,Bushido,"6' 0""",170,72,Orthodox,1993-02-06,3.57,42,6.38,53,0.34,11,71,0.0
cc23ed51619421a3,Ryan Quinn,,"5' 8""",145,,,,2.31,41,1.67,48,0.0,0,0,1.9
8cb76103cd8a1562,Nick Pace,,"5' 7""",135,68,Orthodox,1987-04-17,1.48,34,3.14,57,2.52,43,54,0.5
267f4a6568abe245,Landon Quinones,The Lone Wolf,"5' 9""",155,70,Southpaw,1995-11-21,6.77,40,7.7,55,0.5,33,100,0.0
5e84a859c6a82288,Michel Quinones,El Capo,"5' 10""",155,73,Orthodox,1984-12-22,2.91,29,5.98,48,0.0,0,36,0.0
36549928f90f1d36,Jose Quinonez,Teco,"5' 8""",135,69,Southpaw,1990-07-28,3.6,45,3.0,64,2.7,47,42,0.6
16b89be2f5c16fba,Larissa Pacheco,,"5' 7""",135,,Orthodox,1994-09-07,1.21,19,4.14,55,0.0,0,0,0.0
373be586f370d400,Raquel Pa'aluhi,Rocky,"5' 7""",135,,,1990-10-14,1.71,56,3.42,46,0.0,0,18,0.0
2b13dba37724eb87,Emilio Quissua,Rixa,,205,,,1997-04-21,0.0,0,0.0,0,0.0,0,0,0.0
7debc13b36343605,Cristian Quinonez,Problema,"5' 8""",135,70,Orthodox,1996-04-26,3.67,43,3.71,56,3.14,55,85,0.6
01dd4cdc2446f665,Gary Padilla,,"5' 11""",205,,,1980-05-04,2.2,27,2.0,76,0.0,0,50,0.0
856c4d2668a875f9,Cyrillo Padilha,,"5' 11""",155,,,1978-01-23,0.0,0,0.0,0,0.0,0,0,0.0
d2f43cfaf8ca3560,Fernando Padilla,El Valiente,"6' 1""",145,76,Orthodox,1996-12-15,6.07,40,5.74,52,0.0,0,100,0.6
06626b6287e1ae1e,Chris Padilla,Taco,"5' 9""",155,74,Orthodox,1995-09-14,6.19,54,4.88,49,1.13,28,80,0.3
a67d071163962af8,Michael Page,Venom,"6' 3""",185,79,Switch,1987-04-07,2.28,58,1.51,62,0.19,16,70,0.0
c96e2ae6021144a1,Damacio Page,The Angel of Death,"5' 6""",135,66,Orthodox,1982-09-30,2.05,38,2.47,51,2.63,64,23,0.9
0e75cd3ba8274cea,Tom Pagliarulo,The Phenom,"6' 0""",145,74,Switch,1997-06-19,0.0,0,0.0,0,0.0,0,0,0.0
07797f10b9569cfc,Angel Pacheco,,"5' 8""",135,70,Orthodox,1992-01-13,7.58,36,10.56,41,0.33,50,16,0.0
55f80a8aeffcdb33,Dustin Pague,The Disciple,"5' 9""",135,74,Orthodox,1987-08-05,1.65,53,2.96,41,1.03,44,55,2.6
4652b685fa11e7fd,Jimmie Pace,Big Bucks,,185,,,1996-04-09,0.0,0,0.0,0,0.0,0,0,0.0
c51da79b0346b5b7,George Pacurariu,Constantine,"5' 7""",135,,,1984-07-28,4.69,53,2.68,63,5.03,100,100,5.0
8f4eeaf7a0df7c1a,Teemu Packalen,Pacu,"6' 1""",155,75,Orthodox,1987-05-22,2.57,54,3.91,47,2.31,25,100,1.5
1e12c1dbbb1e2dda,Josh Paiva,,"5' 6""",125,,,1991-04-05,0.0,0,0.0,0,0.0,0,0,0.0
82b4e942781b1046,Raulian Paiva,,"5' 8""",135,69,Orthodox,1995-10-17,4.14,42,5.01,48,0.65,23,77,0.2
a6c20202c701e5ca,Sasha Palatnikov,,"6' 1""",170,72,Switch,1989-03-15,6.69,53,5.44,52,0.72,100,70,0.0
ad3a5e465c76e499,Dinis Paiva Jr.,Sweetbread,"5' 9""",145,71,Southpaw,1988-05-26,2.6,41,2.73,67,0.0,0,81,0.0
320edfb0332b7073,Fredson Paixao,,"5' 6""",145,66,Orthodox,1979-05-13,1.71,54,2.31,62,0.62,11,10,2.2
e530df53922f413e,Luis Pajuelo,Corazon de Leon,"5' 10""",145,69,Orthodox,1994-12-18,6.03,57,8.2,52,0.0,0,66,0.0
de20ffb3fc2e7629,Jose Palacios,,"5' 9""",145,,Orthodox,1982-11-10,2.67,70,1.0,79,0.0,0,50,1.7
797ddccda75f169f,Ricky Palacios,El Gallero,"5' 6""",145,,Orthodox,1987-07-05,7.73,53,3.27,59,0.0,0,100,0.0
4304992c2acc187b,Bart Palaszewski,Bartimus,"5' 9""",145,70,Orthodox,1983-05-30,2.67,32,3.97,57,0.65,31,53,0.5
60029bcf496bd707,Soa Palelei,The Hulk,"6' 4""",265,81,Orthodox,1977-07-12,2.47,57,2.68,48,2.2,47,66,0.0
e8c170a64dc920ac,Tulio Palhares,,,180,,,,0.0,0,0.0,0,0.0,0,0,0.0
f31c0905045fa100,Eduardo Pamplona,,"5' 11""",170,,,1973-02-20,0.0,0,0.0,0,0.0,0,0,0.0
ab7c212de9f66af0,Stephen Palling,Bozo,"5' 4""",143,,,1967-01-29,0.0,0,0.0,0,0.0,0,0,0.0
b5da8f7d05e85a55,Josh Parisian,,"6' 4""",265,79,Orthodox,1989-06-28,4.55,48,4.88,41,0.98,33,46,0.2
36d811b015635b67,Yuri Panferov,The Russian Polar Bear,"6' 1""",185,72,Orthodox,1996-08-30,3.65,50,2.55,60,2.64,57,36,0.0
8ddf9c51c5fdea75,Rousimar Palhares,Toquinho,"5' 8""",170,71,Orthodox,1980-02-26,1.75,51,2.04,59,3.93,45,0,4.1
a0f0004aadf10b71,Alexandre Pantoja,The Cannibal,"5' 5""",125,67,Orthodox,1990-04-16,4.38,50,3.88,49,2.79,47,69,1.0
2742f028399bf8c7,Ruel Panales,,"5' 5""",125,67,Southpaw,1996-12-07,2.53,51,5.6,46,1.0,20,50,0.0
9df394db5ca103eb,Won Sik Park,Parky,"5' 11""",154,,Orthodox,1986-12-16,2.6,43,2.2,47,0.0,0,0,0.0
bd381cde8426077a,Kathryn Paprocki,,"5' 3""",115,63,Orthodox,1993-04-28,1.0,23,4.27,43,0.0,0,0,0.0
edad57b3dddf2168,Jared Papazian,The Jackhammer,"5' 8""",135,67,Southpaw,1988-02-01,3.33,39,3.81,44,0.0,0,50,0.0
285ae0b4a68221f4,JunYong Park,The Iron Turtle,"5' 10""",185,73,Orthodox,1991-02-27,4.64,51,3.82,51,1.69,42,54,0.8
74fefd43f073cd2f,Joe Pardo,,"6' 1""",210,,Southpaw,,0.0,0,0.0,0,0.0,0,0,0.0
7573d25a078b5732,Ido Pariente,,"5' 8""",155,,Orthodox,1978-08-31,0.0,0,2.86,45,0.0,0,0,0.0
b709b534b6873744,Harvey Park,Fightbot,"6' 0""",155,70,Orthodox,1986-03-22,3.77,50,7.21,33,0.0,0,0,0.0
fe1595732dfb08fc,JaeHyun Park,The First Prospect,"5' 8""",155,73,Orthodox,2001-12-10,1.75,67,1.36,45,2.31,85,22,0.4
56116537d71a578c,Bryan Pardoe,Pain Inducer,"6' 1""",205,,Orthodox,1968-10-22,1.11,36,4.59,45,4.75,40,33,0.0
86ad0ae839331bd7,Willie Parks,Slick,"5' 10""",185,,,1983-11-04,0.0,0,0.0,0,0.0,0,0,0.0
749685d24e2cac50,Remco Pardoel,Grizzly,"6' 3""",260,,Southpaw,1969-05-23,0.0,0,0.0,0,0.0,0,0,0.0
b671bdf981ad527d,HyunSung Park,Peace of Mind,"5' 7""",125,66,Orthodox,1995-11-04,3.38,41,3.14,55,1.5,31,47,1.8
6a0b80a24f22e152,Ryan Parker,,"6' 3""",235,,Southpaw,,0.0,0,0.0,0,0.0,0,0,0.0
c0231720fe516994,Larry Parker,,"5' 11""",205,,Orthodox,1963-08-15,0.0,0,0.0,0,0.0,0,0,0.0
f79e7f138bf50cc0,EoJin Park,Young Boss,"6' 0""",145,71,Orthodox,2001-12-26,3.78,40,3.92,47,0.0,0,0,0.0
14ff46596ad80609,Norman Parke,Stormin',"5' 11""",155,70,Southpaw,1986-12-22,3.06,35,2.88,64,1.98,26,77,0.0
349aaa3da11eb587,Karo Parisyan,The Heat,"5' 10""",170,72,Orthodox,1982-08-28,2.49,41,2.19,58,5.27,59,59,1.0
64be3dc99eaa42b6,Tyra Parker,,"5' 5""",115,,Orthodox,1989-09-18,1.5,22,9.0,14,0.0,0,0,0.0
0d5cc0170c1a7e71,Mick Parkin,,"6' 4""",265,79,Orthodox,1995-10-02,4.7,50,4.13,58,1.38,46,50,0.2
504d3a11e4408253,BoHyun Park,The Rush,"5' 2""",115,61,Orthodox,1999-05-14,4.07,34,2.67,58,1.0,50,75,0.0
b3cb9dfccff3be76,Salahdine Parnasse,,,155,,,1997-12-04,0.0,0,0.0,0,0.0,0,0,0.0
8b2a18d3c6735083,Jordan Parsons,Pretty Boy,"5' 9""",145,,,1990-08-26,3.29,40,2.37,60,1.54,21,50,1.0
9fe7af8b3fbe00a0,Preston Parsons,Pressure,"5' 11""",170,71,Orthodox,1995-07-15,3.54,51,3.25,54,3.46,36,71,2.3
96d173b7f92aa520,Onassis Parungao,,"5' 11""",200,,,,0.0,0,0.0,0,0.0,0,0,0.0
2975297f505e9447,Jonny Parsons,The Sluggernaut,"5' 9""",170,69,Orthodox,1991-09-06,4.65,44,4.89,60,0.0,0,66,0.0
3eb4dc9a7d4ac906,Ramona Pascual,,"5' 7""",135,66,Southpaw,1988-09-23,3.87,57,8.43,46,1.81,19,100,0.0
15b1f83a90302adf,Quentin Pasley,,,205,,,,0.0,0,0.0,0,0.0,0,0,0.0
e5a59983f4603621,Billy Pasulatan,,"5' 5""",125,66,Switch,1991-08-07,0.65,20,5.22,48,0.0,0,0,4.9
ba15006c804a8de0,Guilherme Pat,Kong,"6' 6""",250,81,Orthodox,1994-04-20,2.8,60,2.82,46,0.0,0,100,0.0
12954cff4025a427,Stefano Paterno,,,170,,,1995-08-18,0.0,0,0.0,0,0.0,0,0,0.0
6b16024d44eb03a2,Jhonoven Pati,The Samoan Savage,"6' 1""",185,75,Switch,1990-08-29,2.88,53,6.13,33,2.7,100,0,0.0
66d42e9503fa108e,Windri Patilima,,"5' 6""",155,71,Southpaw,1993-07-19,0.31,50,7.64,31,0.0,0,0,0.0
c8cca8f3de5be4b4,Jorge Patino,Macaco,"5' 8""",170,,Orthodox,1973-08-05,1.33,30,3.14,53,0.54,25,50,0.0
eafedba0617ced81,Russell Patrick,,"5' 9""",145,,,1984-09-30,0.0,0,0.0,0,0.0,0,0,0.0
56116a79e4deed06,Claude Patrick,The Prince,"5' 11""",170,75,Orthodox,1980-06-14,1.8,55,0.89,69,2.32,53,84,1.7
2dc7c49cfaeb867c,Justin Patterson,The Tactician,"5' 10""",170,,,1985-12-07,0.0,0,0.0,0,0.0,0,0,0.0
83d0de122f2f9664,Michael Patt,,"6' 0""",205,,Orthodox,,1.65,28,5.53,55,0.0,0,0,0.0
cd7763bcadb5d4c8,Alan Patrick,Nuguette,"5' 11""",155,74,Southpaw,1983-07-19,1.82,40,2.95,43,3.01,33,43,0.3
8b6e5dc2ba1edbe7,Sam Patterson,,"6' 3""",170,78,Orthodox,1996-04-30,3.58,41,2.82,59,0.67,50,50,1.3
60c72f7459827881,Julio Paulino,The Dominican Demon,"6' 0""",170,,Orthodox,1975-12-04,0.97,27,1.87,48,0.0,0,37,0.5
dda67d7d3df6b406,Thomas Paull,Juggernaut,"5' 7""",155,67,Orthodox,1994-10-15,7.33,33,8.67,64,0.0,0,0,0.0
56f7d7ee06be4aab,Zac Pauga,The High Chief,"6' 2""",205,76,Orthodox,1988-02-25,4.46,62,2.73,58,0.38,7,100,0.0
d0a5ef38a7778ac2,Estevan Payan,El Terrible,"5' 10""",145,,Orthodox,1982-03-14,4.25,42,3.58,57,0.36,100,60,0.4
748d4e35f846a029,Sarah Payant,Soulja,"5' 4""",115,,,,0.29,16,2.06,30,0.0,0,0,0.0
9310418684bc896f,Pawel Pawlak,,"6' 0""",170,73,Orthodox,1989-02-08,1.67,33,2.22,53,1.0,37,70,0.0
2e04a3b4a2011b97,Roland Payne,,"5' 9""",205,,Orthodox,,0.0,0,0.0,0,0.0,0,0,0.0
f14cf73e51b29254,Sergei Pavlovich,,"6' 3""",257,84,Southpaw,1992-05-13,4.49,44,3.58,56,0.47,25,75,0.0
b4ce04f082391b54,Logan Paxton,Warverine,,155,,,1995-08-04,0.0,0,0.0,0,0.0,0,0,0.0
bba678d312590087,Andre Pederneiras,,"5' 8""",155,,Orthodox,1967-03-22,0.0,0,0.0,0,0.0,0,0,0.0
122806b56775a53a,Joe Pearson,The Triangular Strangler,"5' 10""",145,,Orthodox,1978-03-28,0.59,18,3.51,33,0.0,0,0,4.4
0bc697c5936a2d0a,Trevor Peek,,"5' 9""",145,70,Switch,1995-01-09,4.39,53,3.88,43,1.45,50,52,0.0
87c0b1c696ddfb43,Jonathan Pearce,JSP,"6' 0""",145,71,Switch,1992-05-01,5.12,54,3.32,54,5.02,50,55,0.8
f354c50b8d63d9b3,Matt Pedro,,,,,,,0.0,0,0.0,0,0.0,0,0,0.0
198994b47f395af0,Carlo Pedersoli Jr.,Semento,"5' 11""",170,75,Southpaw,1993-06-08,4.17,37,4.12,61,2.91,44,0,0.0
49e96ff8ab781589,Tyson Pedro,,"6' 3""",205,79,Orthodox,1991-09-17,2.9,59,2.39,56,0.76,30,50,0.8
4f732e58ed907eff,Ross Pearson,The Real Deal,"5' 8""",155,69,Orthodox,1984-09-26,3.68,40,4.09,62,0.74,35,75,0.0
e7bfdb5e0112891e,Willie Peeters,,"5' 9""",220,,Orthodox,1965-10-26,0.0,0,0.0,0,0.0,0,0,0.0
38ed5a2299230227,Filip Pejic,,"5' 8""",135,,Orthodox,1992-07-21,0.0,0,0.88,33,0.0,0,0,0.0
bfe95ec546692b13,Yan Pellerin,Wild Thing,"5' 11""",205,,Orthodox,1980-03-20,0.59,25,0.89,66,4.43,100,0,0.0
566ff9546fc29acd,Felipe Pena,Preguica,,,,,1991-10-19,0.0,0,0.0,0,0.0,0,0,0.0
3253b16d38ae087d,Julianna Pena,The Venezuelan Vixen,"5' 6""",135,69,Orthodox,1989-08-19,3.1,44,2.56,57,1.7,54,24,0.8
2844b047183a1adb,Luis Pena,Violent Bob Ross,"6' 3""",155,75,Southpaw,1993-07-05,3.66,46,3.12,51,1.17,33,48,1.2
aa1952ec0b3dd8e1,Kurt Pellegrino,Batman,"5' 8""",155,70,Orthodox,1979-05-07,2.45,43,1.94,63,2.9,54,69,0.8
abd64006fd37298d,Matej Penaz,Money,"6' 3""",185,83,Southpaw,1996-10-14,1.28,33,2.55,33,0.0,0,0,0.0
e670f8cc2969a789,Sherman Pendergarst,The Tank,"6' 1""",235,,Orthodox,1967-08-01,1.23,36,3.08,16,4.62,100,0,0.0
a2ac473d74eb157c,Jerron Peoples,,"6' 0""",170,,,1982-05-04,0.0,0,0.0,0,0.0,0,0,0.0
31ef8b67e13495b3,Tecia Pennington,Tiny Tornado,"5' 1""",115,60,Orthodox,1989-08-16,4.73,48,3.48,61,0.56,14,62,0.1
fc169c387b4b465d,Raquel Pennington,Rocky,"5' 7""",135,67,Orthodox,1988-09-05,4.1,49,3.32,61,0.83,27,62,0.6
34b634cb2471bdde,Drew Pendleton,,,145,,,1983-12-08,0.0,0,0.0,0,0.0,0,0,0.0
73c7cfa551289285,BJ Penn,The Prodigy,"5' 9""",155,70,Orthodox,1978-12-13,2.76,48,3.2,56,1.19,55,74,0.5
99c7610aa74995d3,Cathal Pendred,The Punisher,"6' 1""",170,75,Orthodox,1987-09-02,2.49,44,3.01,55,2.46,23,83,0.4
9a70f67ad2187fa3,Ray Perales,Relentless,"5' 10""",170,,Orthodox,1975-07-02,0.18,25,2.39,32,0.0,0,33,0.0
fa37628269132d1a,Godofredo Pepey,,"5' 7""",145,73,Orthodox,1987-07-02,2.32,38,3.23,47,0.37,7,35,1.5
0699c4b2a7c3c76f,Justin Pennington,,"5' 4""",,,,,0.0,0,0.0,0,0.0,0,0,0.0
879b8df81523d91b,Nick Penner,The Quiet Assassin,"6' 4""",205,,Southpaw,1980-03-26,1.25,30,4.6,38,0.0,0,40,0.0
960d6cae8879ba2b,Robert Peralta,Problems,"5' 8""",145,71,Orthodox,1986-03-14,3.76,44,2.97,53,0.59,66,65,0.0
c742287ed86a09bc,Jessica Penne,,"5' 5""",115,67,Orthodox,1983-01-30,2.63,33,5.05,45,1.29,18,36,0.5
19c46512d8dd6202,Mayton Perea,Lion,,170,,,2000-08-18,0.0,0,0.0,0,0.0,0,0,0.0
e5549c82bfb5582d,Alex Pereira,Poatan,"6' 4""",205,79,Orthodox,1987-07-07,5.01,61,3.72,52,0.11,50,80,0.2
595db60957de51d3,Michel Pereira,Demolidor,"6' 1""",185,73,Orthodox,1993-10-06,4.28,51,4.32,50,1.11,52,75,0.6
d7ee49bf3c779fa6,Luciano Pereira,El Torito,,125,,Orthodox,2001-01-09,0.0,0,0.0,0,0.0,0,0,0.0
44f46b0592ca0814,Daniel Pereira,Gaucho,"5' 10""",185,,,1990-12-13,0.0,0,0.0,0,0.0,0,0,0.0
d50382dc0565a9e1,Viviane Pereira,Sucuri,"5' 1""",115,63,Orthodox,1993-08-28,2.7,30,4.48,58,0.25,100,28,0.2
eee8efec7b951d84,Philip Perez,,"5' 5""",155,,Southpaw,,1.36,100,0.68,66,10.23,100,0,10.2
4a9e305633f3ef47,Rolando Perez,,"5' 8""",135,,Orthodox,,4.23,36,4.83,63,0.0,0,100,0.0
81d2c551886bd5a1,Alice Pereira,Golden Girl,"5' 8""",135,71,Orthodox,2005-12-20,2.83,36,3.11,66,0.0,0,75,0.0
89578ae236ee04e9,Jose Perez,,,,,,,0.0,0,0.0,0,0.0,0,0,0.0
96c336b463e0662c,Frankie Perez,,"5' 11""",155,73,Orthodox,1989-05-11,1.64,41,2.17,54,1.75,41,50,0.3
af62f99eb7606308,Erik Perez,Goyito,"5' 8""",135,68,Orthodox,1989-11-19,3.16,40,2.09,66,3.16,55,69,0.2
80daefbed11ce998,Alejandro Perez,Turbo,"5' 6""",135,67,Orthodox,1989-09-02,3.45,35,3.18,61,0.54,22,70,0.3
ab2b4ff41d6ebe0f,Alex Perez,,"5' 6""",125,65,Orthodox,1992-03-21,4.22,45,3.24,58,2.07,45,74,0.8
2ac4628c08ec5125,Markus Perez,Maluko,"6' 1""",185,73,Orthodox,1988-06-22,2.6,47,3.72,52,0.81,25,77,1.0
8d3b4a630b1bf1e6,Rafael Pergentino,,"6' 1""",205,76,Orthodox,2002-01-08,0.0,0,32.0,0,0.0,0,0,0.0
d0fd0d9ee560dae7,Brando Pericic,The Balkan Bear,"6' 5""",245,79,Orthodox,1994-08-03,11.0,57,4.26,58,0.0,0,71,0.0
d84033157714ee94,Cristian Perez,El Puas,"5' 9""",155,72,Orthodox,1999-08-17,1.31,44,3.23,41,3.46,37,100,1.1
06e4245d16fc5315,Ailin Perez,Fiona,"5' 5""",135,66,Switch,1994-10-05,2.88,56,1.58,56,4.9,49,72,0.2
c1a5d3843596df92,Thiago Perpetuo,Bodao,"5' 10""",170,,Orthodox,1987-12-14,5.39,69,3.51,51,2.82,50,66,0.0
4b4753d19489297f,Anthony Perosh,The Hippo,"6' 3""",205,75,Orthodox,1972-10-05,2.27,43,3.77,53,2.03,22,33,1.1
575360be653ad6a6,Hernani Perpetuo,,"6' 0""",170,,Orthodox,1985-05-24,2.73,29,4.37,55,0.0,0,37,0.5
01fed6f61ebea01f,Jay Perrin,The Joker,"5' 7""",135,67,Switch,1993-06-15,3.71,46,3.9,44,2.83,52,58,0.0
f2b6fdb20675b11c,Mike Perry,Platinum,"5' 10""",170,71,Orthodox,1991-09-15,4.32,47,5.16,52,0.81,40,78,0.2
41f90012b86a11bf,Raphael Pessoa,Bebezao,"6' 3""",262,78,Orthodox,1989-03-09,2.16,26,3.43,42,0.0,0,100,0.0
93b9496275bbbf80,Seth Petruzelli,The Silverback,"6' 0""",205,76,Orthodox,1979-12-03,2.17,41,2.08,55,0.46,50,47,2.3
f3743d8ef5dde970,Leiticia Pestova,,"5' 6""",135,,Orthodox,1984-01-15,0.0,0,24.62,44,0.0,0,0,0.0
c61f66d8c3fd5f07,Tony Petarra,,"5' 11""",196,,Orthodox,1966-11-08,0.0,0,0.0,0,0.0,0,0,0.0
202b0467521c9d6f,Viktor Pesta,,"6' 3""",240,77,Orthodox,1990-07-15,1.58,36,2.54,56,3.29,28,100,0.0
7aabd61419f747d1,Tommy Petersen,,,155,,,,0.0,0,0.0,0,0.0,0,0,0.0
764d39074a352e33,Thomas Petersen,The Train,"6' 1""",250,74,Southpaw,1995-03-30,3.04,59,2.57,54,2.95,42,87,0.4
7ea5d60d2e6a8ad0,Peter Petties,The Joker,"5' 11""",145,72,Southpaw,1990-12-20,2.61,29,8.24,48,0.0,0,0,0.0
38c5817ade8a8014,Ivana Petrovic,,"5' 8""",125,70,Southpaw,1994-06-11,1.91,41,2.05,56,2.12,38,61,0.8
5df10509264586e5,Cory Peterson,LA Giant,"6' 11""",400,,Orthodox,1979-02-04,2.17,60,6.51,40,0.0,0,0,0.0
71171fc96445bf65,Vitor Petrino,,"6' 2""",225,77,Orthodox,1997-08-28,3.24,48,2.71,51,2.6,46,79,0.7
b93c06d09d1c4ac0,Steven Peterson,Ocho,"5' 10""",145,70,Orthodox,1990-05-29,4.76,40,5.94,53,1.42,26,64,0.7
5f61780fe5e9b6d0,Andre Petroski,,"6' 0""",185,73,Switch,1991-06-12,2.75,49,2.99,51,3.13,52,86,1.2
e86bc32f5997a8f7,Forrest Petz,The Meat Cleaver,"5' 9""",170,71,Orthodox,1975-09-22,2.27,29,2.2,57,1.3,100,66,0.0
2e1f3640443272ad,Carlos Petruzella,Tito,,185,,,1997-03-29,0.0,0,0.0,0,0.0,0,0,0.0
369ea36e450ae62a,Armen Petrosyan,Superman,"6' 3""",185,71,Orthodox,1990-11-03,5.84,53,3.31,53,0.17,33,41,0.0
de75d1c45a39e221,Sergio Pettis,,"5' 6""",125,69,Orthodox,1993-08-18,3.88,37,2.91,65,0.85,40,67,0.4
cbb682f5fcc44bfc,Anthony Pettis,Showtime,"5' 10""",155,72,Orthodox,1987-01-27,3.05,47,3.44,54,0.61,50,60,1.1
09a82bd51ff61376,Wayne Phillips,,,185,,,1983-06-17,0.0,0,0.0,0,0.0,0,0,0.0
5904b0b38dc6718d,Cody Pfister,The Fist,"5' 10""",155,73,Orthodox,1990-07-12,1.41,25,2.8,51,2.82,30,0,0.0
99020eeb8cd5689d,Dave Phillips,The Rockstar,"6' 0""",185,,Orthodox,1980-01-12,0.0,0,2.0,25,0.0,0,0,10.0
44f234a36324e6c8,Mario Piazzon,,"5' 9""",265,73,Orthodox,1998-04-06,1.35,73,1.16,40,18.87,50,50,0.0
81b57acd6975ac06,Dino Pezao,,,205,,Orthodox,,0.66,30,3.28,31,0.0,0,0,0.0
80dbeb1dd5b53e64,Nam Phan,,"5' 6""",135,70,Orthodox,1983-03-13,4.52,37,6.55,59,0.18,18,60,0.2
fa399f7f6e17f7f5,Adam Piccolotti,,"5' 11""",155,,,1988-10-23,4.61,50,2.83,71,2.96,60,100,3.0
a5cb1c29461853ca,Nick Piccininni,,"5' 6""",125,66,Orthodox,1996-12-16,3.2,43,6.03,42,8.0,44,100,0.0
34c2b3656f88f7ef,Aaron Phillips,The Dragon,"5' 9""",135,71,Southpaw,1989-08-05,1.51,53,3.66,43,0.86,50,44,0.6
dcbf01d605681ad1,Elizabeth Phillips,,"5' 6""",135,65,Orthodox,1986-08-20,2.6,33,3.07,58,0.75,25,53,0.2
e9ac7bfb65c25497,John Phillips,The Welsh Wrecking Machine,"5' 11""",185,75,Southpaw,1985-06-09,1.72,34,4.03,49,0.0,0,7,0.0
60425d07ef4b91a7,Kyler Phillips,The Matrix,"5' 8""",135,72,Orthodox,1995-06-12,4.75,43,3.83,58,2.82,47,75,0.3
05560764359161e4,Constantinos Philippou,,"5' 11""",185,73,Orthodox,1979-11-29,2.19,35,2.73,54,0.4,42,65,0.3
c945adc22c2bfe8f,Brad Pickett,One Punch,"5' 6""",135,68,Orthodox,1978-09-24,3.02,31,4.63,55,2.47,44,58,0.4
7922e8269adcc25a,Nick Pica,The Silverback,"5' 10""",185,,,,0.0,0,0.0,0,0.0,0,0,0.0
c77a953488e5607d,Vinc Pichel,From Hell,"5' 10""",155,72,Orthodox,1982-11-23,3.78,46,3.17,54,2.5,51,31,0.2
0d506315895efffc,Sean Pierson,The Punisher,"6' 0""",170,76,Southpaw,1976-03-10,3.84,39,3.73,64,0.39,18,66,0.4
4bf6b225ff6099c4,Domingo Pilarte,Son of Fire,"6' 0""",135,73,Southpaw,1990-01-05,1.31,47,2.96,40,1.2,42,54,0.8
fdd22e895a70e4a8,Damian Pinas,The Baba Yaga,"6' 1""",185,79,Orthodox,2002-03-12,6.33,63,5.89,39,0.0,0,85,0.0
7826923b47f8d72a,Paddy Pimblett,The Baddy,"5' 10""",155,73,Orthodox,1995-01-03,5.48,52,3.86,42,0.68,21,46,1.4
9561eb5f0d63ffcc,Fabiola Pidroni,The Queen,,115,,,1994-01-04,0.0,0,0.0,0,0.0,0,0,0.0
9a967e8e43dcef63,Joao Pierini,,"6' 1""",155,,Switch,1971-12-11,0.76,14,4.56,33,0.0,0,0,0.0
df7d386a54e07446,Nick Piedmont,No Limit,"5' 10""",145,,,,0.0,0,0.0,0,0.0,0,0,0.0
1c7308d2957a12d2,Jonathan Piersma,Warhawk,"5' 11""",170,73,Orthodox,1996-03-03,0.4,42,0.87,31,0.0,0,36,3.0
5537efc6e496dd84,Aaron Pico,,"5' 8""",145,70,Orthodox,1996-09-23,6.16,53,3.11,45,6.54,50,0,0.0
1cf7ccf64a5bf24e,Oskar Piechota,Imadlo,"6' 0""",185,76,Southpaw,1990-01-24,3.3,52,3.93,51,0.61,40,38,1.5
830f60497fab345a,Jamie Pickett,The Night Wolf,"6' 2""",185,80,Orthodox,1988-08-29,2.65,47,3.62,50,1.26,40,67,0.1
236a37d96d476164,Mike Pierce,,"5' 8""",170,71,Orthodox,1980-09-01,2.62,42,2.36,62,3.08,42,71,0.2
98a58c26c5b1ed17,Patricio Pitbull,,"5' 6""",145,67,Orthodox,1987-07-07,2.77,45,4.61,55,1.26,33,74,0.5
9756095cb76b67c3,Dmitry Poberezhets,,"6' 3""",237,,,1985-06-11,0.0,0,0.0,0,0.0,0,0,0.0
30b7ef4026bd7c15,Damian Piwowarczyk,Damsyn,,205,,,1997-09-14,0.0,0,0.0,0,0.0,0,0,0.0
8765559b6a29a421,Gaetano Pirrello,El Tigre,"5' 7""",135,65,Orthodox,1992-04-29,0.99,55,2.44,42,0.0,0,30,0.0
7215953cd5c6254d,Ross Pointon,The Gladiator,"5' 8""",170,,Orthodox,1980-02-18,2.62,23,2.77,58,1.19,100,0,0.0
f41b9f5efc7162d6,Jamal Pogues,,"6' 3""",205,77,Orthodox,1995-12-01,3.57,46,3.97,49,2.0,46,70,0.0
c549573c0df4d676,Maki Pitolo,Coconut Bombz,"5' 10""",185,75,Orthodox,1990-11-24,4.1,44,3.93,55,2.24,52,50,0.8
25af5e832f17b474,Jesus Pinedo,El Mudo,"5' 10""",155,,Southpaw,1996-06-22,3.23,38,4.37,52,2.5,100,100,0.0
31bbd39c0a075d4e,Pingyuan Liu,,"5' 6""",135,72,Orthodox,1993-02-13,2.36,33,2.99,54,0.25,20,56,1.0
39d309957c5c210d,Mario Pinto,,"6' 5""",265,79,Orthodox,1998-03-14,2.85,69,1.93,58,2.38,26,100,0.9
a3a542074109b347,Luana Pinheiro,,"5' 2""",115,62,Orthodox,1992-11-18,3.29,39,4.06,60,2.33,37,71,0.2
361d49960a196976,Daniel Pineda,The Pit,"5' 7""",145,69,Orthodox,1985-08-06,2.85,49,3.26,45,1.42,24,54,1.5
029eaff01e6bb8f0,Dustin Poirier,The Diamond,"5' 9""",155,72,Southpaw,1989-01-19,5.24,50,4.57,52,1.15,35,64,1.2
303e017a9074f3aa,Felipe Portela,Balboa,,170,,,1987-11-23,0.0,0,0.0,0,0.0,0,0,0.0
d3fa5c5955397532,Grigory Popov,,"5' 7""",135,68,Switch,1984-04-18,3.63,37,4.2,55,0.0,0,45,0.0
56bf3ed155bd0fcd,Alexander Poppeck,Ironside,"6' 2""",215,75,Orthodox,1992-04-06,3.88,54,8.69,33,0.0,0,0,0.0
260bd4cef10b033f,Ihor Potieria,Duelist,"6' 3""",185,75,Southpaw,1996-05-29,4.44,50,4.96,50,0.73,18,66,0.0
8fc9ae9c7527dfcb,Callan Potter,The Rockstar,"6' 0""",170,72,Orthodox,1984-06-09,3.18,50,4.72,58,3.29,66,100,0.0
ac40f7e3cbecdda4,Parker Porter,,"6' 0""",265,75,Orthodox,1985-04-22,6.55,50,6.32,51,1.35,26,66,0.5
6d1bffff14897645,Santiago Ponzinibbio,Argentine Dagger,"6' 0""",170,73,Orthodox,1986-09-26,4.67,40,4.79,61,0.58,26,71,0.0
3bb030257966b022,Mike Polchlopek,Mike Barton,"6' 4""",285,,Orthodox,1965-12-27,2.0,38,1.33,57,0.0,0,0,0.0
543cd2258f4fa339,Brandon Polcare,,,125,,,,0.43,50,0.0,0,0.0,0,0,0.0
b18fb36a4aa00093,John Polakowski,Buckets of Blood,"5' 10""",155,,Orthodox,1981-06-21,2.6,26,2.83,50,0.0,0,87,0.7
abb68e3c7ca128f2,Julia Polastri,Psycho,"5' 2""",115,63,Orthodox,1998-03-05,6.22,56,5.18,59,0.62,80,57,0.3
53278852bcd91e11,Igor Pokrajac,The Duke,"6' 0""",205,74,Orthodox,1979-01-02,2.25,45,4.26,40,0.87,29,51,0.2
b51d0ed3782a1bf5,Ricardo Prasel,Alemao,"6' 7""",238,78,Orthodox,1990-06-02,2.21,57,7.83,37,0.0,0,0,0.0
7f6ef4e1227600bc,Wagner Prado,Caldeirao,"6' 0""",205,74,Southpaw,1986-12-30,1.72,40,3.06,50,0.0,0,22,0.0
3920d0cc288f9b0d,Francisco Prado,,"5' 10""",170,69,Orthodox,2002-06-16,3.68,43,4.31,54,0.76,19,40,0.8
4f853e98886283cf,Carlo Prater,Neo,"5' 11""",155,72,Switch,1981-06-25,2.03,47,4.07,35,0.43,9,57,1.7
7ee0fd831c0fe7c3,Carlos Prates,The Nightmare,"6' 1""",170,78,Switch,1993-08-17,4.41,54,4.3,47,0.18,100,77,0.0
f5ff7bcdcfeba3ad,Trevor Prangley,,"6' 1""",185,75,Orthodox,1972-08-24,2.59,60,2.02,48,3.38,55,74,1.0
e51fcd9cd84c0b93,Michel Prazeres,Tractor,"5' 6""",170,67,Orthodox,1981-07-25,2.38,47,2.51,57,3.94,36,47,0.6
61e47575b24a06bf,Dylan Potter,Big Poppa,"6' 2""",225,77,Switch,1995-01-14,3.1,48,5.78,46,0.0,0,33,1.1
065eb44700e641a4,Devin Powell,,"6' 0""",155,73,Orthodox,1988-03-01,2.88,41,3.67,51,0.0,0,0,0.6
7e208569469c8bc8,Ruan Potts,Fangzz,"6' 2""",247,75,Orthodox,1978-02-23,0.85,37,5.92,22,0.75,16,33,2.3
6370c1c1e12723d5,Marcin Prachnio,,"6' 3""",205,73,Orthodox,1988-07-14,5.52,54,3.15,54,0.14,20,53,0.0
ee4b670e159f4a33,Dorian Price,,"6' 3""",170,,Southpaw,1977-08-20,0.0,0,0.0,0,0.0,0,0,0.0
0597a4528ebd1307,Chris Price,The Exorcist,"6' 2""",185,,Southpaw,1982-11-09,1.44,66,2.59,48,0.0,0,33,2.2
6597b611f1c32555,Philip Preece,,"5' 8""",205,,Orthodox,,0.8,72,0.7,63,0.0,0,0,0.0
873626e5547b5235,Kyle Prepolec,Killshot,"5' 10""",155,70,Southpaw,1989-08-30,3.01,33,6.59,45,0.0,0,41,0.0
2a470ad41c22c25a,Cole Province,,"5' 9""",145,68,Orthodox,1981-01-17,1.47,44,2.72,43,2.4,50,83,1.0
e99821959a840bb8,Lara Procopio,,"5' 4""",125,67,Orthodox,1995-11-14,5.64,58,6.5,47,3.15,47,50,0.3
66e0a70352fef46a,Daniel Puder,,"6' 3""",235,,Orthodox,1981-10-09,2.77,68,1.17,38,1.21,50,81,9.0
a36556bb1565e32d,Joe Proctor,,"5' 10""",155,72,Orthodox,1985-08-10,3.39,36,3.93,59,0.0,0,70,1.8
3cf66c62d9069f43,Lucie Pudilova,,"5' 8""",125,67,Orthodox,1994-06-13,3.6,37,4.07,50,0.7,31,67,0.6
5114f1b5ad4cdf72,Shane Primm,,"6' 3""",205,,Orthodox,1984-07-30,0.83,26,2.25,62,1.78,20,0,0.0
46caf130099206cd,Brent Primus,,"5' 10""",155,,,1985-04-12,1.73,39,2.27,59,5.0,38,0,2.0
009341ed974bad72,Jiri Prochazka,,"6' 3""",205,80,Orthodox,1992-10-14,5.61,55,5.67,45,0.49,60,68,0.2
d8da10db80131bec,Niko Price,The Hybrid,"6' 0""",170,76,Orthodox,1989-09-29,5.11,43,5.57,48,1.06,30,50,0.6
a8c9d16fe2a14d72,CM Punk,,"6' 1""",170,73,Orthodox,1978-10-26,1.1,23,4.87,40,0.87,11,0,0.0
d747eb273a40a920,Claudio Puelles,Prince of Peru,"5' 10""",155,72,Southpaw,1996-04-21,1.54,46,2.62,48,3.29,33,60,1.0
44f95ae20a6238e5,Roman Gabriel Puga,,,145,,,1996-09-17,0.0,0,0.0,0,0.0,0,0,0.0
16867810070dc520,Josh Pulsifer,The Platypus,"5' 10""",145,,,1983-03-16,0.0,0,0.0,0,0.0,0,0,0.0
22e07d3da1aa3475,Andrey Pulyaev,,"6' 4""",185,78,Southpaw,1997-09-10,3.6,55,2.94,55,0.27,16,56,0.0
85d0fafb8b75d634,Juan Manuel Puig,Fenix,"5' 9""",145,,Orthodox,1989-04-23,4.91,23,7.17,51,0.0,0,0,0.0
308279bd246c211f,Hugh Pulley,,"6' 0""",155,,,,4.47,63,3.27,57,4.0,66,69,0.0
fdba548aff9763d9,Juan Puerta,Leadfeather,"5' 9""",125,71,Southpaw,1988-01-20,1.27,39,1.27,67,1.0,100,0,0.0
6cf2352cdb3de59d,Bubba Pugh,,"5' 10""",185,,,,2.87,67,2.6,23,4.0,57,80,0.0
01b39decaf0abf6a,Benji Radach,Razor,"5' 10""",185,,Orthodox,1979-04-05,2.62,49,2.31,51,1.06,41,71,0.4
44260175069b6276,Jens Pulver,Little Evil,"5' 7""",145,70,Southpaw,1974-12-06,2.12,37,3.13,56,0.22,33,63,0.3
c1085e1701b13eca,Joe Pyfer,Bodybagz,"6' 2""",185,75,Orthodox,1996-09-17,3.52,44,3.22,52,1.45,30,62,0.9
f5990c11974d8e9c,Mike Pyle,Quicksand,"6' 0""",170,74,Orthodox,1975-09-18,2.74,45,2.84,60,1.8,35,70,1.5
bc7f7f0ba3db74d2,Amir Rahnavardi,,"6' 0""",205,,Orthodox,1974-12-07,0.67,25,0.0,100,0.0,0,50,0.0
63ff619c52ff7976,Sora Rakhmonova,,,125,,,1998-06-21,0.0,0,0.0,0,0.0,0,0,0.0
ea398c802d9998ee,Thomas Ramirez,,"6' 1""",410,,Sideways,,0.0,0,0.0,0,0.0,0,0,0.0
96c05ba5ab9eccaf,Matt Ramirez,The Machine,"5' 5""",125,,,,3.03,50,0.67,75,2.53,16,100,0.0
ac31f869959860bc,Amador Ramirez,,,135,,,1990-06-14,4.93,51,2.07,69,1.0,33,0,0.0
e99eb0ef25885de5,Mitch Ramirez,,"5' 11""",155,70,Orthodox,1992-11-03,3.27,44,3.77,38,0.54,33,33,0.0
d1759b2b7be9be56,Hector Ramirez,Sick Dog,"6' 0""",205,,Orthodox,1976-03-28,2.27,41,4.6,56,2.3,55,66,0.5
45bc8f98d62bd096,Jordan Radev,,"5' 7""",185,,Southpaw,1976-09-28,1.35,23,2.38,66,0.0,0,80,0.0
ff2c606c8bc365e3,Josh Rafferty,,"6' 0""",170,,Orthodox,1981-01-06,0.6,33,3.6,50,0.0,0,0,9.0
8c169fbe1ac33637,Loik Radzhabov,The Tajik Tank,"5' 11""",155,69,Orthodox,1990-09-17,2.89,44,3.76,46,4.65,57,42,0.0
4fd140eea593526e,Pat Pytlik,,"6' 0""",170,73,Orthodox,1989-04-24,3.12,56,4.56,22,0.0,0,33,0.0
6cc25d19a891f435,Gilbert Rael,,"5' 8""",155,,,,0.0,0,7.46,37,4.86,100,0,0.0
feedf3053472fe56,Charles Radtke,Chuck Buffalo,"5' 9""",170,72,Orthodox,1990-07-09,2.5,53,2.45,54,1.99,44,100,0.5
333b9e5c723ac873,Aleksandar Rakic,Rocket,"6' 4""",238,78,Orthodox,1992-02-06,4.2,50,2.78,54,0.57,21,86,0.1
641ca2c2ed91b93c,Zygimantas Ramaska,,"5' 11""",145,71,Orthodox,1996-12-27,0.96,60,2.25,30,0.0,0,33,2.4
ffdeb4fbea09ce75,Jessica Rakoczy,The Ragin',"5' 7""",115,,Orthodox,1977-04-14,2.5,44,3.55,64,0.75,20,0,0.8
9b1e3fb4f8cbd5b7,Ricky Rainey,The Sniper,"6' 1""",170,77,Switch,1983-06-29,2.55,48,2.62,46,0.95,18,55,0.0
6eedb757f13b9978,Marwan Rahiki,Freaky,"5' 8""",145,72,Orthodox,2002-05-10,7.75,52,5.9,57,0.0,0,100,0.8
01afe0916a40c7c5,Shavkat Rakhmonov,Nomad,"6' 1""",170,77,Orthodox,1994-10-23,3.25,60,2.17,51,1.4,25,85,1.2
3b5f2faaa2f2c1f6,Andrew Ramm,The,"6' 1""",160,,,,0.0,0,0.0,0,0.0,0,0,0.0
4311e9d23604205c,Steve Ramirez,,"5' 7""",125,,,,0.0,0,0.0,0,0.0,0,0,0.0
abc8e1423cf5b74e,Ian Rammel,,"6' 0""",185,,,1985-07-22,0.0,0,0.0,0,0.0,0,0,0.0
fa4dcb2c8de482ee,Dorian Ramos,,"5' 8""",145,70,Orthodox,1993-12-31,2.3,52,2.67,47,1.82,25,33,0.0
30b577b112bef42d,Vernon Ramos Ho,,"5' 6""",170,,Orthodox,1992-06-03,4.0,25,8.0,55,0.0,0,0,0.0
7bc475b0fc2020ab,Luis Ramos,Beicao,"5' 8""",170,,Orthodox,1981-01-18,2.4,35,5.6,42,1.5,20,100,0.0
0052de90691d4a93,Davi Ramos,Tasmanian Devil,"5' 6""",155,70,Orthodox,1986-11-05,2.64,37,3.44,56,1.95,40,83,0.6
1ae8f3c723aacff4,Ricardo Ramos,,"5' 9""",145,72,Orthodox,1995-08-01,2.91,36,3.97,54,2.51,57,67,1.0
9d61d8cb1c354867,Hussain Rasouli,,"5' 6""",135,,,,0.0,0,0.0,0,0.0,0,0,0.0
31e1ea6fe6b682f8,David Rasouri,,"5' 7""",155,,,,0.0,0,0.0,0,0.0,0,0,0.0
0be6776db31d98ec,Mitch Raposo,,"5' 5""",125,64,Switch,1998-10-16,1.91,38,2.92,60,1.98,36,68,0.0
6859f67468ba8489,Kevin Randleman,The Monster,"5' 10""",205,,Orthodox,1971-08-10,1.26,54,1.12,57,2.0,56,30,0.8
56370b594d5fe0b3,Oscar Ravello,The Punisher,,185,,,1998-09-27,0.0,0,0.0,0,0.0,0,0,0.0
ea3ef6206c7907d5,Gideon Ray,,"5' 10""",185,,Southpaw,1973-05-27,2.08,40,2.58,53,1.49,100,0,0.0
a303588c33d8c5ae,Iony Razafiarison,,"5' 3""",145,,,1984-12-23,1.2,42,1.4,53,2.0,50,75,0.0
bdd16cd6b29cb499,Keenan Raymond,,,165,,,,0.0,0,0.0,0,0.0,0,0,0.0
d92e6e17f637fe4d,Joe Ray,,,170,,,1984-12-17,0.0,0,0.0,0,0.0,0,0,0.0
907e60fd13407e1e,Bec Rawlings,Rowdy,"5' 6""",125,64,Orthodox,1989-02-11,4.48,42,5.66,57,0.71,40,68,0.4
31a13532e724ca2b,Stevie Ray,Braveheart,"5' 10""",155,70,Southpaw,1990-03-25,3.73,44,2.93,54,0.75,46,55,0.6
972197a8c61ac413,Rafael Rebello,Rafinha,"5' 5""",135,67,Orthodox,1980-10-16,2.19,32,3.29,58,2.82,33,75,0.5
849c5d9979df5357,Mateusz Rebecki,,"5' 7""",155,66,Southpaw,1992-10-03,5.28,49,4.19,54,3.05,50,53,0.4
eae431e70064e046,Abdul Razak Alhassan,,"5' 10""",185,73,Orthodox,1985-08-11,3.64,49,4.01,54,0.84,33,51,0.2
c36e1f4fa755ffb4,Antony Rea,Wild Thing,"6' 0""",205,,Orthodox,1976-07-15,2.89,28,5.42,42,0.0,0,100,0.0
4a35913bd9aa4161,Dennis Reed,,,205,,Orthodox,1969-09-11,0.0,0,0.0,0,0.0,0,0,0.0
ed069a95aaaf4f56,Raou Raou,,"5' 8""",195,,Orthodox,,2.01,16,6.75,60,0.0,0,0,0.0
3f56b99447f00607,Paul Redmond,Redser,"5' 10""",145,,Orthodox,1986-10-20,0.72,34,2.99,41,0.0,0,50,0.0
8c90c1563972e44d,Ed Ratcliff,9mm,"5' 10""",155,71,Orthodox,1983-03-05,2.71,38,2.96,63,0.28,16,53,0.0
49d78120e0a4f607,Greg Rebello,Ribz,"6' 0""",240,73,Southpaw,1982-06-13,2.61,39,2.92,58,0.0,0,0,0.0
be5fd2ae27d20842,Regezhen,Chocolate Boy,"5' 8""",145,69,Orthodox,2001-02-28,3.53,41,3.13,73,0.0,0,55,0.0
24d98df7556ac8af,Stephen Regman,,"5' 11""",185,76,Orthodox,1991-08-05,1.41,60,4.93,23,3.52,100,0,0.0
d8022d5526b1d937,Chad Reiner,The Grinder,"5' 11""",170,,Orthodox,1981-06-29,0.53,20,1.97,46,0.99,33,25,2.0
02500fb9fd79a974,Jason Reinhardt,,"5' 6""",135,,Orthodox,1969-10-31,0.51,40,4.07,43,1.91,12,50,0.0
5aedf14771ca82d2,Wilson Reis,,"5' 4""",125,65,Southpaw,1985-01-06,1.83,29,3.04,55,5.15,42,47,0.6
23dec7c47cb418f8,Zach Reese,Savage,"6' 4""",185,77,Switch,1994-03-24,4.47,54,4.0,43,2.74,61,52,1.2
ac7c765882f2c68c,Elise Reed,,"5' 3""",115,63,Orthodox,1992-12-05,3.41,53,3.26,51,0.46,60,53,0.0
fb4ca5c7e4448645,John Reedy,The Wild Child,"5' 8""",155,,,,0.0,0,0.0,0,0.0,0,0,0.0
11337d069261bf3a,Karl Reed,No Worries,"6' 3""",205,78,Orthodox,1988-10-27,2.04,44,3.84,38,1.06,22,53,0.0
e9ec08ebb3f92aa3,James Reese,JP,"5' 9""",155,,,1980-12-21,0.0,0,0.0,0,0.0,0,0,0.0
3ba3b5cc94498437,Johnny Rees,The Hater Hurter,"6' 0""",170,,Orthodox,1982-10-21,3.29,64,0.84,47,1.15,25,50,0.0
918db42c3637916f,Leigh Remedios,Bulldog,"5' 7""",155,,Orthodox,1976-01-13,0.75,41,1.36,68,0.0,0,33,0.0
132f860d02953f4c,Goran Reljic,,"6' 3""",205,81,Southpaw,1984-03-20,1.69,37,2.69,59,1.69,50,33,1.1
4a574b8512fc1b30,Javier Reyes,Blair,"5' 7""",145,73,Orthodox,1993-10-13,6.28,47,3.06,41,1.27,50,50,0.0
ee7b7768a4e6dc45,Ben Reiter,The Hunter,"6' 3""",185,,,1987-06-27,1.8,46,1.53,54,7.0,43,0,0.0
1507214bbc7a79e2,John Renken,The Saint,"6' 0""",190,,Orthodox,1972-12-31,0.0,0,0.0,0,0.0,0,0,0.0
ce6b5b93a96dd15b,Solomon Renfro,The Black Dragon,"5' 9""",170,72,Switch,1997-02-05,5.2,44,3.53,61,2.0,50,100,0.0
f57cf3d54a641385,Herman Renting,,"6' 0""",215,,Switch,1968-12-31,0.0,0,0.0,0,0.0,0,0,0.0
edd02825c29028fe,Marco Polo Reyes,,"5' 11""",155,71,Orthodox,1984-11-07,6.0,37,5.52,59,0.0,0,46,0.0
c7d297714d9ab1a4,Marion Reneau,The Belizean Bruiser,"5' 6""",135,68,Orthodox,1977-06-20,3.2,41,3.52,59,0.62,63,50,0.8
2e19380f34871c6a,Dominick Reyes,The Devastator,"6' 4""",205,77,Southpaw,1989-12-26,4.99,53,3.4,49,0.25,28,82,0.2
01dfb60661153735,Paulo Renato Junior,,"6' 0""",205,73,Orthodox,1994-01-25,4.89,45,5.18,56,0.0,0,100,0.0
b2d9758cdd124143,Ren Yawei,,"5' 9""",155,69,Orthodox,1998-02-07,4.67,64,5.32,36,0.0,0,66,1.4
60193e707634e560,Montse Rendon,Monster,"5' 8""",135,68,Orthodox,1989-03-16,2.95,27,3.65,57,1.91,37,85,0.3
1ddb480b601cefb1,Chance Rencountre,Black Eagle,"6' 2""",170,75,Southpaw,1986-12-31,1.1,20,3.62,49,1.35,26,16,0.3
64db35f7782fe274,Gaston Reyno,Tonga,"6' 0""",145,,,1986-11-11,7.79,62,3.9,44,0.0,0,0,11.7
7631e2ba8e1ab9a5,Camila Reynoso,Buttercup,,115,,,2003-08-28,0.0,0,0.0,0,0.0,0,0,0.0
e9bbcc6530e4cbe6,Victor Reyna,Kelevra,"5' 11""",170,74,Southpaw,1986-08-05,5.8,63,4.75,42,0.0,0,100,0.0
042cc07ad5a53a33,Lucrezia Ria,,"5' 6""",125,,Orthodox,1992-06-24,4.07,46,4.4,45,1.0,33,0,0.0
8f4616698508f24d,Will Ribeiro,,"5' 8""",135,,Orthodox,1983-02-17,1.83,28,1.64,74,1.15,100,50,2.9
dc07493a87dc0a6e,Alex Reyes,The Executioner,"5' 11""",155,73,Orthodox,1986-10-02,4.46,46,6.92,48,1.5,28,0,0.0
7333d6e0f6428acb,Kyle Reyes,Boom,"5' 8""",145,,,,0.0,0,0.0,0,0.0,0,0,0.0
972c456ff38b2015,Claudio Ribeiro,,"6' 1""",185,77,Orthodox,1992-07-17,3.59,51,4.9,30,0.56,50,66,0.0
a757c06bbdba61d2,Vitor Ribeiro,Shaolin,"5' 8""",154,,Orthodox,1979-02-24,1.0,28,1.95,48,1.58,26,100,1.2
49edd0d90f60fb7d,Brendson Ribeiro,The Gorilla,"6' 3""",205,81,Orthodox,1996-09-08,2.94,40,3.56,53,0.66,37,32,0.4
beecb672a279223e,Amanda Ribas,,"5' 4""",115,66,Orthodox,1993-08-26,4.26,39,3.29,60,2.05,52,82,0.6
319fa1bd3176bded,Johnny Rhodes,,"6' 0""",210,,Orthodox,,0.0,0,0.0,0,0.0,0,0,0.0
b7ad576b8ae115e6,Mike Rhodes,Biggie,"6' 1""",170,74,Orthodox,1989-12-04,3.2,39,4.13,64,0.96,33,75,0.5
323d4ca260dfa0ba,Esteban Ribovics,El Gringo,"5' 10""",155,69,Orthodox,1996-04-27,7.27,43,5.83,54,0.35,66,66,0.2
3c921b1a30fdcbdd,Mike Ricci,The Martian,"6' 0""",155,76,Southpaw,1986-03-18,1.8,32,1.64,65,0.67,100,54,0.0
bf9bc96336922271,Alex Ricci,,"5' 11""",155,,Orthodox,1982-07-21,2.48,41,2.53,64,0.0,0,64,0.0
b3e5a460b6851080,John Richard,,,205,,,1982-05-22,0.0,0,0.0,0,0.0,0,0,0.0
ad23903ef3af7406,Rex Richards,,"6' 5""",265,,,1980-10-17,17.65,58,5.29,72,0.0,0,0,0.0
98b76850b5f1e836,Dave Rickels,The Caveman,"5' 11""",155,,,1989-01-05,4.29,59,5.53,42,0.0,0,25,0.0
d6a740cf6e898e27,Mike Richman,The Marine,"5' 8""",135,,,1985-06-23,4.06,44,3.49,43,0.0,0,76,0.0
d25240135aee03e5,Tabatha Ricci,Baby Shark,"5' 1""",115,61,Orthodox,1995-02-21,3.77,36,4.79,58,2.37,34,54,0.1
d8a58e797518f011,Haisam Rida,,,,,,1993-07-25,0.0,0,0.0,0,0.0,0,0,0.0
343d57cde1a14338,Matt Ricehouse,,,155,,,1987-03-11,3.7,44,4.8,47,1.0,22,81,0.0
f1a9ad7485e5024a,Jeremiah Riggs,,"6' 0""",185,,,1982-12-17,0.0,0,0.0,0,0.0,0,0,0.0
37ed1ab2f8b819f4,Brad Riddell,Quake,"5' 7""",155,71,Orthodox,1991-09-30,4.71,53,3.53,53,1.77,36,63,0.0
d023ae89a2a4a41e,Matthew Riddle,Deep Waters,"6' 1""",170,76,Southpaw,1986-01-14,3.01,42,2.74,54,3.51,50,89,0.5
d512d9f204059f57,Joe Riggs,Diesel,"6' 0""",185,70,Southpaw,1982-09-23,2.41,51,1.69,57,2.45,55,62,0.6
868a78f2e810a837,Albert Rios,,"5' 8""",145,,,,0.0,0,0.0,0,0.0,0,0,0.0
fa9746fa5d23c202,Robbie Ring,Razor,"5' 9""",145,68,Orthodox,2000-07-14,5.11,38,9.15,38,4.04,33,0,0.0
af90b10c785ced3e,Mike Rio,The Wolverine,"5' 10""",155,70,Orthodox,1981-07-06,1.68,39,2.99,53,2.58,27,0,1.0
c07efc18b231f170,Jordan Rinaldi,All Day,"5' 10""",145,72,Orthodox,1987-09-25,1.56,35,2.32,59,1.45,35,20,1.2
b13da0b1a3aed3e7,Nick Ring,The Promise,"6' 0""",185,74,Southpaw,1979-02-10,3.52,42,3.48,62,1.36,36,52,0.3
f2c8ebbeafd45f2b,Aaron Riley,,"5' 8""",155,69,Southpaw,1980-12-09,3.45,34,3.78,61,1.18,34,60,0.1
995af04c697d78b7,Jason Riley,The Juggernaut,"6' 6""",245,,,1975-09-22,0.0,0,9.68,33,0.0,0,50,0.0
b1de86d835638319,Luke Riley,,"5' 9""",145,69,Orthodox,1999-06-30,6.67,58,3.86,61,0.0,0,37,0.0
9be3728f3f7badb2,Moise Rimbon,Swamp,"5' 10""",205,,Orthodox,1977-04-20,0.8,34,1.0,71,1.0,50,37,0.0
9ec12134b1515f12,Maria Rios,,"5' 5""",125,,,1983-05-31,2.93,34,4.13,56,2.0,50,100,0.0
2f5754b48eab1486,Rafael Rios,,,150,,,,0.0,0,0.0,0,0.0,0,0,0.0
145df84ea4dfd904,Jonathan Rivera,,,155,,,,4.36,49,3.9,60,0.0,0,0,0.0
0f7210aa8d61af8d,Mario Rivera,,"5' 10""",170,,,,0.0,0,8.41,20,0.0,0,0,0.0
7ea4a9f07df33a45,Francisco Rivera,Cisco,"5' 8""",135,70,Orthodox,1981-10-08,4.07,41,3.16,68,1.01,63,68,0.6
9c907996820d2d69,Jimmie Rivera,El Terror,"5' 4""",135,68,Orthodox,1989-06-29,4.03,40,3.9,60,0.88,27,92,0.1
06a80a685ea98573,Irwin Rivera,The Beast,"5' 6""",135,67,Southpaw,1989-02-14,3.36,44,5.07,57,1.0,16,70,0.0
c9587d81e1d33925,Jerome Rivera,Renegade,"5' 10""",125,72,Southpaw,1995-04-22,3.21,33,2.6,51,0.0,0,40,0.0
60917f79b7271d83,Nicdali Rivera-Calanoc,The Night Queen,"5' 3""",105,,,1985-06-12,1.82,20,2.42,78,0.0,0,0,0.0
1c7cce2f5c17160d,Shannon Ritch,The Cannon,"5' 9""",190,,Orthodox,1970-09-27,1.0,100,6.0,50,0.0,0,0,0.0
288aaa8f82040e02,Dante Rivera,,"6' 1""",185,,Southpaw,1974-12-08,2.27,53,4.0,25,0.0,0,16,0.0
09f579be4520394a,Diego Rivas,Pitbull,"5' 8""",145,69,Orthodox,1991-11-11,1.37,40,2.14,52,1.79,60,64,0.9
cb46dface0e28a2c,Jorge Rivera,El Conquistador,"6' 1""",185,73,Orthodox,1972-02-28,3.16,48,2.64,54,0.84,50,63,0.1
610caee730f9b89e,Kali Robbins,Pop Tart,"5' 3""",115,63,Orthodox,1984-07-05,3.73,46,9.4,44,2.0,33,0,0.0
8aabef76351401d0,Theo Rlayang,Jungle King,"5' 7""",145,65,Orthodox,1994-08-10,5.93,48,8.4,40,2.0,40,0,0.0
73ab2872b8633322,Patrick Rivera,,,170,,,1992-02-24,0.0,0,0.0,0,0.0,0,0,0.0
b44f39a5c6596953,Pedro Rizzo,The Rock,"6' 1""",241,,Orthodox,1974-05-03,1.93,34,3.02,50,0.26,28,78,0.0
c058823a2595ab09,Joey Roberts,,"6' 2""",200,,,1977-11-11,0.0,0,0.0,0,0.0,0,0,0.0
3b2485c8d5c8b580,Justin Robbins,,"5' 5""",135,,,1980-07-29,0.67,37,3.2,47,0.0,0,0,0.0
d1e6a6536ee62517,Tyrone Roberts,Native Warrior,"5' 9""",185,,Orthodox,1972-07-14,0.0,0,0.0,0,0.0,0,0,0.0
35dc6220b113b7ec,Ryan Roberts,,"5' 6""",155,,Orthodox,1978-07-16,0.0,0,22.5,45,0.0,0,0,0.0
b2a2da86546ddb19,Buddy Roberts,,"6' 2""",185,,Orthodox,1982-10-17,2.17,34,2.08,70,0.0,0,76,0.7
22edaf53ad59a967,Daniel Roberts,Ninja,"5' 10""",170,74,Southpaw,1980-08-05,0.73,20,2.27,46,2.46,44,40,2.5
775bad6d700d2302,David Roberts,,"6' 1""",170,,Orthodox,1975-11-15,0.0,0,0.0,0,0.0,0,0,0.0
a54a35a670d8e852,Andre Roberts,The Chief,"6' 2""",345,,Orthodox,1965-02-24,0.0,0,0.0,0,0.0,0,0,0.0
37d5b176d438d2a5,Karl Roberson,Baby K,"6' 1""",205,74,Southpaw,1990-10-04,2.57,51,2.42,57,0.72,40,40,0.5
a6cba6bb66c1a8c9,Danny Roberts,Hot Chocolate,"6' 1""",170,74,Southpaw,1987-07-14,3.18,39,3.73,50,0.24,9,57,0.2
c5ec23983dc2d8f4,Taylor Roberts,,"5' 11""",170,,,,0.0,0,0.0,0,0.0,0,0,0.0
6e0273f9478be71e,Kenny Robertson,,"5' 10""",170,74,Orthodox,1984-02-14,3.72,47,3.02,52,1.37,26,57,0.8
37c5366d18ed6c05,Roosevelt Roberts,The Predator,"6' 2""",155,73,Orthodox,1994-02-11,2.84,43,3.1,52,1.18,26,50,0.7
b2aa1e07b5b3306e,Chad Robichaux,Robo,"5' 4""",135,,,1975-08-18,0.0,0,0.0,0,0.0,0,0,0.0
2782235b078b72a7,Damonte Robinson,,"6' 0""",155,77,,1995-06-10,0.0,0,0.0,0,0.0,0,0,0.0
1a1a4d7a29041d77,Colin Robinson,Big C,"6' 4""",243,,Orthodox,1968-11-27,6.19,69,7.91,37,2.58,100,50,5.2
cbe79765d44bd172,Alvin Robinson,,"5' 9""",155,68,Southpaw,1982-07-16,1.57,50,1.29,51,1.24,50,25,1.2
4604ab1de9058474,Mark Robinson,White Rhino,"6' 0""",265,,Orthodox,,0.0,0,5.8,13,0.0,0,0,0.0
38c7f72747f4f712,Gillian Robertson,The Savage,"5' 5""",115,63,Orthodox,1995-05-17,2.71,48,2.86,56,2.76,40,38,0.9
4f736494fc733095,Carlos Eduardo Rocha,Ta Danado,"5' 10""",170,73,Orthodox,1981-07-12,1.24,34,1.85,55,0.0,0,52,1.4
5921fd3f889afa3b,Pedro Rocha,,,,,,,0.0,0,0.0,0,0.0,0,0,0.0
e0d3d9b564f95635,Lucas Rocha,Fenomeno,"5' 3""",125,64,Orthodox,2000-08-12,5.09,49,3.67,56,1.64,75,76,0.0
d403b1a6f278c95e,Vagner Rocha,Ceara,"5' 10""",155,73,Orthodox,1982-06-06,2.64,42,4.5,48,1.4,33,50,1.9
52b6bf4528130e86,Shem Rock,,"5' 11""",155,73,Southpaw,1993-11-05,3.03,39,4.4,49,1.0,13,88,0.0
c75b99887c8c3f5a,Keith Rockel,Rock,"6' 0""",185,,Orthodox,1965-08-28,1.13,73,0.21,66,4.63,75,100,4.6
26eddcda9d6b2ffe,Paul Rodriguez,,"5' 7""",155,,Orthodox,1975-05-18,0.84,100,1.68,68,0.0,0,50,0.0
9ac4e43ed56429ed,Levi Rodrigues Jr.,Baby Monster,"6' 0""",205,76,Orthodox,1996-10-15,2.6,50,4.6,29,0.0,0,57,0.0
d1c65d2cf2925ddd,Gregory Rodrigues,Robocop,"6' 3""",185,75,Orthodox,1992-02-17,5.53,51,4.78,50,1.9,34,75,0.4
50cc91ce2982785d,Ricco Rodriguez,Suave,"6' 4""",265,,Orthodox,1977-08-19,1.85,51,1.15,61,2.3,39,40,1.0
5a6e4d2f0c76a242,Manuel Rodriguez,Chalate,"5' 9""",170,,Orthodox,1985-04-25,0.81,33,3.23,38,9.09,75,0,0.0
1abf785143f8d5ec,Kevin Roddy,K-Rod,"5' 11""",145,,,,2.64,30,2.38,60,0.0,0,50,0.0
19388069e19ec6b9,Douglas Henry Rodrigues,Blade,,185,,,1999-01-13,0.0,0,0.0,0,0.0,0,0,0.0
48e43b65f7838878,Modestino Rodrigues,The Slenderman,,185,,,2003-10-09,0.0,0,0.0,0,0.0,0,0,0.0
102a8fdf8cbf7467,Kleydson Rodrigues,KR,"5' 5""",135,67,Orthodox,1995-10-22,4.58,57,2.29,53,0.6,22,53,0.6
00e11b5c8b7bfeeb,Luke Rockhold,,"6' 3""",185,77,Southpaw,1984-10-17,4.1,49,2.68,53,0.7,29,65,1.0
18b602842a24f7c5,Mike Rodriguez,Slo Mike,"6' 4""",205,82,Southpaw,1988-11-28,4.35,53,4.24,41,0.0,0,37,0.0
8a1f3b5c526cd6e6,Daniel Rodriguez,D-Rod,"6' 1""",170,74,Southpaw,1986-12-31,7.19,49,5.44,57,0.51,50,64,0.1
dc3b9cf7641b7ab6,Drako Rodriguez,,"5' 8""",135,69,Orthodox,1996-06-16,3.37,36,4.4,58,2.93,66,75,0.7
f2900678e98f6d6a,Ronaldo Rodriguez,Lazy Boy,"5' 6""",125,65,Orthodox,1999-05-07,2.71,43,3.8,44,1.09,36,64,0.8
90e0985df05e51bc,Ray Rodriguez,The Judge,"5' 7""",135,70,Orthodox,1987-12-10,0.9,27,3.89,40,1.42,50,44,0.0
cbf5e6f231b55443,Yair Rodriguez,El Pantera,"5' 11""",145,71,Orthodox,1992-10-06,4.65,46,3.78,52,0.71,29,59,0.6
cd2c4d30c6e13b47,Marina Rodriguez,,"5' 6""",115,65,Orthodox,1987-04-29,4.51,46,3.01,55,0.27,50,61,0.3
5ec591b78349ba7e,Christian Rodriguez,Ceerod,"5' 7""",145,71,Orthodox,1997-12-17,3.9,50,2.94,56,1.81,40,67,1.1
e375cb5caf4717b6,Piera Rodriguez,La Fiera,"5' 3""",115,63,Orthodox,1992-11-11,4.04,46,3.13,53,4.04,50,81,0.0
f6e5972c9d16c40e,Victor Rodriguez,Vicious,"5' 5""",125,67,Switch,1992-09-05,1.59,37,6.11,50,0.0,0,0,0.0
36f3d235493d35ad,Pete Rogers Jr.,The Heat,"6' 0""",145,,,,0.66,15,1.71,65,0.0,0,0,0.0
f304aff405c4a8fa,Brian Rogers,The Professional Predator,"5' 11""",185,,,1984-02-15,4.79,38,5.76,58,1.22,50,100,0.6
6e8349a0a0476d60,Imanol Rodriguez,Himan,"5' 4""",125,64,Orthodox,1999-11-15,5.71,55,2.42,58,1.3,33,0,0.0
7195e2a932686f82,Nick Roehrick,,"6' 2""",205,,Orthodox,1987-07-06,2.31,17,6.92,44,0.0,0,0,0.0
776d4262c4da38bf,Pete Rodriguez,Dead Game,"5' 9""",170,71,Switch,1996-11-13,9.28,43,12.83,42,0.0,0,100,0.0
9141bb39310773c7,Brett Rogers,The Grim,"6' 5""",265,81,Orthodox,1981-02-17,3.17,44,3.2,46,0.0,0,58,0.0
f77c68bb4be8516d,Yoel Romero,Soldier of God,"6' 0""",185,73,Southpaw,1977-04-30,3.44,49,3.05,60,1.57,30,78,0.0
ab943cd2c3c17825,Marcos Rogerio de Lima,Pezao,"6' 1""",253,75,Orthodox,1985-06-25,3.7,57,2.9,51,1.4,45,59,0.5
c4b6099f0d25f75e,Jared Rollins,J-Roc,"5' 9""",170,,Orthodox,1977-01-26,3.33,57,2.41,39,2.5,50,50,1.2
33df417d0017eb0c,Kaleio Romero,KO,"5' 10""",145,69,Switch,1996-04-19,2.6,48,3.27,50,1.0,8,0,1.0
59a27d2e6d0802ac,Max Rohskopf,Rated R,"6' 1""",155,71,Orthodox,1994-09-27,1.7,31,5.8,42,3.0,33,0,1.5
744e098e065cfdbe,Ricardo Romero,,"6' 0""",205,76,Orthodox,1978-04-15,2.17,55,4.77,46,1.63,10,100,3.3
2804ce8dadab5770,Marcelo Rojo,Pitbull,"5' 8""",145,71,Orthodox,1988-07-02,4.92,39,6.42,55,0.46,50,66,0.0
15ea371202eb25e1,Roberto Romero,El Charro Negro,"5' 8""",145,70,Orthodox,2000-01-30,4.56,49,6.44,44,0.0,0,71,0.0
3b83fec860a45ca1,Tim Roman,,"6' 1""",170,,,1985-06-08,0.6,40,2.4,40,1.0,100,16,0.0
c0badf3243907e59,Alexandr Romanov,King Kong,"6' 2""",262,75,Southpaw,1990-12-11,3.78,51,2.13,54,4.49,55,28,0.9
75e0d3cc2262b732,Shane Roller,,"5' 10""",155,72,Orthodox,1979-07-14,2.04,34,2.65,60,2.46,33,42,1.9
0f6528b461e47462,Joao Roque,,"5' 6""",155,,Orthodox,1971-07-22,0.0,0,0.0,0,0.0,0,0,0.0
4a043165cf47cab2,Juancamilo Ronderos,100,"5' 3""",125,64,Southpaw,1995-02-17,2.18,30,2.18,63,2.72,33,0,0.0
8173f134396cb971,Cortavious Romious,,"5' 4""",135,68,Southpaw,1994-01-06,1.91,38,3.46,39,2.29,66,64,0.8
5580771f383e141f,Jesse Ronson,The Body Snatcher,"5' 10""",155,70,Southpaw,1985-12-24,3.54,47,3.39,57,0.46,28,57,0.5
a13d755965a4ec9f,Rongzhu,,"5' 9""",155,70,Orthodox,2000-03-07,6.05,51,5.38,53,1.34,62,84,0.1
82cbb809d5ee565c,Mara Romero Borella,,"5' 6""",125,69,Orthodox,1986-06-03,2.54,37,2.48,71,1.83,44,66,0.2
3c0437fbeda06962,George Roop,,"6' 1""",135,72,Orthodox,1981-11-10,3.43,34,2.47,60,1.05,57,59,0.1
6f81399074fcdbba,Anthony Romero,The Genius,"5' 11""",155,70,Orthodox,1997-02-25,5.87,52,4.0,65,2.0,22,100,0.0
11f8860028b68fcf,Aaron Rosa,,"6' 4""",205,77,Orthodox,1983-05-28,4.03,47,4.41,45,0.36,33,85,0.4
351c4ec637380ad5,Karol Rosa,,"5' 5""",135,67,Orthodox,1994-12-30,5.47,55,4.28,49,1.08,48,72,0.1
40093d1d2d78394e,Charles Rosa,Boston Strong,"5' 9""",145,69,Switch,1986-08-24,3.08,36,3.86,47,1.67,35,38,1.0
f7faf5b19e0dec2e,Jacob Rosales,The Lil Badger,"5' 11""",155,74,Orthodox,1995-07-28,7.19,46,10.66,44,1.12,18,50,0.6
d1026588fa65693f,Jessie Rosas,Tachidito,"5' 7""",135,68,Southpaw,2002-12-04,0.0,0,0.0,0,0.0,0,0,0.0
b9163ec845c3bfc8,Hilarie Rose,,"5' 3""",115,63,Orthodox,1992-11-11,2.33,33,6.13,44,0.0,0,100,0.0
4f2fcbefb668689d,Jake Rosholt,,"6' 1""",185,,Orthodox,1982-02-09,2.68,53,2.33,49,6.51,68,0,1.8
91ea901c458e95dd,Jared Rosholt,,"6' 2""",265,75,Orthodox,1986-08-04,2.08,46,1.52,59,1.83,41,66,0.1
208b6926916867c7,Zach Rosol,,,243,,,,0.0,0,14.21,25,0.0,0,0,0.0
ff3a915256b899c0,Nick Rossborough,Leatherface,"6' 5""",205,,,1981-11-18,2.8,35,4.33,35,0.0,0,100,0.0
598a58db87b890ee,Kevin Rosier,,"6' 4""",275,,Orthodox,,0.0,0,0.0,0,0.0,0,0,0.0
51c655162e462ceb,Shannon Ross,The Turkish Delight,"5' 6""",125,66,Switch,1989-05-12,5.96,39,7.39,55,0.0,0,100,0.0
fe2babf95de24fb1,Raul Rosas Jr.,El Nino Problema,"5' 9""",135,67,Switch,2004-10-08,1.34,42,1.24,52,6.1,54,25,0.9
af49a6c491ca22a3,Kristian Rothaermel,,"6' 0""",205,,Open Stance,1972-01-31,0.75,50,2.49,41,0.0,0,0,0.0
872b018076f831b0,Rick Roufus,,"6' 0""",207,,Southpaw,1966-06-03,0.53,33,1.06,33,0.0,0,50,0.0
712aa894b3a344df,Kain Royer,,,185,,,,0.0,0,1.63,14,0.0,0,0,4.1
8bdac25ce0bb874d,Ronda Rousey,Rowdy,"5' 7""",135,66,Orthodox,1987-02-01,4.17,52,4.14,44,6.26,68,50,4.8
bd58d34e39b7b12a,Ben Rothwell,,"6' 4""",265,78,Orthodox,1981-10-17,3.71,42,4.63,47,0.68,34,70,0.4
09f8c233de88998d,Brad Royster,,,135,,,,0.0,0,0.0,0,0.0,0,0,0.0
749f572d1d3161fb,Khalil Rountree Jr.,,"6' 1""",205,76,Southpaw,1990-02-26,3.88,40,4.33,49,0.0,0,58,0.1
6e15f63b6c2e2c15,Brandon Royval,Raw Dawg,"5' 9""",125,68,Southpaw,1992-08-16,5.6,42,4.24,42,0.89,64,45,1.2
9d7fbf438766791f,Roberta Rovel,Crusher,"5' 8""",145,,,,0.87,46,3.0,26,0.0,0,100,0.0
cba3a2dfbc06ce79,Ray Routh,,"5' 8""",185,,Orthodox,,0.54,21,3.22,28,2.69,33,0,0.0
8ebc3a8da015d70c,Cam Rowston,,"6' 3""",185,78,Orthodox,1995-01-19,4.6,48,2.12,52,1.34,44,33,0.3
8e382b585a92affe,Phil Rowe,The Fresh Prince,"6' 3""",170,80,Orthodox,1990-07-18,3.51,49,4.15,50,0.46,36,53,0.2
2cd428e9606856fd,Jairzinho Rozenstruik,Bigi Boy,"6' 2""",242,78,Orthodox,1988-03-17,3.48,48,2.63,52,0.0,0,72,0.0
94070f6544c4b2a5,Rodrigo Ruas,,"5' 10""",185,,Orthodox,1977-10-06,1.28,35,7.0,41,0.0,0,0,0.0
92aed9d16794f42b,Robert Ruchala,Faker,"5' 8""",145,72,Switch,1998-05-15,3.37,34,5.2,45,1.0,22,71,0.0
597db668b01c442c,Marco Ruas,King of the Streets,"6' 1""",210,,Orthodox,1961-01-23,0.0,0,0.0,0,0.0,0,0,0.0
90e7447d8b7f3f35,Murilo Rua,Ninja,"5' 11""",185,,Orthodox,1980-05-22,2.48,45,1.85,53,1.97,45,37,1.2
140745cbbcb023ac,Mauricio Rua,Shogun,"6' 1""",205,76,Orthodox,1981-11-25,3.57,50,2.79,54,2.01,48,49,0.7
ccba80d4820ef557,Gabe Ruediger,Godzilla,"5' 10""",155,,Orthodox,1977-08-29,1.7,31,5.16,41,2.04,11,28,0.0
c4731f43693b96b8,Rodolfo Rubio Perez,Fito,"5' 5""",145,,Orthodox,1987-01-29,1.13,36,1.0,62,2.0,33,33,0.0
9c393e836a852f30,Mauricio Ruffy,,"5' 11""",155,75,Orthodox,1996-06-17,4.19,57,3.83,59,0.0,0,86,0.0
babc0b19e89cec6e,Paul Ruiz,,"5' 6""",135,,,1987-06-23,1.4,33,1.4,75,0.0,0,100,20.9
7b9aa973e5c04624,Eddie Ruiz,,"5' 7""",155,,Orthodox,1967-06-10,0.2,25,1.4,47,2.0,12,0,0.0
657c21cb133f1445,Anthony Ruiz,El Toro,"6' 2""",205,,Orthodox,1977-11-03,2.56,64,1.67,28,1.43,31,21,0.0
353de740bb6c7e75,Mike Russow,,"6' 1""",255,73,Orthodox,1976-09-11,1.55,47,2.9,59,4.66,43,0,0.7
1235b31de15d0c6e,Montserrat Conejo Ruiz,,"5' 0""",115,61,Southpaw,1993-02-03,2.21,29,6.19,44,1.75,50,44,0.6
03688dc3c3af3ac1,Bas Rutten,El Guapo,"6' 1""",205,,Orthodox,1965-02-24,5.59,61,2.06,79,0.0,0,0,0.0
5b1b383265433f51,Casey Ryan,,,185,,,1987-06-27,0.0,0,0.0,0,0.0,0,0,0.0
1d76f07ffdd765c2,Takeru Uchida,,"5' 7""",125,68,Southpaw,2002-09-30,0.42,40,0.63,25,3.17,20,0,6.3
8f2deefe8c5dfb5d,Alberto Uda,,"6' 3""",185,,Orthodox,1984-08-08,1.79,52,3.49,45,2.83,50,66,0.0
bcd124bcd3d5be46,Ryuki Ueyama,,"5' 11""",180,,Southpaw,1976-04-17,0.13,21,1.4,46,0.5,100,0,1.5
4a1a492f299581d9,Andy Uhrich,,"6' 0""",170,,,,0.0,0,0.0,0,0.0,0,0,0.0
10ccf4ec9913cadc,Christian Uflacker,,"5' 11""",170,,,1985-08-04,0.0,0,0.0,0,0.0,0,0,0.0
f00ac08ab056af5d,Tagir Ulanbekov,,"5' 7""",125,70,Southpaw,1991-08-07,3.01,48,3.44,50,2.73,39,63,1.5
99223fbb4a05326b,Damian Rzepecki,The Butcher,"5' 10""",155,71,Orthodox,2001-11-23,1.07,25,4.93,43,1.0,14,66,0.0
e5a898f2a1afec67,Mashrabjon Ruzibaev,Black Junior,"5' 8""",155,67,Orthodox,1996-02-16,0.0,0,0.0,0,0.0,0,0,0.0
cb680d85b84cbfd9,Raphael Uchegbu,,"5' 9""",135,73,Orthodox,1995-08-16,2.46,48,2.85,50,1.48,16,0,0.0
49d2a08964c5eb11,Nursulton Ruziboev,Black,"6' 5""",185,76,Orthodox,1993-11-19,2.38,46,2.68,49,1.36,80,33,0.3
9014c02eff8b3d62,Carlos Ulberg,Black Jag,"6' 4""",205,77,Orthodox,1990-11-07,6.57,55,4.03,51,0.53,60,85,0.2
1e310618d02ff93b,Zach Underwood,,"6' 2""",185,,,,0.0,0,0.0,0,0.0,0,0,0.0
7a39bbac8cc0fa70,Gasan Umalatov,Cobra,"5' 11""",170,71,Orthodox,1982-09-11,2.23,39,4.1,59,0.75,17,90,0.0
4b8fb0453a596b8e,Hector Urbina,El Toro,"5' 11""",170,73,Orthodox,1987-09-17,0.97,38,2.44,39,0.0,0,38,3.8
e78c4c3d329c531b,Nick Urso,,"5' 6""",125,66,Southpaw,1985-09-26,3.61,45,5.06,36,0.0,0,0,0.0
b12fb759e02378de,Gilbert Urbina,The RGV Bad Boy,"6' 3""",185,75,Orthodox,1996-04-05,6.68,57,4.72,47,2.73,44,0,0.7
4793a2d90f5ab8ae,Jeremy Umphries,,,160,,,,0.0,0,0.0,0,0.0,0,0,0.0
5e23f30e9c6ed74e,Logan Urban,Hulk,"6' 0""",170,72,Orthodox,1994-04-22,2.55,66,16.6,27,0.0,0,0,0.0
eb1723480fa2f96c,Caol Uno,Uno Shoten,"5' 7""",155,70,Southpaw,1975-05-08,1.91,49,1.9,50,1.95,31,37,0.5
47fcdcaccb58ca80,Elias Urbina,,"6' 3""",185,77,Southpaw,1993-10-09,3.85,37,6.17,50,0.0,0,0,0.0
58258914525740a5,Kengo Ura,Uraken,"5' 9""",165,,,1981-06-20,1.05,37,2.38,48,2.85,28,50,1.4
fe30c5f5cc3e028b,Sho Patrick Usami,Savage,"5' 9""",155,70,Orthodox,2000-05-08,0.0,0,0.0,0,0.0,0,0,0.0
c34e5849184b08c3,Yasuhiro Urushitani,,"5' 5""",125,,Southpaw,1976-09-08,3.47,39,4.71,65,0.0,0,80,0.0
4252b09f0c8c4472,Guilherme Uriel,Urso,"6' 1""",265,74,Orthodox,1997-02-18,1.15,43,4.43,22,0.0,0,53,0.0
da7f113b5ea39c43,Mohammed Usman,The Motor,"6' 2""",239,79,Orthodox,1989-04-01,3.85,39,4.27,51,0.56,14,66,0.0
f1b2aa7853d1ed6e,Kamaru Usman,The Nigerian Nightmare,"6' 0""",185,76,Switch,1987-05-11,4.13,50,2.86,54,2.6,42,90,0.1
0d1190beced94f7c,Rashid Vagabov,Rambo,"5' 7""",125,63,Orthodox,1998-06-27,1.87,38,0.93,67,3.0,50,100,3.0
6546af7ab545b90c,Darren Uyenoyama,BC,"5' 6""",125,65,Orthodox,1979-10-15,1.34,39,2.21,66,1.42,33,35,0.7
54578e5927adea53,Richie Vaculik,Vas,"5' 6""",125,69,Orthodox,1983-06-19,3.69,46,4.09,57,3.0,45,31,1.0
f7adc1fd115f8fdd,Abubakar Vagaev,,"5' 11""",170,73,Orthodox,1993-04-14,1.8,38,2.2,60,4.0,40,71,0.0
43e549b803ec7375,Artem Vakhitov,,"6' 1""",205,75,Orthodox,1991-04-04,3.88,85,0.68,80,0.0,0,100,0.0
fc1868f56d3036eb,Egidijus Valavicius,,"6' 0""",200,,Orthodox,1978-12-23,0.0,0,0.0,0,0.0,0,0,0.0
cda1099995b46cc2,Genaro Valdez,Rayadito,"5' 9""",155,72,Orthodox,1992-01-16,4.08,30,7.16,48,1.54,44,36,0.4
0cd0456d6029cec2,Robert Valentin,Robzilla,"6' 2""",185,77,Orthodox,1995-03-31,1.15,54,2.37,32,1.01,66,52,2.5
8a0be41c0380188d,Charlie Valencia,,"5' 3""",135,64,Orthodox,1974-10-31,2.58,37,2.61,77,1.4,53,75,0.5
45b82ebf0b9e0fd2,Ivan Valenzuela,Bam Bam,"6' 2""",185,77,Orthodox,1992-11-17,0.0,0,9.6,33,0.0,0,0,0.0
de277a4abcfeea46,Victor Valenzuela,Joe Boxer,"5' 10""",155,,,,1.28,100,2.55,0,0.0,0,0,0.0
c295de4e10acd4c9,Isaac Vallie-Flagg,,"5' 8""",155,70,Orthodox,1978-04-08,5.56,47,5.6,45,0.2,12,58,0.0
2a898bf9fb7710b3,Andrew Valladerez,,,135,,,1987-06-28,0.0,0,0.0,0,0.0,0,0,0.0
078695e385ec2f57,Victor Valenzuela,Psicosis,"5' 9""",170,71,Orthodox,1994-02-09,3.47,40,4.81,51,0.63,33,55,0.0
23ab42947c1990e3,Ron van Clief,The Black Dragon,"5' 10""",190,,Orthodox,1943-01-25,0.0,0,0.0,0,0.0,0,0,0.0
239d8e5359022f3b,Kevin Vallejos,El Chino,"5' 7""",145,68,Switch,2001-12-08,6.12,48,4.41,57,0.66,28,84,0.0
02177caefe7c07d4,Lloyd Van Dams,,"6' 1""",240,,Southpaw,1972-03-05,0.0,0,3.01,15,0.0,0,0,0.0
45e738622ea2c02c,Timur Valiev,Lucky,"5' 6""",135,67,Orthodox,1990-01-19,5.19,53,3.33,45,1.73,40,55,0.3
663b76da637402c3,Victor Valimaki,The Matrix,"6' 0""",205,,Orthodox,1981-12-17,3.94,30,2.99,67,0.9,14,0,0.0
f6bbc6ba4f06ad60,Alain Van der Merckt,Top Boy,,185,,,1993-06-11,0.0,0,0.0,0,0.0,0,0,0.0
17e97649403ba428,Joshua Van,The Fearless,"5' 5""",125,65,Orthodox,2001-10-10,8.43,57,5.82,58,0.82,61,75,0.2
7b39035fae7268b8,Matt Van Buren,Gutter,"6' 5""",205,,,1986-06-12,7.73,45,6.82,49,0.0,0,50,0.0
2ee09ec2a0695eb9,Mike van Arsdale,,"6' 2""",205,,Switch,1965-06-20,1.52,41,1.91,41,1.06,14,37,0.0
32c3ee378671a5d9,Austin Vanderford,The Gentleman,"5' 11""",170,74,Orthodox,1990-03-21,3.04,59,2.71,48,3.08,35,100,1.2
07a18ae55dfc3cd9,Paul Varelans,The Polar Bear,"6' 8""",300,,Orthodox,1969-09-17,0.0,0,0.0,0,0.0,0,0,0.0
f9b200db02b488d9,Lando Vannata,Groovy,"5' 9""",155,71,Orthodox,1992-03-14,4.52,45,4.71,54,1.24,36,66,0.3
2b68d9f125d07b42,Jared Vanderaa,,"6' 4""",265,80,Orthodox,1992-05-12,4.96,44,5.67,45,0.18,50,20,0.0
87e2468b986ebb79,Cameron VanCamp,Jumpman,"6' 2""",155,74,Switch,1993-04-27,5.31,47,6.41,40,0.0,0,0,0.0
26d61e92a6069cd2,Chad Vance,,"6' 0""",185,,Orthodox,,0.0,0,0.0,0,0.0,0,0,0.0
4d5197f331c47290,Paige VanZant,12 Gauge,"5' 4""",115,65,Orthodox,1994-03-26,3.35,52,2.62,42,1.27,33,34,1.0
ec18eb918121787c,Kazula Vargas,,"5' 8""",155,71,Southpaw,1985-08-15,3.65,53,1.77,57,0.4,25,30,0.4
d6d5da3c209884bc,Guilherme Vasconcelos,Bomba,"6' 0""",185,,Orthodox,1986-03-23,3.27,29,4.4,70,0.0,0,0,0.0
a148dfe3485be79d,Linton Vassell,The Swarm,"6' 4""",205,,,1983-06-03,3.39,37,2.13,54,2.46,50,50,0.0
61428ed51f5ff465,Billy Vaughan,,"5' 6""",155,,,1983-12-02,0.0,0,1.36,50,0.0,0,0,0.0
a54fc2d6fc224dc3,Jamie Varner,,"5' 8""",155,71,Orthodox,1984-10-12,2.92,34,2.55,58,3.49,53,66,0.8
4679a38cced7c64a,Yuri Vaulin,,"6' 4""",197,,Southpaw,1963-09-13,0.0,0,0.0,0,0.0,0,0,0.0
51ec9dc3b4964f19,Gianni Vazquez,Kriptonita,"5' 7""",135,71,Orthodox,1994-07-17,1.71,23,3.91,43,0.0,0,62,1.6
8d4d25fd9218860b,Manny Vazquez,,"5' 10""",125,72,Orthodox,1993-11-19,1.47,41,2.67,48,1.0,33,0,1.0
be5cfd73617a5b1a,Javier Vazquez,Showtime,"5' 7""",145,69,Southpaw,1977-07-16,2.43,36,1.99,72,2.56,52,57,1.5
5731cc327790b731,Matt Veach,,"5' 11""",155,,Orthodox,1981-05-31,1.12,28,4.91,44,3.64,38,100,1.5
93c9897f0f9f5dab,Kelly Velasco,Killer,"5' 9""",135,,Orthodox,1995-05-21,2.27,35,5.67,47,0.0,0,100,0.0
34a81ebbce32b06b,Greg Velasco,The Viking King,"6' 2""",265,70,Southpaw,1993-09-23,0.0,0,1.52,0,0.0,0,0,0.0
d35c3ed553b71fa2,Joe Vedepo,The Doctor,"6' 0""",185,,Orthodox,1983-01-01,1.43,42,5.71,38,1.07,20,0,0.0
0ff11cc094e887bc,Cain Velasquez,,"6' 1""",240,77,Orthodox,1982-07-28,6.37,57,2.33,57,5.13,45,85,0.4
09c44b317c98bf96,David Velasquez,Little,"5' 5""",145,,Orthodox,1966-10-19,0.0,0,0.0,0,0.0,0,0,0.0
d23ccf4a6c221284,Karlos Vemola,,"6' 0""",185,75,Orthodox,1985-07-03,1.67,44,2.13,37,1.93,25,31,1.7
fcce75a25c14a804,Bojan Velickovic,Serbian Steel,"6' 0""",170,76,Southpaw,1988-12-18,2.18,34,2.31,57,0.67,25,55,0.5
6e62bb64f7cc5026,Scott Ventimiglia,Meant to Kill Ya,"5' 11""",185,,,1972-11-17,0.0,0,0.0,0,0.0,0,0,0.0
602bb270f2bdbf02,Jerrel Venetiaan,,"6' 1""",195,,Orthodox,1971-03-09,0.81,33,1.51,67,0.0,0,60,0.0
2f1a257d6777096d,Luigi Vendramini,The Italian Stallion,"5' 8""",155,73,Orthodox,1996-01-16,2.82,40,3.82,57,1.11,15,100,0.6
df0a1c1e11ad199b,Kerry Vera,,"5' 7""",135,,Orthodox,,0.0,0,0.0,0,0.0,0,0,0.0
fa315e6c77eee106,Brandon Vera,The Truth,"6' 3""",230,78,Orthodox,1977-10-10,3.03,56,2.81,52,0.7,53,59,0.2
07f959e6596307bb,Carlos Vera,Pequeno,"5' 6""",135,69,Orthodox,1987-11-05,1.53,57,2.79,49,0.0,0,25,1.6
2b266e623e20737a,Rodrigo Vera,El Gato Loco,"5' 8""",145,68,Orthodox,1995-10-18,9.27,58,3.82,50,8.18,100,0,0.0
7c7332319c14094c,Marlon Vera,Chito,"5' 8""",135,70,Switch,1992-12-02,4.18,47,5.34,50,0.47,39,71,0.8
13a0fb8fbdafb54f,Bryan Vetell,,"6' 3""",265,,Southpaw,1977-07-26,2.74,60,2.13,41,0.0,0,0,0.0
393b8e03fb410a78,Guilherme Viana,,"6' 4""",205,,,,2.92,40,2.72,59,1.2,66,77,0.0
f95381efb3051d81,Hugo Viana,Wolverine,"5' 6""",135,67,Orthodox,1982-09-26,3.05,38,3.2,57,0.22,6,50,0.0
c24b1db4b809d41b,Renato Verissimo,Charuto,"6' 1""",170,,Orthodox,1973-08-03,0.92,48,1.87,47,1.46,30,50,2.5
7acbb0972e75281a,Marvin Vettori,The Italian Dream,"6' 0""",185,74,Southpaw,1993-09-20,4.74,45,4.55,56,1.41,43,68,0.4
d6f58b8cd1a6ff52,Isis Verbeek,Fight Queen,"5' 4""",115,64,Orthodox,1995-01-12,3.13,43,3.53,53,0.0,0,66,0.0
2b1587a3376ab743,Ernie Verdicia,,"5' 11""",199,,Orthodox,,0.0,0,0.0,0,0.0,0,0,0.0
0f1efce7d2571d10,Nikolay Veretennikov,Gladiator,"6' 1""",170,74,Orthodox,1989-12-22,2.74,56,3.43,47,0.4,16,62,0.4
c6d8ae3b016d5ad5,Joe Veres,,"5' 7""",155,,Orthodox,1977-11-09,0.0,0,5.55,27,0.0,0,0,0.0
077e3ace32b72be9,CJ Vergara,,"5' 6""",125,68,Orthodox,1991-06-18,5.02,56,4.69,53,0.0,0,60,0.2
9673a497a9da119a,Polyana Viana,Dama de Ferro,"5' 5""",115,67,Orthodox,1992-06-14,2.82,40,2.74,52,0.67,33,33,1.5
744f50016c39c26c,Vitor Vianna,,,205,,Orthodox,1979-12-02,3.1,30,8.28,52,0.0,0,0,0.0
f9081770e28ea2e1,Reginaldo Vieira,,"5' 7""",135,65,Orthodox,1982-11-26,3.76,40,2.89,59,1.97,27,25,0.8
024158997e7c5829,Freddy Vidal,The Barbarian,"6' 3""",205,80,Orthodox,1994-05-06,2.7,66,2.65,26,0.0,0,60,0.8
7cf20446453f852b,Milton Vieira,Miltinho,"6' 0""",145,,Orthodox,1978-10-04,1.13,35,2.36,48,2.67,53,12,0.7
b9706f80d005036c,Ketlen Vieira,Fenomeno,"5' 8""",135,68,Orthodox,1991-08-26,2.71,40,3.73,50,1.31,42,90,0.5
2e88f2030d8a928a,Alejandro Villalobos,,"5' 7""",145,,,1979-10-26,3.93,46,4.07,67,1.0,50,0,0.0
0275e33febc2818c,DeMarco Villalona,,"5' 9""",185,,,,0.0,0,0.0,0,0.0,0,0,0.0
6888e31ce88f5b17,Steve Vigneault,Lionheart,"5' 10""",185,,Orthodox,1978-02-14,2.19,28,5.75,44,0.0,0,100,0.0
260e9e0d4954aea6,Rodolfo Vieira,,"6' 0""",185,73,Orthodox,1989-09-25,3.43,54,4.28,49,2.87,22,60,0.9
4f3064faf17aa711,Tamires Vidal,Tractor,"5' 6""",135,68,Orthodox,1998-07-27,2.91,53,4.46,49,0.0,0,35,0.7
6256b2b1562cb8e1,James Vick,The Texecutioner,"6' 3""",155,76,Orthodox,1987-02-23,4.13,39,3.31,60,0.26,33,57,0.7
39f68882def7a507,Ruben Villareal,Warpath,"6' 4""",265,,Orthodox,1970-05-01,5.18,53,4.86,35,0.0,0,0,0.0
454c1f0b638972ab,Armando Villarreal,La Lumbre,"5' 7""",135,66,Southpaw,1989-08-08,3.23,55,4.3,52,3.23,25,0,0.0
34f93dfbd43b2144,Pablo Villaseca,El Gallo,"5' 7""",155,,,1987-01-26,2.79,42,3.25,65,2.5,50,33,0.0
0fb1e2694a39a02f,Yuri Villefort,,"6' 0""",170,73,Orthodox,1991-03-23,3.18,43,5.42,55,2.0,35,40,0.3
f9d0cae37dabfafc,Ike Villanueva,Hurricane,"6' 1""",205,73,Orthodox,1984-04-04,3.66,38,7.24,36,0.6,50,100,0.0
fcd448a2fe1a23cc,Gian Villante,,"6' 3""",230,76,Orthodox,1985-08-18,4.38,44,5.47,55,0.45,23,83,0.0
fd87b1bbfcde9d5e,Danillo Villefort,Indio,"6' 1""",185,,Orthodox,1983-05-08,2.86,37,2.4,68,1.71,66,33,1.7
15515e797aedc137,Joey Villasenor,Smokin' Joe,"6' 0""",185,,Orthodox,1975-10-17,2.05,38,3.26,52,0.71,40,53,1.1
563a1d42bb0e3cef,Treston Vines,TVTime,"6' 1""",185,79,Orthodox,1996-06-18,0.0,0,3.56,50,0.0,0,0,0.0
7c4ec656d8fcb867,Brandon Visher,The Viper,"5' 6""",135,68,Orthodox,1984-05-06,2.55,45,3.76,42,0.67,20,0,0.0
e363b21261814830,Marcos Vinicius,Vina,"5' 9""",125,,Orthodox,1979-12-05,1.93,49,2.91,47,0.0,0,25,0.5
445a98acb8985970,Falaniko Vitale,Niko,"5' 10""",185,,Orthodox,1974-07-14,1.88,49,3.68,47,0.72,33,86,0.0
d73a7c36746fbc5b,Danylo Voievodkin,,"6' 4""",265,78,Southpaw,2000-07-19,9.86,46,0.0,100,0.0,0,0,12.3
90b57b19d20e1969,Mateo Vogel,Carrapato,"5' 8""",145,71,Orthodox,1996-03-05,4.47,46,2.87,65,1.0,16,0,0.0
4959f10a62f3fec3,Cheyanne Vlismas,The Warrior Princess,"5' 3""",115,63,Switch,1995-06-25,4.93,50,2.57,64,0.25,33,66,0.2
fb8a3025ae722e64,Bobby Voelker,Vicious,"6' 0""",170,74,Orthodox,1979-04-26,4.01,35,5.84,42,1.04,50,66,0.0
e1248941344b3288,Alexander Volkanovski,The Great,"5' 6""",145,71,Orthodox,1988-09-29,5.99,57,3.31,58,1.63,34,68,0.2
6d38e41efa47a72d,Jordan Vucenic,The Epidemic,"5' 10""",155,73,Orthodox,1996-03-02,2.11,45,1.9,58,0.63,14,44,0.0
0e6b611451a9a7d8,Mark Vologdin,,"5' 3""",135,65,Orthodox,2000-04-18,5.56,45,7.93,45,1.33,26,50,0.0
c4b9296214f4c09c,Jason Von Flue,Live Wire,"6' 0""",170,,Orthodox,1975-08-01,1.89,36,3.23,52,0.62,16,58,1.5
6f81b6de2557739a,Jacob Volkmann,Christmas,"5' 9""",155,71,Southpaw,1980-09-05,1.19,34,1.78,52,3.19,48,52,2.0
279566840aa55bf2,Alexander Volkov,Drago,"6' 7""",250,80,Orthodox,1988-10-24,4.84,57,2.9,54,0.54,62,68,0.2
7498b3ac79a3b948,Taiyilake Nueraji,Super Saiyan,"6' 2""",155,75,Southpaw,2001-01-12,9.82,53,5.01,58,1.47,33,100,0.0
4461d7e47375a895,Tatsuro Taira,The Best,"5' 7""",125,70,Orthodox,2000-01-27,2.87,54,3.1,44,3.57,43,46,1.3
277ffed20cf07aea,Milco Voorn,,,220,,Orthodox,,0.0,0,0.0,100,0.0,0,0,0.0
e13abac8089a801a,Justin Tafa,Bad Man,"6' 0""",264,74,Southpaw,1993-12-13,4.05,54,5.11,47,0.0,0,53,0.0
ef0344ed552d8a22,Mark Vorgeas,,"5' 10""",135,,,,3.87,32,4.19,51,0.0,0,50,0.8
c15fa95b9a12fde4,Junior Tafa,The Juggernaut,"6' 3""",205,75,Orthodox,1996-09-21,3.53,52,2.7,52,0.0,0,72,0.0
e7bc606d269896aa,Osamu Tachihikari,,"6' 5""",300,,Orthodox,1963-09-12,0.0,0,0.0,0,0.0,0,0,0.0
7929be8290289a47,Igor Vovchanchyn,Ice Cold,"5' 8""",205,,Orthodox,1973-08-06,1.59,49,0.97,63,1.19,66,50,0.5
9bf126927843e184,Joe Taimanglo,The Juggernaut,"5' 4""",135,,,1984-06-27,4.18,42,4.55,59,5.45,40,100,1.4
bb01bc3c57f39b04,Amber Tackett,,,115,,,,0.0,0,0.0,0,0.0,0,0,0.0
f70144caea5c4c80,Eugenio Tadeu,,"5' 8""",160,,Orthodox,1963-08-17,0.0,0,0.0,0,0.0,0,0,0.0
6751b11102b6adfe,Albert Tadevosyan,Albeezy,,170,,,1992-04-12,0.0,0,0.0,0,0.0,0,0,0.0
34fbfc3f65b64645,Ryo Tajima,,"5' 8""",135,71,Orthodox,1999-08-14,3.13,39,4.27,62,3.0,42,60,0.0
b4537562f88ac582,Khalid Taha,The Warrior,"5' 5""",135,69,Orthodox,1992-02-15,2.64,32,4.12,46,0.0,0,61,0.2
6420efac0578988b,Yoshiki Takahashi,Kazuo,"5' 11""",199,,Southpaw,1969-03-13,2.26,51,6.47,44,0.0,0,66,2.3
8f5c8850b2484173,Mairbek Taisumov,Beckan,"5' 9""",155,73,Orthodox,1988-08-08,2.98,39,3.03,64,1.34,63,88,0.0
a25b71fe5e31fa97,Nobuhiko Takada,,"6' 0""",220,,Southpaw,1962-04-12,0.31,24,1.92,39,1.15,20,0,0.0
01f86e2d604e2f3c,Yoko Takahashi,,"5' 8""",150,,,1973-04-20,5.11,54,8.78,48,0.0,0,0,0.0
4f74c8be51db8a37,Daiju Takase,,"6' 0""",170,,Southpaw,1978-04-20,0.49,30,1.64,47,0.84,17,21,1.2
0d16bdb7d32e88e9,Hiroyuki Takaya,Streetfight Bancho,"5' 6""",139,,Orthodox,1977-06-10,3.18,33,3.16,60,0.9,45,66,0.0
6aab5c20395ee722,Murtaza Talha,,"6' 0""",205,74,Orthodox,1996-07-10,4.29,57,7.09,31,0.0,0,100,0.0
eaa0a728cc91ef60,Tsuyoshi Tamakairiki,,"6' 0""",220,,Orthodox,1966-07-16,0.0,0,26.67,50,0.0,0,0,0.0
a7724f51e32e763e,Makoto Takimoto,,"5' 7""",205,,Southpaw,1979-12-08,1.37,39,1.71,55,1.48,50,25,1.1
6e743a33d56bdaa4,Payton Talbott,,"5' 10""",135,70,Switch,1998-09-09,6.62,56,3.41,46,0.78,44,77,0.2
bfd4d50591033a1f,Eli Tamez,Tomahawk,"5' 7""",135,,,1985-08-22,0.0,0,0.0,0,0.0,0,0,0.0
57bf89d42364d39e,Issei Tamura,,"5' 5""",135,63,Orthodox,1984-03-12,1.89,53,4.58,44,0.92,25,33,0.0
d856a0080ac09ed7,Yoshihiro Takayama,,"6' 5""",280,,Orthodox,1968-09-19,3.4,54,5.69,29,0.67,33,55,0.0
1dc56b59cb28425d,Oleg Taktarov,The Russian Bear,"6' 0""",210,,Orthodox,1967-08-26,0.0,0,0.0,0,0.0,0,0,0.0
49858bf46dabf6fb,Nordine Taleb,,"6' 1""",170,74,Orthodox,1981-06-10,3.66,51,2.62,66,1.94,76,73,0.0
ad3041e61896b975,Jason Tan,,"5' 10""",170,,Orthodox,1981-12-17,0.69,29,7.37,18,0.0,0,0,0.0
c95fbc085e17a532,Akitoshi Tamura,The Ironman,"5' 9""",135,70,Orthodox,1980-05-31,3.73,43,1.94,78,0.0,0,20,1.0
30e8b4505f5ccf92,Kiyoshi Tamura,,"5' 11""",185,,Southpaw,1969-12-17,2.44,53,1.44,60,0.58,60,45,0.2
1bf49bf829964144,Akihito Tanaka,Kinniku Mantaro,,,,Southpaw,1983-03-09,0.19,50,2.05,38,5.59,66,0,0.0
0eec866a077889f0,Manny Tapia,The Mangler,"5' 5""",135,67,Orthodox,1981-03-14,2.69,21,4.74,58,0.49,40,66,0.2
b9124c308671e303,Otari Tanzilovi,,"5' 9""",145,70,Orthodox,1998-04-09,4.2,68,4.2,49,4.5,36,85,0.0
078b732efa497f49,Kasey Tanner,,"5' 7""",135,69,Orthodox,1992-01-11,6.6,50,6.67,63,2.0,33,0,0.0
64788ee44b062ded,Michinori Tanaka,,"5' 5""",135,67,Orthodox,1990-10-04,1.97,37,1.99,50,2.4,38,43,0.2
8f2d9ee27f206f1f,Evan Tanner,,"6' 0""",185,74,Orthodox,1971-02-11,3.05,59,2.64,56,2.55,43,25,1.3
37ac9e0f4fc86171,Gary Tapusoa,,"5' 7""",185,,,1979-09-02,0.0,0,0.0,0,0.0,0,0,0.0
9f5609dba6584ab2,Regina Tarin,Kill Bill,"5' 7""",125,66,Southpaw,2004-10-19,7.6,47,7.0,57,1.0,33,50,0.0
7abf7f8778472b7b,Aaron Tau,Tauzemup,"5' 4""",125,66,Switch,1993-08-21,4.85,44,5.0,60,0.89,18,64,0.0
b96619b3acd7d9da,Miesha Tate,Cupcake,"5' 6""",135,65,Orthodox,1986-08-18,2.62,44,3.05,51,1.97,30,56,1.2
ef927e4fe2117ab8,Deividas Taurosevicius,,"5' 9""",145,68,Southpaw,1977-08-28,2.13,43,1.82,59,2.0,28,50,0.3
637a4d8825464c62,Anthony Taylor,Pretty Boy,"5' 7""",145,,,,0.0,0,0.0,0,0.0,0,0,0.0
de9e331b3e6bae70,Ewerton Teixeira,,"6' 1""",242,,,1982-02-13,2.0,39,3.22,35,0.0,0,33,0.0
17c6e35e4da505b0,J.T Taylor,The Outlaw,"5' 10""",,,,,3.17,80,3.7,26,3.96,100,0,7.9
681d07e328798ec0,Jeremy Tavares,,,135,,,,0.0,0,0.0,0,0.0,0,0,0.0
c5ccd878231c5407,Ramon Taveras,The Savage,"5' 8""",145,70,Southpaw,1994-01-09,4.07,43,6.45,54,0.0,0,72,0.0
0c6d9ea8306c029e,Brad Tavares,,"6' 1""",185,74,Orthodox,1987-12-21,3.41,43,3.32,54,0.7,26,80,0.0
8a59d346dc976a10,Thiago Tavares,,"5' 7""",145,70,Orthodox,1984-11-08,2.0,40,2.31,62,3.83,42,62,1.5
88e53ec16b801740,Torrance Taylor,,"5' 7""",155,,,1987-10-11,0.0,0,0.0,0,0.0,0,0,0.0
49bddfee9ed54cf3,Louis Taylor,Handgunz,"5' 11""",185,,Orthodox,1979-05-12,2.06,32,1.24,68,2.48,28,100,0.0
b47c9ea5f2895d6e,Cam Teague,Chaos,"5' 10""",145,69,Orthodox,1998-02-13,5.7,28,18.44,32,0.0,0,0,0.0
dd992d569aaebee6,Jesse Taylor,JT Money,"6' 0""",170,73,Orthodox,1983-01-02,1.94,65,0.55,38,7.28,50,100,3.1
f5431394fb284bb9,James Te Huna,,"6' 2""",185,75,Orthodox,1981-09-29,4.04,51,2.99,62,2.75,37,58,0.2
9b74de674c355425,Paul Taylor,Relentless,"6' 0""",155,72,Orthodox,1979-12-15,4.44,47,4.47,55,0.27,25,56,0.5
5bb70ebd65075c5c,Shawn Teed,,"6' 5""",265,,Orthodox,1992-02-13,1.4,42,13.31,21,0.0,0,0,0.0
b76c6268dc1d3c05,Danielle Taylor,Dynamite,"5' 0""",115,60,Orthodox,1989-10-25,2.75,29,3.31,71,0.2,20,70,0.2
7ff97850e8c32bda,Glover Teixeira,,"6' 2""",205,76,Orthodox,1979-10-28,3.73,49,4.43,51,2.11,33,60,0.9
86061eaba822bfea,John Teixeira,Macapa,"5' 7""",145,,Orthodox,1986-11-18,3.36,35,3.2,63,1.0,27,71,0.7
7d0a1968b38ca439,Ramazan Temirov,Temurlan,"5' 4""",125,63,Orthodox,1997-01-31,4.73,41,3.65,62,0.68,50,100,0.0
61d6368013f8637f,Herman Terrado,,,170,,,1989-09-27,0.0,0,0.0,0,0.0,0,0,0.0
17923f676f100e16,Tallison Teixeira,Xicao,"6' 7""",258,83,Orthodox,1999-12-07,4.85,62,4.1,41,2.4,30,0,0.0
1dab0d1d81dd06db,Tra Telligman,Trauma,"6' 2""",233,,Orthodox,1965-02-07,1.83,35,3.02,56,0.87,100,80,0.0
4123fd4dcc1fe937,David Terrell,The Soul Assassin,"6' 1""",185,,Southpaw,1978-01-09,2.34,63,2.71,37,5.54,50,0,5.5
60f86c449cd31e23,Jeff Terry,,"6' 2""",205,,,,1.09,50,9.27,19,0.0,0,100,0.0
b9aa0024f295609e,Dave Terrel,The Bionic,"5' 8""",170,,Southpaw,1978-05-10,2.62,43,2.8,48,3.28,38,100,0.0
5befa793316d3469,James Terry,Intensity,"5' 10""",170,,Orthodox,1981-03-16,3.23,32,4.77,64,3.31,36,75,0.0
2747c60e42d9d75f,David Teymur,,"5' 9""",155,73,Southpaw,1989-05-01,4.69,43,3.53,55,0.94,33,77,0.0
87911d22a79d3203,Taneisha Tennant,Triple Threat,"5' 7""",145,70,Orthodox,1989-06-15,5.67,55,3.4,71,0.0,0,100,0.0
f0264252e191da22,Jason Thacker,,"5' 10""",185,,Orthodox,1975-08-18,0.63,33,17.05,32,0.0,0,0,0.0
d34636a85f0f4c90,Motonobu Tezuka,,"5' 7""",135,,Southpaw,1987-08-29,0.87,23,2.8,51,1.5,11,0,0.5
545092d13c67aa49,Alexia Thainara,Burguesinha,"5' 4""",115,67,Orthodox,1995-11-20,4.8,47,2.76,55,3.95,53,100,1.4
fbf0537e420e698e,Daniel Teymur,Kid Dynamite,"5' 5""",145,69,Orthodox,1988-02-03,3.08,46,3.93,56,0.56,18,60,0.3
638cfec7ec559d6e,Brandon Thatch,Rukus,"6' 2""",170,74,Switch,1985-07-11,2.7,42,3.63,52,1.36,66,50,0.7
b732b326c362fb62,Ryan Thomas,The Tank Engine,"6' 0""",170,,Orthodox,1984-11-05,2.01,36,4.17,30,5.59,33,0,2.2
ca936c67687789e9,Nik Theotikos,,,185,,Orthodox,,0.0,0,5.48,19,0.0,0,0,4.8
34f88592c0ab7a54,Elias Theodorou,The Spartan,"6' 1""",185,75,Orthodox,1988-05-31,4.19,42,2.39,53,1.27,28,59,0.0
ed5f04f833459877,Treston Thomison,,"5' 8""",145,,,,0.0,0,0.0,0,0.0,0,0,0.0
319c15b8aac5bfde,Noah Thomas,,"5' 9""",135,,Orthodox,1981-03-27,0.44,13,4.99,33,0.0,0,0,1.3
ed7d329d7c29428d,Colby Thicknesse,Slickness,"5' 7""",135,69,Orthodox,1999-06-23,3.24,41,2.93,54,0.67,7,33,1.7
40a604761ca7d64d,Din Thomas,Dinyero,"5' 9""",155,,Orthodox,1976-09-28,1.85,37,2.6,59,1.38,52,76,1.2
30a09e43f15f1d75,Paulo Thiago,,"5' 11""",170,74,Orthodox,1981-01-25,1.71,39,1.99,63,1.42,31,63,1.2
2b33e57c4d0a4502,Joel Thomas,The NIce Guy,"5' 10""",170,,,,0.0,0,0.0,0,0.0,0,0,0.0
dcdd511ff757f15c,Oli Thompson,,"6' 1""",242,75,Orthodox,1980-01-02,1.66,46,5.31,46,0.0,0,50,0.5
7d3caf0f96f1b33d,Nick Thompson,The Goat,"6' 1""",170,74,Orthodox,1981-06-23,1.87,42,1.8,49,1.06,100,35,2.6
9e30f69cc0869301,James Thompson,The Colossus,"6' 5""",265,,Orthodox,1978-12-16,5.13,52,3.19,41,3.14,36,53,1.3
4a28cb716c19157a,Stephen Thompson,Wonderboy,"6' 0""",170,75,Orthodox,1983-02-11,4.05,46,3.0,54,0.23,35,63,0.0
a566371ba2ad7152,Josh Thomson,The Punk,"5' 10""",155,71,Orthodox,1978-09-21,2.59,47,2.12,64,1.92,39,54,1.3
5d8006587d6a6711,Isaac Thomson,,"5' 10""",145,69,,2002-05-03,1.4,44,2.2,42,4.0,80,33,0.0
fea8acf9bfcf09ec,Simeon Thoresen,The Grin,"6' 1""",170,79,Orthodox,1984-03-14,3.85,43,3.85,64,1.12,40,50,1.7
083e15da67d9b0fa,Josh Thornburg,,"6' 0""",170,,,1984-05-24,1.2,50,3.13,38,2.0,66,42,2.0
7b461ccae8270207,Brett Tillis,,,145,,,,0.0,0,0.0,0,0.0,0,0,0.0
9eb069062a0cfc13,Nolan Ticman,,"5' 6""",125,,Orthodox,1988-05-17,2.57,47,2.53,67,0.0,0,60,0.0
d6a8edb7410223a0,Rafael Tobias,Bipolar,"6' 2""",205,74,Orthodox,2003-03-20,2.77,36,5.81,35,2.4,33,100,1.6
0112352cb32f5026,Denis Tiuliulin,,"6' 1""",185,77,Orthodox,1988-05-17,3.61,41,5.23,38,0.96,42,72,0.0
9ce6d5a03af801b7,Darren Till,The Gorilla,"6' 0""",185,74,Southpaw,1992-12-24,2.3,46,3.31,56,0.55,46,69,0.0
1d1b85389a05df69,Chris Tickle,BadBoy,"5' 9""",155,,,1982-02-01,1.07,40,1.13,43,1.0,25,20,2.0
3848cd6cac73e091,Ti Haitao,,"5' 7""",135,69,Orthodox,2001-05-08,4.27,37,3.13,60,2.0,40,57,0.0
75e5fec9f72910ef,Gleison Tibau,,"5' 10""",155,71,Southpaw,1983-10-07,1.95,31,2.51,63,4.08,53,92,0.8
33b2f68ef95252e0,Miguel Torres,,"5' 9""",135,76,Orthodox,1981-01-18,3.98,43,1.86,74,0.0,0,17,1.6
274ca7b799b402cc,Andrew Todhunter,The Sniper,"6' 0""",185,,Switch,1987-11-30,0.0,0,0.0,0,0.0,0,0,0.0
c830bc2eb134b646,Rio Tirto,,"5' 4""",125,66,Switch,2000-02-09,0.0,0,2.11,69,0.0,0,0,0.0
57481f1f10530c61,Ryan Tobar,,,155,,,,0.0,0,0.0,0,0.0,0,0,0.0
2d5fbe2103f97053,Hideo Tokoro,,"5' 7""",135,,Orthodox,1977-08-22,1.78,37,2.01,65,0.87,34,44,2.3
8e893f269d5696b2,Tyler Toner,,"5' 8""",145,70,Orthodox,1983-03-31,2.95,52,2.13,62,0.0,0,54,0.4
3e8118c1ab52f211,Tuco Tokkos,,"6' 4""",205,76,Orthodox,1990-06-30,2.59,41,3.7,46,2.87,36,33,0.6
866fd7b1a6c90e7f,Dusko Todorovic,Thunder,"6' 1""",185,74,Orthodox,1994-05-19,4.52,57,4.2,48,2.03,24,40,0.3
679ae8c4fd022c6b,Anatoly Tokov,,"5' 10""",185,,,1990-02-17,3.51,72,0.54,66,2.03,100,100,0.0
3a89481e3a9d47c0,Anelya Toktogonova,,"5' 2""",115,63,Southpaw,2005-08-01,1.16,50,2.03,39,0.0,0,10,2.2
19f8a2f6eecd92ac,Puja Tomar,Cyclone,"5' 1""",115,59,Southpaw,1993-12-05,5.27,49,5.42,46,0.0,0,75,0.0
c4af2feb4b58bc3b,Kazuki Tokudome,,"5' 11""",155,73,Southpaw,1987-03-04,2.26,41,3.63,53,2.0,38,78,0.0
9de7c97e1c0d7927,Masanori Tonooka,,"5' 8""",185,,Orthodox,1973-05-25,0.16,5,1.09,36,0.0,0,0,0.0
d10b35152277cf98,James Toney,Lights Out,"5' 9""",220,,Orthodox,1968-08-24,0.0,0,2.41,27,0.0,0,0,0.0
5ee87e0432205755,Carl Toomey,,,,,,1972-03-15,0.0,0,0.0,0,0.0,0,0,0.0
918d9d89d4d52acc,Anthony Torres,The Crush,"5' 8""",170,,Orthodox,1978-07-31,3.54,48,7.52,45,0.0,0,100,2.2
4a6dff1b260bcf61,Aleksandre Topuria,El Conquistador,"5' 7""",135,68,Orthodox,1996-01-28,2.93,55,2.57,68,1.5,33,100,0.0
54f64b5e283b0ce7,Ilia Topuria,El Matador,"5' 7""",155,69,Orthodox,1997-01-21,4.82,50,3.97,62,1.73,57,95,0.9
cce79e827569f26e,Ronys Torres,,"5' 7""",155,,Orthodox,1975-08-13,0.87,26,1.93,57,4.0,47,16,0.5
e175a261a280f7cb,Abram Torres,,"5' 10""",170,,,1982-10-29,0.0,0,0.0,0,0.0,0,0,0.0
e4e0f310b3cf23a8,Alex Torres,Rolo,"5' 10""",145,,Orthodox,1988-05-29,2.47,37,2.73,69,2.0,22,50,0.0
04076783ca83d6ae,Minoru Toyonaga,,"5' 11""",195,,Southpaw,1978-06-12,0.0,0,0.0,0,0.0,0,0,0.0
d2036f31c035e0d1,Jose Torres,Shorty,"5' 4""",125,65,Orthodox,1992-08-02,4.37,36,9.84,50,1.28,33,75,0.0
cbf1c7ba5408a66f,Salim Touahri,Grizzly,"5' 10""",170,72,Orthodox,1989-09-28,2.6,46,2.87,58,0.0,0,83,0.0
3f7dab21b6c971bc,Dequan Townsend,The Tarantula,"6' 3""",205,79,Orthodox,1986-05-11,1.23,34,3.92,38,0.0,0,46,0.0
971aebf56267de20,Desmond Torres,,"5' 6""",135,69,Orthodox,1997-01-06,4.8,64,11.78,48,0.0,0,100,0.0
ff2ec83f44000f78,Slim Trabelsi,,"6' 3""",235,,,1993-05-09,0.0,0,0.0,0,0.0,0,0,0.0
1ff10dee2f7ae60c,Haven Torres,,,125,,,,0.0,0,0.0,0,0.0,0,0,0.0
2e7878927067fdca,Manuel Torres,El Loco,"5' 10""",155,73,Switch,1995-03-25,6.57,56,4.24,50,1.32,66,76,0.7
00b8dd0fbe2fbfd9,Taner Trembley,Killemquick,,145,,,1994-12-28,0.0,0,0.0,0,0.0,0,0,0.0
01762e1d4ff4dc51,Justice Torres,,"5' 7""",145,66,Southpaw,1997-10-19,0.79,22,8.29,53,5.92,50,0,0.0
c8d46028907bcece,Eduardo Torres Caut,Cyborg,"5' 7""",135,70,Orthodox,1995-04-26,1.1,34,1.24,65,2.06,33,50,0.0
20ec0061400178ca,Roberto Traven,Spider,"6' 3""",227,,Orthodox,1968-09-16,0.92,50,2.77,57,0.0,0,0,0.0
008cf84faae9c7a5,Bryan Travers,,,155,,,1983-04-11,2.33,48,3.93,55,2.0,28,63,0.0
0cf9f5518d6063bb,Angelo Trevino,Baby Monsta,"5' 11""",170,,Switch,1993-06-10,5.19,54,3.9,47,0.0,0,100,0.0
73abb7a5c57fb443,Alexander Trevino,,,170,,,,0.0,0,0.0,0,0.0,0,0,0.0
97a6bbe6e6566a94,Francisco Trevino,Sitkayan,"5' 9""",155,70,Orthodox,1981-12-17,2.65,42,2.42,64,0.97,22,41,0.0
5bf31a46becc1204,Michael Trizano,The Lone Wolf,"5' 11""",145,71,Orthodox,1991-12-31,3.63,53,4.4,50,0.36,66,72,0.5
cb1c09c8126dbee0,Damien Trites,The Omen,"5' 11""",165,,,1979-08-23,0.0,0,0.0,0,0.0,0,0,0.0
d2d37e8eeb3abc8d,Frank Trigg,Twinkle Toes,"5' 9""",170,71,Southpaw,1972-05-07,2.79,46,1.9,56,2.35,47,75,0.8
cc18abc046b382c9,Aaron Trujillo,,"5' 5""",125,,,,0.0,0,0.0,0,0.0,0,0,0.0
e6b233a007cb06c4,Reynaldo Trujillo,The Truth,"5' 9""",155,,,1982-01-01,0.0,0,0.0,0,0.0,0,0,0.0
a8283a4f415e1eb9,Francisco Trinaldo,Massaranduba,"5' 9""",170,70,Southpaw,1978-08-24,3.13,45,2.67,60,0.98,42,60,0.5
ccf25f81fcdaecb4,Alexander Trujillo,,,125,,,2000-10-01,0.0,0,0.0,0,0.0,0,0,0.0
8abf70f79e9e27c2,Tor Troeng,The Hammer,"6' 2""",185,,Orthodox,1983-01-25,1.16,46,3.26,32,0.62,7,66,0.3
6d48a2df51749d91,Antonio Trocoli,Malvado,"6' 5""",185,80,Orthodox,1990-12-06,1.27,47,5.3,26,0.88,9,42,0.4
e14b5aa06eea9653,Abel Trujillo,Killa,"5' 8""",155,70,Orthodox,1983-09-18,2.65,41,2.31,59,2.18,45,40,0.4
2f43a3e82661fa99,Rei Tsuruya,,"5' 6""",125,68,Orthodox,2002-06-22,2.4,53,1.91,43,5.03,37,50,2.0
bc5a51159ec2fdf2,Magomed Tuchalov,Tiger,"6' 3""",205,78,Orthodox,1999-12-30,2.33,43,2.6,66,8.0,57,100,1.0
eae48ff31db420c2,Arman Tsarukyan,Ahalkalakets,"5' 7""",155,72,Orthodox,1996-10-11,3.85,50,1.8,54,3.26,37,75,0.1
df05aa15b2d66f57,Chris Tuchscherer,The Crowbar,"6' 2""",258,76,Orthodox,1975-09-08,1.35,31,3.17,47,1.19,18,0,0.6
53ec9cb470e1a4ea,Jon Tuck,Super Saiyan,"5' 11""",155,73,Orthodox,1984-08-28,3.0,40,3.74,60,0.42,33,50,1.0
da816417a579a0bd,Gavin Tucker,Guv'nor,"5' 6""",145,66,Southpaw,1986-06-17,4.29,44,4.18,57,3.13,44,53,1.5
b9aa7d230865b5fe,Tom Tuggle,The Law,"6' 2""",250,,Orthodox,,0.0,0,2.14,0,32.14,100,0,0.0
63f8775391301891,Blair Tugman,,"6' 0""",135,,,,2.25,53,0.93,50,7.5,60,0,0.0
17cb6d8e8187f304,Nyamjargal Tumendemberel,Art of Knockout,"5' 7""",125,71,Orthodox,1998-03-22,2.72,42,2.47,53,3.37,50,56,2.1
cd3d7e37ff2d679c,Ricky Turcios,,"5' 9""",145,71,Orthodox,1993-06-05,4.68,39,3.84,51,0.85,17,44,0.3
c62fbc117d57b943,Tai Tuivasa,Bam Bam,"6' 2""",264,75,Southpaw,1993-03-16,3.37,48,4.61,42,0.0,0,58,0.0
96eff1a628adcc7f,Teila Tuli,,"6' 0""",430,,Orthodox,1969-06-14,0.0,0,0.0,0,0.0,0,0,0.0
9384e71bca6c409d,Marco Tulio,Matuto,"6' 0""",185,74,Orthodox,1994-06-13,6.02,53,2.97,56,1.05,26,0,0.3
1ed32eaaba9ffe10,Jumabieke Tuerxun,The Wild Wolf,"5' 7""",135,,Orthodox,1986-04-17,1.6,28,3.08,59,0.47,11,66,0.9
aceffa19749c4dc0,Zubaira Tukhugov,Warrior,"5' 8""",155,68,Orthodox,1991-01-15,3.17,39,3.07,63,2.13,39,100,0.0
4d8fa64202cee4c1,Jalin Turner,The Tarantula,"6' 3""",155,77,Southpaw,1995-05-18,5.79,48,4.54,41,0.75,55,75,1.1
82529ce93cd9a2cf,Anton Turkalj,The Pleasure Man,"6' 4""",205,78,Orthodox,1996-06-10,2.45,42,3.42,54,4.98,41,16,0.0
ff6a1f63c254127e,Albert Tumenov,Einstein,"5' 11""",170,73,Orthodox,1991-12-26,3.76,42,3.34,58,0.2,20,75,0.0
6291decf7f3b6608,James Wade,,"5' 10""",205,,,1972-02-08,0.0,0,0.0,0,0.0,0,0,0.0
e6147d5ab3685899,Donny Walker,Eagle Eye,"5' 9""",135,,,1980-01-04,1.81,37,3.85,46,0.0,0,57,1.7
6b7bc7eaf2465387,Neil Wain,Old School,"5' 10""",242,,Orthodox,,2.64,50,8.57,43,0.0,0,50,0.0
18944a1a6ac1becf,Andre Walker,,"5' 11""",205,,Southpaw,1972-11-22,2.28,31,4.36,34,0.0,0,0,0.0
aeb6c57b9bd8bc3a,Chase Waldon,,"6' 1""",185,75,Orthodox,1986-09-19,1.03,28,6.72,38,7.76,33,0,0.0
bd92e38aef641673,Herschel Walker,,"6' 1""",215,,Orthodox,1962-03-03,3.42,67,0.45,46,1.94,100,100,0.0
8f2939f5fd9cca1e,TJ Waldburger,,"5' 11""",170,75,Orthodox,1988-04-25,2.02,51,2.39,40,3.03,46,40,4.8
c8097968da5e5f13,Chris Wade,,"5' 10""",155,70,Orthodox,1987-09-30,1.7,53,1.75,51,2.6,51,55,1.1
c9cf753cfdf77fc2,Marcin Tybura,Tybur,"6' 3""",254,78,Orthodox,1985-11-09,3.49,46,3.34,54,1.23,32,70,0.1
4dcfb28c011c11b2,Wellington Turman,The Prodigy,"6' 0""",170,72,Orthodox,1996-07-22,3.23,51,4.17,45,1.55,20,42,0.8
885adaff8fe15cf7,Austin Tweedy,,"5' 9""",155,,Orthodox,1990-09-25,4.29,66,6.43,0,0.0,0,0,0.0
56f4b81ec4db61af,Courtney Turner,,"6' 2""",170,,,,0.0,0,0.0,0,0.0,0,0,0.0
4333a8e70a672eb7,Brogan Walker,The Bear,"5' 4""",125,67,Switch,1988-08-02,1.84,32,3.32,47,1.02,75,11,0.0
f5779a2303ed76ec,Valter Walker,The Clean Monster,"6' 6""",244,78,Orthodox,1997-12-14,1.92,52,2.67,43,5.39,69,100,3.6
c21f26bbde777573,Johnny Walker,,"6' 6""",205,82,Orthodox,1992-03-30,3.9,54,2.99,46,0.36,50,57,0.7
b87c3f460709f74c,Jeremy Wallace,,"5' 9""",,,,1987-02-13,0.0,0,0.0,0,0.0,0,0,0.0
95cf6be9071e68b0,Randall Wallace,Braveheart,"5' 11""",185,73,Orthodox,1989-03-01,1.13,38,4.11,45,2.13,50,0,0.0
b9415726dc3ec526,Rodney Wallace,Shonuff the Master,"5' 9""",205,72,Switch,1981-11-21,1.13,46,3.44,45,6.0,54,28,1.0
4078de7181a19142,James Wallace,Jesse,"5' 10""",155,69,Orthodox,1992-11-17,0.52,28,3.41,35,0.0,0,0,0.0
1ad381c8994c4e5b,Ben Wall,Manimal,"5' 10""",155,,Orthodox,1989-03-25,1.47,29,8.53,29,0.0,0,100,0.0
bf41b5131545da12,Crafton Wallace,Blaze,"6' 0""",185,,Orthodox,1975-11-10,1.55,44,2.36,47,0.0,0,42,0.0
6add18754930182b,Julius Walker,Juice Box,"6' 4""",205,78,Orthodox,1999-07-16,3.72,53,4.18,42,4.07,38,100,0.0
0c670b443c3d269f,Jim Wallhead,Judo,"5' 10""",170,,Orthodox,1984-03-14,3.19,26,6.65,49,0.0,0,100,0.0
83c6c3e0f8bde8ee,Cory Walmsley,Hardcore,"6' 0""",205,,Orthodox,,0.79,100,1.18,50,0.0,0,0,0.0
b4c96c3d9139bf0e,Patrick Walsh,The Beast of the East,"5' 11""",185,,,1988-11-28,2.03,19,2.83,64,3.0,54,100,1.5
efb9a43415a56d34,Sai Wang,The Fire Kylin,"6' 0""",170,,Southpaw,1986-01-14,3.17,46,2.27,53,0.0,0,77,0.0
d57e6a8971b6d2bd,Erick Wanderlei,,"6' 1""",205,,Orthodox,1976-06-20,0.63,41,2.66,40,3.8,66,0,1.9
69e8c632135af48b,Anying Wang,,"6' 0""",170,,Orthodox,1991-04-04,1.32,26,1.63,44,0.0,0,33,0.0
476414d2f18cd059,Andy Wang,,"5' 6""",155,,Orthodox,1977-05-28,3.43,36,10.29,62,0.0,0,0,0.0
c4c4c7dd26c15d91,Brian Warren,Mr. Unbreakable,"6' 0""",185,,Orthodox,1974-06-05,1.16,21,4.63,57,0.0,0,0,0.0
a1d6b308781aa2f5,Dimitiri Wanderley,,,205,,Orthodox,,0.92,25,4.31,30,1.16,20,0,0.0
303a05a7aa3ff761,Richard Walsh,Filthy Rich,"6' 0""",170,73,Orthodox,1988-12-01,3.84,46,2.72,58,1.55,40,66,0.2
67cd6495280b0a57,Brennan Ward,The Irish Bad Boy,"5' 10""",170,71,,1988-06-28,7.2,60,2.76,52,0.0,0,100,3.6
d538f13ab21d9633,Joshua Wang-Kim,Twin Dragon,"5' 9""",135,71,Switch,1992-11-16,2.95,40,4.43,60,1.17,100,66,0.0
2721bb808bb2523c,Curt Warburton,,"6' 0""",155,73,Orthodox,,2.13,42,3.44,43,2.35,50,83,0.9
2997e7fe3c9d3d4a,Wang Cong,The Joker,"5' 6""",125,65,Southpaw,1992-05-15,6.82,58,2.73,60,0.62,75,85,0.6
e81dd0bb8a64b550,Charlie Ward,,"5' 11""",170,,Orthodox,1980-12-17,1.64,19,7.21,53,0.0,0,0,0.0
ba5e253af86db1a8,Terrion Ware,Flash,"5' 8""",135,71,Orthodox,1986-03-31,4.02,32,6.07,50,0.5,22,44,0.0
2abe38b81d68a24a,Kengo Watanabe,,"6' 4""",220,,Orthodox,1976-01-31,0.6,40,3.4,35,1.0,100,37,0.0
c0c1bc0766df4c00,Joe Warren,,"5' 6""",135,,Orthodox,1976-10-31,2.15,46,2.39,52,6.14,46,60,0.0
951ffadfc4e917ea,Kazuhisa Watanabe,,"5' 6""",139,,,1983-05-18,0.62,50,0.94,0,0.0,0,14,0.0
1e47dba648ea438c,Merritt Warren,,"5' 10""",155,,Southpaw,,0.0,0,0.0,0,0.0,0,0,0.0
8a19676a3388845a,Idris Wasi,,"6' 0""",186,,,1989-12-11,0.4,31,3.53,46,0.0,0,20,0.0
103e2e67919379c5,Andy Waters,,"6' 0""",170,,,1985-02-08,0.0,0,0.0,0,0.0,0,0,0.0
efaf544314bb5c2e,Ron Waterman,H20,"6' 2""",280,,Orthodox,1965-11-23,0.84,50,1.37,42,4.19,69,50,2.8
2de91c2244ad7e89,Dominic Waters,Sho Nuff,"6' 1""",170,79,Orthodox,1989-04-11,0.48,23,2.53,39,4.07,52,28,0.0
31dbfbe4e7a6727c,Trey Waters,The Truth,"6' 5""",170,77,Orthodox,1995-02-21,6.39,44,5.83,55,0.4,33,85,0.8
1836639ecf9b6e7f,Sam Watford,,,155,,,,0.13,18,0.73,62,2.0,40,60,1.0
eb04b9d31e938edb,Michelle Waterson-Gomez,The Karate Hottie,"5' 3""",115,62,Orthodox,1986-01-06,3.42,46,4.25,48,1.39,33,69,0.6
117580b232409824,Blake Watkins,,,185,,,,5.45,62,7.64,61,0.0,0,0,0.0
d7b2c0b53883ee80,Kyle Watson,,"6' 0""",155,,Southpaw,1979-08-09,3.67,35,3.25,62,0.0,0,100,0.0
a31dfd9e8b2dc6ca,Maka Watson,,,155,,,1984-09-22,0.93,37,1.6,22,2.0,100,33,0.0
92aafa8f4b26269b,Walel Watson,The Gazelle,"5' 11""",135,75,Orthodox,1984-07-16,2.1,29,3.79,43,0.0,0,61,1.4
a99d4aa689bdca18,Enrique Watson,,,185,,,,0.0,0,0.0,0,0.0,0,0,0.0
f40ec51dd4de47c3,Jonavin Webb,The Spyder,"5' 10""",170,,Orthodox,1989-04-28,1.47,30,2.27,64,2.5,31,40,1.0
7c9f96f9a6a5cd50,Brok Weaver,Chata Tuska,"6' 0""",155,73,Southpaw,1991-12-05,4.78,64,4.35,46,0.41,10,66,0.4
6809c31286b08d97,Tom Watson,Kong,"6' 1""",185,73,Orthodox,1982-07-13,4.01,44,4.41,50,0.15,7,43,0.0
d44a84409bf0da64,Stephanie Webber,,"5' 6""",135,,,,0.91,80,3.85,15,6.79,40,0,0.0
7b9dade6bedaabbe,Daniel Weichel,The Weasel,"5' 10""",145,70,,1984-11-22,5.71,42,4.05,61,0.84,50,83,0.0
326a001926ffb7ec,Darian Weeks,,"5' 11""",170,72,Orthodox,1993-11-23,4.49,51,4.56,51,2.0,30,100,0.0
69888118d968ba52,Joshua Weems,Wide Open,"5' 8""",135,69,Orthodox,1994-05-05,5.25,64,3.34,61,4.77,40,100,0.0
b9c03e7a4557e542,Royston Wee,,"5' 7""",135,67,Orthodox,1986-11-15,1.1,60,2.45,49,3.38,81,0,0.0
9ccdd2ce45903f34,Mark Weir,The Wizard,"6' 2""",185,,Southpaw,1967-09-19,1.54,56,2.5,38,0.8,50,25,2.4
3a8176e15b9887c1,Chris Weidman,The All-American,"6' 2""",185,78,Orthodox,1984-06-17,3.11,45,3.37,51,3.27,42,72,0.8
1ce7998e0a215caa,Aaron Wetherspoon,Slam,,170,,,1979-01-11,2.27,32,4.33,45,0.0,0,77,0.0
b51841e7c594090d,Mike Wessel,Juggernaut,"6' 0""",260,,Orthodox,1977-12-02,1.82,56,6.43,22,6.29,50,0,0.0
d66a46de8d705353,Jeremiah Wells,,"5' 9""",170,74,Switch,1986-10-30,2.35,46,1.28,48,3.06,46,50,1.3
ec2d13a87d3d9541,Sheldon Westcott,,"6' 1""",170,71,Southpaw,1984-08-20,2.26,40,3.73,37,3.23,37,14,0.0
5f5763b3a4de8dd4,Dustin West,,"5' 11""",170,,,,0.0,0,0.0,0,0.0,0,0,0.0
492b202d2064e7a9,Fabricio Werdum,Vai Cavalo,"6' 4""",231,77,Orthodox,1977-07-30,3.59,52,2.64,55,1.75,31,31,1.2
e57f0b06ea39e360,Coty Wheeler,Ox,"5' 6""",135,67,Orthodox,1978-10-11,1.88,22,3.16,59,0.87,37,33,2.6
2e45d08b3f2f02c8,Malcolm Wellmaker,The Machine,"5' 10""",135,71,Switch,1994-06-04,4.58,55,4.23,52,0.0,0,46,0.0
f1b2a4365799c48b,Christian Wellisch,The Hungarian Nightmare,"6' 2""",234,77,Orthodox,1975-09-13,3.12,27,3.04,56,1.22,42,45,1.2
12458872d6afae1b,Vernon White,Tiger,"6' 0""",205,,Southpaw,1971-12-03,2.11,38,2.2,54,0.88,28,44,0.0
3dd949593346dbc3,Craig White,The Thundercat,"6' 2""",170,76,Orthodox,1990-07-01,1.23,40,3.28,39,0.0,0,50,0.8
d181689653115b6a,Steve White,,"5' 11""",175,,,,0.0,0,0.0,0,0.0,0,0,0.0
1dafccb62a0f98ec,Robert Whiteford,The Hammer,"5' 9""",145,69,Southpaw,1983-04-12,2.33,46,1.99,62,1.9,30,45,0.0
4debc6c4c6249690,Patrik White,Primetime,"6' 0""",155,72,Orthodox,1993-06-11,9.77,49,6.28,60,0.0,0,50,0.0
c17041f1bb5768d8,Alex White,The Spartan,"6' 0""",155,71,Southpaw,1988-10-22,3.76,42,3.07,60,0.92,28,71,0.5
129537073431e52e,Garett Whiteley,Goodnight,"6' 0""",155,72,Orthodox,1980-12-13,3.72,48,4.04,46,0.0,0,27,0.9
b6debbda44d4a5a0,Mitch Whitesel,,"5' 9""",185,,,1981-07-12,0.0,0,0.0,0,0.0,0,0,0.0
b3d21b2610dcfaeb,Emily Whitmire,Spitfire,"5' 5""",125,63,Orthodox,1991-05-24,2.5,31,2.98,54,1.9,66,70,0.5
22d1e00e1aabb7c9,Mike Whitehead,,"6' 1""",205,,Orthodox,1981-06-29,1.62,33,2.36,59,3.59,43,77,0.3
e1147d3d2dabe1ce,Robert Whittaker,The Reaper,"6' 0""",205,73,Orthodox,1990-12-20,4.41,43,3.4,59,0.71,38,80,0.0
4a482a0100cfcd0a,Justin Wilcox,Silverback,"5' 6""",155,,Orthodox,1979-03-12,3.82,28,2.63,71,1.43,16,100,0.0
a6c2f5381d575920,Orlando Wiet,The Gladiator,"5' 10""",170,,Southpaw,1965-10-24,0.0,0,0.0,0,0.0,0,0,0.0
efa1f6b42c86793c,Adam Wieczorek,Siwy,"6' 5""",250,81,Orthodox,1992-02-05,1.68,38,1.87,48,0.41,33,58,0.4
13935768cf8aeb86,Josh Wick,The White Mamba,"5' 9""",155,69,Switch,1994-10-04,0.65,60,6.52,41,0.0,0,80,0.0
60884f31ead1609c,Jonathan Wiezorek,,"6' 3""",250,,Southpaw,1978-02-10,1.27,58,5.47,31,1.91,20,0,0.0
6902fcf0610dd303,Jakub Wiklacz,,"5' 10""",135,72,Orthodox,1996-09-10,3.4,44,3.87,46,0.0,0,41,2.5
6f812143641ceff8,Rubin Williams,Mr. Hollywood,"6' 1""",185,,Orthodox,1976-04-09,0.0,0,1.39,60,0.0,0,0,0.0
b8e2f10efb6eca85,Carter Williams,The Beast,"6' 1""",265,,Orthodox,1980-03-30,1.55,36,2.32,58,2.9,33,100,0.0
826475cc758e60e6,Rob Wilkinson,Razor,"6' 3""",185,80,Orthodox,1992-02-22,2.74,50,5.66,39,4.47,25,0,0.0
852454c572675334,James Wilks,Lightning,"6' 1""",170,75,Orthodox,1978-05-04,1.82,45,2.03,50,1.27,22,66,3.8
338a11d3674eb2d4,Aaron Wilkinson,The Daywalker,"5' 10""",155,,Orthodox,1987-01-31,0.0,0,0.0,100,7.32,100,0,0.0
781014fb7e8e647a,Joe Wilk,The Nose,"5' 9""",145,,,1982-04-12,1.0,54,2.0,72,0.0,0,0,0.0
b63e800c18e011b5,Tedd Williams,,"6' 1""",275,,Orthodox,1969-12-19,0.0,0,0.0,0,0.0,0,0,0.0
6291ac0a3726732f,Pete Williams,El Duro,"6' 3""",235,,Orthodox,1975-07-10,0.61,62,2.77,40,1.84,40,16,0.9
cfaf010d5b389c09,Mike Wilkinson,The Warrior,"5' 7""",145,66,Orthodox,1987-09-15,2.35,38,3.7,35,0.92,14,55,0.9
e26bd53b751d61d9,Jordan Williams,Bomaye,"6' 1""",185,75,Southpaw,1990-10-13,5.83,50,5.46,35,1.11,50,85,0.0
39330403ad27c2bb,Patrick Williams,The Animal,"5' 8""",135,73,Orthodox,1981-09-07,4.12,51,4.12,52,2.71,41,100,0.5
990bd63726a577f8,Tim Williams,The South Jersey Strangler,"6' 2""",185,76,Orthodox,1986-07-03,3.07,38,3.55,48,1.81,40,100,0.0
f9a20a17d712ef7c,Cole Williams,Havoc,"6' 0""",170,73,Orthodox,1983-12-15,0.31,27,5.34,23,0.0,0,25,0.0
2558ae2e5671e318,Khaos Williams,The OxFighter,"6' 0""",170,77,Orthodox,1994-03-30,4.97,39,5.34,41,0.0,0,51,0.0
b8e6393c39cb9740,Sean Wilson,P-Town,"5' 8""",145,,,1982-10-20,1.01,31,5.88,62,0.0,0,0,0.0
7b3503352cd53abb,Westin Wilson,,"6' 1""",145,73,Southpaw,1989-01-24,1.57,31,6.71,30,1.57,16,33,7.9
2e75399d5a934b0e,Tyshawn Williams,,,145,,,1996-08-24,0.0,0,0.0,0,0.0,0,0,0.0
95883dbdab4fcf0f,Karl Willis,,,,,,,0.0,0,0.0,0,0.0,0,0,0.0
d35f734c56a89103,Karl Williams,,"6' 3""",235,79,Orthodox,1990-01-06,2.68,48,2.15,55,4.2,48,100,0.2
ce1e867808ef5fce,Justin Willis,Big Pretty,"6' 1""",264,78,Southpaw,1987-07-19,3.37,59,2.57,57,0.96,66,36,0.0
a56607a451e4c70d,Chris Wilson,The Professor,"6' 1""",170,75,Orthodox,1977-06-07,2.32,50,1.36,55,1.31,50,60,1.6
9cc84087ee768342,Greg Wilson,,,155,,,1988-10-02,0.0,0,0.0,0,0.0,0,0,0.0
81254702b51cc832,Damon Wilson,The Nomad,"5' 9""",145,69,Switch,1993-04-29,7.56,49,8.27,52,0.0,0,0,0.0
cd01f0b768a32475,Jonathan Wilson,Johnny Bravo,"6' 2""",205,75,Southpaw,1987-07-17,2.92,48,5.65,56,0.37,100,80,0.0
eb29176b03dfa888,Matt Wiman,,"5' 10""",155,68,Orthodox,1983-09-19,3.17,50,3.57,51,2.13,37,56,1.5
b99b3620839ea911,Karolina Wojcik,Polish Assassin,"5' 2""",115,,Orthodox,1994-12-09,2.67,65,0.87,62,2.0,66,100,1.0
ea0ad155451ed1f5,Ray Wizard,,,,,,,0.0,0,0.0,0,0.0,0,0,0.0
7f9f528cb72a6ed1,Travis Wiuff,The Diesel,"6' 3""",205,,Orthodox,1978-03-15,0.48,30,4.03,41,4.84,57,44,1.2
53f84637dfffab7a,Eric Wisely,Little Lee,"5' 8""",145,,Southpaw,1984-07-25,1.42,47,2.08,56,0.0,0,27,0.9
cd12227edd3f134b,Keith Wisniewski,The Polish Connection,"6' 0""",170,,Orthodox,1981-10-25,2.32,52,4.86,42,1.57,40,78,0.3
5f3805dda9661cba,Jason Witt,The Vanilla Gorilla,"5' 10""",170,70,Orthodox,1986-11-07,2.15,44,2.54,52,6.9,48,100,0.9
b34976c022b24568,Anthony Wint,Bow Down,"5' 11""",234,78,Orthodox,1995-09-14,0.0,0,0.0,0,0.0,0,0,0.0
b45d6b73f4ca4467,Andre Winner,,"5' 11""",155,73,Orthodox,1981-11-09,2.52,33,4.57,51,0.0,0,74,0.0
483a953b18d73bb3,Deron Winn,,"5' 6""",185,70,Orthodox,1989-06-13,4.55,44,6.21,46,4.28,52,40,0.0
fc9a9559a05f2704,Eddie Wineland,,"5' 7""",135,69,Orthodox,1984-06-26,3.4,29,3.76,68,0.34,33,86,0.1
a7e3f02fe2b2fe30,Danyelle Wolf,,"5' 11""",145,70,Orthodox,1983-09-08,2.37,25,4.57,47,0.0,0,77,0.5
133a9d2e6efd8a50,Logan Woods,One Hit,,185,,,1994-05-30,0.0,0,0.0,0,0.0,0,0,0.0
8de471543d9c933e,Salvador Woods,,"5' 11""",170,,,1985-02-05,0.0,0,0.0,0,0.0,0,0,0.0
aa79d5399571068e,Brandon Wolff,,"5' 9""",170,,Orthodox,1975-10-18,0.47,33,10.91,19,0.0,0,0,0.0
751aa58b7fb03c74,Kwon Wonil,Pretty Boy,"5' 10""",135,71,Orthodox,1995-06-24,5.02,39,5.82,60,0.0,0,66,0.0
daa89f01e1c0f42a,Xue Do Won,,"5' 7""",165,,,,0.0,0,0.0,0,0.0,0,0,0.0
329e403448756217,Nathaniel Wood,The Last Kingsman,"5' 6""",145,69,Orthodox,1993-05-08,5.64,51,4.25,54,1.35,48,73,0.5
7a47e068f8017019,Val Woodburn,The Animal,"5' 8""",170,74,Orthodox,1993-08-10,1.6,35,4.93,36,1.92,100,50,0.0
12f91bfa8f1f723b,Joanne Wood,JoJo,"5' 6""",125,65,Orthodox,1985-12-23,7.1,51,4.89,51,1.52,55,58,0.3
effd9de9937996f8,Tyron Woodley,The Chosen One,"5' 9""",170,74,Orthodox,1982-04-07,2.36,48,2.76,54,1.06,40,87,0.4
4682bc59d5f55145,Sean Woodson,The Sniper,"6' 2""",145,78,Orthodox,1992-06-07,5.57,46,4.18,58,0.58,55,84,0.3
78f4cad9548b79e1,Hailai Wushamo,,,115,,,2000-09-03,0.0,0,0.0,0,0.0,0,0,0.0
8fb808fc2e145bd6,Hunter Worsham,The Future,,185,,,,0.0,0,0.0,0,0.0,0,0,0.0
aac6edb0d5e0b7e9,Marcin Wrzosek,The Polish Zombie,"5' 9""",155,,,1987-10-14,3.47,43,4.07,43,3.0,25,33,0.0
de3ed2e152520c8d,Cal Worsham,,"5' 11""",230,,Orthodox,1963-06-11,0.0,0,0.0,0,0.0,0,0,0.0
c878270af633eb11,Jordan Wright,The Beverly Hills Ninja,"6' 2""",205,77,Orthodox,1991-10-07,4.1,56,6.03,31,2.09,45,100,0.4
fdbefee0827e1567,Wu Yanan,Mulan,"5' 8""",135,66,Orthodox,1996-04-18,4.23,41,4.95,49,0.62,30,63,0.2
eb6edce3028f05c0,Eric Wray,,"6' 0""",170,,Orthodox,,1.76,48,3.12,28,4.07,66,0,2.0
2a0b19a96f848eff,JW Wright,,,130,,,1976-01-12,0.0,0,0.0,0,0.0,0,0,0.0
e78f601035d677f2,Justin Wren,The Viking,"6' 2""",265,,Orthodox,1987-04-27,3.43,35,2.07,64,0.0,0,100,0.0
78e501478a36a018,Khama Worthy,The Death Star,"5' 11""",155,74,Orthodox,1986-10-15,4.18,48,4.45,46,0.0,0,57,0.7
85248da6e9e2f7e7,Jamie Yager,The Chosyn 1,"6' 1""",185,,Orthodox,1983-11-29,3.08,39,2.55,63,0.0,0,66,0.0
e6dac752a2418a88,Rubens Xavier,Macula,"6' 3""",220,,Orthodox,1974-09-08,0.77,42,1.82,21,2.1,40,25,1.1
2cdb479a0ef0ee1d,Xiong Jingnan,The Panda,"5' 4""",115,63,Switch,1988-01-12,4.53,34,8.13,38,0.0,0,75,0.0
86bace9e4ad85542,Xiao Long,,"5' 8""",135,70,Orthodox,1998-04-13,5.06,47,3.85,50,0.74,27,82,0.0
e415ea6f8d41c917,Xie Bin,The Stalker,"5' 11""",145,71,Orthodox,1998-02-28,4.1,44,2.81,59,2.6,42,40,0.0
7182146226dabe22,Chris Wright,,,,,,,0.0,0,0.0,0,0.0,0,0,0.0
2d077e22886298be,Wuziazibieke Jiahefu,Prairie Kitty,"5' 9""",145,70,Orthodox,1990-04-09,0.41,50,2.84,41,6.08,50,0,0.0
2296125b6c362355,Wulijiburen,Beast Master,"5' 9""",135,69,Orthodox,1989-03-01,1.61,42,3.02,56,3.28,42,77,0.4
95aff2fd8d09a5f0,Abdul Rakhman Yakhyaev,The Hunter,"6' 2""",205,78,Orthodox,2001-01-03,8.64,68,2.22,59,11.11,75,100,7.4
3753714927f18437,Mohammad Yahya,The UAE Warrior,"5' 9""",145,73,Switch,1994-05-23,3.5,39,6.39,43,0.5,20,42,0.5
cc84b68f862b466f,Eddie Yagin,The Filipino Phenom,"5' 7""",145,,Orthodox,1979-03-23,3.13,30,5.77,42,0.0,0,62,1.0
94527830000ab715,Rani Yahya,,"5' 6""",135,67,Orthodox,1984-09-12,1.71,38,2.08,50,2.73,30,29,1.8
d06f8869449ba7bd,Alexander Yakovlev,Russian Thunder,"6' 3""",155,74,Southpaw,1984-07-18,1.74,47,2.41,58,1.66,35,72,0.1
d8bf3df51ff3a270,Wataru Yamauchi,,"5' 6""",125,68,Orthodox,1999-06-22,4.01,52,3.57,62,0.0,0,66,0.0
9e1a7101fefe9746,Goiti Yamauchi,,"5' 10""",145,,,1993-01-05,1.66,54,1.01,66,0.0,0,0,4.3
2299605af59fd309,Emmanuel Yarborough,,"6' 8""",770,,Open Stance,1960-09-05,0.0,0,0.0,0,0.0,0,0,0.0
6014d25e73b669c9,Keiichiro Yamamiya,,"5' 11""",185,,Southpaw,1972-07-12,0.0,0,0.0,0,0.0,0,0,0.0
d1d20e651e6cbc02,Takeshi Yamazaki,,"5' 8""",139,,Southpaw,1977-05-25,0.57,25,1.57,47,4.5,50,100,1.0
c41d426cc7326d1b,Yan Xiaonan,,"5' 5""",115,63,Orthodox,1989-06-16,4.69,45,3.23,60,0.84,73,64,0.0
d661ce4da776fc20,Petr Yan,No Mercy,"5' 7""",135,67,Switch,1993-02-11,5.16,54,4.24,59,1.7,49,86,0.1
0a95c474e61a6c44,Adam Yandiev,Boroda,"5' 9""",185,74,Orthodox,1988-08-07,0.18,8,6.14,36,0.0,0,25,0.0
7c592bf20095fd17,Yuito Yanagawa,,"5' 8""",145,68,Orthodox,2000-10-16,0.3,33,3.32,42,0.0,0,100,4.5
5c9c2e247c836b67,Yan Qihui,Queen Kong,"5' 3""",125,62,Orthodox,1996-10-21,4.38,46,5.06,54,3.68,69,62,0.0
aed06011bf62237b,Dongi Yang,The Ox,"5' 10""",185,73,Southpaw,1984-12-07,3.55,51,3.21,63,1.7,41,61,0.5
450bcab0968562c4,John Yannis,,"5' 7""",135,70,Southpaw,1994-07-07,3.56,49,4.07,62,0.0,0,80,0.0
0232cabbc30a2372,Adrian Yanez,,"5' 7""",135,70,Orthodox,1993-11-29,5.95,41,5.22,56,0.0,0,76,0.0
9f488f520ed25bbf,Kenichi Yamamoto,,"6' 0""",170,,Orthodox,1976-07-11,0.3,46,1.93,38,0.0,0,10,0.3
eed2b71d77d95416,Yoshihisa Yamamoto,,"6' 2""",220,,Southpaw,1970-07-04,1.65,38,3.05,53,1.0,20,50,0.6
49e7e05f902479ca,Tadao Yasuda,,"6' 4""",310,,Orthodox,1963-10-09,2.7,73,0.85,60,0.75,14,0,0.0
620be7e0712d431b,Yoshiaki Yatsu,,"6' 1""",165,,Orthodox,1956-07-19,0.0,0,5.57,48,0.0,0,0,0.0
a0b91014e9d16a76,Cale Yarbrough,,"6' 1""",185,,Orthodox,1986-12-27,3.16,27,10.0,72,0.0,0,0,0.0
d3c554d6e11fc9d6,Jianping Yang,,"5' 7""",145,,Orthodox,1988-11-27,1.4,26,2.07,65,1.0,25,33,0.0
351264d11286d09a,Atsushi Yamamoto,,"5' 6""",139,,Orthodox,1980-10-02,1.97,39,1.27,70,1.12,33,100,0.0
283645128ae57eda,Hiroko Yamanaka,Cat's Eye,"5' 11""",135,,,1978-10-24,2.1,26,3.54,63,0.0,0,100,0.0
4834ff149dc9542a,Norifumi Yamamoto,Kid,"5' 4""",135,66,Southpaw,1977-03-15,2.09,45,2.01,57,0.41,22,45,0.0
d56caaa5e123f518,Masutatsu Yano,,"5' 9""",198,,Orthodox,1975-07-11,0.0,0,0.0,0,0.0,0,0,0.0
920632ca1b78fae5,Chris Yee,,"5' 9""",185,,,,0.0,0,0.0,0,0.0,0,0,0.0
cc2fcae2c0dc501d,Yibugele,Eagle,"5' 7""",145,69,Southpaw,1989-11-13,2.87,41,5.5,54,0.0,0,81,0.0
a78dc3910554dbae,Yin Shuai,Black Panther,"5' 5""",125,66,Southpaw,1997-01-01,4.31,43,4.58,52,4.12,40,78,0.0
a8e8587a06e73c87,Kazunori Yokota,,"5' 8""",154,,Orthodox,1978-04-03,0.67,31,1.13,57,0.0,0,0,0.0
35585d970300d45a,Hirotaka Yokoi,Kaibatsu-Kun,"5' 11""",205,,Orthodox,1978-06-08,1.52,33,3.42,38,1.87,41,66,0.4
3f11fd1751fa83b1,Yizha,,"5' 7""",145,71,Orthodox,1997-01-08,3.25,47,2.88,49,3.42,33,64,0.9
b4c6c904a9ffc5e8,Ashley Yoder,SpiderMonkey,"5' 7""",115,69,Southpaw,1987-10-20,3.42,39,4.13,47,1.09,27,66,0.6
40eb2aef4d5577d4,John Yoo,,,135,,,,0.0,0,0.0,0,0.0,0,0,0.0
a44020ea2e8cd026,JooSang Yoo,Zombie Jr.,"5' 7""",145,71,Orthodox,1994-01-21,6.36,58,4.99,56,0.0,0,50,0.0
00b490982afd1b17,SangHoon Yoo,Assassin,"6' 0""",170,74,Orthodox,1990-01-18,4.83,65,6.11,40,0.53,100,69,0.5
bf5183e1c1afc3b2,Trenell Young,Savant,"5' 6""",145,,Orthodox,1976-06-19,1.43,22,5.13,50,1.13,20,0,1.1
2e517966267a468a,Kai Yoshida,Scorpion,"5' 9""",125,69,Southpaw,1999-10-10,4.32,50,4.96,54,0.0,0,100,0.0
29ab96eae72bad9f,ChangMin Yoon,The Big Heart,"5' 8""",145,70,Orthodox,1994-05-10,5.7,48,2.15,64,1.9,28,100,0.0
8d4943a9ce9f521b,Artenus Young,,,205,,,1980-07-16,0.0,0,0.0,0,0.0,0,0,0.0
a474aade8eb3a8f0,SuYoung You,Yoo-Jitsu,"5' 6""",135,65,Orthodox,1995-12-11,2.15,47,2.01,68,4.26,47,66,0.4
79ff6545b0abc685,Kaitlin Young,,"5' 9""",135,,Orthodox,1985-09-15,2.83,26,6.33,51,2.5,100,0,0.0
ad99fa5325519169,Dong Sik Yoon,,"6' 0""",185,,Orthodox,1972-08-24,0.99,36,2.33,51,1.6,29,33,1.3
2eae41f61776c60f,Hidehiko Yoshida,,"5' 11""",225,,Orthodox,1969-09-03,1.05,36,1.89,62,1.09,33,71,2.2
ab8900ae1f1dfd4c,Yoshiyuki Yoshida,Zenko,"5' 11""",170,70,Southpaw,1974-05-10,0.85,36,3.67,36,1.41,28,25,2.8
f59e9e49ef85b469,Jason Young,Shotgun,"5' 9""",145,73,Orthodox,1986-06-28,2.97,37,3.2,50,1.98,66,55,0.0
b2a78df161bd67f9,Gauge Young,Gee Money,"5' 9""",155,70,Orthodox,2000-07-14,6.32,52,5.12,49,0.75,30,76,0.0
4cd8b03aee1d0138,Shane Young,Smokin',"5' 8""",145,72,Orthodox,1993-07-31,5.19,40,5.46,52,0.63,18,64,0.0
98ec9f385cca47fc,Besam Yousef,,"5' 11""",170,,Orthodox,1985-03-25,3.14,53,3.98,38,1.33,66,50,0.0
568bbad0eaced57c,Shanna Young,The Shanimal,"5' 7""",125,65,Orthodox,1991-02-20,3.18,47,4.88,43,0.0,0,53,0.6
67ec58d7cf599835,Han Ten Yun,,"5' 11""",220,,,,0.0,0,0.0,0,0.0,0,0,0.0
3c8a5200436e19f3,Cameron Saaiman,MSP,"5' 8""",135,67,Southpaw,2000-12-20,5.3,46,4.14,51,0.89,28,47,0.7
633f0800d178dd21,Zaurbek Sabanov,,,255,,,1998-06-14,0.0,0,0.0,0,0.0,0,0,0.0
7956f026e2672c47,Pete Sabala,,,135,,,,0.0,0,0.0,0,0.0,0,0,0.0
cb7ee07982de2a28,Danny Sabatello,Italian Gangster,"5' 10""",135,71,Orthodox,1993-03-31,2.07,57,0.2,25,3.0,75,100,1.0
42078a86d3dd037b,Rob Yundt,Monster,"6' 1""",185,,Orthodox,1980-05-05,1.37,41,2.55,31,2.94,100,0,0.0
b8bbdeff718dbb7d,Pat Sabatini,,"5' 8""",145,70,Orthodox,1990-11-09,1.69,54,1.16,54,4.27,41,50,1.3
94426bb170c88115,Sodiq Yusuff,Super,"5' 9""",155,71,Orthodox,1993-05-19,5.27,49,4.29,53,0.36,23,62,0.4
b1669a810fae4220,Yusup Saadulaev,Maestro,"5' 6""",135,,,1985-03-31,0.57,45,0.96,66,5.73,60,0,1.0
d29b5c4f22c6357d,Gilbert Yvel,The Hurricane,"6' 2""",225,77,Orthodox,1976-06-30,1.05,47,1.78,50,0.0,0,25,1.0
2650e2f846a30f64,Amir Sadollah,,"5' 10""",170,75,Orthodox,1980-08-27,4.71,46,3.55,60,0.57,27,60,0.3
ff62013d2fce6d13,Nazim Sadykhov,Black Wolf,"5' 10""",155,69,Southpaw,1994-05-16,4.69,48,5.42,49,1.08,45,72,0.2
cc4e571964b084d4,Tatsuya Saika,Yanbo,"6' 0""",155,73,Orthodox,1990-09-18,6.67,44,9.91,43,0.0,0,66,0.0
a78f7a9135eb6249,Terrance Saeteurn,Wrong Turn,"5' 6""",125,67,Orthodox,1995-05-30,3.82,40,3.82,52,0.0,0,0,0.0
296a120cb880477b,Kiru Sahota,,"5' 10""",125,73,Orthodox,1995-05-28,4.05,52,2.64,41,0.92,33,50,0.5
88d7b6d8230e1f3f,Saparbeg Safarov,,"6' 1""",185,78,Orthodox,1986-10-14,4.03,48,2.96,47,2.52,41,33,0.0
4ac1ecf8ce59ef23,Jason Saggo,,"5' 11""",155,71,Orthodox,1985-11-23,2.5,39,2.94,52,2.33,40,23,0.0
9ba2226646046b63,Frankie Saenz,,"5' 6""",135,66,Orthodox,1980-08-12,3.94,47,3.5,52,1.74,31,61,0.1
0749d968e932df53,Tarec Saffiedine,Sponge,"5' 10""",170,70,Switch,1986-09-06,4.05,47,3.06,62,0.52,36,84,0.1
b01a5e0dcd9f231d,Muhammad Saidov,Kubik,"6' 2""",205,73,Orthodox,1996-01-10,6.11,45,3.46,63,0.0,0,0,0.0
6a6c4709ebc5499a,Kaushik Saikumar,The Pride of Chennai,"5' 10""",135,71,Orthodox,1997-12-11,0.81,28,5.35,41,0.0,0,33,1.2
96c76dd695eb3b88,Mridul Saikia,Crusher,"5' 7""",125,68,Orthodox,1997-05-09,0.91,28,2.74,36,0.0,0,0,0.0
94a5aaf573f780ad,Yukio Sakaguchi,,"5' 9""",185,,Orthodox,1973-07-26,0.3,25,2.4,50,4.5,100,0,9.0
fb41432b622992a9,Lukasz Sajewski,Wookie,"5' 8""",155,71,Orthodox,1990-11-27,2.06,35,3.88,57,1.01,25,66,0.0
441eacbe20e0e80b,Augusto Sakai,,"6' 3""",265,77,Orthodox,1991-05-09,4.6,49,3.83,48,0.23,40,56,0.0
d7907a9a968e4d29,Wataru Sakata,,"5' 9""",195,,Southpaw,1973-03-11,1.11,61,2.08,31,0.0,0,0,0.0
c2299ec916bc7c56,Benoit Saint Denis,God of War,"5' 11""",155,73,Southpaw,1995-12-18,5.58,58,4.09,41,4.15,35,72,1.7
4690d47bf725fd98,Gokhan Saki,The Rebel,"6' 0""",205,73,Orthodox,1983-10-19,7.09,58,4.57,53,0.0,0,100,0.0
7f955f71fa2ce7ac,Alessio Sakara,Legionarius,"6' 0""",185,72,Orthodox,1981-09-02,3.96,47,2.8,59,2.18,78,62,0.0
9b198c73e3d0d289,Justin Salas,J-Bomb,"5' 8""",155,70,Southpaw,1982-03-13,3.42,43,2.96,68,2.43,20,0,0.0
50db8711c70196cd,Ovince Saint Preux,,"6' 3""",205,80,Southpaw,1983-04-08,3.03,47,3.33,47,1.09,36,67,0.5
72c4b253d2f5ebf2,Roman Salazar,El Gallito,"5' 7""",135,,Orthodox,1988-02-21,1.95,39,2.89,57,1.77,18,50,0.0
394f55ebca199124,Ivan Salaverry,,"6' 0""",185,,Orthodox,1971-01-11,3.01,47,1.19,76,0.49,18,36,2.5
74d5f71eeb0c66c7,Gabriel Salinas-Jones,,"6' 1""",245,,,1984-11-20,0.0,0,0.0,0,0.0,0,0,0.0
a049aa06508b9c7b,Brandon Saling,White Steel,"5' 10""",170,,,1986-01-28,2.88,40,6.08,20,0.0,0,57,0.0
7c0847d3854a95f2,Sean Salmon,,"5' 10""",185,,Southpaw,1977-09-11,1.49,33,2.03,65,4.06,50,0,0.0
a7a3fb5f6c67b122,Dylan Salvador,,"5' 9""",155,69,Southpaw,1993-05-20,4.34,37,11.57,46,0.0,0,0,0.0
b23388ff8ac6637b,Johnny Sampaio,,"5' 8""",170,,Orthodox,1975-09-11,1.32,40,2.64,50,9.89,50,0,9.9
98e946879ba20c0f,Boston Salmon,Boom Boom,"5' 9""",135,69,Southpaw,1990-11-20,4.13,37,7.75,59,0.0,0,100,0.0
65cdf4ec31143d86,Vinicius Salvador,,"5' 7""",135,70,Southpaw,1996-07-24,5.48,43,6.5,48,0.36,11,86,0.0
010986ee359fb863,John Salter,,"6' 1""",185,74,Southpaw,1985-03-21,1.68,32,1.68,68,2.85,46,66,0.5
9deff9e3e8d94d47,Josh Samman,Anqa,"6' 3""",185,79,Orthodox,1988-03-14,2.08,52,2.47,34,1.09,33,33,0.4
17734443a833cdf7,Quillan Salkilld,,"6' 0""",155,75,Orthodox,1999-12-28,4.73,56,2.79,46,6.86,36,81,1.0
ff9578cdbfabd323,Ryuta Sakurai,,"5' 7""",183,,Orthodox,1971-09-18,1.8,48,3.44,58,0.52,100,36,1.6
12e0fdc606f7e274,Luis Saldana,,"5' 11""",145,73,Orthodox,1991-01-27,5.16,50,3.65,60,0.64,17,44,0.2
85e26e2468b4e82f,Hayato Sakurai,Mach,"5' 7""",168,,Orthodox,1975-08-24,2.45,49,1.94,59,1.87,69,56,0.3
9b5b5a75523728f3,Kazushi Sakuraba,The Gracie Hunter,"6' 0""",185,,Southpaw,1969-07-14,1.26,41,2.03,51,1.26,31,48,1.7
3e36811b7bc1f6ad,John Salgado,Greco,"5' 10""",170,,,,0.99,50,1.86,40,0.0,0,50,0.0
447f9858ae78f921,Muslim Salikhov,King of Kung Fu,"5' 11""",170,70,Orthodox,1984-06-09,3.37,49,2.96,62,1.07,32,72,0.0
983e281d257c24dc,Josh San Diego,JSD,"5' 10""",135,,,,0.0,0,0.0,0,0.0,0,0,0.0
6a0047ac8c99fece,Bobby Sanchez,The Kid,"5' 7""",155,,Orthodox,1989-12-15,0.0,0,0.0,100,0.0,0,100,0.0
59aaf2730b84698a,Jesse Sanders,,"6' 0""",170,,Orthodox,,0.0,0,6.45,35,0.0,0,50,0.0
12f1b140e248bdb9,Jerrod Sanders,J-Reazie,"5' 8""",135,72,Orthodox,1979-10-01,0.88,64,1.14,46,2.2,33,50,1.6
96428b9e9bd048ea,Luke Sanders,Cool Hand,"5' 6""",135,67,Southpaw,1985-12-12,6.61,52,4.37,50,0.71,30,72,0.2
f65dcb22dada2223,Josh Sampo,The Gremlin,"5' 4""",125,64,Orthodox,1984-07-24,1.99,36,2.96,55,1.06,33,40,2.1
546f8599a63c29da,Robert Sanchez,Littlefury,"5' 6""",125,66,Orthodox,1986-03-05,0.96,40,1.78,46,3.61,62,50,0.7
438d497617ecb16e,Samuel Sanches,The Prodigy,"5' 10""",155,74,Orthodox,2003-01-28,5.95,75,0.0,100,0.0,0,100,0.0
82e7929bf6c2b689,Diego Sanchez,Nightmare,"5' 10""",170,72,Southpaw,1981-12-31,2.69,37,3.02,56,1.51,24,46,0.8
7f0b4a75ef3039a3,Eddie Sanchez,The Manic Hispanic,"6' 2""",230,74,Orthodox,1982-11-04,3.45,43,3.3,43,1.13,26,42,0.0
3143e5daff9e5b71,Jonathan Santa Maria,,"5' 9""",125,,,,3.6,51,2.53,74,0.0,0,80,0.0
16a64f93f6678b7b,Martin Sano,Spartan,"5' 11""",170,75,Orthodox,1991-05-30,4.0,33,12.0,40,0.0,0,0,0.0
9d51bcc281aa0514,Hugo Sandoval,,,135,,,,0.0,0,0.0,0,0.0,0,0,0.0
f9ad10f6a49e5452,Raul Sandoval,,,130,,,,0.0,0,0.0,0,0.0,0,0,0.0
696002b59f09d73b,Joseph Sandoval,,"5' 7""",135,,Southpaw,1986-05-11,1.82,42,12.12,60,0.0,0,0,0.0
c6da1c24fe473418,Julian Sanchez,,"6' 3""",300,,Orthodox,,0.0,0,0.0,0,0.0,0,0,0.0
ef3663798164adf0,Erick Sanchez,,"5' 10""",145,,,1990-10-04,0.0,0,0.0,0,0.0,0,0,0.0
243a336eaa2d2eb4,Emmanuel Sanchez,El Matador,"5' 9""",145,71,,1990-08-11,4.45,35,4.17,55,0.25,6,16,0.5
bb140b121283acbb,Donald Sanchez,,"5' 10""",145,,,1984-08-18,0.58,50,1.16,55,0.0,0,50,0.0
b12fc8a41e82d3a2,Joby Sanchez,,"5' 6""",135,68,Orthodox,1991-06-24,3.22,36,2.82,63,0.95,71,51,0.4
449c890bd90f3374,Hector Sandoval,Kid Alex,"5' 2""",125,64,Orthodox,1986-07-19,3.31,52,2.33,65,3.49,25,71,1.4
acdefc52a4b6c576,Silvestre Sanchez,Gorilla,,155,,,2001-11-15,0.0,0,0.0,0,0.0,0,0,0.0
57887765f831e228,Roldan Sangcha'an,The Executioner,"5' 4""",125,,Orthodox,1990-12-04,2.71,46,2.15,51,1.94,60,68,0.0
29f935654825331b,Chris Sanford,,"5' 11""",185,,Orthodox,1968-03-12,0.23,50,3.22,17,0.0,0,0,3.5
4c12aa7ca246e7a4,Yuhi Sano,,"5' 11""",243,,Orthodox,1965-02-02,0.0,0,0.0,0,0.0,0,0,0.0
fccf811c1e8b01c7,Andrew Sanchez,El Dirte,"6' 1""",185,74,Orthodox,1988-04-08,4.3,43,5.1,50,2.55,36,100,0.0
65f09bacd3957381,Cory Sandhagen,,"5' 11""",135,70,Switch,1992-04-20,4.92,45,3.72,55,1.14,33,57,0.2
39792c2f42c9f527,Sean Santella,Shorty Rock,"5' 5""",125,,,1984-10-25,0.0,0,0.0,0,0.0,0,0,0.0
19809d475ed832d5,Shaheen Santana,Shazam,"6' 1""",155,75,Orthodox,1991-06-04,0.82,42,1.65,40,0.0,0,0,2.8
86989ee8fe97884d,Neemias Santana,,"6' 2""",185,76,Orthodox,1996-07-10,1.67,34,2.0,52,0.0,0,0,0.0
d6ead04919a894b1,Duda Santana,Cowboyzinha,"5' 7""",145,73,Orthodox,1996-01-10,6.01,39,2.72,73,6.44,60,0,0.0
bc656db347f31e19,Mike Santiago,,"5' 10""",145,69,Orthodox,1989-07-28,3.44,49,3.58,36,2.66,50,53,1.1
f8dc544e7077d014,Jorge Santiago,The Sandman,"6' 1""",170,75,Orthodox,1980-10-09,1.69,35,2.62,56,0.58,30,52,0.8
4920292f5d9b76df,Will Santiago,The Brown Bomber,"5' 7""",185,,Orthodox,1983-02-08,1.47,39,5.53,56,1.0,50,100,0.0
5b5b78116d1fc3eb,Andre Santos,Chatuba,"6' 0""",170,,,,2.77,34,4.17,41,2.5,29,75,0.0
8299206ccebc44a7,Jose Santibanez,,,155,,,1980-01-18,0.0,0,0.0,0,0.0,0,0,0.0
9f95d6b5b459cc6b,Richie Santiago,The Milford Mauler,"5' 7""",135,67,Southpaw,1992-10-10,3.87,49,4.87,42,0.0,0,25,0.0
7ca4c3f8aa8bacae,Paulo Santos,,,,,,,0.0,0,0.0,0,0.0,0,0,0.0
012fc7cd0779c09a,Art Santore,Pachuco,"6' 2""",185,,,1972-10-26,1.4,12,7.31,52,0.0,0,100,0.0
c6e6926a81adcd00,Adriano Santos,,,,,,,0.0,0,0.0,0,0.0,0,0,0.0
f7467152fd9f18a2,Taila Santos,,"5' 6""",125,68,Orthodox,1993-06-22,3.39,48,2.64,58,2.0,76,86,1.1
3143bf892608139a,Yana Santos,,"5' 6""",135,68,Orthodox,1989-11-11,4.41,57,3.12,52,0.78,47,51,0.1
d12ee718fb35c35c,Gleristone Santos,Toninho Furia,"5' 9""",145,,,1988-08-20,3.4,31,4.4,64,0.0,0,75,0.0
312f7d7b2b2f7de4,Djorden Santos,Shakur,"6' 0""",185,75,Orthodox,1997-08-01,6.64,42,6.35,48,0.51,28,85,0.0
480779d7f9a424d3,Mairon Santos,The Legend,"5' 7""",145,72,Orthodox,2000-06-10,3.33,48,2.24,65,0.0,0,69,0.0
7701377be464d2ef,Luis Santos,,"6' 1""",170,,Southpaw,1980-01-02,4.4,57,4.0,64,0.0,0,0,0.0
b67d6bacc68d4c92,Daniel Santos,Willycat,"5' 7""",145,67,Orthodox,1995-03-12,5.15,40,5.38,50,2.6,33,73,0.0
78719f6663ad9160,Edivan Santos,Pe De Sapo,"6' 4""",248,78,Orthodox,1992-05-03,1.55,48,7.09,26,0.0,0,25,0.0
14aa21bc82cac57d,Iliarde Santos,,"5' 5""",125,67,Orthodox,1980-09-25,3.0,30,6.1,57,1.66,23,83,0.0
99bf06f20491cb54,Evangelista Santos,Cyborg,"5' 10""",170,76,Orthodox,1977-12-12,3.94,36,6.01,49,0.78,100,50,0.4
da1d8d76404bb6b5,Bruno Santos,Carioca,"5' 9""",185,,Orthodox,1987-07-17,1.18,46,2.27,56,3.0,37,66,0.3
9c65736747ca92ec,Leonardo Santos,,"6' 0""",155,75,Orthodox,1980-02-05,2.82,46,3.4,54,0.88,25,86,0.2
dea070ed4a2a8281,Thiago Santos,Marreta,"6' 2""",205,76,Orthodox,1984-01-07,3.72,48,2.57,53,0.88,33,65,0.1
4cb79988b2a9bd07,Marilia Santos,Chocolate,"5' 4""",125,,Orthodox,1992-12-12,4.4,54,4.07,53,1.0,100,66,1.0
f2f140ce7532e327,Gabriel Santos,Mosquitinho,"5' 9""",145,70,Orthodox,1996-11-28,4.35,60,4.31,45,3.8,54,87,1.2
5078e1dacf9d25f4,Luana Santos,,"5' 6""",135,67,Orthodox,2000-04-16,2.53,53,2.45,64,2.14,37,85,1.0
1d147d4163a6989b,Nick Sanzo,,"5' 9""",190,,,1963-01-16,0.0,0,0.0,0,0.0,0,0,0.0
9f3d6ddef3d3cccc,Bob Sapp,The Beast,"6' 5""",350,,Orthodox,1974-09-22,3.19,55,1.88,49,0.58,100,72,0.0
7e47047d0971d566,Daniel Sarafian,,"5' 9""",185,73,Orthodox,1982-08-21,2.23,46,3.1,58,0.36,7,53,0.7
57186c150c645200,Jeka Saragih,,"5' 8""",145,69,Orthodox,1995-01-01,2.75,50,2.82,40,2.17,80,66,0.5
2097b1a5ff47dfb0,Alexander Sarnavskiy,Tiger,"5' 11""",155,,,1989-01-17,1.43,66,2.06,42,0.0,0,75,0.0
1a97a3ef4c758fae,Gokhan Saricam,,"6' 3""",265,75,Orthodox,1991-02-28,5.87,47,6.18,38,0.0,0,100,0.0
4f4dac51adc1af4f,Diego Saraiva,The Octopus,"5' 6""",155,,Orthodox,1982-04-23,1.64,32,3.58,62,1.33,40,0,0.7
026b4f7049085842,Harris Sarmiento,The Hitman,"5' 9""",155,,Orthodox,1983-09-09,0.84,25,3.46,36,2.36,60,57,0.0
b7bcf6dfbbb7c16c,Keisuke Sasu,Sasuke,"5' 5""",145,69,Switch,1994-09-30,2.76,49,2.42,48,3.76,40,61,1.9
276c60b14b571dd4,Takenori Sato,,"5' 10""",170,,Southpaw,1985-06-08,0.46,33,12.92,9,0.0,0,0,0.0
7b143a54451263d9,Paul Sass,,"6' 0""",155,73,Orthodox,1988-08-04,0.53,26,1.9,51,0.53,16,33,7.4
7c3c48cf54a2848e,Yuta Sasaki,Ulka,"5' 10""",125,71,Southpaw,1989-10-07,2.16,41,2.5,50,3.03,43,41,1.2
f4a031ac205ac580,Masaaki Satake,,"6' 1""",220,,Orthodox,1965-08-17,1.4,35,3.76,41,0.0,0,58,0.0
f6f9d41669dd3eaa,Jeimeson Saudino,The Minion,"5' 6""",135,,,1991-03-05,0.66,30,0.82,84,2.47,50,0,2.5
c982b98d33825763,Shogo Sato,Tora,"5' 7""",170,66,Southpaw,1993-06-08,2.14,25,25.71,29,0.0,0,0,0.0
e5c38954c006f15c,Yuki Sasaki,,"6' 2""",185,,Orthodox,1976-09-12,1.09,43,1.2,57,0.43,100,66,0.0
02f484417a6fa69d,Uran Satybaldiev,Gorilla,"6' 4""",205,79,Orthodox,1994-08-10,2.14,25,3.66,44,0.0,0,50,1.7
23bd78c3f89bdb54,Kyosuke Sasaki,,"5' 7""",183,,Southpaw,1979-10-07,0.33,45,0.93,46,0.0,0,0,0.0
8abac218746e04ca,Takashi Sato,Ten,"5' 10""",170,73,Southpaw,1990-06-09,2.21,41,3.73,44,0.76,37,60,0.0
20bd6c3e03c46ee6,Townsend Saunders,,"5' 5""",170,,Orthodox,,0.0,0,0.0,0,0.0,0,0,0.0
36ab6af06e312b41,Tom Sauer,,"6' 1""",263,,,1970-11-11,0.0,0,0.0,0,0.0,0,0,0.0
5b8ba8f5512893b1,Matt Sayles,,"5' 7""",155,68,Orthodox,1994-02-21,4.83,41,2.81,61,0.36,16,81,0.7
72b7c071910990b1,Brandon Sayles,Man of War,"6' 5""",265,,,1981-04-23,0.0,0,0.0,0,0.0,0,0,0.0
402ea3b5ee233852,Lumumba Sayers,,"6' 0""",185,,,1978-06-30,2.54,41,2.37,48,7.63,75,0,2.5
b35a159f525764eb,Chris Saunders,The So Cal Kid,"5' 8""",155,,,1986-03-11,1.48,22,2.96,75,3.7,100,0,0.0
67f0d1b1b0b39bec,Christien Savoie,The Tiger,"5' 11""",170,72,Orthodox,1992-08-29,1.39,45,6.95,23,0.0,0,12,0.0
4fe9492959834bf7,Chad W. Saunders,,"5' 10""",170,,Orthodox,,0.0,0,0.0,0,0.0,0,0,0.0
484acc7b0f856ce9,Ben Saunders,Killa B,"6' 2""",170,77,Orthodox,1983-04-13,3.23,50,3.58,51,0.2,40,66,1.3
22a1f83edb865aee,Mikheil Sazhiniani,Spartan,"6' 0""",205,71,Orthodox,1996-10-05,2.27,28,3.03,52,0.0,0,100,0.0
f59f1d3a2ff13edd,Eric Schafer,Red,"6' 3""",185,76,Orthodox,1977-09-20,1.89,34,3.38,56,1.81,36,50,1.8
66e981516e2476d1,Eric Schambari,,"5' 11""",185,,Orthodox,1978-04-22,1.43,42,1.07,54,3.0,42,0,1.0
771b60ff889661c8,Mark Scanlon,,"5' 9""",170,,Orthodox,,2.2,35,3.33,48,3.0,75,25,2.0
030f08370fd1c2bb,Kerry Schall,Meat Truck,"6' 2""",265,,Orthodox,1971-08-09,0.94,11,4.84,63,0.0,0,0,0.0
a296ad1d238d97df,Matheus Scheffel,Buffa,"6' 2""",205,75,Orthodox,1992-11-04,1.33,36,3.0,47,0.0,0,100,0.0
89a407032911e27e,Brendan Schaub,Big Brown,"6' 4""",245,78,Orthodox,1983-03-18,2.92,37,2.22,57,2.32,46,72,0.4
1208ffc5be6e31ad,Samy Schiavo,,"5' 8""",155,,Orthodox,1975-12-24,1.68,34,2.62,38,0.94,50,66,0.9
a3244e3238541482,Antonio Schembri,Nino,"5' 9""",205,,Orthodox,1974-06-01,0.72,26,2.12,55,1.31,40,0,0.4
0bc7e61d204f2137,Fabiano Scherner,Pegaleve,"6' 3""",257,,Orthodox,1972-06-30,1.31,31,3.2,38,1.09,33,40,0.0
f41fad444939056b,Joe Schilling,,"6' 3""",185,,,,2.84,52,2.64,48,0.0,0,44,0.0
de12bd65e2f46478,Pat Schilling,Thrilling,"5' 8""",145,,Orthodox,1988-08-28,1.87,26,8.24,52,0.0,0,0,0.0
89ea01f5a7ada40c,Adam Schindler,,"5' 8""",155,,,1983-05-19,0.0,0,0.0,0,0.0,0,0,0.0
b701f095e6ccb149,Ollie Schmid,The Hungarian Stallion,"6' 0""",145,71,Orthodox,2000-12-28,3.23,30,7.9,45,0.0,0,0,0.0
d5ed14b2153c6ed2,Semmy Schilt,Hightower,"6' 10""",265,,Orthodox,1973-10-27,1.2,50,1.31,53,0.0,0,47,1.1
0b235384fe23fc9c,Greg Scott,,"5' 9""",145,,,,3.9,55,7.79,37,11.69,100,0,0.0
9fa568ad2bf2cb0b,Justin Scoggins,,"5' 7""",125,66,Southpaw,1992-05-02,3.56,51,2.16,55,3.42,63,82,0.5
aa943b9bc00cb0ed,Colleen Schneider,,,135,,,1982-03-12,2.17,48,2.5,50,2.5,50,60,0.0
bd02e222a6166d50,Daniel Schmitt,,,185,,,,0.0,0,0.0,0,0.0,0,0,0.0
e44c679c30403cba,Lacey Schuckman,,"5' 3""",125,,,1988-07-16,0.0,0,0.0,0,0.0,0,0,0.0
5a558ba1ff5e9121,Darrill Schoonover,The Boss,"6' 2""",220,,Orthodox,1985-07-18,1.2,33,4.35,38,0.0,0,50,1.1
99c80d2bd5dbe5a9,Brian Schwartz,,"6' 3""",170,,Orthodox,,1.27,44,0.87,45,0.0,0,50,1.0
79cbdf233e5e0496,Eric Schwartz,,,205,,,,0.0,0,0.0,0,0.0,0,0,0.0
b0353e7f5038dd09,Bailey Schoenfelder,Berserk,"6' 3""",265,76,Orthodox,1997-09-22,0.0,0,9.86,53,0.0,0,0,0.0
040426baba8a45e8,Nate Schroeder,,"6' 1""",230,,,1973-06-02,0.0,0,0.0,0,0.0,0,0,0.0
d86e913c548c07c2,Bob Schrijber,Dirty,"6' 0""",240,,Orthodox,1965-03-03,0.0,0,0.0,0,0.0,0,0,0.0
fdfef29ba17ee525,Alex Schoenauer,,"6' 3""",185,,Orthodox,1976-05-05,1.22,40,2.27,42,0.0,0,22,4.9
67c1d46f4ed16f9e,Matt Schnell,Danger,"5' 8""",125,70,Orthodox,1990-01-15,4.05,40,4.18,54,0.59,45,43,1.2
b4443fae47e7eb9d,Wes Schultz,Party Time,"6' 1""",185,77,Orthodox,1996-08-09,2.91,46,3.11,43,2.39,21,0,3.6
c1684f00c626f4c0,Mark Schultz,,"5' 9""",200,,Orthodox,1960-10-26,0.0,0,0.0,0,0.0,0,0,0.0
0c01568b1ac77bff,Mike Seal,Crazy Boy,"6' 4""",185,,Orthodox,1977-07-30,5.5,68,3.33,50,0.0,0,33,0.0
4327506eb9ee342f,Louis Lee Scott,Lightning,"5' 8""",135,70,Orthodox,2000-02-26,5.35,58,0.81,71,2.43,66,100,0.0
03dee485905dbc9f,Zachary Scroggin,,"6' 3""",170,74,Orthodox,1996-03-09,2.4,37,8.8,68,0.0,0,0,0.0
34e552520a934063,Brad Scott,Bear,"6' 1""",170,76,Orthodox,1989-06-24,3.52,41,4.31,57,0.32,15,63,0.7
b9af9f8834e39d3e,Demba Seck,Black Tiger,"6' 1""",145,74,Orthodox,1993-07-07,1.5,40,5.25,22,0.0,0,60,0.0
55e94a9b525dcf45,Kenneth Seegrist,,"6' 0""",185,,Orthodox,1980-10-21,3.21,66,1.28,0,0.0,0,40,14.4
49a74b9fb2e45fdf,Neil Seery,2Tap,"5' 4""",125,64,Orthodox,1979-08-30,3.56,41,3.79,58,0.78,27,53,1.6
d1ce40aca99a9b70,Matt Secor,,"6' 0""",170,,,1986-09-26,0.51,20,0.81,50,3.03,100,0,3.0
e4bb7e483c4ad318,Brendan Seguin,,"6' 0""",185,,,1976-07-03,2.6,45,0.6,84,5.0,62,100,0.0
646d5dbe509accd4,Ray Sefo,Sugarfoot,"6' 0""",240,,Orthodox,1971-02-15,0.86,31,1.71,72,0.0,0,66,0.0
d6b68eaf4b68b160,Rony Sefo,,"5' 9""",225,,Orthodox,1972-04-10,0.0,0,0.43,0,0.0,0,0,0.0
348dff4e03bd18c6,Stefan Sekulic,,"6' 0""",170,75,Southpaw,1992-02-12,1.83,50,2.83,64,2.0,33,25,0.5
0359313549d230a1,Pete Sell,Drago,"5' 11""",170,75,Orthodox,1982-08-05,2.6,42,3.65,51,0.91,21,47,0.9
5e1062e066c601e6,Tetsuya Seki,,"5' 10""",155,,,1994-02-08,0.0,0,0.0,0,0.0,0,0,0.0
3ed134d85dfbd7b4,Brandon Sene,,"5' 11""",205,,,1981-05-21,0.0,0,0.0,0,0.0,0,0,0.0
4aa58269d0664b5b,Matthew Semelsberger,Semi The Jedi,"6' 1""",170,75,Switch,1992-11-23,3.77,42,4.24,54,1.01,57,45,0.4
762572d67204fadb,YeDam Seo,,"5' 3""",115,63,Orthodox,1992-03-20,1.07,27,2.4,58,0.5,20,42,0.0
5f2f0da6fd6a84fd,Andrei Semenov,,"6' 0""",185,,Orthodox,1977-06-17,0.78,15,2.44,60,1.74,80,55,0.4
0505e27a5d00704a,DongHyun Seo,Pinnacle,"5' 7""",145,67,Orthodox,1990-08-22,4.91,63,3.35,41,0.0,0,0,0.0
51b1e2fd9872005b,Mackens Semerzier,Da Menace,"5' 9""",145,72,Orthodox,1980-11-03,2.91,45,3.48,46,2.14,50,50,2.1
2f04c4183523be2e,Ray Seraille,,"6' 3""",246,,,1979-06-23,5.29,27,17.65,41,0.0,0,0,0.0
88b250ba222c3a98,Kim In Seok,,"5' 6""",145,,Orthodox,1980-10-10,0.87,37,5.19,60,0.0,0,0,0.0
6ad8e4296f7522d9,Igor Severino,,"5' 7""",125,69,Orthodox,2003-04-21,7.17,52,4.33,47,9.69,71,50,0.0
efab191f204ffa17,Nicholas Sergiacomi,,,170,,,,4.38,55,3.94,59,0.0,0,0,0.0
b23fca14c7b79935,Ivan Serati,,"6' 0""",205,,Orthodox,,0.86,26,5.33,29,0.0,0,0,0.0
253d3f9e97ca149a,Alex Serdyukov,The Russian Crusher,"6' 2""",170,74,Orthodox,1980-05-24,4.94,48,3.1,46,1.84,55,67,1.8
e7ec11096eac0282,Adrian Serrano,,"5' 8""",170,,,1963-12-23,0.0,0,0.0,0,0.0,0,0,0.0
1975c2272ba40e71,Nick Serra,The Mad Monkey,"5' 9""",170,,Orthodox,1978-03-27,0.0,0,1.73,43,1.0,10,0,2.0
dadaeb402526dca5,Carl Seumanutafa,,"6' 1""",255,,Orthodox,1983-06-15,0.0,0,3.33,75,0.0,0,0,0.0
0ccab7c889ede9ea,Fredy Serrano,El Profe,"5' 3""",125,65,Orthodox,1979-09-22,1.58,26,1.89,61,2.84,25,84,0.0
86dfed7cc24a9fa7,Matt Serra,The Terra,"5' 6""",170,68,Orthodox,1974-06-02,1.98,39,2.64,46,2.05,20,38,0.9
f300763147320d12,Liliya Shakirova,,"5' 4""",125,65,Orthodox,1991-10-24,2.7,30,2.58,74,0.0,0,0,0.0
9eed2bcc9e0b92af,Leon Shahbazyan,S.O.G.,"6' 4""",170,74,Orthodox,1995-11-18,6.1,52,8.45,33,1.41,50,0,0.0
5dfe71ade71f3a4b,Rosi Sexton,The Surgeon,"5' 3""",135,,Orthodox,1977-07-16,3.31,39,7.42,41,0.75,10,80,0.0
5c38639f860a5542,Scott Shaffer,,"5' 7""",145,,Orthodox,,2.4,67,0.53,50,0.0,0,72,3.0
da4628f173337902,Don Shainis,Shameless,"5' 6""",145,67,Orthodox,1990-09-16,3.42,50,5.87,31,0.97,25,20,1.9
c06d6b18862f9a53,Rodrigo Sezinando,,"5' 9""",170,71,Orthodox,1997-12-11,2.25,27,8.76,42,3.37,25,66,0.0
4144798612ef96e5,Edmen Shahbazyan,The Golden Boy,"6' 2""",185,74,Orthodox,1997-11-20,4.06,48,3.87,50,1.43,36,66,0.4
c670aa48827d6be6,Dan Severn,The Beast,"6' 2""",250,,Southpaw,1958-06-08,0.0,0,0.0,0,0.0,0,0,0.0
ece280745f8727b8,Kamal Shalorus,Prince of Persia,"5' 8""",155,68,Orthodox,1972-08-27,3.06,32,2.99,70,2.07,50,80,0.0
5a7350645bc9bd6e,Shang Zhifa,Northeast Flying Tiger,"5' 7""",125,63,Orthodox,1986-03-15,1.27,32,1.27,60,2.0,100,0,0.0
0f3a990526c5e706,Sean Sharaf,The Smoke,"6' 3""",252,77,Orthodox,1993-07-11,7.41,43,15.0,42,0.93,11,0,0.0
fcaae0385b514f11,Frank Shamrock,,"5' 10""",185,,Orthodox,1972-12-08,4.75,53,4.66,57,0.35,50,37,1.1
5f23eaf9e9c34667,Priya Sharma,The Catwoman,"5' 1""",115,59,Orthodox,1991-08-29,1.33,16,3.2,40,0.0,0,55,0.0
285e32e41f61a5b1,Jason Sharp,,,205,,,,0.0,0,0.0,0,0.0,0,0,0.0
029880cdbf5ca089,Sean Sherk,The Muscle Shark,"5' 6""",155,67,Orthodox,1973-08-05,2.17,35,2.71,55,4.09,46,56,0.4
a0c64f272b65d441,Eric Shelton,Showtime,"5' 6""",125,68,Orthodox,1991-02-02,2.57,42,1.88,63,2.83,51,46,0.2
01b352b6a9074d5c,Chase Sherman,The Vanilla Gorilla,"6' 4""",250,78,Orthodox,1989-11-16,6.04,45,6.65,52,0.09,50,74,0.0
d9e1942637bd57a4,Raja Shippen,,"5' 6""",145,,,1986-10-07,0.0,0,0.0,0,0.0,0,0,0.0
b94ac19bad67a389,Youmin Shin,,,135,,,,0.0,0,0.0,0,0.0,0,0,0.0
10657c60ce349e0f,Shunichi Shimizu,,"5' 5""",135,,Orthodox,1985-01-31,0.14,33,4.68,30,0.0,0,0,0.0
d7338bcb141abd2c,Antonina Shevchenko,La Pantera,"5' 8""",125,67,Southpaw,1984-11-20,3.86,55,2.93,52,0.43,42,53,0.4
132deb59abae64b1,Valentina Shevchenko,Bullet,"5' 5""",125,66,Southpaw,1988-03-07,3.04,52,2.0,63,2.65,61,76,0.3
ed3ea649b34ddb6c,Alexander Shlemenko,Storm,"5' 11""",185,,,1984-05-20,4.36,60,1.71,63,0.0,0,0,0.0
5d1700cfbaafbe06,Henrique Shiguemoto,,"5' 11""",185,72,Orthodox,1989-06-22,3.6,33,6.0,16,0.0,0,50,0.0
d4da8995fc91e7ef,Katsuyori Shibata,,"6' 0""",168,,Orthodox,1979-11-17,2.06,35,2.4,53,0.49,50,53,0.7
d683f4870742b273,Shi Ming,,"5' 2""",115,60,Orthodox,1994-11-14,3.09,37,2.92,52,1.02,36,60,0.2
fe435e440b5de0ff,Jake Shields,,"6' 0""",170,72,Orthodox,1979-01-09,2.45,36,1.8,56,2.83,29,35,1.2
63b65af1c5cb02cb,Ken Shamrock,The World's Most Dangerous Man,"6' 1""",205,72,Orthodox,1964-02-11,1.47,46,4.3,39,0.94,60,44,2.5
821cd80aab70d5f9,Josh Shockman,The War Hammer,"6' 4""",235,,Southpaw,1980-12-29,0.87,32,0.87,58,0.0,0,23,0.0
1d36f1ac66cf689d,Josh Shockley,,"6' 1""",155,,Orthodox,1989-11-15,1.4,33,1.75,60,0.0,0,61,0.8
b0c95dc8e858452c,Akira Shoji,,"5' 8""",195,,Orthodox,1974-01-31,1.03,34,2.63,53,1.79,73,82,0.4
a79bfbc01b2264d6,Yuya Shirai,,"5' 8""",168,,Orthodox,1980-04-02,1.02,100,4.07,55,0.0,0,0,0.0
ad863b0d57952c57,Wes Shivers,,"6' 8""",,,,1977-03-08,0.0,0,0.0,0,0.0,0,0,0.0
a9a314cc77d90b6e,Wade Shipp,The Nightmare,"6' 3""",245,,Orthodox,1975-02-09,4.29,86,2.14,0,0.0,0,75,0.0
1a2bf44edb8055b6,Serhiy Sidey,,"5' 11""",135,72,Switch,1996-07-04,4.49,39,4.26,54,1.58,25,20,1.3
1a54231796e24a3f,Liudvik Sholinian,Palmeyros,"5' 10""",135,71,Orthodox,1990-01-20,2.5,30,5.67,55,0.0,0,66,0.0
b8a85389d115e35a,Jack Shore,Tank,"5' 8""",145,71,Orthodox,1995-02-06,3.6,58,2.31,56,3.22,39,74,0.6
1f4b1d7d12601c5f,Ivan Shtyrkov,Ural Hulk,"6' 0""",205,74,Orthodox,1988-06-09,0.0,0,0.0,0,0.0,0,0,0.0
35cc17760b06f36d,Landon Showalter,The Show,"6' 0""",185,,,1976-06-14,0.0,0,0.0,0,0.0,0,0,0.0
cf772fb504842dc3,Kiril Sidelnikov,,"5' 11""",230,,,1988-08-17,2.87,28,4.48,61,0.0,0,0,0.0
762226efa2b01654,Ronal Siahaan,Naga Sakti,"5' 7""",125,71,Southpaw,1996-05-05,0.63,66,6.17,25,0.0,0,25,0.0
585f9ffdb0cd0466,Brandon Shuey,Big Dawg,"5' 7""",155,,Orthodox,1976-02-01,0.68,33,1.36,0,0.0,0,0,10.2
b8aef0faf4ce9b31,Sam Sicilia,,"5' 8""",145,67,Orthodox,1986-02-01,2.46,33,3.55,59,1.45,43,70,0.9
2924886ee9c4c527,Thiago Silva,,"6' 2""",205,74,Orthodox,1982-11-12,3.92,50,2.55,67,1.03,47,70,0.7
9a08c2753184ac6d,Xavier Siller,Young Guns,"5' 5""",125,,,1994-06-06,1.02,36,1.53,57,3.83,100,0,0.0
3cf68c1d17f66af7,Siala Siliga,Mighty Mo,"6' 1""",290,,Orthodox,1970-10-08,1.08,26,1.96,50,1.47,50,80,0.0
e091482fa6648261,Assuerio Silva,,"5' 10""",241,,Orthodox,1974-06-18,1.42,46,4.2,54,2.66,34,25,1.8
d188a3b817860ec6,Steven Siler,Super,"5' 11""",145,70,Orthodox,1987-02-15,3.21,41,2.96,54,0.47,21,55,1.6
2ba479b409011527,Fabio Silva,,"5' 11""",205,,Orthodox,1982-03-31,0.09,11,5.9,38,0.0,0,0,0.0
53bb0d40905b87c0,Jay Silva,,"6' 2""",185,,Southpaw,1981-05-25,1.13,34,3.07,40,0.0,0,38,1.0
a6c32678efd4f434,Sidney Silva,,"6' 3""",170,,Southpaw,1972-02-27,2.86,65,3.3,34,3.3,100,0,0.0
159da492e000afbf,Leandro Silva,Buscape,"5' 9""",155,72,Orthodox,1985-11-11,2.39,48,2.08,63,1.76,37,65,0.4
5866fc86183a9fb8,Erick Silva,,"6' 0""",170,74,Orthodox,1984-06-21,2.5,48,4.18,49,0.85,35,56,1.4
8349d55cdecd393a,Antonio Silva,Bigfoot,"6' 4""",264,82,Orthodox,1979-09-14,2.89,45,3.09,50,0.82,29,66,0.8
1f454354805b6f75,Anderson Silva,The Spider,"6' 2""",185,77,Southpaw,1975-04-14,3.05,61,2.05,60,0.5,77,69,0.8
a1153013cb5f628f,Edson Silva,Paredao,,205,,Orthodox,,2.69,14,5.37,50,0.0,0,0,0.0
9211aae062b799d6,Jean Silva,White Bear,"5' 6""",160,,Orthodox,1977-10-08,0.73,22,2.93,52,0.0,0,0,0.0
55b8dc4e54fe2c59,Paulo Cesar Silva,Giant,"7' 5""",385,,Orthodox,1963-07-21,0.4,15,2.72,47,0.42,100,16,0.4
a31358d90d4bb40a,Rafael Silva,Morcego,"5' 7""",135,,,1985-03-20,0.67,50,0.73,67,0.0,0,25,1.0
fb79582c410d049e,Wagner Silva,Wagnao,"6' 0""",170,,Orthodox,1987-02-07,1.69,29,2.87,65,0.0,0,58,0.0
6f7c616b98e18c29,Claudio Silva,Hannibal,"5' 11""",170,71,Southpaw,1982-09-06,2.48,42,3.0,46,2.85,26,44,1.1
a1f6999fe57236e0,Wanderlei Silva,The Axe Murderer,"5' 11""",205,74,Orthodox,1976-07-03,2.79,40,2.19,60,0.97,53,62,0.6
ae7fe94f117f98cf,Joaquim Silva,Netto BJJ,"5' 8""",155,69,Southpaw,1989-02-05,3.43,43,4.17,53,0.34,50,70,0.8
b19aecbfbb5508cc,Dayana Silva,,"5' 7""",135,,Orthodox,1990-08-27,6.33,51,5.93,57,0.0,0,42,0.0
1b38a2b897f6209c,Felipe Silva,,"6' 0""",155,77,Orthodox,1984-05-08,5.4,50,1.8,59,1.0,100,71,0.0
0d09efd31eb9fadf,Jansey Silva,Jones,"6' 2""",185,67,Orthodox,1995-05-30,0.46,40,2.32,33,0.0,0,0,0.0
002ca196477ce572,Gabriel Silva,,"5' 6""",135,71,Orthodox,1994-08-26,1.3,34,3.47,45,1.5,25,38,0.5
f6f2ea21a67be3a7,Jacob Silva,Lil Animal,"5' 5""",125,67,Orthodox,1988-02-23,4.17,44,4.92,56,1.51,100,66,0.0
4408865b4e65e374,Maria Silva,Viuva Negra,"5' 3""",115,64,Orthodox,1995-12-19,3.0,57,1.13,62,2.0,100,55,0.5
9d62c2d8ee151f08,Karine Silva,Killer,"5' 5""",125,67,Orthodox,1993-12-02,2.24,38,2.74,52,1.93,50,26,1.6
12ebd7d157e91701,Bruno Silva,Blindado,"6' 0""",185,74,Orthodox,1989-07-13,3.86,48,5.35,41,0.77,22,74,0.0
262d32ebda89efc4,Natalia Silva,,"5' 4""",125,65,Southpaw,1997-02-03,4.81,45,2.36,66,0.43,30,90,0.0
294aa73dbf37d281,Bruno Silva,Bulldog,"5' 4""",125,65,Orthodox,1990-03-16,3.95,51,4.72,51,1.94,24,72,0.2
4784a5b4a452464a,Janaina Silva,Jana-Iron-Hand,"5' 1""",115,60,Orthodox,1992-02-16,0.0,0,1.5,62,0.0,0,0,0.0
21b813b919776d90,Erik Silva,The King,"5' 9""",145,71,Orthodox,1987-03-16,2.06,67,1.52,40,3.26,80,60,0.0
52ef95b5860fb28c,Jean Silva,Lord,"5' 7""",145,69,Orthodox,1996-12-27,4.82,51,4.5,53,1.2,60,78,0.6
79f60d34ad48d7a3,Frank Silva,De Black,,125,,,2004-08-25,0.0,0,0.0,0,0.0,0,0,0.0
4e33534d1e036444,Jhonata Silva,,"5' 5""",125,66,Orthodox,1997-04-24,4.86,52,9.85,44,0.0,0,0,0.0
d964a59c48381cb6,Danny Silva,El Puma,"5' 7""",145,69,Switch,1997-01-30,6.35,54,7.1,61,2.06,36,75,0.2
f0fad0e9f3b65752,Jamey Simmons,The Afro Samurai,"5' 6""",135,70,Orthodox,1992-09-11,0.79,21,1.92,74,0.0,0,50,0.0
79e2cb1e813f881b,Sim Kai Xiong,Kobra,"5' 6""",135,67,Orthodox,1997-09-06,2.85,42,3.64,55,3.49,25,100,0.0
52ba464d9068d871,Elias Silverio,Xuxu,"5' 11""",155,73,Orthodox,1986-09-22,3.67,49,2.97,51,1.62,38,85,0.2
04e0507b94014dbb,Samuel Silva,Caveira,"6' 0""",155,72,Orthodox,1996-01-02,2.58,27,8.61,37,0.0,0,0,0.0
f717b6002486f73f,Marcus Silveira,Conan,"6' 3""",242,,Orthodox,1964-12-09,0.0,0,0.0,0,0.0,0,0,0.0
3a314d9fa7c6825d,Douglas Silva de Andrade,D Silva,"5' 7""",145,68,Orthodox,1985-06-22,3.54,38,4.09,56,0.54,42,71,0.2
28e088bbcaaa6366,Leonardo Silva de Oliveira,Cabecao,"6' 2""",185,,Orthodox,1992-04-23,1.07,40,0.54,50,24.11,50,0,0.0
9eedac48b497de5a,Marlon Sims,,,170,,,1974-01-18,0.0,0,0.0,0,0.0,0,0,0.0
d5f820c11a121050,Aaron Simpson,A-Train,"6' 0""",170,73,Orthodox,1974-07-20,3.6,52,2.53,56,3.78,34,83,0.5
5987b2458f4b5290,Ricky Simon,,"5' 6""",135,69,Orthodox,1992-08-31,3.03,42,3.9,61,4.49,41,76,0.3
f985ca2370a37078,Kiran Singh,Stubborn,"5' 1""",115,65,Orthodox,2000-07-25,0.0,0,19.51,23,0.0,0,0,0.0
254ed71756cfd18c,Rana Rudra Pratap Singh,Ashwathama,"5' 10""",135,69,Orthodox,1997-05-09,0.0,0,9.05,27,0.0,0,0,0.0
71ef1111bf829b82,Mitchell Sipe,No Dice,"6' 2""",245,,Orthodox,1996-04-09,5.5,56,9.98,46,1.53,20,0,0.0
e0f7c4f3f67bc808,Wes Sims,The Project,"6' 10""",260,,Orthodox,1979-08-04,0.98,51,2.95,37,0.0,0,40,2.3
817e0bdf08efce2e,Elvis Sinosic,The King of Rock n' Rumble,"6' 3""",205,77,Orthodox,1971-02-13,1.13,37,4.6,53,0.0,0,0,1.2
3b65c9dd39741bc4,Rob Sinclair,,"5' 8""",155,,,1980-02-20,1.2,33,1.73,73,0.0,0,50,0.0
59c6d5af765df641,Everett Sims,Sexual Chocolate,"6' 5""",260,77,Southpaw,1988-09-04,0.81,66,2.19,30,0.0,0,42,1.2
57bad6a84230f0c9,Tony Sims,,"5' 11""",155,70,Southpaw,1985-10-14,1.81,63,0.76,65,0.71,50,50,0.7
265589bdd93e7ce5,Lodune Sincaid,,"5' 9""",185,,Orthodox,1973-05-07,2.72,42,6.17,57,0.0,0,75,0.0
546015aa2ad945fd,Rory Singer,Outburst,"6' 2""",185,77,Orthodox,1976-05-28,2.55,39,2.42,63,0.39,25,64,0.8
fce9b4056a8ef559,AJ Siscoe,Let's Go,"5' 7""",135,,,,0.0,0,0.0,0,0.0,0,0,0.0
436cdea7bdfdc016,Yokthai Sithoar,,"5' 7""",143,,,1974-12-25,0.0,0,0.0,0,0.0,0,0,0.0
caced97768818230,Matt Skelton,,"6' 3""",265,,Orthodox,1967-01-23,0.0,0,0.54,0,0.0,0,66,0.0
a7ac3b1b0c4146db,Jeremia Siregar,The Teacher,"5' 2""",125,63,Orthodox,1991-07-27,2.8,42,7.37,29,0.0,0,75,0.0
44a1dd0ef4373edc,Jeri Sitzes,,"5' 5""",125,,,,0.0,0,0.0,0,0.0,0,0,0.0
4bd6b4800070b069,Chas Skelly,The Scrapper,"5' 11""",145,72,Orthodox,1985-05-11,2.01,40,3.21,49,1.74,34,39,2.3
5f87a5c00b3d17ed,Dennis Siver,,"5' 6""",145,70,Orthodox,1979-01-13,3.87,32,2.67,65,0.87,32,65,0.3
a46fdda658fee832,Gian Siqueira,Pitbull,"6' 1""",170,74,Orthodox,1994-06-23,0.8,100,3.41,19,0.0,0,0,0.0
e6679e38e7fab7a8,Jamie Siraj,The Gremlin,"5' 7""",135,66,Orthodox,1994-06-28,2.21,25,7.73,38,0.0,0,0,0.0
c337c3c85b1871e0,Zach Skinner,,"5' 6""",145,,Orthodox,,0.53,50,2.4,32,5.0,27,100,1.0
9db861c26b63daa8,Brian Sleeman,,"5' 8""",185,,,,4.0,48,1.85,70,9.23,100,100,0.0
a2d1d3d144fed708,Ray Sloan,,"6' 1""",205,,,1985-07-14,0.0,0,0.0,0,0.0,0,0,0.0
80e6d71e14c1d356,Joe Slick,,"6' 0""",199,,Orthodox,1977-10-17,0.0,0,0.0,0,0.0,0,0,0.0
1979c80150f630c4,Kestutis Smirnovas,,"5' 10""",200,,Orthodox,1976-04-08,4.95,52,5.05,54,1.55,50,100,1.6
46c8ec317aff28ac,Patrick Smith,,"6' 2""",225,,Orthodox,1963-08-28,0.0,0,0.0,0,0.0,0,0,0.0
33e33d51f289d2a1,Maurice Smith,,"6' 2""",221,,Orthodox,1961-12-13,0.41,46,0.47,60,0.89,50,20,0.9
9114c8ded5ccd71d,Eric Smith,,,,,Southpaw,,0.0,0,0.0,0,0.0,0,0,0.0
f626aa1c85f8af03,Josh Smith,,"6' 0""",155,,Orthodox,1982-07-02,0.73,28,1.4,54,0.0,0,57,2.0
e955046551f8c7dd,David Smith,,,155,,,,0.0,0,0.0,0,0.0,0,0,0.0
754968e325d6f60d,Adam Smith,,,,,,,0.0,0,0.0,0,0.0,0,0,0.0
ffee353f55e3aa2c,Dillon Smith,,"6' 0""",170,,,1984-01-07,0.0,0,0.0,0,0.0,0,0,0.0
3410cf010558dc8b,Scott Smith,Hands of Steel,"6' 0""",185,70,Orthodox,1979-05-21,1.9,27,5.87,50,0.12,6,58,0.5
f797f0c57a83353e,Trevor Smith,Hot Sauce,"6' 3""",185,75,Orthodox,1981-01-05,3.29,55,3.31,51,1.7,32,60,0.7
c3217a727e43b0cd,Hunter Smith,Headshot,,155,,,1998-10-27,0.0,0,0.0,0,0.0,0,0,0.0
2e25c1d983c26311,Colton Smith,,"6' 0""",155,71,Orthodox,1987-08-14,1.64,41,2.3,51,4.09,36,25,1.4
85497ffd934ecf7e,Jacobe Smith,Cobe,"5' 10""",170,72,Southpaw,1996-01-17,6.89,67,2.78,47,7.78,91,100,0.7
54ed8dc6f8c31207,Gilbert Smith,,"5' 9""",185,,Southpaw,1981-10-19,1.09,41,2.73,35,3.51,60,0,1.2
56709e66f1c6008f,Cole Smith,The Cole Train,"5' 11""",135,67,Orthodox,1989-04-05,1.78,35,1.96,49,1.67,33,45,1.7
d4c9dcd330403612,Anthony Smith,Lionheart,"6' 4""",205,76,Orthodox,1988-07-26,3.19,49,5.04,44,0.44,22,50,0.6
0bbb69f69c9a2eea,Nate Smith,The Savage,"5' 6""",125,69,Switch,1995-04-09,1.28,38,2.04,35,0.0,0,33,2.3
eaa9402e5a7990ad,Braxton Smith,The Beautiful Monster,"5' 11""",257,72,Orthodox,1990-01-01,6.46,48,11.54,32,0.0,0,100,0.0
7478b7f959ba61f5,Elijah Smith,Swift,"5' 9""",135,71,Orthodox,2002-09-05,4.18,48,2.96,46,2.98,53,53,1.1
76984112f697631f,Leslie Smith,The Peacemaker,"5' 9""",135,66,Orthodox,1982-08-17,7.56,40,8.41,51,0.0,0,62,0.0
207773daeb4afa7b,Devonte Smith,King Kage,"5' 9""",155,76,Orthodox,1993-07-30,4.55,53,3.91,49,0.35,25,85,0.3
f75c5ca0d91b9115,Richie Smullen,,"5' 9""",155,68,Orthodox,1991-08-17,1.98,77,2.26,65,8.49,66,0,0.0
1b0491ef0f9c965e,Shimon Smotritsky,The Assassin,"6' 2""",170,74,Orthodox,2000-08-22,3.52,34,8.67,56,3.52,33,50,0.0
5c84f673b7bb7c15,Cameron Smotherman,The Baby-Faced Killa,"5' 9""",135,69,Orthodox,1997-09-17,3.97,37,3.57,58,0.0,0,62,0.0
d2bc285ead803db0,Louis Smolka,Da Last Samurai,"5' 9""",135,68,Orthodox,1991-07-16,4.67,47,4.11,53,1.69,35,32,1.8
c5776fa8f4bf77aa,Justin Smitley,,,145,,,,0.0,0,0.0,0,0.0,0,0,0.0
625b65b45c1c6888,Walter Smith-Cotito,,"5' 8""",135,,,,2.95,36,3.53,68,2.16,33,57,0.0
75afb06215a07341,Dmitrii Smoliakov,The Lifeguard,"6' 2""",253,74,Switch,1982-08-05,1.44,42,3.81,55,0.0,0,75,0.0
7684c8137b4545ba,Devin Smyth,,"5' 10""",170,72,Switch,1995-07-21,2.6,68,6.73,25,4.0,26,100,0.0
03b1e846b09f721d,Denis Sobolev,,"6' 3""",216,,Orthodox,1975-08-26,0.0,0,5.45,33,0.0,0,0,0.0
d1152823307d7e7c,Rameau Thierry Sokoudjou,The African Assassin,"5' 10""",205,78,Orthodox,1984-04-18,2.26,45,2.61,56,1.93,47,78,0.9
d468288756ae3982,Renato Sobral,Babalu,"6' 1""",205,75,Orthodox,1975-09-07,2.23,45,1.53,57,2.48,42,65,2.6
1d2d98ddd05b38fb,Axel Sola,,"6' 0""",155,74,Southpaw,1997-09-17,4.5,50,4.53,61,1.89,36,66,0.5
1fcfc3709fe58151,Peter Sobotta,,"6' 0""",170,75,Southpaw,1987-01-11,2.14,40,2.9,58,1.53,32,77,0.5
324c7a749128df8d,Chris Solomon,,"5' 11""",155,,,,0.0,0,2.8,37,0.0,0,33,0.0
f1451d605bad178e,Alexander Soldatkin,,"6' 2""",250,75,Orthodox,1993-06-10,1.16,60,1.35,26,1.45,50,50,0.0
bd5403efbaa445c0,Sean Soriano,,"5' 9""",145,70,Orthodox,1989-10-06,3.18,61,2.14,56,1.33,55,52,0.0
af65aa688d13eedf,Joe Solecki,,"5' 9""",155,70,Orthodox,1993-08-27,1.97,53,1.85,50,2.06,48,14,1.4
83b743fedde154fb,Joe Son,,"5' 4""",236,,Orthodox,1970-11-22,0.0,0,0.0,0,0.0,0,0,0.0
9775eabcb1be1a00,Paul Song,,,185,,,1987-01-20,0.0,0,0.0,0,0.0,0,0,0.0
b6c37948cb226e8c,Benardo Sopaj,Lion King,"5' 6""",135,66,Orthodox,2000-09-25,4.39,58,4.69,52,2.43,60,76,0.8
7c9c6a884be167fe,Jin Soo Son,,"5' 6""",135,69,Orthodox,1993-04-01,5.1,36,7.63,52,1.5,25,100,0.0
32490e80ddab1e5a,Song Kenan,The Assassin,"6' 0""",170,71,Orthodox,1990-03-10,4.49,46,5.82,51,0.42,30,73,0.0
efb96bf3e9ada36f,Song Yadong,Kung Fu Kid,"5' 8""",135,67,Orthodox,1997-12-02,4.34,43,3.81,55,0.82,41,73,0.2
fe759b24e344d7eb,Emrah Sonmez,Anatolian Wolf,"5' 10""",145,71,Orthodox,1992-06-26,1.47,46,1.73,48,5.0,21,0,0.0
c5dc1bf9b78f262c,Hyeonjong Song,,,135,,,2002-04-23,0.0,0,0.0,0,0.0,0,0,0.0
3324129f3745b300,Cody Sons,,"5' 9""",205,,,,0.0,0,0.0,0,0.0,0,0,0.0
0efb0d4ebb950fcb,YoungJae Song,Super Rookie,"5' 8""",145,70,Orthodox,1996-01-03,2.66,56,2.2,52,0.0,0,50,0.6
48d1f690b763934c,Chael Sonnen,,"6' 1""",205,73,Southpaw,1977-04-03,3.08,43,1.1,62,3.81,59,66,0.4
64facb6cc564262d,Punahele Soriano,Puna,"5' 11""",170,72,Southpaw,1992-11-22,4.42,53,3.31,47,1.97,51,48,0.1
ec3bd30378d63dd1,Hecher Sosa,Guanche Warrior,"5' 9""",135,70,Orthodox,1995-08-25,4.53,47,2.5,61,2.0,36,69,1.0
85ff1b9471d35238,Dmitry Sosnovskiy,Wicked Machine,"6' 3""",240,77,Orthodox,1989-07-06,2.95,70,2.53,35,3.16,66,100,3.2
326f94d6cfb1bf25,Ben Sosoli,Combat Wombat,"6' 0""",265,72,Southpaw,1989-12-10,2.31,31,4.3,47,0.0,0,0,0.0
4c9b84d559822830,Emiliano Sordi,He-Man,"6' 2""",205,,Orthodox,1991-02-15,4.79,50,4.79,48,0.0,0,100,8.3
cac3aaa66c20bee1,Mario Soto,Dr. Mario,"6' 0""",145,,,,1.43,23,5.23,42,0.0,0,0,0.0
9c669abd35b2522f,Greg Soto,,"5' 11""",170,73,Orthodox,1986-06-03,3.21,63,2.61,52,1.49,27,44,1.0
d18dbcb0f8e2b55d,Alex Soto,Extremo,"5' 8""",135,,Southpaw,1984-02-15,2.95,25,5.02,59,2.82,30,0,0.0
59583ff832fe9d68,Krzysztof Soszynski,The Polish Experiment,"6' 1""",205,77,Open Stance,1977-08-02,3.37,39,3.13,58,0.52,25,71,1.0
5870c541798124ae,Manoel Sousa,Manumito,"5' 9""",155,70,Orthodox,1997-06-04,4.27,48,3.48,55,0.36,20,73,1.1
72782745eb47161a,Mario Sousa,Coracao Valente,"6' 3""",185,79,Orthodox,1996-10-20,2.82,50,2.99,28,0.52,25,37,0.5
a4e85a58fbce64b2,Joe Soto,One Bad Mofo,"5' 6""",135,65,Orthodox,1987-03-22,3.36,41,5.37,67,0.85,21,70,1.9
d0e50a3d1b250708,Andre Soukhamthath,The Asian Sensation,"5' 9""",135,70,Orthodox,1988-10-23,2.77,44,4.31,49,1.25,53,58,0.2
896c322f56b8be5a,George Sotiropoulos,,"5' 10""",155,71,Orthodox,1977-07-09,2.61,27,2.52,67,2.32,31,53,1.6
5847c1a960bb23af,Marina Spasic,Maki Beki,"5' 4""",115,64,Orthodox,1994-07-11,7.5,47,6.0,57,0.0,0,50,0.0
ae4650eb56ab6a11,Patrick Speight,,"6' 1""",170,,Orthodox,,0.0,0,0.0,0,0.0,0,0,0.0
1411c630ba711b64,Tommy Speer,,"5' 10""",170,71,Orthodox,1984-08-20,2.56,51,5.12,35,2.02,33,33,0.0
a67f5afa8d6a1b80,Ryan Spann,Superman,"6' 5""",264,79,Orthodox,1991-08-24,3.11,39,3.92,43,1.21,34,59,1.7
0e5c4e72237461bb,Bruno Souza,The Tiger,"5' 10""",145,70,Orthodox,1996-03-07,3.73,39,5.3,45,0.5,16,60,0.0
6c7020b859c7a3ce,Edimilson Souza,Kevin,"6' 0""",145,74,Orthodox,1984-10-17,4.65,44,2.91,58,0.0,0,50,0.0
aee8eecfc4bfb1e7,Bobby Southworth,,"6' 2""",205,,Orthodox,1969-12-16,0.99,39,1.38,65,3.98,78,64,1.3
dab8cfbb6b1db10a,Livinha Souza,The Brazilian Gangsta,"5' 3""",115,63,Orthodox,1991-03-11,1.75,45,3.6,56,2.54,45,40,1.4
7a703c565ccaa18f,Jacare Souza,,"6' 1""",185,72,Orthodox,1979-12-07,2.53,47,2.83,62,2.57,39,57,1.3
c278e8843b8abfec,Charon Spain,,"5' 9""",155,,,1988-03-11,0.0,0,0.0,0,0.0,0,0,0.0
22b43be04d7454d0,Heraldo Souza,Savage,"5' 11""",185,73,Orthodox,1994-12-15,1.62,33,1.62,50,0.0,0,0,0.0
20a0e4cc5227c117,Jose Souza,Canela,"6' 3""",170,79,Orthodox,2002-05-23,4.24,45,4.86,49,0.0,0,0,0.0
8bd4200561c77a62,Ketlen Souza,Esquentadinha,"5' 3""",115,63,Orthodox,1994-08-18,4.11,57,3.89,53,0.45,13,53,0.2
411d012af19ecb59,Chris Spang,The Kiss,"6' 2""",170,,Orthodox,1987-11-26,1.83,36,1.95,60,0.0,0,50,0.9
b9eb5b4ed07d1525,Andreas Spang,Sweet Swede,"6' 1""",185,,,1978-11-07,0.0,0,0.0,0,0.0,0,0,0.0
743fd9080892501d,Ron Sparks,The Monster,"6' 5""",265,,,,0.0,0,0.0,0,0.0,0,0,0.0
ab850a77a0fa487d,Sean Spencer,Black Magic,"5' 10""",170,74,Orthodox,1987-06-25,4.24,32,4.02,60,0.14,33,68,0.0
39d91e95949de3d9,Felicia Spencer,FeeNom,"5' 6""",145,68,Orthodox,1990-11-29,3.21,48,4.54,45,1.18,18,27,0.2
7d68f3bec89e08ec,Nick Sperling,,,135,,,,1.4,25,1.4,66,0.0,0,0,0.0
5f2197acaba7d5ef,Mario Sperry,Zen Machine,"6' 2""",205,,Orthodox,1966-09-28,2.81,52,1.53,47,2.09,42,71,1.4
71caa995674203aa,Waachiim Spiritwolf,Native Warrior,"5' 8""",170,,,1976-01-01,10.0,100,10.0,0,0.0,0,0,0.0
b9664eae2ac75262,Eric Spicely,Zebrinha,"6' 1""",185,73,Orthodox,1986-09-29,3.71,45,5.72,55,1.31,20,75,1.0
221b2a3070c7ce3e,Sam Spengler,The Ram,"5' 11""",185,,Orthodox,1976-04-04,3.27,62,3.27,54,1.75,11,75,1.8
87f3bbf52e6c9dc9,Daniel Spohn,Dragon,"6' 4""",205,79,Southpaw,1984-10-12,2.42,49,1.6,53,0.0,0,28,2.5
37cc294027f55e4d,Austin Springer,,"5' 8""",145,71,Orthodox,1987-05-12,3.54,57,3.15,41,3.37,40,100,0.8
6436029b50a9c255,Bobby Stack,,"5' 9""",155,,Orthodox,,1.0,20,2.89,34,7.48,45,100,0.0
c3ea8deeba00462b,Pete Spratt,The Secret Weapon,"5' 9""",170,,Orthodox,1971-01-09,1.63,48,1.33,55,0.3,100,46,0.3
e2f6b2769aaedd6c,Serghei Spivac,Polar Bear,"6' 3""",260,78,Orthodox,1995-01-24,3.57,47,4.23,52,3.82,59,63,0.5
579fcdfcabd23a7b,Brian Stann,All American,"6' 1""",205,74,Orthodox,1980-09-24,3.28,42,2.65,59,0.12,12,60,0.3
6506c1d34da9c013,Georges St-Pierre,Rush,"5' 11""",185,76,Orthodox,1981-05-19,3.78,53,1.4,72,4.16,74,83,1.1
69a400af4420cd6a,Andreas Stahl,Real Steel,"5' 11""",170,,Orthodox,1988-05-20,2.83,37,4.74,57,1.55,66,80,0.0
175852708cb55776,Cristina Stanciu,Barbie,"5' 3""",115,,Orthodox,1994-03-29,2.5,50,3.07,52,0.85,100,40,1.7
6dd758d34da8d254,Ron Stallings,The Choir Boy,"6' 2""",170,75,Southpaw,1983-01-25,3.22,60,3.26,51,0.0,0,71,0.0
f86cb5f25d545e0e,Daniel Spitz,,"6' 7""",245,82,Orthodox,1990-07-31,2.6,35,5.3,46,0.74,66,0,0.0
bf7ad5628363eec9,Cody Stamann,The Spartan,"5' 6""",135,64,Orthodox,1989-11-09,4.32,46,3.91,60,2.17,37,76,0.0
16044bd8762cf794,Adam Steele,,,170,,,,0.0,0,0.0,0,0.0,0,0,0.0
42a7e90605df3c8a,Damian Stasiak,Webster,"5' 5""",135,70,Orthodox,1990-02-20,1.86,36,3.1,52,2.64,35,43,0.6
5abf827d62f98fee,Clifford Starks,,"6' 0""",185,78,Orthodox,1981-04-25,1.94,33,2.49,58,1.94,100,60,0.0
a12a8314adc1c1c9,Laureano Staropoli,Pepi,"6' 1""",185,71,Orthodox,1993-02-27,3.31,34,3.73,54,0.83,26,48,0.0
c8136ab8aa32c974,Kalib Starnes,,"6' 3""",185,74,Orthodox,1975-01-06,2.71,48,4.43,53,1.46,33,25,0.6
289a57039d742bfe,Dion Staring,Soldier,"6' 1""",235,,Orthodox,1978-06-09,1.09,37,5.0,47,0.0,0,33,0.0
93e4754d0984c82f,Lucas Stark,,,155,,,,1.6,25,3.2,66,12.0,100,0,0.0
30ea504870f8597b,Josh Stansbury,The Sandman,"6' 2""",205,74,Orthodox,1984-11-19,3.22,54,3.54,54,0.0,0,87,1.0
09a6ed4ee97a5606,Ricky Steele,The Karate Kid,"5' 9""",135,74,Orthodox,1988-05-26,4.07,70,2.93,50,0.0,0,91,0.0
68c11c27d4d56572,Dominique Steele,Non-Stop Action-Packed,"5' 10""",170,74,Orthodox,1988-01-27,2.32,49,2.42,50,2.95,42,76,0.0
377bc9dc0b2745f9,Eric Steenberg,,,155,,,1983-06-22,0.0,0,0.0,0,0.0,0,0,0.0
aebaa8cec15b083d,Kody Steele,,"5' 9""",155,71,Orthodox,1995-04-21,3.85,32,6.2,52,1.07,25,100,0.5
0b5b6876c2a4723f,Steve Steinbeiss,The Hooligan,"6' 3""",185,75,Orthodox,1981-05-05,3.92,55,1.86,49,0.44,50,58,0.0
738acab0c6934dd8,Dmitri Stepanov,,"6' 3""",217,,Orthodox,,0.0,0,0.0,0,0.0,0,0,0.0
6000b5ae6c462142,Ray Steinbeiss,Ipswitch Cobra,"5' 11""",170,,Orthodox,1979-09-12,0.0,0,0.0,100,0.0,0,0,0.0
cb696ebfb6598724,Aljamain Sterling,Funk Master,"5' 7""",145,71,Orthodox,1989-07-31,4.26,52,2.15,59,2.54,32,44,0.6
310c4d4b2b32796b,Marc Stevens,,"5' 9""",155,,,1985-05-28,0.45,26,1.79,46,0.0,0,0,0.0
2fee10d5cf86bfca,Maia Stevenson,,"5' 4""",115,62,Orthodox,1982-03-19,1.57,54,3.13,33,3.91,100,50,0.0
f7e856a73c96048e,Gable Steveson,,"5' 11""",249,74,Orthodox,2000-05-31,16.29,71,5.17,60,0.0,0,0,0.0
27b1a406ac171b19,Luke Stewart,,"5' 11""",170,,Orthodox,,3.75,56,2.34,53,3.75,33,50,1.9
79899ecf62020f6d,Joe Stevenson,Daddy,"5' 7""",145,70,Orthodox,1982-06-15,2.05,44,2.44,60,2.75,44,39,2.2
18968f97ad34f15c,Jeremy Stephens,Lil' Heathen,"5' 9""",155,71,Orthodox,1986-05-25,3.13,40,3.25,57,1.1,38,61,0.4
cc3147b49c7d7d92,Dan Stittgen,The Anvil,"6' 1""",170,,Orthodox,1980-11-17,2.97,46,4.42,37,0.78,100,100,0.0
bb61823f76361297,Kyle Stewart,Gunz Up,"6' 0""",170,76,Orthodox,1989-01-31,1.41,35,2.42,43,1.32,20,60,0.0
2cf520143e76cd2e,Tyler Stinson,The Evolution,"6' 3""",170,,,1986-01-17,2.8,23,4.6,56,0.5,100,0,0.5
df5a77121ba84a5d,Alex Stiebling,The Brazilian Killa,"6' 2""",205,,Southpaw,1976-12-26,1.77,42,1.45,52,0.35,66,66,0.7
b4b496ec2197ee3e,Navajo Stirling,,"6' 4""",205,79,Orthodox,1997-11-07,6.47,55,2.56,58,0.82,25,71,0.0
a17ad5a5048e8c3f,Darren Stewart,The Dentist,"6' 0""",205,74,Orthodox,1990-12-30,3.05,45,3.29,48,1.75,45,67,0.1
4d25497994da569c,Lazar Stojadinovic,The Bronx Bomber,"5' 7""",145,68,Southpaw,1989-03-22,1.82,29,1.97,59,0.0,0,0,0.0
a421465acbe59c77,Denis Stojnic,,"6' 0""",245,,Orthodox,1980-02-02,1.51,23,6.06,36,0.0,0,80,1.0
8d477c3fbe001f9d,Ryan Stonitsch,,"5' 9""",170,,Southpaw,1977-02-03,2.53,36,2.53,71,0.0,0,0,0.0
62f7097c04311193,Niklas Stolze,Green Mask,"6' 1""",155,74,Switch,1992-12-28,2.12,48,2.25,49,0.66,100,55,0.7
fbf0947399d14323,Ken Stone,,"5' 8""",135,71,Southpaw,1982-10-08,3.85,49,2.9,48,1.24,33,60,0.6
71505842fb6455c3,Dustin Stoltzfus,,"6' 0""",185,75,Orthodox,1991-11-15,3.3,45,3.23,47,2.08,37,46,1.1
a78a87d8c2bbb1cb,Julija Stoliarenko,,"5' 7""",125,66,Orthodox,1993-04-08,2.74,38,4.45,46,0.78,20,54,1.4
ef1182eb28c17d4e,Mark Striegl,Mugen,"5' 8""",145,70,Southpaw,1988-06-23,1.4,45,4.07,40,0.0,0,66,0.0
523f6ad11dbe9b53,Hans Stringer,,"6' 3""",205,,Orthodox,1987-07-06,3.16,61,2.84,41,2.4,36,62,0.0
0d8011111be000b2,Sean Strickland,,"6' 1""",185,76,Orthodox,1991-02-27,5.98,42,4.53,60,0.66,62,68,0.1
04f9fe830cf13482,Gerald Strebendt,The Finishing Machine,"5' 9""",155,,Orthodox,1979-03-01,0.0,0,4.0,38,0.0,0,0,16.4
8c39367b53eadf8a,Jesse Strader,Sui Generis,"5' 7""",135,70,Orthodox,1991-05-29,5.03,51,5.28,47,3.87,57,100,0.0
61dd409cb40d1a55,George Stork,,"5' 10""",185,,,,0.0,0,0.0,0,0.0,0,0,0.0
495add4fbede0a44,Gennaro Strangis,,,,,,,0.0,0,0.0,0,0.0,0,0,0.0
980b4e712489098e,Dave Strasser,,"5' 10""",170,,Orthodox,1969-07-13,3.04,45,1.88,59,0.72,33,33,0.0
025f0b1b58fbad01,Darko Stosic,,"6' 0""",205,76,Orthodox,1992-02-09,2.61,45,4.04,58,3.42,50,83,0.0
91181b29be041f1c,Greg Stott,Ranger,"5' 7""",220,,Southpaw,,0.0,0,0.0,0,0.0,0,0,0.0
e09dbbd5fe3f0fe2,Curtis Stout,,"6' 1""",185,,Southpaw,1973-11-07,0.69,67,3.2,29,0.0,0,20,0.0
15347cd4cdf01b03,Daniel Straus,,"5' 7""",145,71,,1984-07-27,4.76,43,2.99,57,0.84,15,81,1.1
e1a4568fec1fc24f,Tim Stout,,"5' 11""",185,,,1979-02-09,0.0,0,0.0,0,0.0,0,0,0.0
5b5307450405abf0,Rick Story,The Horror,"5' 9""",170,71,Southpaw,1984-08-28,3.8,41,2.17,62,2.53,48,63,0.9
501b07aec9b8fc2d,Sam Stout,Hands of Stone,"5' 9""",155,70,Orthodox,1984-04-23,4.17,28,4.08,57,0.63,38,77,0.1
c0c36a5b3d5bbdd5,Mike Stumpf,,"5' 10""",170,,,1986-08-01,3.34,43,8.85,47,1.59,25,33,0.8
d30415ec5e8783cd,Kyle Sturgeon,,"6' 3""",225,,Switch,1963-02-01,0.0,0,0.0,0,0.0,0,0,0.0
601cf40c09090853,Josh Stuart,,"5' 9""",160,,,,0.0,0,0.0,0,0.0,0,0,0.0
ebc1f40e00e0c481,Stefan Struve,Skyscraper,"6' 11""",265,84,Orthodox,1988-02-18,3.12,47,4.04,46,0.56,46,55,1.7
b08012bbe542592a,Tatiana Suarez,,"5' 5""",115,66,Southpaw,1990-12-19,2.86,60,1.63,44,4.52,45,57,0.7
8215e4fe24e8e81b,Daisuke Sugie,Amazon,"5' 6""",160,,Orthodox,1980-10-12,0.0,0,0.22,80,3.27,50,0,3.3
99dd0147dc4ef80c,Genki Sudo,Neo-Samurai,"5' 9""",155,,Orthodox,1978-03-08,1.55,39,2.23,33,3.58,60,50,4.2
3a7513372f79c8c8,Masanori Suda,,"5' 9""",183,,Orthodox,,1.8,50,1.2,63,0.0,0,60,0.0
b160e4f251283d70,Lucasz Sudolski,,"6' 4""",205,75,Orthodox,1993-06-15,5.7,67,4.89,28,0.0,0,100,0.0
06c60fc2c8dcd7bd,Takashi Sugiura,,"5' 11""",225,,Southpaw,1970-05-31,1.37,40,2.08,53,1.33,66,0,0.0
b205d4f2ff44bc89,Naho Sugiyuma,Sugi Rock,"5' 1""",105,,,1978-02-03,2.59,48,2.45,71,2.05,100,66,0.0
1dd1a3aacde66f72,Sulangrangbo,,"5' 9""",135,66,Southpaw,2005-07-17,3.96,48,3.2,62,0.0,0,72,0.0
81d59c1e07478361,Takaya Suzuki,,"5' 7""",125,68,Southpaw,2004-09-08,7.83,47,3.26,70,3.26,100,0,0.0
bcad7223af3c19da,Martin Svensson,,"6' 1""",155,,,1985-04-25,2.02,38,5.91,38,0.0,0,0,0.0
cc39185f2d7d89e4,Daniel Swain,,"5' 9""",145,70,Orthodox,1991-01-30,0.8,44,3.2,40,0.0,0,0,6.0
d247691a6c0e9034,Cub Swanson,,"5' 8""",145,70,Orthodox,1983-11-02,4.84,51,3.99,59,1.0,50,63,0.4
9fe85152f351e737,Mike Swick,Quick,"6' 1""",170,77,Orthodox,1979-06-19,2.36,37,2.29,54,1.06,50,61,0.6
a6a9ab5a824e8f66,Joel Sutton,,"5' 11""",205,,Orthodox,1969-07-07,0.0,0,0.0,0,0.0,0,0,0.0
3d99e5aa85d7576a,Danilo Suzart,,"6' 0""",260,,Orthodox,1991-12-04,4.09,55,11.73,51,0.0,0,0,0.0
556347e2b0e33979,Chad Sutton,,"6' 1""",185,,,1982-08-07,0.0,0,0.0,0,0.0,0,0,0.0
31f9a1f56cbb6ac5,Justin Sumter,,"6' 2""",185,80,Southpaw,1989-11-16,2.68,48,7.64,34,2.87,100,0,0.0
fe1fdc6be470f773,Magomed Sultanakhmedov,,"6' 2""",185,,Southpaw,1984-05-11,0.0,0,2.4,42,9.0,100,0,9.0
7aa88401f93ce836,Amar Suloev,,"5' 9""",183,,Orthodox,1976-07-01,1.98,37,2.19,70,0.27,100,88,0.3
6d537248fe7cccf1,Rama Supandhi,Hellboy,"5' 5""",125,66,Southpaw,1991-11-07,2.2,42,3.53,48,1.0,11,0,0.0
22af3546bd967280,Aji Susilo,,"5' 10""",155,,,,0.0,0,0.0,0,0.0,0,0,0.0
6c7e25571490aa3b,George Sullivan,The Silencer,"6' 0""",170,73,Orthodox,1981-03-13,3.53,39,2.42,57,1.37,20,38,0.7
3cf18e01cb6cbde3,Sumudaerji,The Tibetan Eagle,"5' 8""",125,72,Southpaw,1996-01-20,4.4,50,2.29,63,0.76,37,73,0.5
cc5834a495d1ea08,Jason Suttie,Nobunaga,"6' 0""",210,,Orthodox,1973-08-07,2.07,83,4.97,36,0.0,0,0,0.0
d1feea7a4bdcd503,Baisangur Susurkaev,The Real Hunter,"6' 2""",185,79,Orthodox,2001-01-08,5.74,54,4.45,58,2.09,26,100,0.8
cdb7b38b1b357f26,Louie Sutherland,Vanilla Gorilla,"6' 3""",258,76,Orthodox,1994-02-08,1.8,69,1.95,35,4.49,40,33,0.0
5330fe7e4c3af81c,Floyd Sword,,"6' 0""",185,,Orthodox,1976-08-24,0.78,42,1.57,40,0.0,0,33,0.0
9f5e3c20ce40b344,Klaudia Sygula,,"5' 8""",135,69,Orthodox,1998-12-30,7.27,48,5.5,56,0.41,12,40,0.0
46e2011d92463b7e,Oumar Sy,,"6' 4""",205,83,Orthodox,1995-11-21,3.41,48,1.87,66,2.45,35,66,0.3
87b7df65c30008c4,Tony Sylvester,,"6' 1""",225,,Southpaw,1978-01-27,0.0,0,10.12,12,0.0,0,0,0.0
6b614bda982f5214,Joao Zaiden,,,205,,,1993-03-16,0.0,0,0.0,0,0.0,0,0,0.0
8c822811eedc11ad,Anton Zafir,The Professor,"5' 11""",170,,Orthodox,1987-05-10,2.99,64,2.31,52,6.11,60,0,0.0
2284092f8b63273b,Luke Zachrich,,"6' 2""",185,74,Orthodox,1981-12-19,4.56,32,4.46,62,0.74,33,80,0.0
9094a881a7513de3,Kevin Syler,El Nino Bala,"5' 9""",155,71,Switch,1993-07-29,5.6,69,4.03,48,1.0,40,77,2.0
52c2ae6d2f2d2613,Youssef Zalal,The Moroccan Devil,"5' 10""",145,72,Switch,1996-09-04,2.78,50,1.79,64,1.84,31,55,1.3
abd2109bc4cb0291,Bentley Syler,Bolivia,"5' 4""",125,,Orthodox,1982-12-22,1.3,18,1.73,79,0.0,0,75,0.0
24656ef4d605c96f,Aiemann Zahabi,Icemann,"5' 8""",135,68,Orthodox,1987-11-19,4.47,48,4.11,68,0.12,14,83,0.0
3794e5e0bb0defb6,Craig Zellner,Big Z,"6' 2""",205,,Orthodox,1976-09-09,0.61,9,4.65,61,0.0,0,0,0.0
3144121470023e9a,Roman Zentsov,The Russian Hammer,"6' 1""",230,,Orthodox,1973-09-10,1.18,36,0.53,70,1.6,100,33,3.2
8adcbd525fab8d9b,Elizeu Zaleski dos Santos,Capoeira,"5' 11""",170,73,Orthodox,1986-12-11,4.16,41,3.56,55,0.79,20,67,0.4
cc3878d1ab41a5fa,Zach Zane,The Hurricane,"5' 7""",145,69,Southpaw,1989-12-14,0.87,56,6.67,20,0.0,0,26,0.0
04ff3a711504d6b3,Magomed Zaynukov,Wild Chanko,"5' 10""",155,68,Orthodox,1995-01-02,10.3,59,2.93,62,2.0,50,85,0.0
224050896306f00c,Bartosz Szewczyk,,"6' 4""",205,73,Orthodox,1997-09-18,2.7,33,3.52,47,0.0,0,0,0.0
fe5ca7ef93c3f6a7,Roger Zapata,Viva,"5' 11""",170,,Southpaw,1986-05-09,2.6,51,2.13,36,0.0,0,81,1.4
d2d05dda5f887f87,Kevin Szaflarski,,"6' 5""",260,77,Orthodox,1994-12-30,1.13,28,8.07,30,0.0,0,0,0.0
f201f21cf2c79eb2,Sebastian Szalay,Seb,"5' 6""",145,66,Orthodox,1994-02-03,4.94,41,2.2,65,0.51,20,84,0.0
58a36b4ccf5dc30e,Leo Sylvest,Lethal,"5' 11""",205,,Orthodox,1973-09-03,0.0,0,6.58,27,0.0,0,0,0.0
abcf7e55a0a9ed89,Marius Zaromskis,The Whitemare,"5' 9""",170,,Orthodox,1980-07-30,5.02,34,5.93,50,0.73,42,73,0.0
2a542ee8a8b83559,Tim Sylvia,The Maine-iac,"6' 8""",265,80,Orthodox,1976-03-05,4.23,41,2.61,61,0.11,100,75,0.1
fd7ab338e4953644,Manolo Zecchini,Angelo Veneziano,"5' 8""",145,68,Orthodox,1996-10-22,3.72,28,12.82,45,0.0,0,0,0.0
4148802ae4a50768,Daniel Zellhuber,Golden Boy,"6' 1""",155,77,Switch,1999-07-07,5.45,38,6.17,54,0.14,25,81,0.3
3bb2dc8e87b10a46,David Zawada,Sagat,"6' 0""",170,75,Orthodox,1990-08-01,3.84,41,4.54,55,0.97,33,57,1.7
be4076c9e8d791e3,Joao Zeferino,The Brazilian Samurai,"5' 11""",170,,Orthodox,1986-01-15,0.83,36,2.6,48,0.5,5,50,1.0
c879d8620261b1a3,Rickson Zenidim,The King,"5' 7""",125,67,Orthodox,1999-02-17,1.67,32,4.07,33,0.0,0,0,0.0
cbf69fa846c7e3ee,Carlos Zevallos,,"6' 0""",205,,Orthodox,1978-09-05,4.36,65,2.28,68,0.0,0,100,0.0
c23e3d4875340d8d,Zhang Tiequan,The Wolf,"5' 8""",155,69,Orthodox,1978-07-25,1.23,36,2.14,51,1.95,58,75,3.4
7b310409440c9102,Zhang Lipeng,The Warrior,"5' 11""",155,71,Southpaw,1990-03-10,1.28,48,1.88,53,1.75,30,69,0.8
8a65fd9ba31fd3f7,Zhang Mingyang,Mountain Tiger,"6' 2""",205,75,Orthodox,1998-08-16,7.01,58,5.55,43,0.0,0,75,0.0
1ebe20ebbfa15e29,Zhang Weili,Magnum,"5' 4""",115,63,Switch,1989-08-13,4.66,52,2.63,53,1.96,44,63,0.5
286e1d61fb315355,Zhang Zhenyang,,,155,,,,0.0,0,0.0,0,0.0,0,0,0.0
45c7979c71751fcf,Zhang Qinghe,,"5' 7""",135,67,Southpaw,2001-11-05,2.87,33,4.73,49,0.0,0,50,0.0
fd52e5f9ab25c94c,Daermisi Zhawupasi,,"5' 8""",135,68,Switch,1999-09-15,1.86,40,2.36,55,7.74,65,53,1.4
5ea918ea81b7dee2,Yao Zhikui,The Conqueror,"5' 5""",125,64,Orthodox,1991-02-07,1.44,21,2.82,48,0.66,16,58,0.0
d027fff39a34a9df,Zhou Kun,Mandrill,,125,,,,0.0,0,0.0,0,0.0,0,0,0.0
07047eb7d17fb0a2,Daria Zhelezniakova,Iron Lady,"5' 9""",135,68,Orthodox,1996-01-23,4.13,40,3.38,64,0.31,100,50,0.0
0c277f3ff66b0208,Virgil Zwicker,RezDog,"6' 2""",205,74,,1982-06-26,3.34,48,4.87,39,1.31,30,50,0.0
6f4ec5aa3eced219,Zhu Kangjie,,"5' 6""",145,70,Orthodox,1996-01-16,2.93,48,1.64,66,0.32,100,50,0.0
392878af4680849f,Brahyam Zurcher,El Jarretas,"5' 10""",145,70,Orthodox,1996-03-10,1.86,15,5.57,59,0.0,0,0,0.0
4b4fc3ddc307bc73,James Zikic,The Messenger,"6' 2""",205,,Orthodox,1977-03-01,1.47,35,1.6,44,0.5,25,74,0.5
6d3398b910461f2f,Mike Zichelle,,,205,,,,0.87,35,0.87,40,0.0,0,0,2.0
523af801b3429015,Allan Zuniga,Tigre,"5' 7""",155,70,Orthodox,1992-04-04,3.93,52,1.8,61,0.0,0,57,1.0
55fa6ce3e522c8bb,Zhalgas Zhumagulov,,"5' 4""",125,66,Switch,1988-08-29,5.24,43,5.86,52,1.3,19,75,0.2
1e4f273069fb9e85,Fares Ziam,The Smile Killer,"6' 1""",155,75,Orthodox,1997-03-21,2.68,52,1.58,63,1.86,42,70,0.5
0aa74d04c196800c,Errol Zimmerman,The Bonecrusher,"6' 3""",185,,Orthodox,1986-04-20,2.95,42,0.0,0,0.0,0,0,0.0
be124bdd60fab7d5,Dave Zitanick,,,170,,,1980-03-05,0.0,0,0.0,0,0.0,0,0,0.0
02d808afb96669de,Alex Zuniga,,,145,,,,0.0,0,0.0,0,0.0,0,0,0.0
108afe61a26bcbf4,Igor Zinoviev,Houdini,"6' 1""",199,,Orthodox,1966-05-23,0.0,0,0.0,0,0.0,0,0,0.0
3ecd936bd8814108,Cat Zingano,Alpha,"5' 6""",145,68,Southpaw,1982-07-01,2.57,61,1.63,47,2.77,65,42,0.8
1291dd6b8ab4d952,George Zuniga,,"5' 9""",185,,,,7.64,38,5.45,37,0.0,0,100,0.0
